 (000.000000)  can0  064   [8]  67 08 00 01 01 01 00 00
 (000.002405)  can0  064   [8]  68 08 00 01 01 01 00 00
 (000.004922)  can0  064   [8]  6D 01 00 00 00 00 07 00
 (000.006638)  can0  067   [8]  0C 02 B0 0C 01 06 00 00
 (000.006657)  can0  067   [8]  0B 00 00 00 00 00 00 00
 (000.006716)  can0  068   [8]  0C 02 B0 0C 01 06 00 00
 (000.006835)  can0  067   [8]  12 80 66 01 01 01 00 00
 (000.007047)  can0  068   [8]  0B 00 00 00 00 00 00 00
 (000.007051)  can0  064   [8]  6E 01 00 00 00 00 07 00
 (000.007161)  can0  068   [8]  12 80 66 01 01 01 00 00
 (000.026637)  can0  067   [8]  0C 02 A1 D2 00 00 10 04
 (000.026781)  can0  068   [8]  0C 02 A1 D2 00 00 10 04
 (000.066746)  can0  067   [8]  00 9D 90 C3 BB 00 00 00
 (000.066767)  can0  068   [8]  00 8F E9 5B BB 00 00 00
 (000.086746)  can0  067   [8]  05 00 00 01 00 00 01 00
 (000.086768)  can0  068   [8]  05 00 00 01 00 00 01 00
 (000.126740)  can0  067   [8]  0B 00 00 00 00 00 00 00
 (000.126760)  can0  068   [8]  0B 00 00 00 00 00 00 00
 (000.186711)  can0  067   [8]  00 9D 90 C3 BB 00 00 00
 (000.186733)  can0  068   [8]  00 6F 57 5A BB 00 00 00
 (000.206721)  can0  067   [8]  05 00 00 01 00 00 01 00
 (000.206742)  can0  068   [8]  05 00 00 01 00 00 01 00
 (000.246754)  can0  067   [8]  0B 00 00 00 00 00 00 00
 (000.246779)  can0  068   [8]  0B 00 00 00 00 00 00 00
 (000.306752)  can0  067   [8]  00 8D C7 C2 BB 00 00 00
 (000.306777)  can0  068   [8]  00 4E C5 58 BB 00 00 00
 (000.326731)  can0  067   [8]  05 00 00 01 00 00 01 00
 (000.326754)  can0  068   [8]  05 00 00 01 00 00 01 00
 (000.366728)  can0  067   [8]  0B 00 00 00 00 00 00 00
 (000.366752)  can0  068   [8]  0B 00 00 00 00 00 00 00
 (000.426739)  can0  067   [8]  00 9D 90 C3 BB 00 00 00
 (000.426759)  can0  068   [8]  00 4E C5 58 BB 00 00 00
 (000.446723)  can0  067   [8]  05 00 00 01 00 00 01 00
 (000.446745)  can0  067   [8]  11 00 00 00 00 00 00 00
 (000.446747)  can0  068   [8]  05 00 00 01 00 00 01 00
 (000.446912)  can0  068   [8]  11 00 00 00 00 00 00 00
 (000.486756)  can0  067   [8]  0B 00 00 00 00 00 00 00
 (000.486779)  can0  068   [8]  0B 00 00 00 00 00 00 00
 (000.546728)  can0  067   [8]  00 8D C7 C2 BB 00 00 00
 (000.546753)  can0  068   [8]  00 6F 57 5A BB 00 00 00
 (000.566735)  can0  067   [8]  05 00 00 01 00 00 01 00
 (000.566759)  can0  068   [8]  05 00 00 01 00 00 01 00
 (000.606719)  can0  067   [8]  0B 00 00 00 00 00 00 00
 (000.606744)  can0  068   [8]  0B 00 00 00 00 00 00 00
 (000.666758)  can0  067   [8]  00 7C FE C1 BB 00 00 00
 (000.666780)  can0  068   [8]  00 6F 57 5A BB 00 00 00
 (000.686737)  can0  067   [8]  05 00 00 01 00 00 01 00
 (000.686760)  can0  068   [8]  05 00 00 01 00 00 01 00
 (000.726727)  can0  067   [8]  0B 00 00 00 00 00 00 00
 (000.726753)  can0  068   [8]  0B 00 00 00 00 00 00 00
 (000.786759)  can0  067   [8]  00 8D C7 C2 BB 00 00 00
 (000.786780)  can0  068   [8]  00 6F 57 5A BB 00 00 00
 (000.806721)  can0  067   [8]  05 00 00 01 00 00 01 00
 (000.806744)  can0  068   [8]  05 00 00 01 00 00 01 00
 (000.846764)  can0  067   [8]  0B 00 00 00 00 00 00 00
 (000.846789)  can0  068   [8]  0B 00 00 00 00 00 00 00
 (000.906737)  can0  067   [8]  00 8D C7 C2 BB 00 00 00
 (000.906760)  can0  068   [8]  00 6F 57 5A BB 00 00 00
 (000.926737)  can0  067   [8]  05 00 00 01 00 00 01 00
 (000.926760)  can0  068   [8]  05 00 00 01 00 00 01 00
 (000.966745)  can0  067   [8]  0B 00 00 00 00 00 00 00
 (000.966767)  can0  068   [8]  0B 00 00 00 00 00 00 00
 (001.006771)  can0  067   [8]  12 80 66 01 01 01 00 00
 (001.006795)  can0  068   [8]  12 80 66 01 01 01 00 00
 (001.026737)  can0  067   [8]  00 9D 90 C3 BB 00 00 00
 (001.026760)  can0  068   [8]  00 6F 57 5A BB 00 00 00
 (001.046767)  can0  067   [8]  05 00 00 01 00 00 01 00
 (001.046791)  can0  068   [8]  05 00 00 01 00 00 01 00
 (001.086654)  can0  067   [8]  0B 00 00 00 00 00 00 00
 (001.086779)  can0  068   [8]  0B 00 00 00 00 00 00 00
 (001.146725)  can0  067   [8]  00 8D C7 C2 BB 00 00 00
 (001.146752)  can0  068   [8]  00 6F 57 5A BB 00 00 00
 (001.166730)  can0  067   [8]  05 00 00 01 00 00 01 00
 (001.166757)  can0  068   [8]  05 00 00 01 00 00 01 00
 (001.206741)  can0  067   [8]  0B 00 00 00 00 00 00 00
 (001.206761)  can0  068   [8]  0B 00 00 00 00 00 00 00
 (001.266701)  can0  067   [8]  00 9D 90 C3 BB 00 00 00
 (001.266722)  can0  068   [8]  00 6F 57 5A BB 00 00 00
 (001.286675)  can0  067   [8]  05 00 00 01 00 00 01 00
 (001.286701)  can0  068   [8]  05 00 00 01 00 00 01 00
 (001.326631)  can0  067   [8]  0B 00 00 00 00 00 00 00
 (001.326819)  can0  068   [8]  0B 00 00 00 00 00 00 00
 (001.386748)  can0  067   [8]  00 AD 59 C4 BB 00 00 00
 (001.386772)  can0  068   [8]  00 6F 57 5A BB 00 00 00
 (001.406718)  can0  067   [8]  05 00 00 01 00 00 01 00
 (001.406741)  can0  068   [8]  05 00 00 01 00 00 01 00
 (001.446724)  can0  067   [8]  0B 00 00 00 00 00 00 00
 (001.446743)  can0  067   [8]  11 00 00 00 00 00 00 00
 (001.446745)  can0  068   [8]  0B 00 00 00 00 00 00 00
 (001.446878)  can0  068   [8]  11 00 00 00 00 00 00 00
 (001.506755)  can0  067   [8]  00 AD 59 C4 BB 00 00 00
 (001.506773)  can0  068   [8]  00 6F 57 5A BB 00 00 00
 (001.526682)  can0  067   [8]  05 00 00 01 00 00 01 00
 (001.526786)  can0  068   [8]  05 00 00 01 00 00 01 00
 (001.566716)  can0  067   [8]  0B 00 00 00 00 00 00 00
 (001.566737)  can0  068   [8]  0B 00 00 00 00 00 00 00
 (001.626736)  can0  067   [8]  00 9D 90 C3 BB 00 00 00
 (001.626760)  can0  068   [8]  00 6F 57 5A BB 00 00 00
 (001.646709)  can0  067   [8]  05 00 00 01 00 00 01 00
 (001.646730)  can0  068   [8]  05 00 00 01 00 00 01 00
 (001.686756)  can0  067   [8]  0B 00 00 00 00 00 00 00
 (001.686782)  can0  068   [8]  0B 00 00 00 00 00 00 00
 (001.746686)  can0  067   [8]  00 9D 90 C3 BB 00 00 00
 (001.746720)  can0  068   [8]  00 6F 57 5A BB 00 00 00
 (001.766729)  can0  067   [8]  05 00 00 01 00 00 01 00
 (001.766750)  can0  068   [8]  05 00 00 01 00 00 01 00
 (001.806735)  can0  067   [8]  0B 00 00 00 00 00 00 00
 (001.806756)  can0  068   [8]  0B 00 00 00 00 00 00 00
 (001.866688)  can0  067   [8]  00 9D 90 C3 BB 00 00 00
 (001.866709)  can0  068   [8]  00 6F 57 5A BB 00 00 00
 (001.886711)  can0  067   [8]  05 00 00 01 00 00 01 00
 (001.886733)  can0  068   [8]  05 00 00 01 00 00 01 00
 (001.926704)  can0  067   [8]  0B 00 00 00 00 00 00 00
 (001.926722)  can0  068   [8]  0B 00 00 00 00 00 00 00
 (001.986697)  can0  067   [8]  00 AD 59 C4 BB 00 00 00
 (001.986717)  can0  068   [8]  00 6F 57 5A BB 00 00 00
 (002.006725)  can0  067   [8]  05 00 00 01 00 00 01 00
 (002.006747)  can0  067   [8]  12 80 66 01 01 01 00 00
 (002.006748)  can0  068   [8]  05 00 00 01 00 00 01 00
 (002.006854)  can0  068   [8]  12 80 66 01 01 01 00 00
 (002.046719)  can0  067   [8]  0B 00 00 00 00 00 00 00
 (002.046741)  can0  068   [8]  0B 00 00 00 00 00 00 00
 (002.106702)  can0  067   [8]  00 8D C7 C2 BB 00 00 00
 (002.106726)  can0  068   [8]  00 4E C5 58 BB 00 00 00
 (002.126709)  can0  067   [8]  05 00 00 01 00 00 01 00
 (002.126733)  can0  068   [8]  05 00 00 01 00 00 01 00
 (002.166724)  can0  067   [8]  0B 00 00 00 00 00 00 00
 (002.166749)  can0  068   [8]  0B 00 00 00 00 00 00 00
 (002.226723)  can0  067   [8]  00 9D 90 C3 BB 00 00 00
 (002.226750)  can0  068   [8]  00 6F 57 5A BB 00 00 00
 (002.246728)  can0  067   [8]  05 00 00 01 00 00 01 00
 (002.246753)  can0  068   [8]  05 00 00 01 00 00 01 00
 (002.286727)  can0  067   [8]  0B 00 00 00 00 00 00 00
 (002.286747)  can0  068   [8]  0B 00 00 00 00 00 00 00
 (002.346783)  can0  067   [8]  00 AD 59 C4 BB 00 00 00
 (002.346809)  can0  068   [8]  00 8F E9 5B BB 00 00 00
 (002.366723)  can0  067   [8]  05 00 00 01 00 00 01 00
 (002.366746)  can0  068   [8]  05 00 00 01 00 00 01 00
 (002.406726)  can0  067   [8]  0B 00 00 00 00 00 00 00
 (002.406750)  can0  068   [8]  0B 00 00 00 00 00 00 00
 (002.446740)  can0  067   [8]  11 00 00 00 00 00 00 00
 (002.446764)  can0  068   [8]  11 00 00 00 00 00 00 00
 (002.466719)  can0  067   [8]  00 AD 59 C4 BB 00 00 00
 (002.466743)  can0  068   [8]  00 6F 57 5A BB 00 00 00
 (002.486720)  can0  067   [8]  05 00 00 01 00 00 01 00
 (002.486743)  can0  068   [8]  05 00 00 01 00 00 01 00
 (002.526714)  can0  067   [8]  0B 00 00 00 00 00 00 00
 (002.526742)  can0  068   [8]  0B 00 00 00 00 00 00 00
 (002.586431)  can0  067   [8]  00 AD 59 C4 BB 00 00 00
 (002.586792)  can0  068   [8]  00 8F E9 5B BB 00 00 00
 (002.606678)  can0  067   [8]  05 00 00 01 00 00 01 00
 (002.606701)  can0  068   [8]  05 00 00 01 00 00 01 00
 (002.646708)  can0  067   [8]  0B 00 00 00 00 00 00 00
 (002.646730)  can0  068   [8]  0B 00 00 00 00 00 00 00
 (002.706683)  can0  067   [8]  00 9D 90 C3 BB 00 00 00
 (002.706705)  can0  068   [8]  00 8F E9 5B BB 00 00 00
 (002.726711)  can0  067   [8]  05 00 00 01 00 00 01 00
 (002.726736)  can0  068   [8]  05 00 00 01 00 00 01 00
 (002.766740)  can0  067   [8]  0B 00 00 00 00 00 00 00
 (002.766766)  can0  068   [8]  0B 00 00 00 00 00 00 00
 (002.826714)  can0  067   [8]  00 AD 59 C4 BB 00 00 00
 (002.826735)  can0  068   [8]  00 4E C5 58 BB 00 00 00
 (002.846599)  can0  067   [8]  05 00 00 01 00 00 01 00
 (002.846739)  can0  068   [8]  05 00 00 01 00 00 01 00
 (002.886592)  can0  067   [8]  0B 00 00 00 00 00 00 00
 (002.886749)  can0  068   [8]  0B 00 00 00 00 00 00 00
 (002.946713)  can0  067   [8]  00 9D 90 C3 BB 00 00 00
 (002.946738)  can0  068   [8]  00 6F 57 5A BB 00 00 00
 (002.966716)  can0  067   [8]  05 00 00 01 00 00 01 00
 (002.966742)  can0  068   [8]  05 00 00 01 00 00 01 00
 (003.006734)  can0  067   [8]  0B 00 00 00 00 00 00 00
 (003.006758)  can0  067   [8]  12 80 66 01 01 01 00 00
 (003.006760)  can0  068   [8]  0B 00 00 00 00 00 00 00
 (003.006826)  can0  068   [8]  12 80 66 01 01 01 00 00
 (003.066713)  can0  067   [8]  00 BD 22 C5 BB 00 00 00
 (003.066738)  can0  068   [8]  00 6F 57 5A BB 00 00 00
 (003.086685)  can0  067   [8]  05 00 00 01 00 00 01 00
 (003.086709)  can0  068   [8]  05 00 00 01 00 00 01 00
 (003.126701)  can0  067   [8]  0B 00 00 00 00 00 00 00
 (003.126722)  can0  068   [8]  0B 00 00 00 00 00 00 00
 (003.186706)  can0  067   [8]  00 AD 59 C4 BB 00 00 00
 (003.186731)  can0  068   [8]  00 4E C5 58 BB 00 00 00
 (003.206716)  can0  067   [8]  05 00 00 01 00 00 01 00
 (003.206744)  can0  068   [8]  05 00 00 01 00 00 01 00
 (003.246705)  can0  067   [8]  0B 00 00 00 00 00 00 00
 (003.246729)  can0  068   [8]  0B 00 00 00 00 00 00 00
 (003.306734)  can0  067   [8]  00 BD 22 C5 BB 00 00 00
 (003.306761)  can0  068   [8]  00 6F 57 5A BB 00 00 00
 (003.326641)  can0  067   [8]  05 00 00 01 00 00 01 00
 (003.326723)  can0  068   [8]  05 00 00 01 00 00 01 00
 (003.366694)  can0  067   [8]  0B 00 00 00 00 00 00 00
 (003.366712)  can0  068   [8]  0B 00 00 00 00 00 00 00
 (003.426698)  can0  067   [8]  00 9D 90 C3 BB 00 00 00
 (003.426716)  can0  068   [8]  00 6F 57 5A BB 00 00 00
 (003.446729)  can0  067   [8]  05 00 00 01 00 00 01 00
 (003.446751)  can0  067   [8]  11 00 00 00 00 00 00 00
 (003.446753)  can0  068   [8]  05 00 00 01 00 00 01 00
 (003.446772)  can0  068   [8]  11 00 00 00 00 00 00 00
 (003.486697)  can0  067   [8]  0B 00 00 00 00 00 00 00
 (003.486722)  can0  068   [8]  0B 00 00 00 00 00 00 00
 (003.546699)  can0  067   [8]  00 8D C7 C2 BB 00 00 00
 (003.546723)  can0  068   [8]  00 6F 57 5A BB 00 00 00
 (003.566700)  can0  067   [8]  05 00 00 01 00 00 01 00
 (003.566724)  can0  068   [8]  05 00 00 01 00 00 01 00
 (003.606733)  can0  067   [8]  0B 00 00 00 00 00 00 00
 (003.606759)  can0  068   [8]  0B 00 00 00 00 00 00 00
 (003.666677)  can0  067   [8]  00 AD 59 C4 BB 00 00 00
 (003.666700)  can0  068   [8]  00 6F 57 5A BB 00 00 00
 (003.686697)  can0  067   [8]  05 00 00 01 00 00 01 00
 (003.686718)  can0  068   [8]  05 00 00 01 00 00 01 00
 (003.726691)  can0  067   [8]  0B 00 00 00 00 00 00 00
 (003.726710)  can0  068   [8]  0B 00 00 00 00 00 00 00
 (003.786706)  can0  067   [8]  00 8D C7 C2 BB 00 00 00
 (003.786726)  can0  068   [8]  00 6F 57 5A BB 00 00 00
 (003.806698)  can0  067   [8]  05 00 00 01 00 00 01 00
 (003.806721)  can0  068   [8]  05 00 00 01 00 00 01 00
 (003.846707)  can0  067   [8]  0B 00 00 00 00 00 00 00
 (003.846729)  can0  068   [8]  0B 00 00 00 00 00 00 00
 (003.906680)  can0  067   [8]  00 9D 90 C3 BB 00 00 00
 (003.906704)  can0  068   [8]  00 8F E9 5B BB 00 00 00
 (003.926688)  can0  067   [8]  05 00 00 01 00 00 01 00
 (003.926712)  can0  068   [8]  05 00 00 01 00 00 01 00
 (003.966702)  can0  067   [8]  0B 00 00 00 00 00 00 00
 (003.966724)  can0  068   [8]  0B 00 00 00 00 00 00 00
 (004.006672)  can0  067   [8]  12 80 66 01 01 01 00 00
 (004.006696)  can0  068   [8]  12 80 66 01 01 01 00 00
 (004.026669)  can0  067   [8]  00 AD 59 C4 BB 00 00 00
 (004.026691)  can0  068   [8]  00 4E C5 58 BB 00 00 00
 (004.046692)  can0  067   [8]  05 00 00 01 00 00 01 00
 (004.046716)  can0  068   [8]  05 00 00 01 00 00 01 00
 (004.086708)  can0  067   [8]  0B 00 00 00 00 00 00 00
 (004.086732)  can0  068   [8]  0B 00 00 00 00 00 00 00
 (004.146673)  can0  067   [8]  00 9D 90 C3 BB 00 00 00
 (004.146700)  can0  068   [8]  00 6F 57 5A BB 00 00 00
 (004.166717)  can0  067   [8]  05 00 00 01 00 00 01 00
 (004.166835)  can0  068   [8]  05 00 00 01 00 00 01 00
 (004.206678)  can0  067   [8]  0B 00 00 00 00 00 00 00
 (004.206701)  can0  068   [8]  0B 00 00 00 00 00 00 00
 (004.266746)  can0  067   [8]  00 8D C7 C2 BB 00 00 00
 (004.266773)  can0  068   [8]  00 6F 57 5A BB 00 00 00
 (004.286697)  can0  067   [8]  05 00 00 01 00 00 01 00
 (004.286721)  can0  068   [8]  05 00 00 01 00 00 01 00
 (004.326727)  can0  067   [8]  0B 00 00 00 00 00 00 00
 (004.326751)  can0  068   [8]  0B 00 00 00 00 00 00 00
 (004.386730)  can0  067   [8]  00 AD 59 C4 BB 00 00 00
 (004.386753)  can0  068   [8]  00 6F 57 5A BB 00 00 00
 (004.406672)  can0  067   [8]  05 00 00 01 00 00 01 00
 (004.406694)  can0  068   [8]  05 00 00 01 00 00 01 00
 (004.446723)  can0  067   [8]  0B 00 00 00 00 00 00 00
 (004.446747)  can0  067   [8]  11 00 00 00 00 00 00 00
 (004.446749)  can0  068   [8]  0B 00 00 00 00 00 00 00
 (004.446879)  can0  068   [8]  11 00 00 00 00 00 00 00
 (004.506724)  can0  067   [8]  00 9D 90 C3 BB 00 00 00
 (004.506746)  can0  068   [8]  00 6F 57 5A BB 00 00 00
 (004.526681)  can0  067   [8]  05 00 00 01 00 00 01 00
 (004.526701)  can0  068   [8]  05 00 00 01 00 00 01 00
 (004.566682)  can0  067   [8]  0B 00 00 00 00 00 00 00
 (004.566706)  can0  068   [8]  0B 00 00 00 00 00 00 00
 (004.626690)  can0  067   [8]  00 8D C7 C2 BB 00 00 00
 (004.626712)  can0  068   [8]  00 4E C5 58 BB 00 00 00
 (004.646657)  can0  067   [8]  05 00 00 01 00 00 01 00
 (004.646678)  can0  068   [8]  05 00 00 01 00 00 01 00
 (004.686701)  can0  067   [8]  0B 00 00 00 00 00 00 00
 (004.686721)  can0  068   [8]  0B 00 00 00 00 00 00 00
 (004.746674)  can0  067   [8]  00 BD 22 C5 BB 00 00 00
 (004.746695)  can0  068   [8]  00 6F 57 5A BB 00 00 00
 (004.766686)  can0  067   [8]  05 00 00 01 00 00 01 00
 (004.766708)  can0  068   [8]  05 00 00 01 00 00 01 00
 (004.806700)  can0  067   [8]  0B 00 00 00 00 00 00 00
 (004.806725)  can0  068   [8]  0B 00 00 00 00 00 00 00
 (004.866576)  can0  067   [8]  00 BD 22 C5 BB 00 00 00
 (004.866752)  can0  068   [8]  00 6F 57 5A BB 00 00 00
 (004.886705)  can0  067   [8]  05 00 00 01 00 00 01 00
 (004.886732)  can0  068   [8]  05 00 00 01 00 00 01 00
 (004.926715)  can0  067   [8]  0B 00 00 00 00 00 00 00
 (004.926742)  can0  068   [8]  0B 00 00 00 00 00 00 00
 (004.986640)  can0  067   [8]  00 9D 90 C3 BB 00 00 00
 (004.986662)  can0  068   [8]  00 8F E9 5B BB 00 00 00
 (005.006663)  can0  067   [8]  05 00 00 01 00 00 01 00
 (005.006685)  can0  067   [8]  12 80 66 01 01 01 00 00
 (005.006687)  can0  068   [8]  05 00 00 01 00 00 01 00
 (005.006965)  can0  068   [8]  12 80 66 01 01 01 00 00
 (005.046695)  can0  067   [8]  0B 00 00 00 00 00 00 00
 (005.046719)  can0  068   [8]  0B 00 00 00 00 00 00 00
 (005.106649)  can0  067   [8]  00 9D 90 C3 BB 00 00 00
 (005.106668)  can0  068   [8]  00 6F 57 5A BB 00 00 00
 (005.126635)  can0  067   [8]  05 00 00 01 00 00 01 00
 (005.126656)  can0  068   [8]  05 00 00 01 00 00 01 00
 (005.166663)  can0  067   [8]  0B 00 00 00 00 00 00 00
 (005.166687)  can0  068   [8]  0B 00 00 00 00 00 00 00
 (005.226649)  can0  067   [8]  00 9D 90 C3 BB 00 00 00
 (005.226666)  can0  068   [8]  00 8F E9 5B BB 00 00 00
 (005.246666)  can0  067   [8]  05 00 00 01 00 00 01 00
 (005.246683)  can0  068   [8]  05 00 00 01 00 00 01 00
 (005.286653)  can0  067   [8]  0B 00 00 00 00 00 00 00
 (005.286672)  can0  068   [8]  0B 00 00 00 00 00 00 00
 (005.346673)  can0  067   [8]  00 AD 59 C4 BB 00 00 00
 (005.346691)  can0  068   [8]  00 6F 57 5A BB 00 00 00
 (005.366679)  can0  067   [8]  05 00 00 01 00 00 01 00
 (005.366698)  can0  068   [8]  05 00 00 01 00 00 01 00
 (005.406672)  can0  067   [8]  0B 00 00 00 00 00 00 00
 (005.406692)  can0  068   [8]  0B 00 00 00 00 00 00 00
 (005.446675)  can0  067   [8]  11 00 00 00 00 00 00 00
 (005.446694)  can0  068   [8]  11 00 00 00 00 00 00 00
 (005.466657)  can0  067   [8]  00 AD 59 C4 BB 00 00 00
 (005.466678)  can0  068   [8]  00 4E C5 58 BB 00 00 00
 (005.486507)  can0  067   [8]  05 00 00 01 00 00 01 00
 (005.486762)  can0  068   [8]  05 00 00 01 00 00 01 00
 (005.526641)  can0  067   [8]  0B 00 00 00 00 00 00 00
 (005.526660)  can0  068   [8]  0B 00 00 00 00 00 00 00
 (005.586657)  can0  067   [8]  00 9D 90 C3 BB 00 00 00
 (005.586680)  can0  068   [8]  00 4E C5 58 BB 00 00 00
 (005.606668)  can0  067   [8]  05 00 00 01 00 00 01 00
 (005.606692)  can0  068   [8]  05 00 00 01 00 00 01 00
 (005.646670)  can0  067   [8]  0B 00 00 00 00 00 00 00
 (005.646692)  can0  068   [8]  0B 00 00 00 00 00 00 00
 (005.706673)  can0  067   [8]  00 9D 90 C3 BB 00 00 00
 (005.706697)  can0  068   [8]  00 6F 57 5A BB 00 00 00
 (005.726667)  can0  067   [8]  05 00 00 01 00 00 01 00
 (005.726691)  can0  068   [8]  05 00 00 01 00 00 01 00
 (005.766676)  can0  067   [8]  0B 00 00 00 00 00 00 00
 (005.766697)  can0  068   [8]  0B 00 00 00 00 00 00 00
 (005.826683)  can0  067   [8]  00 9D 90 C3 BB 00 00 00
 (005.826706)  can0  068   [8]  00 4E C5 58 BB 00 00 00
 (005.846698)  can0  067   [8]  05 00 00 01 00 00 01 00
 (005.846724)  can0  068   [8]  05 00 00 01 00 00 01 00
 (005.886694)  can0  067   [8]  0B 00 00 00 00 00 00 00
 (005.886718)  can0  068   [8]  0B 00 00 00 00 00 00 00
 (005.946666)  can0  067   [8]  00 BD 22 C5 BB 00 00 00
 (005.946688)  can0  068   [8]  00 6F 57 5A BB 00 00 00
 (005.966707)  can0  067   [8]  05 00 00 01 00 00 01 00
 (005.966731)  can0  068   [8]  05 00 00 01 00 00 01 00
 (006.006710)  can0  067   [8]  0B 00 00 00 00 00 00 00
 (006.006731)  can0  067   [8]  12 80 66 01 01 01 00 00
 (006.006733)  can0  068   [8]  0B 00 00 00 00 00 00 00
 (006.006884)  can0  068   [8]  12 80 66 01 01 01 00 00
 (006.066661)  can0  067   [8]  00 AD 59 C4 BB 00 00 00
 (006.066680)  can0  068   [8]  00 6F 57 5A BB 00 00 00
 (006.086653)  can0  067   [8]  05 00 00 01 00 00 01 00
 (006.086675)  can0  068   [8]  05 00 00 01 00 00 01 00
 (006.126661)  can0  067   [8]  0B 00 00 00 00 00 00 00
 (006.126686)  can0  068   [8]  0B 00 00 00 00 00 00 00
 (006.186718)  can0  067   [8]  00 BD 22 C5 BB 00 00 00
 (006.186745)  can0  068   [8]  00 6F 57 5A BB 00 00 00
 (006.206710)  can0  067   [8]  05 00 00 01 00 00 01 00
 (006.206737)  can0  068   [8]  05 00 00 01 00 00 01 00
 (006.246720)  can0  067   [8]  0B 00 00 00 00 00 00 00
 (006.246745)  can0  068   [8]  0B 00 00 00 00 00 00 00
 (006.306680)  can0  067   [8]  00 9D 90 C3 BB 00 00 00
 (006.306704)  can0  068   [8]  00 4E C5 58 BB 00 00 00
 (006.326630)  can0  067   [8]  05 00 00 01 00 00 01 00
 (006.326653)  can0  068   [8]  05 00 00 01 00 00 01 00
 (006.366561)  can0  067   [8]  0B 00 00 00 00 00 00 00
 (006.366634)  can0  068   [8]  0B 00 00 00 00 00 00 00
 (006.426669)  can0  067   [8]  00 9D 90 C3 BB 00 00 00
 (006.426691)  can0  068   [8]  00 6F 57 5A BB 00 00 00
 (006.446665)  can0  067   [8]  05 00 00 01 00 00 01 00
 (006.446688)  can0  067   [8]  11 00 00 00 00 00 00 00
 (006.446690)  can0  068   [8]  05 00 00 01 00 00 01 00
 (006.446829)  can0  068   [8]  11 00 00 00 00 00 00 00
 (006.486659)  can0  067   [8]  0B 00 00 00 00 00 00 00
 (006.486683)  can0  068   [8]  0B 00 00 00 00 00 00 00
 (006.546675)  can0  067   [8]  00 BD 22 C5 BB 00 00 00
 (006.546698)  can0  068   [8]  00 6F 57 5A BB 00 00 00
 (006.566679)  can0  067   [8]  05 00 00 01 00 00 01 00
 (006.566703)  can0  068   [8]  05 00 00 01 00 00 01 00
 (006.606680)  can0  067   [8]  0B 00 00 00 00 00 00 00
 (006.606698)  can0  068   [8]  0B 00 00 00 00 00 00 00
 (006.666652)  can0  067   [8]  00 8D C7 C2 BB 00 00 00
 (006.666670)  can0  068   [8]  00 8F E9 5B BB 00 00 00
 (006.686645)  can0  067   [8]  05 00 00 01 00 00 01 00
 (006.686666)  can0  068   [8]  05 00 00 01 00 00 01 00
 (006.726645)  can0  067   [8]  0B 00 00 00 00 00 00 00
 (006.726665)  can0  068   [8]  0B 00 00 00 00 00 00 00
 (006.786663)  can0  067   [8]  00 9D 90 C3 BB 00 00 00
 (006.786684)  can0  068   [8]  00 6F 57 5A BB 00 00 00
 (006.806652)  can0  067   [8]  05 00 00 01 00 00 01 00
 (006.806673)  can0  068   [8]  05 00 00 01 00 00 01 00
 (006.846659)  can0  067   [8]  0B 00 00 00 00 00 00 00
 (006.846683)  can0  068   [8]  0B 00 00 00 00 00 00 00
 (006.906664)  can0  067   [8]  00 9D 90 C3 BB 00 00 00
 (006.906689)  can0  068   [8]  00 6F 57 5A BB 00 00 00
 (006.926676)  can0  067   [8]  05 00 00 01 00 00 01 00
 (006.926700)  can0  068   [8]  05 00 00 01 00 00 01 00
 (006.966529)  can0  067   [8]  0B 00 00 00 00 00 00 00
 (006.966706)  can0  068   [8]  0B 00 00 00 00 00 00 00
 (007.006672)  can0  067   [8]  12 80 66 01 01 01 00 00
 (007.006692)  can0  068   [8]  12 80 66 01 01 01 00 00
 (007.026653)  can0  067   [8]  00 AD 59 C4 BB 00 00 00
 (007.026673)  can0  068   [8]  00 4E C5 58 BB 00 00 00
 (007.046672)  can0  067   [8]  05 00 00 01 00 00 01 00
 (007.046695)  can0  068   [8]  05 00 00 01 00 00 01 00
 (007.086675)  can0  067   [8]  0B 00 00 00 00 00 00 00
 (007.086699)  can0  068   [8]  0B 00 00 00 00 00 00 00
 (007.146712)  can0  067   [8]  00 9D 90 C3 BB 00 00 00
 (007.146739)  can0  068   [8]  00 6F 57 5A BB 00 00 00
 (007.166680)  can0  067   [8]  05 00 00 01 00 00 01 00
 (007.166704)  can0  068   [8]  05 00 00 01 00 00 01 00
 (007.206703)  can0  067   [8]  0B 00 00 00 00 00 00 00
 (007.206730)  can0  068   [8]  0B 00 00 00 00 00 00 00
 (007.266648)  can0  067   [8]  00 AD 59 C4 BB 00 00 00
 (007.266683)  can0  068   [8]  00 6F 57 5A BB 00 00 00
 (007.286688)  can0  067   [8]  05 00 00 01 00 00 01 00
 (007.286712)  can0  068   [8]  05 00 00 01 00 00 01 00
 (007.326553)  can0  067   [8]  0B 00 00 00 00 00 00 00
 (007.326666)  can0  068   [8]  0B 00 00 00 00 00 00 00
 (007.386681)  can0  067   [8]  00 AD 59 C4 BB 00 00 00
 (007.386699)  can0  068   [8]  00 4E C5 58 BB 00 00 00
 (007.406655)  can0  067   [8]  05 00 00 01 00 00 01 00
 (007.406675)  can0  068   [8]  05 00 00 01 00 00 01 00
 (007.446689)  can0  067   [8]  0B 00 00 00 00 00 00 00
 (007.446714)  can0  067   [8]  11 00 00 00 00 00 00 00
 (007.446716)  can0  068   [8]  0B 00 00 00 00 00 00 00
 (007.446866)  can0  068   [8]  11 00 00 00 00 00 00 00
 (007.506673)  can0  067   [8]  00 6C 35 C1 BB 00 00 00
 (007.506697)  can0  068   [8]  00 6F 57 5A BB 00 00 00
 (007.526641)  can0  067   [8]  05 00 00 01 00 00 01 00
 (007.526666)  can0  068   [8]  05 00 00 01 00 00 01 00
 (007.566664)  can0  067   [8]  0B 00 00 00 00 00 00 00
 (007.566685)  can0  068   [8]  0B 00 00 00 00 00 00 00
 (007.626692)  can0  067   [8]  00 8D C7 C2 BB 00 00 00
 (007.626716)  can0  068   [8]  00 6F 57 5A BB 00 00 00
 (007.646673)  can0  067   [8]  05 00 00 01 00 00 01 00
 (007.646697)  can0  068   [8]  05 00 00 01 00 00 01 00
 (007.686675)  can0  067   [8]  0B 00 00 00 00 00 00 00
 (007.686698)  can0  068   [8]  0B 00 00 00 00 00 00 00
 (007.746707)  can0  067   [8]  00 8D C7 C2 BB 00 00 00
 (007.746735)  can0  068   [8]  00 6F 57 5A BB 00 00 00
 (007.766657)  can0  067   [8]  05 00 00 01 00 00 01 00
 (007.766681)  can0  068   [8]  05 00 00 01 00 00 01 00
 (007.806661)  can0  067   [8]  0B 00 00 00 00 00 00 00
 (007.806682)  can0  068   [8]  0B 00 00 00 00 00 00 00
 (007.866645)  can0  067   [8]  00 9D 90 C3 BB 00 00 00
 (007.866669)  can0  068   [8]  00 6F 57 5A BB 00 00 00
 (007.886537)  can0  067   [8]  05 00 00 01 00 00 01 00
 (007.886687)  can0  068   [8]  05 00 00 01 00 00 01 00
 (007.926688)  can0  067   [8]  0B 00 00 00 00 00 00 00
 (007.926713)  can0  068   [8]  0B 00 00 00 00 00 00 00
 (007.986623)  can0  067   [8]  00 9D 90 C3 BB 00 00 00
 (007.986643)  can0  068   [8]  00 6F 57 5A BB 00 00 00
 (008.006650)  can0  067   [8]  05 00 00 01 00 00 01 00
 (008.006671)  can0  067   [8]  12 80 66 01 01 01 00 00
 (008.006672)  can0  068   [8]  05 00 00 01 00 00 01 00
 (008.006926)  can0  068   [8]  12 80 66 01 01 01 00 00
 (008.046665)  can0  067   [8]  0B 00 00 00 00 00 00 00
 (008.046683)  can0  068   [8]  0B 00 00 00 00 00 00 00
 (008.106665)  can0  067   [8]  00 8D C7 C2 BB 00 00 00
 (008.106691)  can0  068   [8]  00 6F 57 5A BB 00 00 00
 (008.126653)  can0  067   [8]  05 00 00 01 00 00 01 00
 (008.126676)  can0  068   [8]  05 00 00 01 00 00 01 00
 (008.166678)  can0  067   [8]  0B 00 00 00 00 00 00 00
 (008.166703)  can0  068   [8]  0B 00 00 00 00 00 00 00
 (008.226636)  can0  067   [8]  00 9D 90 C3 BB 00 00 00
 (008.226660)  can0  068   [8]  00 8F E9 5B BB 00 00 00
 (008.246630)  can0  067   [8]  05 00 00 01 00 00 01 00
 (008.246654)  can0  068   [8]  05 00 00 01 00 00 01 00
 (008.286650)  can0  067   [8]  0B 00 00 00 00 00 00 00
 (008.286675)  can0  068   [8]  0B 00 00 00 00 00 00 00
 (008.346659)  can0  067   [8]  00 8D C7 C2 BB 00 00 00
 (008.346684)  can0  068   [8]  00 6F 57 5A BB 00 00 00
 (008.366640)  can0  067   [8]  05 00 00 01 00 00 01 00
 (008.366665)  can0  068   [8]  05 00 00 01 00 00 01 00
 (008.406661)  can0  067   [8]  0B 00 00 00 00 00 00 00
 (008.406689)  can0  068   [8]  0B 00 00 00 00 00 00 00
 (008.446664)  can0  067   [8]  11 00 00 00 00 00 00 00
 (008.446691)  can0  068   [8]  11 00 00 00 00 00 00 00
 (008.466553)  can0  067   [8]  00 AD 59 C4 BB 00 00 00
 (008.466651)  can0  068   [8]  00 6F 57 5A BB 00 00 00
 (008.486651)  can0  067   [8]  05 00 00 01 00 00 01 00
 (008.486678)  can0  068   [8]  05 00 00 01 00 00 01 00
 (008.526654)  can0  067   [8]  0B 00 00 00 00 00 00 00
 (008.526681)  can0  068   [8]  0B 00 00 00 00 00 00 00
 (008.586670)  can0  067   [8]  00 BD 22 C5 BB 00 00 00
 (008.586696)  can0  068   [8]  00 8F E9 5B BB 00 00 00
 (008.606671)  can0  067   [8]  05 00 00 01 00 00 01 00
 (008.606696)  can0  068   [8]  05 00 00 01 00 00 01 00
 (008.646642)  can0  067   [8]  0B 00 00 00 00 00 00 00
 (008.646667)  can0  068   [8]  0B 00 00 00 00 00 00 00
 (008.706612)  can0  067   [8]  00 9D 90 C3 BB 00 00 00
 (008.706633)  can0  068   [8]  00 6F 57 5A BB 00 00 00
 (008.726671)  can0  067   [8]  05 00 00 01 00 00 01 00
 (008.726695)  can0  068   [8]  05 00 00 01 00 00 01 00
 (008.766556)  can0  067   [8]  0B 00 00 00 00 00 00 00
 (008.766687)  can0  068   [8]  0B 00 00 00 00 00 00 00
 (008.826645)  can0  067   [8]  00 9D 90 C3 BB 00 00 00
 (008.826681)  can0  068   [8]  00 6F 57 5A BB 00 00 00
 (008.846652)  can0  067   [8]  05 00 00 01 00 00 01 00
 (008.846688)  can0  068   [8]  05 00 00 01 00 00 01 00
 (008.886647)  can0  067   [8]  0B 00 00 00 00 00 00 00
 (008.886683)  can0  068   [8]  0B 00 00 00 00 00 00 00
 (008.946660)  can0  067   [8]  00 BD 22 C5 BB 00 00 00
 (008.946697)  can0  068   [8]  00 6F 57 5A BB 00 00 00
 (008.966648)  can0  067   [8]  05 00 00 01 00 00 01 00
 (008.966684)  can0  068   [8]  05 00 00 01 00 00 01 00
 (009.006559)  can0  067   [8]  0B 00 00 00 00 00 00 00
 (009.006605)  can0  067   [8]  12 80 66 01 01 01 00 00
 (009.006765)  can0  068   [8]  0B 00 00 00 00 00 00 00
 (009.006773)  can0  068   [8]  12 80 66 01 01 01 00 00
 (009.066672)  can0  067   [8]  00 8D C7 C2 BB 00 00 00
 (009.066699)  can0  068   [8]  00 6F 57 5A BB 00 00 00
 (009.086624)  can0  067   [8]  05 00 00 01 00 00 01 00
 (009.086653)  can0  068   [8]  05 00 00 01 00 00 01 00
 (009.126647)  can0  067   [8]  0B 00 00 00 00 00 00 00
 (009.126670)  can0  068   [8]  0B 00 00 00 00 00 00 00
 (009.186593)  can0  067   [8]  00 9D 90 C3 BB 00 00 00
 (009.186613)  can0  068   [8]  00 6F 57 5A BB 00 00 00
 (009.206620)  can0  067   [8]  05 00 00 01 00 00 01 00
 (009.206642)  can0  068   [8]  05 00 00 01 00 00 01 00
 (009.246648)  can0  067   [8]  0B 00 00 00 00 00 00 00
 (009.246673)  can0  068   [8]  0B 00 00 00 00 00 00 00
 (009.306646)  can0  067   [8]  00 9D 90 C3 BB 00 00 00
 (009.306670)  can0  068   [8]  00 6F 57 5A BB 00 00 00
 (009.326609)  can0  067   [8]  05 00 00 01 00 00 01 00
 (009.326632)  can0  068   [8]  05 00 00 01 00 00 01 00
 (009.366673)  can0  067   [8]  0B 00 00 00 00 00 00 00
 (009.366696)  can0  068   [8]  0B 00 00 00 00 00 00 00
 (009.426649)  can0  067   [8]  00 9D 90 C3 BB 00 00 00
 (009.426672)  can0  068   [8]  00 6F 57 5A BB 00 00 00
 (009.446494)  can0  067   [8]  05 00 00 01 00 00 01 00
 (009.446512)  can0  067   [8]  11 00 00 00 00 00 00 00
 (009.446662)  can0  068   [8]  05 00 00 01 00 00 01 00
 (009.446799)  can0  068   [8]  11 00 00 00 00 00 00 00
 (009.486536)  can0  067   [8]  0B 00 00 00 00 00 00 00
 (009.486718)  can0  068   [8]  0B 00 00 00 00 00 00 00
 (009.546592)  can0  067   [8]  00 9D 90 C3 BB 00 00 00
 (009.546613)  can0  068   [8]  00 6F 57 5A BB 00 00 00
 (009.566639)  can0  067   [8]  05 00 00 01 00 00 01 00
 (009.566659)  can0  068   [8]  05 00 00 01 00 00 01 00
 (009.606626)  can0  067   [8]  0B 00 00 00 00 00 00 00
 (009.606649)  can0  068   [8]  0B 00 00 00 00 00 00 00
 (009.666597)  can0  067   [8]  00 AD 59 C4 BB 00 00 00
 (009.666618)  can0  068   [8]  00 6F 57 5A BB 00 00 00
 (009.686609)  can0  067   [8]  05 00 00 01 00 00 01 00
 (009.686629)  can0  068   [8]  05 00 00 01 00 00 01 00
 (009.726626)  can0  067   [8]  0B 00 00 00 00 00 00 00
 (009.726647)  can0  068   [8]  0B 00 00 00 00 00 00 00
 (009.786642)  can0  067   [8]  00 CD EB C5 BB 00 00 00
 (009.786664)  can0  068   [8]  00 6F 57 5A BB 00 00 00
 (009.806596)  can0  067   [8]  05 00 00 01 00 00 01 00
 (009.806617)  can0  068   [8]  05 00 00 01 00 00 01 00
 (009.846617)  can0  067   [8]  0B 00 00 00 00 00 00 00
 (009.846636)  can0  068   [8]  0B 00 00 00 00 00 00 00
 (009.906599)  can0  067   [8]  00 AD 59 C4 BB 00 00 00
 (009.906618)  can0  068   [8]  00 4E C5 58 BB 00 00 00
 (009.926624)  can0  067   [8]  05 00 00 01 00 00 01 00
 (009.926645)  can0  068   [8]  05 00 00 01 00 00 01 00
 (009.966605)  can0  067   [8]  0B 00 00 00 00 00 00 00
 (009.966625)  can0  068   [8]  0B 00 00 00 00 00 00 00
 (010.006595)  can0  067   [8]  12 80 66 01 01 01 00 00
 (010.006615)  can0  068   [8]  12 80 66 01 01 01 00 00
 (010.017487)  can0  064   [8]  67 01 92 0A 86 BF 06 00
 (010.019788)  can0  064   [8]  68 01 92 0A 86 3F 06 00
 (010.026517)  can0  067   [8]  00 AD 59 C4 BB 00 00 00
 (010.026535)  can0  067   [8]  11 00 00 00 00 00 11 01
 (010.026686)  can0  068   [8]  00 6F 57 5A BB 00 00 00
 (010.026824)  can0  068   [8]  11 00 00 00 00 00 11 01
 (010.046523)  can0  067   [8]  05 00 00 01 05 00 01 00
 (010.046541)  can0  067   [8]  11 06 00 00 00 00 09 01
 (010.046710)  can0  067   [8]  12 80 67 01 01 01 00 00
 (010.046718)  can0  068   [8]  05 00 00 01 0B 00 00 00
 (010.046911)  can0  068   [8]  11 06 00 00 00 00 09 01
 (010.047056)  can0  068   [8]  12 80 67 01 01 01 00 00
 (010.086621)  can0  067   [8]  0B 9D 90 C3 BB 00 00 00
 (010.086646)  can0  068   [8]  0B 6F 57 5A BB 00 00 00
 (010.146673)  can0  067   [8]  00 C8 BB AF BC 00 00 00
 (010.146698)  can0  068   [8]  00 9C FF 36 3C 00 00 00
 (010.166663)  can0  067   [8]  05 B4 13 00 EB 13 00 00
 (010.166687)  can0  068   [8]  05 A7 14 01 7C 15 01 00
 (010.206674)  can0  067   [8]  0B 1D D9 C9 BB 00 00 00
 (010.206695)  can0  068   [8]  0B 6D C6 4D BB 00 00 00
 (010.266586)  can0  067   [8]  00 F9 A7 BE BC 00 00 00
 (010.266639)  can0  068   [8]  00 8F E9 5B 3C 00 00 00
 (010.286552)  can0  067   [8]  05 E8 14 00 DF 14 00 00
 (010.286706)  can0  068   [8]  05 D2 15 01 3A 1B 01 00
 (010.326622)  can0  067   [8]  0B 60 1F E6 BB 00 00 00
 (010.326641)  can0  068   [8]  0B CA A7 13 BB 00 00 00
 (010.386523)  can0  067   [8]  00 3D DA BE BC 00 00 00
 (010.386666)  can0  068   [8]  00 9E B2 5C 3C 00 00 00
 (010.406617)  can0  067   [8]  05 0F 18 00 F8 17 00 00
 (010.406635)  can0  068   [8]  05 06 19 01 37 18 01 00
 (010.446612)  can0  067   [8]  0B EA 39 15 BC 00 00 00
 (010.446630)  can0  068   [8]  0B 0C EE 2F B9 00 00 00
 (010.506528)  can0  067   [8]  00 D5 07 C0 BC 00 00 00
 (010.506672)  can0  068   [8]  00 36 E0 5D 3C 00 00 00
 (010.526617)  can0  067   [8]  05 7C 1D 00 75 1D 00 00
 (010.526635)  can0  068   [8]  05 91 1E 01 AD 1E 01 00
 (010.566628)  can0  067   [8]  0B 66 AA 53 BC 00 00 00
 (010.566648)  can0  068   [8]  0B 30 55 70 3B 00 00 00
 (010.626604)  can0  067   [8]  00 B0 67 C1 BC 00 00 00
 (010.626621)  can0  068   [8]  00 86 CD 61 3C 00 00 00
 (010.646567)  can0  067   [8]  05 30 26 00 27 26 00 00
 (010.646672)  can0  068   [8]  05 50 27 01 91 25 01 00
 (010.686575)  can0  067   [8]  0B 5B B9 9A BC 00 00 00
 (010.686619)  can0  068   [8]  0B AB A6 1E 3C 00 00 00
 (010.746615)  can0  067   [8]  00 B9 14 C8 BC 00 00 00
 (010.746635)  can0  068   [8]  00 D8 4B 72 3C 00 00 00
 (010.766573)  can0  067   [8]  05 D4 31 00 00 32 00 00
 (010.766664)  can0  068   [8]  05 A5 32 01 84 32 01 00
 (010.806586)  can0  067   [8]  0B 86 CD E1 BC 00 00 00
 (010.806606)  can0  068   [8]  0B 4E FE 96 3C 00 00 00
 (010.866548)  can0  067   [8]  00 63 2D E3 BC 00 00 00
 (010.866649)  can0  068   [8]  00 EC B6 85 3C 00 00 00
 (010.886638)  can0  067   [8]  05 F8 38 00 1F 38 00 00
 (010.886660)  can0  068   [8]  05 F0 40 01 7A 40 01 00
 (010.926652)  can0  067   [8]  0B A9 1F 20 BD 00 00 00
 (010.926675)  can0  068   [8]  0B 29 39 F6 3C 00 00 00
 (010.986621)  can0  067   [8]  00 24 C9 1C BD 00 00 00
 (010.986641)  can0  068   [8]  00 15 F6 8D 3C 00 00 00
 (011.006608)  can0  067   [8]  05 46 3E 00 37 3C 00 00
 (011.006628)  can0  068   [8]  05 9C 49 01 55 44 01 00
 (011.046597)  can0  067   [8]  0B 3B EE 5A BD 00 00 00
 (011.046618)  can0  067   [8]  11 06 00 00 00 00 09 01
 (011.046619)  can0  067   [8]  12 80 67 01 01 01 00 00
 (011.046746)  can0  068   [8]  0B D0 68 36 3D 00 00 00
 (011.046864)  can0  068   [8]  11 06 00 00 00 00 09 01
 (011.046971)  can0  068   [8]  12 80 67 01 01 01 00 00
 (011.066577)  can0  067   [8]  0C 02 A1 92 42 02 F0 7F
 (011.066595)  can0  068   [8]  0C 02 A1 A4 52 00 F0 7E
 (011.106603)  can0  067   [8]  00 0B 5D A3 BD 00 00 00
 (011.106622)  can0  068   [8]  00 99 4C 91 3D 00 00 00
 (011.126636)  can0  067   [8]  05 C5 16 00 F3 16 00 00
 (011.126658)  can0  068   [8]  05 06 15 01 EE 15 01 00
 (011.166629)  can0  067   [8]  0B CD B5 90 BD 00 00 00
 (011.166650)  can0  068   [8]  0B DA 63 7D 3D 00 00 00
 (011.226624)  can0  067   [8]  00 8E BD B4 BD 00 00 00
 (011.226645)  can0  068   [8]  00 F2 EB A2 3D 00 00 00
 (011.246550)  can0  067   [8]  05 CC 24 00 A2 24 00 00
 (011.246647)  can0  068   [8]  05 DA 24 01 AD 24 01 00
 (011.286486)  can0  067   [8]  0B 54 BF B9 BD 00 00 00
 (011.286663)  can0  068   [8]  0B 6B 13 A8 3D 00 00 00
 (011.346584)  can0  067   [8]  00 E6 F7 E0 BD 00 00 00
 (011.346602)  can0  068   [8]  00 3A 5D CE 3D 00 00 00
 (011.366598)  can0  067   [8]  05 A8 25 00 D0 24 00 00
 (011.366616)  can0  068   [8]  05 A3 27 01 DD 27 01 00
 (011.406625)  can0  067   [8]  0B B1 93 E8 BD 00 00 00
 (011.406645)  can0  068   [8]  0B 50 4C D7 3D 00 00 00
 (011.466609)  can0  067   [8]  00 7A BA 0F BE 00 00 00
 (011.466631)  can0  068   [8]  00 A4 B0 05 3E 00 00 00
 (011.486645)  can0  067   [8]  05 B7 1B 00 00 1B 00 00
 (011.486666)  can0  068   [8]  05 31 1D 01 14 1D 01 00
 (011.526533)  can0  067   [8]  0B C0 73 0E BE 00 00 00
 (011.526632)  can0  068   [8]  0B 9C 08 06 3E 00 00 00
 (011.586552)  can0  067   [8]  00 90 AE 1F BE 00 00 00
 (011.586590)  can0  068   [8]  00 35 8D 16 3E 00 00 00
 (011.606625)  can0  067   [8]  05 EB 2B 00 CE 2B 00 00
 (011.606646)  can0  068   [8]  05 BB 2C 01 70 2C 01 00
 (011.646628)  can0  067   [8]  0B 6C D9 2A BE 00 00 00
 (011.646646)  can0  068   [8]  0B D5 A6 22 3E 00 00 00
 (011.706629)  can0  067   [8]  00 07 B0 43 BE 00 00 00
 (011.706648)  can0  068   [8]  00 E0 F7 39 3E 00 00 00
 (011.726552)  can0  067   [8]  05 57 24 00 71 23 00 00
 (011.726587)  can0  068   [8]  05 C2 26 01 C2 25 01 00
 (011.766601)  can0  067   [8]  0B EB F6 48 BE 00 00 00
 (011.766623)  can0  068   [8]  0B 71 09 41 3E 00 00 00
 (011.826584)  can0  067   [8]  00 5A 85 63 BE 00 00 00
 (011.826608)  can0  068   [8]  00 E2 1E 5A 3E 00 00 00
 (011.846618)  can0  067   [8]  05 8D 1E 00 A7 1E 00 00
 (011.846642)  can0  068   [8]  05 F0 20 01 69 20 01 00
 (011.886626)  can0  067   [8]  0B 20 87 68 BE 00 00 00
 (011.886650)  can0  068   [8]  0B C4 DE 60 3E 00 00 00
 (011.946537)  can0  067   [8]  00 38 05 80 BE 00 00 00
 (011.946686)  can0  068   [8]  00 34 2E 77 3E 00 00 00
 (011.966615)  can0  067   [8]  05 55 1C 00 2F 1C 00 00
 (011.966639)  can0  068   [8]  05 F1 1F 01 AE 1F 01 00
 (012.006609)  can0  067   [8]  0B 84 1E 84 BE 00 00 00
 (012.006630)  can0  068   [8]  0B C0 69 80 3E 00 00 00
 (012.046598)  can0  067   [8]  11 06 00 00 00 00 09 01
 (012.046620)  can0  067   [8]  12 80 67 00 01 01 00 00
 (012.046622)  can0  067   [8]  0C 02 A1 89 FF 00 00 7E
 (012.046752)  can0  068   [8]  11 06 00 00 00 00 09 01
 (012.046848)  can0  068   [8]  12 80 67 00 01 01 00 00
 (012.047019)  can0  068   [8]  0C 02 A1 89 FF 00 00 7E
 (012.066553)  can0  067   [8]  00 86 D3 8D BE 00 00 00
 (012.066627)  can0  068   [8]  00 F0 C9 89 3E 00 00 00
 (012.086590)  can0  067   [8]  05 B9 24 00 0E 24 00 00
 (012.086610)  can0  068   [8]  05 90 26 01 7F 26 01 00
 (012.126538)  can0  067   [8]  0B E0 2E 94 BE 00 00 00
 (012.126669)  can0  068   [8]  0B D0 9F 90 3E 00 00 00
 (012.186582)  can0  067   [8]  00 74 53 9F BE 00 00 00
 (012.186604)  can0  068   [8]  00 58 CF 9A 3E 00 00 00
 (012.206579)  can0  067   [8]  05 67 26 00 1B 26 00 00
 (012.206601)  can0  068   [8]  05 5E 28 01 28 27 01 00
 (012.246628)  can0  067   [8]  0B 61 42 A4 BE 00 00 00
 (012.246652)  can0  068   [8]  0B DF D5 A0 3E 00 00 00
 (012.306469)  can0  067   [8]  00 34 28 B1 BE 00 00 00
 (012.306640)  can0  068   [8]  00 CD B3 AC 3E 00 00 00
 (012.326588)  can0  067   [8]  05 C5 20 00 35 20 00 00
 (012.326609)  can0  068   [8]  05 24 25 01 EC 24 01 00
 (012.366583)  can0  067   [8]  0B BD 52 B4 BE 00 00 00
 (012.366604)  can0  068   [8]  0B CA 08 B1 3E 00 00 00
 (012.426598)  can0  067   [8]  00 98 59 C2 BE 00 00 00
 (012.426617)  can0  068   [8]  00 0F CC BD 3E 00 00 00
 (012.446580)  can0  067   [8]  05 96 1A 00 F1 19 00 00
 (012.446600)  can0  068   [8]  05 C4 1E 01 CE 1E 01 00
 (012.486569)  can0  067   [8]  0B 3E 66 C4 BE 00 00 00
 (012.486621)  can0  068   [8]  0B D9 3E C1 3E 00 00 00
 (012.546547)  can0  067   [8]  00 B2 BE D0 BE 00 00 00
 (012.546668)  can0  068   [8]  00 FE 6F CC 3E 00 00 00
 (012.566539)  can0  067   [8]  05 86 19 00 FB 18 00 00
 (012.566670)  can0  068   [8]  05 A7 1E 01 DC 1D 01 00
 (012.606603)  can0  067   [8]  0B 9A 76 D4 BE 00 00 00
 (012.606624)  can0  068   [8]  0B E8 74 D1 3E 00 00 00
 (012.666594)  can0  067   [8]  00 DA 9F DE BE 00 00 00
 (012.666612)  can0  068   [8]  00 85 DE DA 3E 00 00 00
 (012.686630)  can0  067   [8]  05 6F 20 00 B4 1F 00 00
 (012.686650)  can0  068   [8]  05 49 23 01 51 22 01 00
 (012.726587)  can0  067   [8]  0B 1B 8A E4 BE 00 00 00
 (012.726609)  can0  068   [8]  0B D3 A7 E1 3E 00 00 00
 (012.786623)  can0  067   [8]  00 15 FA EF BE 00 00 00
 (012.786647)  can0  068   [8]  00 3C A8 EB 3E 00 00 00
 (012.806591)  can0  067   [8]  05 10 23 00 D8 21 00 00
 (012.806613)  can0  068   [8]  05 F0 26 01 05 27 01 00
 (012.846645)  can0  067   [8]  0B 77 9A F4 BE 00 00 00
 (012.846668)  can0  068   [8]  0B E3 DD F1 3E 00 00 00
 (012.906548)  can0  067   [8]  00 B4 E2 00 BF 00 00 00
 (012.906656)  can0  068   [8]  00 69 86 FD 3E 00 00 00
 (012.926551)  can0  067   [8]  05 87 1D 00 2F 1D 00 00
 (012.926585)  can0  068   [8]  05 08 23 01 D8 22 01 00
 (012.966544)  can0  067   [8]  0B FC 56 02 BF 00 00 00
 (012.966681)  can0  068   [8]  0B F9 09 01 3F 00 00 00
 (013.026602)  can0  067   [8]  00 F8 7C 09 BF 00 00 00
 (013.026625)  can0  068   [8]  00 E5 66 07 3F 00 00 00
 (013.046595)  can0  067   [8]  05 9B 17 00 61 17 00 00
 (013.046622)  can0  067   [8]  11 06 00 00 00 00 09 01
 (013.046623)  can0  067   [8]  12 80 67 00 01 01 00 00
 (013.046649)  can0  068   [8]  05 FF 1C 01 62 1C 01 00
 (013.046906)  can0  068   [8]  11 06 00 00 00 00 09 01
 (013.046915)  can0  068   [8]  12 80 67 00 01 01 00 00
 (013.066588)  can0  067   [8]  0C 02 A1 A4 FF 00 00 7E
 (013.066609)  can0  068   [8]  0C 02 A1 B6 FF 00 00 7E
 (013.086533)  can0  067   [8]  0B 2A 5F 0A BF 00 00 00
 (013.086654)  can0  068   [8]  0B 01 25 09 3F 00 00 00
 (013.146513)  can0  067   [8]  00 38 D5 10 BF 00 00 00
 (013.146635)  can0  068   [8]  00 26 BF 0E 3F 00 00 00
 (013.166594)  can0  067   [8]  05 01 15 00 F9 14 00 00
 (013.166613)  can0  068   [8]  05 BD 1B 01 DE 1B 01 00
 (013.206601)  can0  067   [8]  0B 32 7A 12 BF 00 00 00
 (013.206619)  can0  068   [8]  0B BE 4F 11 3F 00 00 00
 (013.266526)  can0  067   [8]  00 3C AE 17 BF 00 00 00
 (013.266675)  can0  068   [8]  00 22 DA 15 3F 00 00 00
 (013.286563)  can0  067   [8]  05 6B 1C 00 F0 1B 00 00
 (013.286580)  can0  068   [8]  05 19 21 01 CD 20 01 00
 (013.326545)  can0  067   [8]  0B 19 71 1A BF 00 00 00
 (013.326562)  can0  068   [8]  0B 7E 59 19 3F 00 00 00
 (013.386546)  can0  067   [8]  00 5D 3A 20 BF 00 00 00
 (013.386590)  can0  068   [8]  00 D9 46 1E 3F 00 00 00
 (013.406538)  can0  067   [8]  05 89 1F 00 E0 1E 00 00
 (013.406641)  can0  068   [8]  05 BB 24 01 28 24 01 00
 (013.446539)  can0  067   [8]  0B D9 7A 22 BF 00 00 00
 (013.446642)  can0  068   [8]  0B 85 74 21 3F 00 00 00
 (013.506525)  can0  067   [8]  00 98 21 29 BF 00 00 00
 (013.506654)  can0  068   [8]  00 CE 1C 27 3F 00 00 00
 (013.526548)  can0  067   [8]  05 5C 1A 00 CE 19 00 00
 (013.526651)  can0  068   [8]  05 FB 20 01 B2 20 01 00
 (013.566574)  can0  067   [8]  0B 07 83 2A BF 00 00 00
 (013.566592)  can0  068   [8]  0B 8D 8F 29 3F 00 00 00
 (013.626607)  can0  067   [8]  00 6E BD 31 BF 00 00 00
 (013.626629)  can0  068   [8]  00 34 C5 2F 3F 00 00 00
 (013.646596)  can0  067   [8]  05 3C 14 00 44 12 00 00
 (013.646617)  can0  068   [8]  05 D2 1A 01 84 19 01 00
 (013.686598)  can0  067   [8]  0B C8 8C 32 BF 00 00 00
 (013.686618)  can0  068   [8]  0B 03 A9 31 3F 00 00 00
 (013.746600)  can0  067   [8]  00 86 3E 39 BF 00 00 00
 (013.746622)  can0  068   [8]  00 97 36 37 3F 00 00 00
 (013.766600)  can0  067   [8]  05 C7 10 00 04 11 00 00
 (013.766620)  can0  068   [8]  05 C0 18 01 B1 18 01 00
 (013.806612)  can0  067   [8]  0B F6 94 3A BF 00 00 00
 (013.806635)  can0  068   [8]  0B 0A C4 39 3F 00 00 00
 (013.866541)  can0  067   [8]  00 B4 E3 3F BF 00 00 00
 (013.866652)  can0  068   [8]  00 99 25 3E 3F 00 00 00
 (013.886553)  can0  067   [8]  05 F0 18 00 FC 17 00 00
 (013.886662)  can0  068   [8]  05 A4 1F 01 DC 21 01 00
 (013.926558)  can0  067   [8]  0B FD AF 42 BF 00 00 00
 (013.926596)  can0  068   [8]  0B 59 F0 41 3F 00 00 00
 (013.986593)  can0  067   [8]  00 41 79 48 BF 00 00 00
 (013.986616)  can0  068   [8]  00 95 AE 46 3F 00 00 00
 (014.006592)  can0  067   [8]  05 AA 1B 00 05 1B 00 00
 (014.006612)  can0  068   [8]  05 2B 22 01 F9 21 01 00
 (014.046595)  can0  067   [8]  0B E4 A6 4A BF 00 00 00
 (014.046617)  can0  067   [8]  11 06 00 00 00 00 09 01
 (014.046619)  can0  067   [8]  12 80 67 00 01 01 00 00
 (014.046741)  can0  068   [8]  0B 87 F8 49 3F 00 00 00
 (014.046788)  can0  068   [8]  11 06 00 00 00 00 09 01
 (014.046953)  can0  068   [8]  12 80 67 00 01 01 00 00
 (014.066556)  can0  067   [8]  0C 02 A1 92 FF 00 00 7E
 (014.066574)  can0  068   [8]  0C 02 A1 AD FF 00 00 7E
 (014.106524)  can0  067   [8]  00 EE 3D 51 BF 00 00 00
 (014.106627)  can0  068   [8]  00 D4 74 4F 3F 00 00 00
 (014.126430)  can0  067   [8]  05 E9 15 00 EF 14 00 00
 (014.126671)  can0  068   [8]  05 02 1E 01 87 1D 01 00
 (014.166566)  can0  067   [8]  0B 38 A7 52 BF 00 00 00
 (014.166585)  can0  068   [8]  0B B5 0B 52 3F 00 00 00
 (014.226543)  can0  067   [8]  00 EC BB 59 BF 00 00 00
 (014.226588)  can0  068   [8]  00 3D 07 58 3F 00 00 00
 (014.246531)  can0  067   [8]  05 CD 0F 00 D9 0C 00 00
 (014.246634)  can0  068   [8]  05 8B 16 01 DF 16 01 00
 (014.286522)  can0  067   [8]  0B D8 81 5A BF 00 00 00
 (014.286628)  can0  068   [8]  0B 9C F7 59 3F 00 00 00
 (014.346538)  can0  067   [8]  00 1B 56 60 BF 00 00 00
 (014.346653)  can0  068   [8]  00 FC B8 5E 3F 00 00 00
 (014.366491)  can0  067   [8]  05 89 0D 00 75 0E 00 00
 (014.366626)  can0  068   [8]  05 80 15 01 5E 15 01 00
 (014.406513)  can0  067   [8]  0B A5 12 62 BF 00 00 00
 (014.406654)  can0  068   [8]  0B B0 99 61 3F 00 00 00
 (014.466531)  can0  067   [8]  00 24 03 67 BF 00 00 00
 (014.466565)  can0  068   [8]  00 E0 62 65 3F 00 00 00
 (014.486539)  can0  067   [8]  05 2B 18 00 83 17 00 00
 (014.486573)  can0  068   [8]  05 73 1F 01 C4 1C 01 00
 (014.526534)  can0  067   [8]  0B 32 3A 69 BF 00 00 00
 (014.526661)  can0  068   [8]  0B 86 D2 68 3F 00 00 00
 (014.586591)  can0  067   [8]  00 0A FA 6E BF 00 00 00
 (014.586610)  can0  068   [8]  00 E4 9E 6D 3F 00 00 00
 (014.606521)  can0  067   [8]  05 4F 12 00 5D 11 00 00
 (014.606646)  can0  068   [8]  05 B6 18 01 5E 18 01 00
 (014.646544)  can0  067   [8]  0B F4 D5 6F BF 00 00 00
 (014.646664)  can0  068   [8]  0B 8F 7F 6F 3F 00 00 00
 (014.706539)  can0  067   [8]  00 A3 B3 75 BF 00 00 00
 (014.706659)  can0  068   [8]  00 EF 35 74 3F 00 00 00
 (014.726563)  can0  067   [8]  05 A0 07 00 5B 07 00 00
 (014.726581)  can0  068   [8]  05 49 0F 01 96 0E 01 00
 (014.766520)  can0  067   [8]  0B EB C4 75 BF 00 00 00
 (014.766581)  can0  068   [8]  0B 3B 7E 75 3F 00 00 00
 (014.826550)  can0  067   [8]  00 11 E6 79 BF 00 00 00
 (014.826589)  can0  068   [8]  00 7D 97 78 3F 00 00 00
 (014.846537)  can0  067   [8]  05 88 13 00 F1 12 00 00
 (014.846638)  can0  068   [8]  05 A0 1A 01 3E 19 01 00
 (014.886591)  can0  067   [8]  0B 1A FC 7A BF 00 00 00
 (014.886613)  can0  068   [8]  0B FB C1 7A 3F 00 00 00
 (014.946589)  can0  067   [8]  00 8B 5F 80 BF 00 00 00
 (014.946610)  can0  068   [8]  00 7E 86 7F 3F 00 00 00
 (014.966575)  can0  067   [8]  05 C5 07 00 92 07 00 00
 (014.966594)  can0  068   [8]  05 8E 0C 01 C2 0C 01 00
 (015.006577)  can0  067   [8]  0B C9 76 7F BF 00 00 00
 (015.006596)  can0  068   [8]  0B CE 4A 7F 3F 00 00 00
 (015.046560)  can0  067   [8]  11 06 00 00 00 00 09 01
 (015.046578)  can0  067   [8]  12 80 67 00 01 01 00 00
 (015.046579)  can0  067   [8]  0C 02 A1 9B FF 00 00 7E
 (015.046701)  can0  068   [8]  11 06 00 00 00 00 09 01
 (015.046851)  can0  068   [8]  12 80 67 00 01 01 00 00
 (015.046965)  can0  068   [8]  0C 02 A1 AD FF 00 00 7E
 (015.066567)  can0  067   [8]  00 8F 96 81 BF 00 00 00
 (015.066586)  can0  068   [8]  00 B1 03 81 3F 00 00 00
 (015.086555)  can0  067   [8]  05 8A 0F 00 EA 0E 00 00
 (015.086573)  can0  068   [8]  05 64 16 01 CC 16 01 00
 (015.126562)  can0  067   [8]  0B D8 9C 81 BF 00 00 00
 (015.126579)  can0  068   [8]  0B 90 8B 81 3F 00 00 00
 (015.186433)  can0  067   [8]  00 66 E4 83 BF 00 00 00
 (015.186670)  can0  068   [8]  00 03 78 83 3F 00 00 00
 (015.206543)  can0  067   [8]  05 D7 05 00 BC 05 00 00
 (015.206669)  can0  068   [8]  05 58 0A 01 11 09 01 00
 (015.246550)  can0  067   [8]  0B 30 23 83 BF 00 00 00
 (015.246678)  can0  068   [8]  0B 68 17 83 3F 00 00 00
 (015.306507)  can0  067   [8]  00 49 F7 84 BF 00 00 00
 (015.306548)  can0  068   [8]  00 1D 95 84 3F 00 00 00
 (015.326472)  can0  067   [8]  05 AE 09 00 2A 09 00 00
 (015.326657)  can0  068   [8]  05 87 0F 01 6A 0F 01 00
 (015.366504)  can0  067   [8]  0B 5B 47 84 BF 00 00 00
 (015.366616)  can0  068   [8]  0B 81 3F 84 3F 00 00 00
 (015.426507)  can0  067   [8]  00 D1 1D 86 BF 00 00 00
 (015.426612)  can0  068   [8]  00 FF B2 85 3F 00 00 00
 (015.446559)  can0  067   [8]  05 C9 08 00 AD 08 00 00
 (015.446578)  can0  068   [8]  05 F4 0D 01 CE 0D 01 00
 (015.486563)  can0  067   [8]  0B 22 15 85 BF 00 00 00
 (015.486582)  can0  068   [8]  0B 6B 10 85 3F 00 00 00
 (015.546516)  can0  067   [8]  00 87 CE 86 BF 00 00 00
 (015.546576)  can0  068   [8]  00 A3 72 86 3F 00 00 00
 (015.566526)  can0  067   [8]  05 39 08 00 3E 08 00 00
 (015.566568)  can0  068   [8]  05 48 0C 01 58 0C 01 00
 (015.606498)  can0  067   [8]  0B 4B 98 85 BF 00 00 00
 (015.606617)  can0  068   [8]  0B 27 95 85 3F 00 00 00
 (015.666363)  can0  067   [8]  00 C5 42 87 BF 00 00 00
 (015.666626)  can0  068   [8]  00 24 19 87 3F 00 00 00
 (015.686509)  can0  067   [8]  05 20 08 00 F0 07 00 00
 (015.686614)  can0  068   [8]  05 13 0A 01 00 0A 01 00
 (015.726371)  can0  067   [8]  0B 56 E1 85 BF 00 00 00
 (015.726635)  can0  068   [8]  0B C4 DF 85 3F 00 00 00
 (015.786569)  can0  067   [8]  00 73 94 87 BF 00 00 00
 (015.786590)  can0  068   [8]  00 8D 4E 87 3F 00 00 00
 (015.806558)  can0  067   [8]  05 62 07 00 AE 07 00 00
 (015.806579)  can0  068   [8]  05 F9 0A 01 C7 0A 01 00
 (015.846576)  can0  067   [8]  0B 8A 01 86 BF 00 00 00
 (015.846597)  can0  068   [8]  0B C1 00 86 3F 00 00 00
 (015.906588)  can0  067   [8]  00 71 AA 87 BF 00 00 00
 (015.906610)  can0  068   [8]  00 C3 4D 87 3F 00 00 00
 (015.926557)  can0  067   [8]  05 0A 07 00 51 05 00 00
 (015.926581)  can0  068   [8]  05 2F 0C 01 D7 0B 01 00
 (015.966562)  can0  067   [8]  0B 65 09 86 BF 00 00 00
 (015.966583)  can0  068   [8]  0B 65 09 86 3F 00 00 00
 (016.026410)  can0  067   [8]  00 DC BE 87 BF 00 00 00
 (016.026429)  can0  067   [8]  11 06 00 00 00 00 29 01
 (016.026661)  can0  068   [8]  00 B0 5C 87 3F 00 00 00
 (016.026705)  can0  068   [8]  11 06 00 00 00 00 29 01
 (016.046519)  can0  067   [8]  05 84 00 00 06 01 00 00
 (016.046540)  can0  067   [8]  12 80 67 00 01 01 00 00
 (016.046541)  can0  067   [8]  0C 02 A1 9B 54 00 00 7E
 (016.046674)  can0  068   [8]  05 F2 05 01 23 06 01 00
 (016.046790)  can0  068   [8]  12 80 67 00 01 01 00 00
 (016.046937)  can0  068   [8]  0C 02 A1 89 55 00 10 7E
 (016.086488)  can0  067   [8]  0B 2E 0A 86 BF 00 00 00
 (016.086625)  can0  068   [8]  0B 2E 0A 86 3F 00 00 00
 (016.146572)  can0  067   [8]  00 DC BE 87 BF 00 00 00
 (016.146593)  can0  068   [8]  00 79 5D 87 3F 00 00 00
 (016.166568)  can0  067   [8]  05 A5 04 01 4B 06 01 00
 (016.166593)  can0  068   [8]  05 5C 00 01 54 00 01 00
 (016.206608)  can0  067   [8]  0B 2E 0A 86 BF 00 00 00
 (016.206628)  can0  068   [8]  0B 2E 0A 86 3F 00 00 00
 (016.266435)  can0  067   [8]  00 A5 BF 87 BF 00 00 00
 (016.266595)  can0  068   [8]  00 B0 5C 87 3F 00 00 00
 (016.286541)  can0  067   [8]  05 AF 04 01 1D 06 01 00
 (016.286559)  can0  068   [8]  05 5B 00 01 5D 00 01 00
 (016.326585)  can0  067   [8]  0B 2E 0A 86 BF 00 00 00
 (016.326609)  can0  068   [8]  0B 2E 0A 86 3F 00 00 00
 (016.386548)  can0  067   [8]  00 13 BE 87 BF 00 00 00
 (016.386570)  can0  068   [8]  00 E7 5B 87 3F 00 00 00
 (016.406507)  can0  067   [8]  05 A6 04 01 86 04 01 00
 (016.406561)  can0  068   [8]  05 65 00 01 82 00 01 00
 (016.446561)  can0  067   [8]  0B 2E 0A 86 BF 00 00 00
 (016.446581)  can0  068   [8]  0B 2E 0A 86 3F 00 00 00
 (016.506515)  can0  067   [8]  00 6F C0 87 BF 00 00 00
 (016.506635)  can0  068   [8]  00 79 5D 87 3F 00 00 00
 (016.526577)  can0  067   [8]  05 B1 04 01 D9 04 01 00
 (016.526595)  can0  068   [8]  05 50 00 01 38 00 01 00
 (016.566523)  can0  067   [8]  0B 2E 0A 86 BF 00 00 00
 (016.566641)  can0  068   [8]  0B 2E 0A 86 3F 00 00 00
 (016.626448)  can0  067   [8]  00 A5 BF 87 BF 00 00 00
 (016.626649)  can0  068   [8]  00 B0 5C 87 3F 00 00 00
 (016.646414)  can0  067   [8]  05 B1 04 01 D0 04 01 00
 (016.646711)  can0  068   [8]  05 5A 00 01 41 00 01 00
 (016.686480)  can0  067   [8]  0B 2E 0A 86 BF 00 00 00
 (016.686522)  can0  068   [8]  0B 2E 0A 86 3F 00 00 00
 (016.746562)  can0  067   [8]  00 A5 BF 87 BF 00 00 00
 (016.746581)  can0  068   [8]  00 B0 5C 87 3F 00 00 00
 (016.766526)  can0  067   [8]  05 BC 04 01 FE 04 01 00
 (016.766546)  can0  068   [8]  05 63 00 01 4A 00 01 00
 (016.806551)  can0  067   [8]  0B 2E 0A 86 BF 00 00 00
 (016.806574)  can0  068   [8]  0B 2E 0A 86 3F 00 00 00
 (016.866563)  can0  067   [8]  00 DC BE 87 BF 00 00 00
 (016.866586)  can0  068   [8]  00 B0 5C 87 3F 00 00 00
 (016.886529)  can0  067   [8]  05 B3 04 01 BD 04 01 00
 (016.886552)  can0  068   [8]  05 59 00 01 54 00 01 00
 (016.926540)  can0  067   [8]  0B 2E 0A 86 BF 00 00 00
 (016.926563)  can0  068   [8]  0B 2E 0A 86 3F 00 00 00
 (016.986551)  can0  067   [8]  00 DC BE 87 BF 00 00 00
 (016.986570)  can0  068   [8]  00 B0 5C 87 3F 00 00 00
 (017.006481)  can0  067   [8]  05 B3 04 01 A1 04 01 00
 (017.006578)  can0  068   [8]  05 58 00 01 53 00 01 00
 (017.026540)  can0  067   [8]  11 06 00 00 00 00 29 01
 (017.026558)  can0  068   [8]  11 06 00 00 00 00 29 01
 (017.046596)  can0  067   [8]  0B 2E 0A 86 BF 00 00 00
 (017.046615)  can0  067   [8]  12 80 67 00 01 01 00 00
 (017.046616)  can0  067   [8]  0C 02 A1 9B 00 00 70 08
 (017.046618)  can0  068   [8]  0B 2E 0A 86 3F 00 00 00
 (017.046789)  can0  068   [8]  12 80 67 00 01 01 00 00
 (017.046923)  can0  068   [8]  0C 02 A1 89 00 00 70 02
 (017.106569)  can0  067   [8]  00 38 C1 87 BF 00 00 00
 (017.106586)  can0  068   [8]  00 E7 5B 87 3F 00 00 00
 (017.126515)  can0  067   [8]  05 AA 04 01 58 04 01 00
 (017.126548)  can0  068   [8]  05 58 00 01 66 00 01 00
 (017.166545)  can0  067   [8]  0B 2E 0A 86 BF 00 00 00
 (017.166564)  can0  068   [8]  0B 2E 0A 86 3F 00 00 00
 (017.226563)  can0  067   [8]  00 6F C0 87 BF 00 00 00
 (017.226701)  can0  068   [8]  00 B0 5C 87 3F 00 00 00
 (017.246514)  can0  067   [8]  05 B5 04 01 8F 04 01 00
 (017.246592)  can0  068   [8]  05 57 00 01 5D 00 01 00
 (017.286499)  can0  067   [8]  0B 2E 0A 86 BF 00 00 00
 (017.286619)  can0  068   [8]  0B 2E 0A 86 3F 00 00 00
 (017.346492)  can0  067   [8]  00 A5 BF 87 BF 00 00 00
 (017.346622)  can0  068   [8]  00 E7 5B 87 3F 00 00 00
 (017.366496)  can0  067   [8]  05 B5 04 01 73 04 01 00
 (017.366530)  can0  068   [8]  05 57 00 01 5D 00 01 00
 (017.406545)  can0  067   [8]  0B 2E 0A 86 BF 00 00 00
 (017.406566)  can0  068   [8]  0B 2E 0A 86 3F 00 00 00
 (017.466534)  can0  067   [8]  00 A5 BF 87 BF 00 00 00
 (017.466553)  can0  068   [8]  00 B0 5C 87 3F 00 00 00
 (017.486527)  can0  067   [8]  05 B6 04 01 C7 04 01 00
 (017.486558)  can0  068   [8]  05 60 00 01 4A 00 01 00
 (017.526542)  can0  067   [8]  0B 2E 0A 86 BF 00 00 00
 (017.526560)  can0  068   [8]  0B 2E 0A 86 3F 00 00 00
 (017.586575)  can0  067   [8]  00 6F C0 87 BF 00 00 00
 (017.586595)  can0  068   [8]  00 B0 5C 87 3F 00 00 00
 (017.606492)  can0  067   [8]  05 B7 04 01 8F 04 01 00
 (017.606600)  can0  068   [8]  05 60 00 01 5D 00 01 00
 (017.646558)  can0  067   [8]  0B 2E 0A 86 BF 00 00 00
 (017.646579)  can0  068   [8]  0B 2E 0A 86 3F 00 00 00
 (017.706549)  can0  067   [8]  00 6F C0 87 BF 00 00 00
 (017.706570)  can0  068   [8]  00 B0 5C 87 3F 00 00 00
 (017.726541)  can0  067   [8]  05 AD 04 01 8F 04 01 00
 (017.726561)  can0  068   [8]  05 5F 00 01 66 00 01 00
 (017.766558)  can0  067   [8]  0B 2E 0A 86 BF 00 00 00
 (017.766580)  can0  068   [8]  0B 2E 0A 86 3F 00 00 00
 (017.826555)  can0  067   [8]  00 6F C0 87 BF 00 00 00
 (017.826577)  can0  068   [8]  00 E7 5B 87 3F 00 00 00
 (017.846555)  can0  067   [8]  05 C2 04 01 A1 04 01 00
 (017.846575)  can0  068   [8]  05 54 00 01 5D 00 01 00
 (017.886466)  can0  067   [8]  0B 2E 0A 86 BF 00 00 00
 (017.886643)  can0  068   [8]  0B 2E 0A 86 3F 00 00 00
 (017.946559)  can0  067   [8]  00 6F C0 87 BF 00 00 00
 (017.946581)  can0  068   [8]  00 B0 5C 87 3F 00 00 00
 (017.966516)  can0  067   [8]  05 B9 04 01 73 04 01 00
 (017.966554)  can0  068   [8]  05 54 00 01 66 00 01 00
 (018.006527)  can0  067   [8]  0B 2E 0A 86 BF 00 00 00
 (018.006550)  can0  068   [8]  0B 2E 0A 86 3F 00 00 00
 (018.026394)  can0  067   [8]  11 06 00 00 00 00 29 01
 (018.026612)  can0  068   [8]  11 06 00 00 00 00 29 01
 (018.046574)  can0  067   [8]  12 80 67 00 01 01 00 00
 (018.046597)  can0  067   [8]  0C 02 A1 9B 00 00 80 08
 (018.046599)  can0  068   [8]  12 80 67 00 01 01 00 00
 (018.046737)  can0  068   [8]  0C 02 A1 89 00 00 70 02
 (018.066526)  can0  067   [8]  00 A5 BF 87 BF 00 00 00
 (018.066547)  can0  068   [8]  00 1E 5B 87 3F 00 00 00
 (018.086485)  can0  067   [8]  05 C3 04 01 A1 04 01 00
 (018.086603)  can0  068   [8]  05 5D 00 01 53 00 01 00
 (018.126500)  can0  067   [8]  0B 2E 0A 86 BF 00 00 00
 (018.126584)  can0  068   [8]  0B 2E 0A 86 3F 00 00 00
 (018.186487)  can0  067   [8]  00 6F C0 87 BF 00 00 00
 (018.186598)  can0  068   [8]  00 E7 5B 87 3F 00 00 00
 (018.206479)  can0  067   [8]  05 C4 04 01 A1 04 01 00
 (018.206583)  can0  068   [8]  05 5D 00 01 66 00 01 00
 (018.246485)  can0  067   [8]  0B 2E 0A 86 BF 00 00 00
 (018.246614)  can0  068   [8]  0B 2E 0A 86 3F 00 00 00
 (018.306517)  can0  067   [8]  00 6F C0 87 BF 00 00 00
 (018.306624)  can0  068   [8]  00 1E 5B 87 3F 00 00 00
 (018.326471)  can0  067   [8]  05 BB 04 01 D0 04 01 00
 (018.326621)  can0  068   [8]  05 52 00 01 4A 00 01 00
 (018.366485)  can0  067   [8]  0B 2E 0A 86 BF 00 00 00
 (018.366520)  can0  068   [8]  0B 2E 0A 86 3F 00 00 00
 (018.426473)  can0  067   [8]  00 A5 BF 87 BF 00 00 00
 (018.426602)  can0  068   [8]  00 E7 5B 87 3F 00 00 00
 (018.446491)  can0  067   [8]  05 C5 04 01 D0 04 01 00
 (018.446529)  can0  068   [8]  05 5C 00 01 66 00 01 00
 (018.486388)  can0  067   [8]  0B 2E 0A 86 BF 00 00 00
 (018.486613)  can0  068   [8]  0B 2E 0A 86 3F 00 00 00
 (018.546486)  can0  067   [8]  00 A5 BF 87 BF 00 00 00
 (018.546621)  can0  068   [8]  00 E7 5B 87 3F 00 00 00
 (018.566547)  can0  067   [8]  05 BC 04 01 B4 04 01 00
 (018.566570)  can0  068   [8]  05 5B 00 01 4A 00 01 00
 (018.606469)  can0  067   [8]  0B 2E 0A 86 BF 00 00 00
 (018.606559)  can0  068   [8]  0B 2E 0A 86 3F 00 00 00
 (018.666542)  can0  067   [8]  00 DC BE 87 BF 00 00 00
 (018.666563)  can0  068   [8]  00 E7 5B 87 3F 00 00 00
 (018.686541)  can0  067   [8]  05 BD 04 01 BD 04 01 00
 (018.686565)  can0  068   [8]  05 65 00 01 66 00 01 00
 (018.726403)  can0  067   [8]  0B 2E 0A 86 BF 00 00 00
 (018.726672)  can0  068   [8]  0B 2E 0A 86 3F 00 00 00
 (018.786537)  can0  067   [8]  00 DC BE 87 BF 00 00 00
 (018.786558)  can0  068   [8]  00 1E 5B 87 3F 00 00 00
 (018.806535)  can0  067   [8]  05 D1 04 01 EB 04 01 00
 (018.806556)  can0  068   [8]  05 50 00 01 5D 00 01 00
 (018.846506)  can0  067   [8]  0B 2E 0A 86 BF 00 00 00
 (018.846544)  can0  068   [8]  0B 2E 0A 86 3F 00 00 00
 (018.906505)  can0  067   [8]  00 6F C0 87 BF 00 00 00
 (018.906543)  can0  068   [8]  00 1E 5B 87 3F 00 00 00
 (018.926482)  can0  067   [8]  05 C8 04 01 D0 04 01 00
 (018.926601)  can0  068   [8]  05 50 00 01 4A 00 01 00
 (018.966538)  can0  067   [8]  0B 2E 0A 86 BF 00 00 00
 (018.966559)  can0  068   [8]  0B 2E 0A 86 3F 00 00 00
 (019.026559)  can0  067   [8]  00 A5 BF 87 BF 00 00 00
 (019.026580)  can0  067   [8]  11 06 00 00 00 00 29 01
 (019.026582)  can0  068   [8]  00 1E 5B 87 3F 00 00 00
 (019.026754)  can0  068   [8]  11 06 00 00 00 00 29 01
 (019.046507)  can0  067   [8]  05 C9 04 01 BD 04 01 00
 (019.046528)  can0  067   [8]  12 80 67 00 01 01 00 00
 (019.046530)  can0  067   [8]  0C 02 A1 9B 00 00 70 08
 (019.046665)  can0  068   [8]  05 59 00 01 54 00 01 00
 (019.046708)  can0  068   [8]  12 80 67 00 01 01 00 00
 (019.047016)  can0  068   [8]  0C 02 A1 89 00 00 60 02
 (019.086466)  can0  067   [8]  0B 2E 0A 86 BF 00 00 00
 (019.086504)  can0  068   [8]  0B 2E 0A 86 3F 00 00 00
 (019.146503)  can0  067   [8]  00 A5 BF 87 BF 00 00 00
 (019.146607)  can0  068   [8]  00 E7 5B 87 3F 00 00 00
 (019.166533)  can0  067   [8]  05 BF 04 01 AB 04 01 00
 (019.166551)  can0  068   [8]  05 63 00 01 54 00 01 00
 (019.206559)  can0  067   [8]  0B 2E 0A 86 BF 00 00 00
 (019.206583)  can0  068   [8]  0B 2E 0A 86 3F 00 00 00
 (019.266463)  can0  067   [8]  00 A5 BF 87 BF 00 00 00
 (019.266596)  can0  068   [8]  00 E7 5B 87 3F 00 00 00
 (019.286543)  can0  067   [8]  05 C0 04 01 D0 04 01 00
 (019.286567)  can0  068   [8]  05 58 00 01 54 00 01 00
 (019.326316)  can0  067   [8]  0B 2E 0A 86 BF 00 00 00
 (019.326643)  can0  068   [8]  0B 2E 0A 86 3F 00 00 00
 (019.386489)  can0  067   [8]  00 6F C0 87 BF 00 00 00
 (019.386609)  can0  068   [8]  00 E7 5B 87 3F 00 00 00
 (019.406476)  can0  067   [8]  05 CB 04 01 C7 04 01 00
 (019.406624)  can0  068   [8]  05 62 00 01 66 00 01 00
 (019.446518)  can0  067   [8]  0B 2E 0A 86 BF 00 00 00
 (019.446588)  can0  068   [8]  0B 2E 0A 86 3F 00 00 00
 (019.506519)  can0  067   [8]  00 6F C0 87 BF 00 00 00
 (019.506543)  can0  068   [8]  00 1E 5B 87 3F 00 00 00
 (019.526474)  can0  067   [8]  05 C1 04 01 EC 04 01 00
 (019.526643)  can0  068   [8]  05 61 00 01 1C 00 01 00
 (019.566457)  can0  067   [8]  0B 2E 0A 86 BF 00 00 00
 (019.566568)  can0  068   [8]  0B 2E 0A 86 3F 00 00 00
 (019.626515)  can0  067   [8]  00 A5 BF 87 BF 00 00 00
 (019.626535)  can0  068   [8]  00 1E 5B 87 3F 00 00 00
 (019.646458)  can0  067   [8]  05 CC 04 01 7D 04 01 00
 (019.646585)  can0  068   [8]  05 61 00 01 53 00 01 00
 (019.686501)  can0  067   [8]  0B 2E 0A 86 BF 00 00 00
 (019.686523)  can0  068   [8]  0B 2E 0A 86 3F 00 00 00
 (019.746481)  can0  067   [8]  00 A5 BF 87 BF 00 00 00
 (019.746535)  can0  068   [8]  00 E7 5B 87 3F 00 00 00
 (019.766516)  can0  067   [8]  05 CD 04 01 98 04 01 00
 (019.766538)  can0  068   [8]  05 60 00 01 54 00 01 00
 (019.806329)  can0  067   [8]  0B 2E 0A 86 BF 00 00 00
 (019.806616)  can0  068   [8]  0B 2E 0A 86 3F 00 00 00
 (019.866558)  can0  067   [8]  00 6F C0 87 BF 00 00 00
 (019.866582)  can0  068   [8]  00 E7 5B 87 3F 00 00 00
 (019.886600)  can0  067   [8]  05 B9 04 01 D0 04 01 00
 (019.886624)  can0  068   [8]  05 56 00 01 53 00 01 00
 (019.926506)  can0  067   [8]  0B 2E 0A 86 BF 00 00 00
 (019.926528)  can0  068   [8]  0B 2E 0A 86 3F 00 00 00
 (019.986558)  can0  067   [8]  00 6F C0 87 BF 00 00 00
 (019.986582)  can0  068   [8]  00 1E 5B 87 3F 00 00 00
 (020.006484)  can0  067   [8]  05 D8 04 01 F5 04 01 00
 (020.006524)  can0  068   [8]  05 5F 00 01 54 00 01 00
 (020.026509)  can0  067   [8]  11 06 00 00 00 00 29 01
 (020.026532)  can0  068   [8]  11 06 00 00 00 00 29 01
 (020.031037)  can0  064   [8]  67 01 35 FA 8E BC 07 00
 (020.033824)  can0  064   [8]  68 01 35 FA 8E 3C 07 00
 (020.046398)  can0  067   [8]  0B A5 BF 87 BF 00 00 00
 (020.046416)  can0  067   [8]  11 06 00 00 00 00 09 01
 (020.046481)  can0  067   [8]  12 80 67 00 01 01 00 00
 (020.046654)  can0  068   [8]  0B 1E 5B 87 3F 00 00 00
 (020.046725)  can0  068   [8]  11 06 00 00 00 00 09 01
 (020.046920)  can0  068   [8]  12 80 67 00 01 01 00 00
 (020.066326)  can0  067   [8]  0C 02 A1 9B 00 00 80 08
 (020.066655)  can0  068   [8]  0C 02 A1 89 00 00 70 02
 (020.106530)  can0  067   [8]  00 FE D7 87 BF 00 00 00
 (020.106554)  can0  068   [8]  00 8A 64 87 3F 00 00 00
 (020.126405)  can0  067   [8]  05 E5 03 00 EC 03 00 00
 (020.126608)  can0  068   [8]  05 D5 04 01 D6 04 01 00
 (020.166527)  can0  067   [8]  0B 4A BD 87 BF 00 00 00
 (020.166548)  can0  068   [8]  0B 8B 59 87 3F 00 00 00
 (020.226453)  can0  067   [8]  00 C7 D8 87 BF 00 00 00
 (020.226579)  can0  068   [8]  00 C1 63 87 3F 00 00 00
 (020.246547)  can0  067   [8]  05 FD 02 00 02 03 00 00
 (020.246570)  can0  068   [8]  05 16 04 01 1E 04 01 00
 (020.286489)  can0  067   [8]  0B 27 AF 87 BF 00 00 00
 (020.286569)  can0  068   [8]  0B 68 4B 87 3F 00 00 00
 (020.346472)  can0  067   [8]  00 C7 D8 87 BF 00 00 00
 (020.346584)  can0  068   [8]  00 F8 62 87 3F 00 00 00
 (020.366465)  can0  067   [8]  05 4C 01 00 47 01 00 00
 (020.366599)  can0  068   [8]  05 5B 02 01 50 02 01 00
 (020.406449)  can0  067   [8]  0B 06 8B 87 BF 00 00 00
 (020.406590)  can0  068   [8]  0B 11 28 87 3F 00 00 00
 (020.466537)  can0  067   [8]  00 91 D9 87 BF 00 00 00
 (020.466559)  can0  068   [8]  00 F8 62 87 3F 00 00 00
 (020.486537)  can0  067   [8]  05 EA 01 01 CB 01 01 00
 (020.486559)  can0  068   [8]  05 BD 00 00 93 00 00 00
 (020.526480)  can0  067   [8]  0B E9 45 87 BF 00 00 00
 (020.526564)  can0  068   [8]  0B F3 E2 86 3F 00 00 00
 (020.586475)  can0  067   [8]  00 C7 D8 87 BF 00 00 00
 (020.586610)  can0  068   [8]  00 C1 63 87 3F 00 00 00
 (020.606459)  can0  067   [8]  05 01 07 01 F4 06 01 00
 (020.606590)  can0  068   [8]  05 D3 05 00 BC 05 00 00
 (020.646461)  can0  067   [8]  0B 62 D6 86 BF 00 00 00
 (020.646646)  can0  068   [8]  0B C7 75 86 3F 00 00 00
 (020.706453)  can0  067   [8]  00 FE D7 87 BF 00 00 00
 (020.706550)  can0  068   [8]  00 43 53 87 3F 00 00 00
 (020.726445)  can0  067   [8]  05 4F 0E 01 59 0E 01 00
 (020.726595)  can0  068   [8]  05 9E 0C 00 97 0C 00 00
 (020.766460)  can0  067   [8]  0B 73 31 86 BF 00 00 00
 (020.766597)  can0  068   [8]  0B A0 D1 85 3F 00 00 00
 (020.826432)  can0  067   [8]  00 12 C9 87 BF 00 00 00
 (020.826613)  can0  068   [8]  00 24 19 87 3F 00 00 00
 (020.846459)  can0  067   [8]  05 54 17 01 43 16 01 00
 (020.846586)  can0  068   [8]  05 AB 10 00 F8 10 00 00
 (020.886427)  can0  067   [8]  0B 1C 4C 85 BF 00 00 00
 (020.886599)  can0  068   [8]  0B A6 EE 84 3F 00 00 00
 (020.946387)  can0  067   [8]  00 29 36 86 BF 00 00 00
 (020.946613)  can0  068   [8]  00 3F 5A 85 3F 00 00 00
 (020.966325)  can0  067   [8]  05 F8 0C 01 FD 0C 01 00
 (020.966606)  can0  068   [8]  05 30 06 00 2D 06 00 00
 (021.006442)  can0  067   [8]  0B 3B 23 84 BF 00 00 00
 (021.006582)  can0  068   [8]  0B 1F C8 83 3F 00 00 00
 (021.046513)  can0  067   [8]  11 06 00 00 00 00 09 01
 (021.046534)  can0  067   [8]  12 80 67 00 01 01 00 00
 (021.046537)  can0  067   [8]  0C 02 A1 89 25 00 40 7E
 (021.046600)  can0  068   [8]  11 06 00 00 00 00 09 01
 (021.046809)  can0  068   [8]  12 80 67 00 01 01 00 00
 (021.046818)  can0  068   [8]  0C 02 A1 AD 2B 00 50 7E
 (021.066426)  can0  067   [8]  00 84 D5 84 BF 00 00 00
 (021.066553)  can0  068   [8]  00 D0 03 84 3F 00 00 00
 (021.086446)  can0  067   [8]  05 67 0E 01 71 0E 01 00
 (021.086521)  can0  068   [8]  05 AA 08 00 B8 08 00 00
 (021.126436)  can0  067   [8]  0B CE B6 82 BF 00 00 00
 (021.126593)  can0  068   [8]  0B 0E 5E 82 3F 00 00 00
 (021.186442)  can0  067   [8]  00 AB 54 83 BF 00 00 00
 (021.186590)  can0  068   [8]  00 74 A9 82 3F 00 00 00
 (021.206442)  can0  067   [8]  05 75 0F 01 CB 0E 01 00
 (021.206593)  can0  068   [8]  05 59 0B 00 08 0B 00 00
 (021.246519)  can0  067   [8]  0B D5 06 81 BF 00 00 00
 (021.246539)  can0  068   [8]  0B 70 B0 80 3F 00 00 00
 (021.306422)  can0  067   [8]  00 CC 15 82 BF 00 00 00
 (021.306557)  can0  068   [8]  00 E2 39 81 3F 00 00 00
 (021.326423)  can0  067   [8]  05 C2 14 01 D0 14 01 00
 (021.326529)  can0  068   [8]  05 31 0D 00 12 0D 00 00
 (021.366439)  can0  067   [8]  0B 11 25 7E BF 00 00 00
 (021.366492)  can0  068   [8]  0B 8E 7E 7D 3F 00 00 00
 (021.426416)  can0  067   [8]  00 9B 73 7E BF 00 00 00
 (021.426526)  can0  068   [8]  00 0C E3 7C 3F 00 00 00
 (021.446391)  can0  067   [8]  05 D7 0A 01 6E 0A 01 00
 (021.446527)  can0  068   [8]  05 64 04 00 D3 04 00 00
 (021.486430)  can0  067   [8]  0B 5F B5 79 BF 00 00 00
 (021.486548)  can0  068   [8]  0B 26 15 79 3F 00 00 00
 (021.546485)  can0  067   [8]  00 C4 79 7B BF 00 00 00
 (021.546509)  can0  068   [8]  00 C4 16 7A 3F 00 00 00
 (021.566432)  can0  067   [8]  05 19 17 01 60 17 01 00
 (021.566560)  can0  068   [8]  05 74 10 00 D4 0F 00 00
 (021.606489)  can0  067   [8]  0B 98 BE 74 BF 00 00 00
 (021.606513)  can0  068   [8]  0B A8 24 74 3F 00 00 00
 (021.666317)  can0  067   [8]  00 67 34 75 BF 00 00 00
 (021.666561)  can0  068   [8]  00 4B 81 73 3F 00 00 00
 (021.686367)  can0  067   [8]  05 A5 09 01 41 09 01 00
 (021.686522)  can0  068   [8]  05 21 03 00 01 03 00 00
 (021.726382)  can0  067   [8]  0B DE 43 6F BF 00 00 00
 (021.726528)  can0  068   [8]  0B C9 B1 6E 3F 00 00 00
 (021.786467)  can0  067   [8]  00 1B 1B 71 BF 00 00 00
 (021.786490)  can0  068   [8]  00 65 B3 6F 3F 00 00 00
 (021.806457)  can0  067   [8]  05 0E 19 01 08 19 01 00
 (021.806480)  can0  068   [8]  05 8E 11 00 CC 10 00 00
 (021.846438)  can0  067   [8]  0B 9E 4E 69 BF 00 00 00
 (021.846584)  can0  068   [8]  0B 3F C1 68 3F 00 00 00
 (021.906405)  can0  067   [8]  00 A6 01 69 BF 00 00 00
 (021.906494)  can0  068   [8]  00 64 56 67 3F 00 00 00
 (021.926382)  can0  067   [8]  05 D6 09 01 09 0A 01 00
 (021.926527)  can0  068   [8]  05 24 03 00 A2 02 00 00
 (021.966205)  can0  067   [8]  0B 65 17 63 BF 00 00 00
 (021.966518)  can0  068   [8]  0B E1 91 62 3F 00 00 00
 (022.026386)  can0  067   [8]  00 93 88 65 BF 00 00 00
 (022.026515)  can0  068   [8]  00 C7 8E 63 3F 00 00 00
 (022.046393)  can0  067   [8]  05 3A 1A 01 51 1A 01 00
 (022.046413)  can0  067   [8]  11 06 00 00 00 00 09 01
 (022.046415)  can0  067   [8]  12 80 67 00 01 01 00 00
 (022.046555)  can0  068   [8]  05 AD 10 00 D0 0F 00 00
 (022.046750)  can0  068   [8]  11 06 00 00 00 00 09 01
 (022.046759)  can0  068   [8]  12 80 67 00 01 01 00 00
 (022.066386)  can0  067   [8]  0C 02 A1 9B DF 00 00 7E
 (022.066508)  can0  068   [8]  0C 02 A1 A4 DF 00 00 7E
 (022.086366)  can0  067   [8]  0B 7E 8E 5C BF 00 00 00
 (022.086509)  can0  068   [8]  0B AF 0D 5C 3F 00 00 00
 (022.146364)  can0  067   [8]  00 49 25 5D BF 00 00 00
 (022.146511)  can0  068   [8]  00 BA AA 5B 3F 00 00 00
 (022.166337)  can0  067   [8]  05 F8 12 01 27 12 01 00
 (022.166516)  can0  068   [8]  05 20 0C 00 A2 0B 00 00
 (022.206351)  can0  067   [8]  0B E4 D4 55 BF 00 00 00
 (022.206487)  can0  068   [8]  0B 5E 5A 55 3F 00 00 00
 (022.266349)  can0  067   [8]  00 A8 C3 56 BF 00 00 00
 (022.266504)  can0  068   [8]  00 20 F1 54 3F 00 00 00
 (022.286348)  can0  067   [8]  05 22 0A 01 75 09 01 00
 (022.286502)  can0  068   [8]  05 2E 02 00 F5 01 00 00
 (022.326348)  can0  067   [8]  0B 05 FF 4E BF 00 00 00
 (022.326510)  can0  068   [8]  0B 35 89 4E 3F 00 00 00
 (022.386366)  can0  067   [8]  00 0F 62 51 BF 00 00 00
 (022.386505)  can0  068   [8]  00 43 68 4F 3F 00 00 00
 (022.406325)  can0  067   [8]  05 47 19 01 32 19 01 00
 (022.406506)  can0  068   [8]  05 E7 0E 00 0D 0E 00 00
 (022.446358)  can0  067   [8]  0B 4A 21 48 BF 00 00 00
 (022.446462)  can0  068   [8]  0B C3 B1 47 3F 00 00 00
 (022.506350)  can0  067   [8]  00 A1 FB 48 BF 00 00 00
 (022.506494)  can0  068   [8]  00 5F 5B 47 3F 00 00 00
 (022.526334)  can0  067   [8]  05 9B 12 01 90 11 01 00
 (022.526494)  can0  068   [8]  05 81 0A 00 40 09 00 00
 (022.566354)  can0  067   [8]  0B 90 43 41 BF 00 00 00
 (022.566500)  can0  068   [8]  0B BF D8 40 3F 00 00 00
 (022.626364)  can0  067   [8]  00 31 19 42 BF 00 00 00
 (022.626496)  can0  068   [8]  00 A8 51 40 3F 00 00 00
 (022.646357)  can0  067   [8]  05 F6 08 01 3D 09 01 00
 (022.646434)  can0  068   [8]  05 64 00 00 38 00 00 00
 (022.686327)  can0  067   [8]  0B D6 65 3A BF 00 00 00
 (022.686489)  can0  068   [8]  0B BB FF 39 3F 00 00 00
 (022.746349)  can0  067   [8]  00 47 09 3D BF 00 00 00
 (022.746490)  can0  068   [8]  00 36 E8 3A 3F 00 00 00
 (022.766351)  can0  067   [8]  05 10 18 01 C3 17 01 00
 (022.766461)  can0  068   [8]  05 71 0C 00 11 0C 00 00
 (022.806365)  can0  067   [8]  0B 89 86 33 BF 00 00 00
 (022.806398)  can0  068   [8]  0B B8 26 33 3F 00 00 00
 (022.866337)  can0  067   [8]  00 FA C6 34 BF 00 00 00
 (022.866480)  can0  068   [8]  00 70 15 33 3F 00 00 00
 (022.886265)  can0  067   [8]  05 ED 12 01 1D 12 01 00
 (022.886535)  can0  068   [8]  05 74 09 00 82 08 00 00
 (022.926310)  can0  067   [8]  0B CF A8 2C BF 00 00 00
 (022.926440)  can0  068   [8]  0B B3 4D 2C 3F 00 00 00
 (022.986342)  can0  067   [8]  00 BC 58 2D BF 00 00 00
 (022.986390)  can0  068   [8]  00 58 9F 2B 3F 00 00 00
 (023.006343)  can0  067   [8]  05 0A 08 01 2D 08 01 00
 (023.006377)  can0  068   [8]  05 27 01 01 5F 01 01 00
 (023.046208)  can0  067   [8]  0B 14 CB 25 BF 00 00 00
 (023.046224)  can0  067   [8]  11 06 00 00 00 00 09 01
 (023.046353)  can0  067   [8]  12 80 67 00 01 01 00 00
 (023.046469)  can0  068   [8]  0B 41 76 25 3F 00 00 00
 (023.046605)  can0  068   [8]  11 06 00 00 00 00 09 01
 (023.046741)  can0  068   [8]  12 80 67 00 01 01 00 00
 (023.066338)  can0  067   [8]  0C 02 A1 9B FF 00 00 7E
 (023.066455)  can0  068   [8]  0C 02 A1 AD FF 00 00 7E
 (023.106338)  can0  067   [8]  00 83 8F 28 BF 00 00 00
 (023.106415)  can0  068   [8]  00 E0 6C 26 3F 00 00 00
 (023.126315)  can0  067   [8]  05 44 16 01 C9 15 01 00
 (023.126446)  can0  068   [8]  05 12 0A 00 8E 09 00 00
 (023.166342)  can0  067   [8]  0B 37 DF 1E BF 00 00 00
 (023.166448)  can0  068   [8]  0B 1B 8F 1E 3F 00 00 00
 (023.226340)  can0  067   [8]  00 C4 7A 20 BF 00 00 00
 (023.226459)  can0  068   [8]  00 3A C9 1E 3F 00 00 00
 (023.246339)  can0  067   [8]  05 41 13 01 39 12 01 00
 (023.246454)  can0  068   [8]  05 7E 08 00 28 08 00 00
 (023.286373)  can0  067   [8]  0B A0 0F 18 BF 00 00 00
 (023.286397)  can0  068   [8]  0B 3A C4 17 3F 00 00 00
 (023.346331)  can0  067   [8]  00 92 93 18 BF 00 00 00
 (023.346381)  can0  068   [8]  00 9C CD 16 3F 00 00 00
 (023.366347)  can0  067   [8]  05 87 07 01 32 07 01 00
 (023.366429)  can0  068   [8]  05 14 02 01 2E 02 01 00
 (023.406313)  can0  067   [8]  0B E5 31 11 BF 00 00 00
 (023.406399)  can0  068   [8]  0B 36 EB 10 3F 00 00 00
 (023.466387)  can0  067   [8]  00 08 11 14 BF 00 00 00
 (023.466413)  can0  068   [8]  00 AF DE 11 3F 00 00 00
 (023.486411)  can0  067   [8]  05 92 14 01 A5 13 01 00
 (023.486435)  can0  068   [8]  05 A5 07 00 E6 06 00 00
 (023.526369)  can0  067   [8]  0B 2C 54 0A BF 00 00 00
 (023.526393)  can0  068   [8]  0B C4 13 0A 3F 00 00 00
 (023.586311)  can0  067   [8]  00 FB 2C 0C BF 00 00 00
 (023.586427)  can0  068   [8]  00 E2 58 0A 3F 00 00 00
 (023.606363)  can0  067   [8]  05 71 13 01 09 12 01 00
 (023.606385)  can0  068   [8]  05 65 07 00 47 07 00 00
 (023.646298)  can0  067   [8]  0B 71 76 03 BF 00 00 00
 (023.646374)  can0  068   [8]  0B C0 3A 03 3F 00 00 00
 (023.706391)  can0  067   [8]  00 1D DE 03 BF 00 00 00
 (023.706415)  can0  068   [8]  00 6F 29 02 3F 00 00 00
 (023.726358)  can0  067   [8]  05 3E 07 01 34 07 01 00
 (023.726381)  can0  068   [8]  05 31 02 01 64 02 01 00
 (023.766370)  can0  067   [8]  0B 6D 31 F9 BE 00 00 00
 (023.766393)  can0  068   [8]  0B 78 C3 F8 3E 00 00 00
 (023.826408)  can0  067   [8]  00 6A E9 FE BE 00 00 00
 (023.826430)  can0  068   [8]  00 FF A0 FA 3E 00 00 00
 (023.846320)  can0  067   [8]  05 CD 11 01 55 14 01 00
 (023.846425)  can0  068   [8]  05 73 05 00 72 04 00 00
 (023.886324)  can0  067   [8]  0B B2 59 EB BE 00 00 00
 (023.886374)  can0  068   [8]  0B 2A F5 EA 3E 00 00 00
 (023.946336)  can0  067   [8]  00 1B B8 EF BE 00 00 00
 (023.946354)  can0  068   [8]  00 CB CA EB 3E 00 00 00
 (023.966289)  can0  067   [8]  05 4F 13 01 D9 13 01 00
 (023.966425)  can0  068   [8]  05 A6 06 00 1C 06 00 00
 (024.006333)  can0  067   [8]  0B 83 BA DD BE 00 00 00
 (024.006352)  can0  068   [8]  0B 8C 62 DD 3E 00 00 00
 (024.046368)  can0  067   [8]  11 06 00 00 00 00 09 01
 (024.046386)  can0  067   [8]  12 80 67 00 01 01 00 00
 (024.046387)  can0  067   [8]  0C 02 A1 AD FF 00 00 7E
 (024.046388)  can0  068   [8]  11 06 00 00 00 00 09 01
 (024.046558)  can0  068   [8]  12 80 67 00 01 01 00 00
 (024.046694)  can0  068   [8]  0C 02 A1 9B FF 00 00 7E
 (024.066309)  can0  067   [8]  00 23 A6 DE BE 00 00 00
 (024.066327)  can0  068   [8]  00 EB 29 DB 3E 00 00 00
 (024.086270)  can0  067   [8]  05 A0 07 01 21 08 01 00
 (024.086420)  can0  068   [8]  05 30 02 01 36 02 01 00
 (024.126303)  can0  067   [8]  0B 0F FF CF BE 00 00 00
 (024.126337)  can0  068   [8]  0B 85 B0 CF 3E 00 00 00
 (024.186305)  can0  067   [8]  00 30 BA D5 BE 00 00 00
 (024.186342)  can0  068   [8]  00 5A 52 D1 3E 00 00 00
 (024.206282)  can0  067   [8]  05 BF 0D 01 24 0F 01 00
 (024.206317)  can0  068   [8]  05 A7 01 00 F8 00 00 00
 (024.246325)  can0  067   [8]  0B 9B 43 C2 BE 00 00 00
 (024.246346)  can0  068   [8]  0B 7C FE C1 3E 00 00 00
 (024.306297)  can0  067   [8]  00 3F 2C C7 BE 00 00 00
 (024.306318)  can0  068   [8]  00 F8 E6 C2 3E 00 00 00
 (024.326217)  can0  067   [8]  05 73 13 01 27 13 01 00
 (024.326356)  can0  068   [8]  05 1B 06 00 21 05 00 00
 (024.366208)  can0  067   [8]  0B 26 88 B4 BE 00 00 00
 (024.366369)  can0  068   [8]  0B 75 4C B4 3E 00 00 00
 (024.426238)  can0  067   [8]  00 99 B2 B5 BE 00 00 00
 (024.426315)  can0  068   [8]  00 F6 2C B2 3E 00 00 00
 (024.446318)  can0  067   [8]  05 40 08 01 6B 08 01 00
 (024.446342)  can0  068   [8]  05 42 02 01 6F 02 01 00
 (024.486236)  can0  067   [8]  0B B1 CC A6 BE 00 00 00
 (024.486370)  can0  068   [8]  0B 6D 9A A6 3E 00 00 00
 (024.546320)  can0  067   [8]  00 48 39 AC BE 00 00 00
 (024.546343)  can0  068   [8]  00 29 CB A7 3E 00 00 00
 (024.566231)  can0  067   [8]  05 4D 0A 01 34 0A 01 00
 (024.566376)  can0  068   [8]  05 E5 01 01 15 02 01 00
 (024.606221)  can0  067   [8]  0B 3C 11 99 BE 00 00 00
 (024.606347)  can0  068   [8]  0B 89 EB 98 3E 00 00 00
 (024.666180)  can0  067   [8]  00 B2 64 9E BE 00 00 00
 (024.666363)  can0  068   [8]  00 DB FC 99 3E 00 00 00
 (024.686158)  can0  067   [8]  05 0E 13 01 B4 12 01 00
 (024.686391)  can0  068   [8]  05 74 05 00 C7 02 00 00
 (024.726218)  can0  067   [8]  0B C8 55 8B BE 00 00 00
 (024.726364)  can0  068   [8]  0B 82 39 8B 3E 00 00 00
 (024.786196)  can0  067   [8]  00 30 EE 8C BE 00 00 00
 (024.786348)  can0  068   [8]  00 65 7B 89 3E 00 00 00
 (024.806215)  can0  067   [8]  05 EB 08 01 9F 08 01 00
 (024.806355)  can0  068   [8]  05 64 02 01 5A 03 01 00
 (024.846160)  can0  067   [8]  0B C8 4D 7B BE 00 00 00
 (024.846393)  can0  068   [8]  0B 15 28 7B 3E 00 00 00
 (024.906171)  can0  067   [8]  00 1A 9C 82 BE 00 00 00
 (024.906339)  can0  068   [8]  00 9F D9 7C 3E 00 00 00
 (024.926188)  can0  067   [8]  05 C9 06 01 C5 06 01 00
 (024.926334)  can0  068   [8]  05 19 05 01 46 05 01 00
 (024.966179)  can0  067   [8]  0B 89 54 60 BE 00 00 00
 (024.966355)  can0  068   [8]  0B AF 41 60 3E 00 00 00
 (025.026178)  can0  067   [8]  00 0B 29 6C BE 00 00 00
 (025.026328)  can0  068   [8]  00 CE 4C 63 3E 00 00 00
 (025.046203)  can0  067   [8]  05 13 12 01 68 11 01 00
 (025.046222)  can0  067   [8]  11 06 00 00 00 00 09 01
 (025.046224)  can0  067   [8]  12 80 67 00 01 01 00 00
 (025.046342)  can0  068   [8]  05 08 04 00 8F 03 00 00
 (025.046471)  can0  068   [8]  11 06 00 00 00 00 09 01
 (025.046609)  can0  068   [8]  12 80 67 00 01 01 00 00
 (025.066191)  can0  067   [8]  0C 02 A1 92 FF 00 00 7E
 (025.066326)  can0  068   [8]  0C 02 A1 A4 FF 00 00 7E
 (025.086206)  can0  067   [8]  0B C9 17 46 BE 00 00 00
 (025.086355)  can0  068   [8]  0B C9 17 46 3E 00 00 00
 (025.146187)  can0  067   [8]  00 F3 17 4A BE 00 00 00
 (025.146347)  can0  068   [8]  00 1A 00 43 3E 00 00 00
 (025.166166)  can0  067   [8]  05 22 07 01 2A 06 01 00
 (025.166325)  can0  068   [8]  05 70 04 01 32 05 01 00
 (025.206172)  can0  067   [8]  0B F2 B6 2C BE 00 00 00
 (025.206327)  can0  068   [8]  0B 3A BD 2C 3E 00 00 00
 (025.266150)  can0  067   [8]  00 29 FE 39 BE 00 00 00
 (025.266325)  can0  068   [8]  00 5F E9 30 3E 00 00 00
 (025.286183)  can0  067   [8]  05 87 09 01 26 09 01 00
 (025.286328)  can0  068   [8]  05 D6 03 01 61 04 01 00
 (025.326143)  can0  067   [8]  0B 7F 1A 15 BE 00 00 00
 (025.326274)  can0  068   [8]  0B A1 33 15 3E 00 00 00
 (025.386045)  can0  067   [8]  00 AD F3 1F BE 00 00 00
 (025.386324)  can0  068   [8]  00 2E 32 18 3E 00 00 00
 (025.406168)  can0  067   [8]  05 96 0D 01 F5 0C 01 00
 (025.406331)  can0  068   [8]  05 9F 00 00 11 01 01 00
 (025.446146)  can0  067   [8]  0B 38 07 FE BD 00 00 00
 (025.446274)  can0  068   [8]  0B 0D 46 FE 3D 00 00 00
 (025.506139)  can0  067   [8]  00 5A 23 07 BE 00 00 00
 (025.506274)  can0  068   [8]  00 F3 D4 FD 3D 00 00 00
 (025.526170)  can0  067   [8]  05 6A 01 00 60 01 00 00
 (025.526248)  can0  068   [8]  05 E8 0D 01 00 0D 01 00
 (025.566146)  can0  067   [8]  0B E3 DF D5 BD 00 00 00
 (025.566280)  can0  068   [8]  0B B9 1E D6 3D 00 00 00
 (025.626165)  can0  067   [8]  00 1E 05 F1 BD 00 00 00
 (025.626202)  can0  068   [8]  00 A0 3E E2 3D 00 00 00
 (025.646133)  can0  067   [8]  05 E3 0C 01 C5 0C 01 00
 (025.646269)  can0  068   [8]  05 5B 00 00 52 00 01 00
 (025.686133)  can0  067   [8]  0B D5 FD B1 BD 00 00 00
 (025.686260)  can0  068   [8]  0B AB 3C B2 3D 00 00 00
 (025.746023)  can0  067   [8]  00 F0 04 C6 BD 00 00 00
 (025.746274)  can0  068   [8]  00 63 FC B4 3D 00 00 00
 (025.766126)  can0  067   [8]  05 D5 00 00 90 00 00 00
 (025.766262)  can0  068   [8]  05 60 0E 01 4A 0D 01 00
 (025.806167)  can0  067   [8]  0B EE 47 92 BD 00 00 00
 (025.806295)  can0  068   [8]  0B 54 93 92 3D 00 00 00
 (025.866110)  can0  067   [8]  00 93 C6 AA BD 00 00 00
 (025.866257)  can0  068   [8]  00 58 32 9C 3D 00 00 00
 (025.886145)  can0  067   [8]  05 EB 06 01 F0 06 01 00
 (025.886225)  can0  068   [8]  05 8D 04 01 86 05 01 00
 (025.926110)  can0  067   [8]  0B 99 AE 6D BD 00 00 00
 (025.926254)  can0  068   [8]  0B 66 45 6E 3D 00 00 00
 (025.986136)  can0  067   [8]  00 59 2D 95 BD 00 00 00
 (025.986269)  can0  068   [8]  00 79 29 83 3D 00 00 00
 (026.006124)  can0  067   [8]  05 DA 06 01 FC 06 01 00
 (026.006259)  can0  068   [8]  05 65 07 01 E6 06 01 00
 (026.046144)  can0  067   [8]  0B C5 3E 3F BD 00 00 00
 (026.046165)  can0  067   [8]  11 06 00 00 00 00 09 01
 (026.046167)  can0  067   [8]  12 80 67 00 01 01 00 00
 (026.046293)  can0  068   [8]  0B 91 D5 3F 3D 00 00 00
 (026.046451)  can0  068   [8]  11 06 00 00 00 00 09 01
 (026.046460)  can0  068   [8]  12 80 67 00 01 01 00 00
 (026.066120)  can0  067   [8]  0C 02 A1 9B FB 00 00 7E
 (026.066254)  can0  068   [8]  0C 02 A1 89 FA 00 00 7E
 (026.106122)  can0  067   [8]  00 AB FE 6C BD 00 00 00
 (026.106252)  can0  068   [8]  00 51 42 49 3D 00 00 00
 (026.126116)  can0  067   [8]  05 6B 00 01 05 00 00 00
 (026.126261)  can0  068   [8]  05 91 0E 01 01 0E 01 00
 (026.166098)  can0  067   [8]  0B 7E 59 19 BD 00 00 00
 (026.166251)  can0  068   [8]  0B 28 D7 19 3D 00 00 00
 (026.226092)  can0  067   [8]  00 B3 7F 4C BD 00 00 00
 (026.226244)  can0  068   [8]  00 8A 1E 2B 3D 00 00 00
 (026.246115)  can0  067   [8]  05 F4 00 01 C0 00 01 00
 (026.246254)  can0  068   [8]  05 50 0C 01 60 0C 01 00
 (026.286106)  can0  067   [8]  0B 48 CB F7 BC 00 00 00
 (026.286253)  can0  068   [8]  0B 58 94 F8 3C 00 00 00
 (026.346109)  can0  067   [8]  00 C2 26 34 BD 00 00 00
 (026.346246)  can0  068   [8]  00 93 B7 15 3D 00 00 00
 (026.366114)  can0  067   [8]  05 06 02 01 2E 02 01 00
 (026.366248)  can0  068   [8]  05 F6 09 01 ED 09 01 00
 (026.406072)  can0  067   [8]  0B 5D FD CC BC 00 00 00
 (026.406249)  can0  068   [8]  0B E5 61 CD 3C 00 00 00
 (026.466114)  can0  067   [8]  00 B8 E8 20 BD 00 00 00
 (026.466247)  can0  068   [8]  00 9B 42 03 3D 00 00 00
 (026.486091)  can0  067   [8]  05 9A 01 01 8D 01 01 00
 (026.486248)  can0  068   [8]  05 E3 0A 01 80 09 01 00
 (026.526113)  can0  067   [8]  0B 84 89 AF BC 00 00 00
 (026.526236)  can0  068   [8]  0B 0C EE AF 3C 00 00 00
 (026.586103)  can0  067   [8]  00 10 61 12 BD 00 00 00
 (026.586243)  can0  068   [8]  00 AB 6D E0 3C 00 00 00
 (026.606074)  can0  067   [8]  05 84 00 01 8A 00 01 00
 (026.606243)  can0  068   [8]  05 31 0D 01 FE 0C 01 00
 (026.646089)  can0  067   [8]  0B 12 79 9D BC 00 00 00
 (026.646241)  can0  068   [8]  0B 9A DD 9D 3C 00 00 00
 (026.706089)  can0  067   [8]  00 81 D6 09 BD 00 00 00
 (026.706238)  can0  068   [8]  00 C2 C1 CE 3C 00 00 00
 (026.726100)  can0  067   [8]  05 37 00 01 21 00 01 00
 (026.726236)  can0  068   [8]  05 7F 0D 01 52 0D 01 00
 (026.766107)  can0  067   [8]  0B 0E DA 93 BC 00 00 00
 (026.766240)  can0  068   [8]  0B 0E DA 93 3C 00 00 00
 (026.826101)  can0  067   [8]  00 9B 42 03 BD 00 00 00
 (026.826225)  can0  068   [8]  00 8D C7 C2 3C 00 00 00
 (026.846045)  can0  067   [8]  05 71 00 00 7C 02 01 00
 (026.846203)  can0  068   [8]  05 E0 0D 01 05 0E 01 00
 (026.886103)  can0  067   [8]  0B 7A BA 8F BC 00 00 00
 (026.886184)  can0  068   [8]  0B BE EC 8F 3C 00 00 00
 (026.946058)  can0  067   [8]  00 35 F7 02 BD 00 00 00
 (026.946191)  can0  068   [8]  00 8D C7 C2 3C 00 00 00
 (026.966101)  can0  067   [8]  05 47 00 01 43 00 01 00
 (026.966182)  can0  068   [8]  05 3E 0D 01 FE 0C 01 00
 (027.006070)  can0  067   [8]  0B AE 23 8F BC 00 00 00
 (027.006151)  can0  068   [8]  0B AE 23 8F 3C 00 00 00
 (027.046101)  can0  067   [8]  11 06 00 00 00 00 29 01
 (027.046122)  can0  067   [8]  12 80 67 00 01 01 00 00
 (027.046123)  can0  067   [8]  0C 02 A1 B6 32 00 10 7E
 (027.046218)  can0  068   [8]  11 06 00 00 00 00 29 01
 (027.046356)  can0  068   [8]  12 80 67 00 01 01 00 00
 (027.046496)  can0  068   [8]  0C 02 A1 A4 32 00 10 7E
 (027.066074)  can0  067   [8]  00 35 F7 02 BD 00 00 00
 (027.066185)  can0  068   [8]  00 49 95 C2 3C 00 00 00
 (027.086068)  can0  067   [8]  05 34 0B 00 2E 0B 00 00
 (027.086222)  can0  068   [8]  05 AD 18 01 CA 18 01 00
 (027.126003)  can0  067   [8]  0B 6A F1 8E BC 00 00 00
 (027.126189)  can0  068   [8]  0B 6A F1 8E 3C 00 00 00
 (027.186069)  can0  067   [8]  00 35 F7 02 BD 00 00 00
 (027.186214)  can0  068   [8]  00 49 95 C2 3C 00 00 00
 (027.206088)  can0  067   [8]  05 33 0B 00 40 0B 00 00
 (027.206220)  can0  068   [8]  05 B7 18 01 C1 18 01 00
 (027.245998)  can0  067   [8]  0B 6A F1 8E BC 00 00 00
 (027.246171)  can0  068   [8]  0B 6A F1 8E 3C 00 00 00
 (027.306039)  can0  067   [8]  00 57 10 03 BD 00 00 00
 (027.306185)  can0  068   [8]  00 8D C7 C2 3C 00 00 00
 (027.325984)  can0  067   [8]  05 47 0B 00 40 0B 00 00
 (027.326177)  can0  068   [8]  05 A3 18 01 40 18 01 00
 (027.366006)  can0  067   [8]  0B 6A F1 8E BC 00 00 00
 (027.366159)  can0  068   [8]  0B 6A F1 8E 3C 00 00 00
 (027.426036)  can0  067   [8]  00 57 10 03 BD 00 00 00
 (027.426160)  can0  068   [8]  00 8D C7 C2 3C 00 00 00
 (027.446034)  can0  067   [8]  05 3C 0B 00 40 0B 00 00
 (027.446176)  can0  068   [8]  05 AC 18 01 AE 18 01 00
 (027.486028)  can0  067   [8]  0B 6A F1 8E BC 00 00 00
 (027.486122)  can0  068   [8]  0B 6A F1 8E 3C 00 00 00
 (027.546047)  can0  067   [8]  00 35 F7 02 BD 00 00 00
 (027.546192)  can0  068   [8]  00 49 95 C2 3C 00 00 00
 (027.566012)  can0  067   [8]  05 3B 0B 00 37 0B 00 00
 (027.566155)  can0  068   [8]  05 B6 18 01 5E 19 01 00
 (027.606038)  can0  067   [8]  0B 6A F1 8E BC 00 00 00
 (027.606138)  can0  068   [8]  0B 6A F1 8E 3C 00 00 00
 (027.666048)  can0  067   [8]  00 57 10 03 BD 00 00 00
 (027.666167)  can0  068   [8]  00 49 95 C2 3C 00 00 00
 (027.686007)  can0  067   [8]  05 44 0B 00 2E 0B 00 00
 (027.686153)  can0  068   [8]  05 C0 18 01 EF 18 01 00
 (027.726028)  can0  067   [8]  0B 6A F1 8E BC 00 00 00
 (027.726154)  can0  068   [8]  0B 6A F1 8E 3C 00 00 00
 (027.786105)  can0  067   [8]  00 35 F7 02 BD 00 00 00
 (027.786132)  can0  068   [8]  00 8D C7 C2 3C 00 00 00
 (027.806015)  can0  067   [8]  05 44 0B 00 52 0B 00 00
 (027.806147)  can0  068   [8]  05 B6 18 01 B8 18 01 00
 (027.846052)  can0  067   [8]  0B 6A F1 8E BC 00 00 00
 (027.846150)  can0  068   [8]  0B 6A F1 8E 3C 00 00 00
 (027.906029)  can0  067   [8]  00 57 10 03 BD 00 00 00
 (027.906167)  can0  068   [8]  00 8D C7 C2 3C 00 00 00
 (027.926019)  can0  067   [8]  05 39 0B 00 40 0B 00 00
 (027.926159)  can0  068   [8]  05 BF 18 01 AF 18 01 00
 (027.965983)  can0  067   [8]  0B 6A F1 8E BC 00 00 00
 (027.966143)  can0  068   [8]  0B 6A F1 8E 3C 00 00 00
 (028.026018)  can0  067   [8]  00 35 F7 02 BD 00 00 00
 (028.026156)  can0  068   [8]  00 49 95 C2 3C 00 00 00
 (028.046032)  can0  067   [8]  05 38 0B 00 40 0B 00 00
 (028.046053)  can0  067   [8]  11 06 00 00 00 00 29 01
 (028.046055)  can0  067   [8]  12 80 67 00 01 01 00 00
 (028.046170)  can0  068   [8]  05 BF 18 01 93 18 01 00
 (028.046302)  can0  068   [8]  11 06 00 00 00 00 29 01
 (028.046432)  can0  068   [8]  12 80 67 00 01 01 00 00
 (028.066032)  can0  067   [8]  0C 02 A1 B6 00 00 80 40
 (028.066108)  can0  068   [8]  0C 02 A1 A4 00 00 80 10
 (028.085944)  can0  067   [8]  0B 6A F1 8E BC 00 00 00
 (028.086187)  can0  068   [8]  0B 6A F1 8E 3C 00 00 00
 (028.145991)  can0  067   [8]  00 79 29 03 BD 00 00 00
 (028.146070)  can0  068   [8]  00 49 95 C2 3C 00 00 00
 (028.165972)  can0  067   [8]  05 1A 0B 00 2E 0B 00 00
 (028.166136)  can0  068   [8]  05 BF 18 01 14 19 01 00
 (028.205941)  can0  067   [8]  0B 6A F1 8E BC 00 00 00
 (028.206186)  can0  068   [8]  0B 6A F1 8E 3C 00 00 00
 (028.265973)  can0  067   [8]  00 79 29 03 BD 00 00 00
 (028.266149)  can0  068   [8]  00 49 95 C2 3C 00 00 00
 (028.285964)  can0  067   [8]  05 2D 0B 00 2D 0B 00 00
 (028.286146)  can0  068   [8]  05 BE 18 01 CA 18 01 00
 (028.325927)  can0  067   [8]  0B 6A F1 8E BC 00 00 00
 (028.326100)  can0  068   [8]  0B 6A F1 8E 3C 00 00 00
 (028.385953)  can0  067   [8]  00 79 29 03 BD 00 00 00
 (028.386130)  can0  068   [8]  00 49 95 C2 3C 00 00 00
 (028.405937)  can0  067   [8]  05 36 0B 00 49 0B 00 00
 (028.406100)  can0  068   [8]  05 B4 18 01 52 18 01 00
 (028.445969)  can0  067   [8]  0B 6A F1 8E BC 00 00 00
 (028.446106)  can0  068   [8]  0B 6A F1 8E 3C 00 00 00
 (028.505980)  can0  067   [8]  00 57 10 03 BD 00 00 00
 (028.506150)  can0  068   [8]  00 49 95 C2 3C 00 00 00
 (028.525978)  can0  067   [8]  05 35 0B 00 40 0B 00 00
 (028.526124)  can0  068   [8]  05 B4 18 01 B8 18 01 00
 (028.565953)  can0  067   [8]  0B 6A F1 8E BC 00 00 00
 (028.566093)  can0  068   [8]  0B 6A F1 8E 3C 00 00 00
 (028.625985)  can0  067   [8]  00 79 29 03 BD 00 00 00
 (028.626065)  can0  068   [8]  00 8D C7 C2 3C 00 00 00
 (028.645941)  can0  067   [8]  05 3F 0B 00 24 0B 00 00
 (028.646093)  can0  068   [8]  05 B3 18 01 80 18 01 00
 (028.685939)  can0  067   [8]  0B 6A F1 8E BC 00 00 00
 (028.686083)  can0  068   [8]  0B 6A F1 8E 3C 00 00 00
 (028.745963)  can0  067   [8]  00 79 29 03 BD 00 00 00
 (028.746084)  can0  068   [8]  00 49 95 C2 3C 00 00 00
 (028.765944)  can0  067   [8]  05 34 0B 00 2E 0B 00 00
 (028.766087)  can0  068   [8]  05 B3 18 01 CA 18 01 00
 (028.805957)  can0  067   [8]  0B 6A F1 8E BC 00 00 00
 (028.806086)  can0  068   [8]  0B 6A F1 8E 3C 00 00 00
 (028.865980)  can0  067   [8]  00 13 DE 02 BD 00 00 00
 (028.866018)  can0  068   [8]  00 8D C7 C2 3C 00 00 00
 (028.885949)  can0  067   [8]  05 33 0B 00 25 0B 00 00
 (028.886088)  can0  068   [8]  05 BD 18 01 A5 18 01 00
 (028.925944)  can0  067   [8]  0B 6A F1 8E BC 00 00 00
 (028.926082)  can0  068   [8]  0B 6A F1 8E 3C 00 00 00
 (028.985935)  can0  067   [8]  00 79 29 03 BD 00 00 00
 (028.986082)  can0  068   [8]  00 49 95 C2 3C 00 00 00
 (029.005928)  can0  067   [8]  05 32 0B 00 37 0B 00 00
 (029.006082)  can0  068   [8]  05 C6 18 01 D3 18 01 00
 (029.045914)  can0  067   [8]  0B 6A F1 8E BC 00 00 00
 (029.045933)  can0  067   [8]  11 06 00 00 00 00 29 01
 (029.045935)  can0  067   [8]  12 80 67 00 01 01 00 00
 (029.046084)  can0  068   [8]  0B 6A F1 8E 3C 00 00 00
 (029.046213)  can0  068   [8]  11 06 00 00 00 00 29 01
 (029.046344)  can0  068   [8]  12 80 67 00 01 01 00 00
 (029.065934)  can0  067   [8]  0C 02 A1 B6 00 00 70 40
 (029.066092)  can0  068   [8]  0C 02 A1 A4 00 00 70 10
 (029.105888)  can0  067   [8]  00 79 29 03 BD 00 00 00
 (029.106065)  can0  068   [8]  00 8D C7 C2 3C 00 00 00
 (029.125912)  can0  067   [8]  05 1E 0B 00 25 0B 00 00
 (029.126065)  can0  068   [8]  05 C6 18 01 B8 18 01 00
 (029.165911)  can0  067   [8]  0B 6A F1 8E BC 00 00 00
 (029.166069)  can0  068   [8]  0B 6A F1 8E 3C 00 00 00
 (029.225939)  can0  067   [8]  00 57 10 03 BD 00 00 00
 (029.226071)  can0  068   [8]  00 49 95 C2 3C 00 00 00
 (029.245922)  can0  067   [8]  05 31 0B 00 37 0B 00 00
 (029.246063)  can0  068   [8]  05 BC 18 01 D3 18 01 00
 (029.285913)  can0  067   [8]  0B 6A F1 8E BC 00 00 00
 (029.286058)  can0  068   [8]  0B 6A F1 8E 3C 00 00 00
 (029.345926)  can0  067   [8]  00 35 F7 02 BD 00 00 00
 (029.346069)  can0  068   [8]  00 49 95 C2 3C 00 00 00
 (029.365915)  can0  067   [8]  05 30 0B 00 37 0B 00 00
 (029.366065)  can0  068   [8]  05 B1 18 01 A5 18 01 00
 (029.405874)  can0  067   [8]  0B 6A F1 8E BC 00 00 00
 (029.406138)  can0  068   [8]  0B 6A F1 8E 3C 00 00 00
 (029.465888)  can0  067   [8]  00 57 10 03 BD 00 00 00
 (029.466070)  can0  068   [8]  00 8D C7 C2 3C 00 00 00
 (029.485857)  can0  067   [8]  05 30 0B 00 2D 0B 00 00
 (029.486109)  can0  068   [8]  05 BB 18 01 2D 18 01 00
 (029.525755)  can0  067   [8]  0B 6A F1 8E BC 00 00 00
 (029.526038)  can0  068   [8]  0B 6A F1 8E 3C 00 00 00
 (029.585886)  can0  067   [8]  00 79 29 03 BD 00 00 00
 (029.586061)  can0  068   [8]  00 49 95 C2 3C 00 00 00
 (029.605878)  can0  067   [8]  05 25 0B 00 25 0B 00 00
 (029.606023)  can0  068   [8]  05 B1 18 01 A5 18 01 00
 (029.645902)  can0  067   [8]  0B 6A F1 8E BC 00 00 00
 (029.646048)  can0  068   [8]  0B 6A F1 8E 3C 00 00 00
 (029.705910)  can0  067   [8]  00 57 10 03 BD 00 00 00
 (029.706038)  can0  068   [8]  00 8D C7 C2 3C 00 00 00
 (029.725890)  can0  067   [8]  05 42 0B 00 49 0B 00 00
 (029.726046)  can0  068   [8]  05 B0 18 01 EF 18 01 00
 (029.765913)  can0  067   [8]  0B 6A F1 8E BC 00 00 00
 (029.766045)  can0  068   [8]  0B 6A F1 8E 3C 00 00 00
 (029.825880)  can0  067   [8]  00 79 29 03 BD 00 00 00
 (029.826050)  can0  068   [8]  00 8D C7 C2 3C 00 00 00
 (029.845853)  can0  067   [8]  05 23 0B 00 1B 0B 00 00
 (029.846101)  can0  068   [8]  05 B0 18 01 F9 18 01 00
 (029.885870)  can0  067   [8]  0B 6A F1 8E BC 00 00 00
 (029.886000)  can0  068   [8]  0B 6A F1 8E 3C 00 00 00
 (029.945816)  can0  067   [8]  00 79 29 03 BD 00 00 00
 (029.946055)  can0  068   [8]  00 49 95 C2 3C 00 00 00
 (029.965751)  can0  067   [8]  05 23 0B 00 37 0B 00 00
 (029.966060)  can0  068   [8]  05 B0 18 01 CA 18 01 00
 (030.005845)  can0  067   [8]  0B 6A F1 8E BC 00 00 00
 (030.006037)  can0  068   [8]  0B 6A F1 8E 3C 00 00 00
 (030.044828)  can0  064   [8]  67 01 92 0A 86 BF 06 00
 (030.045777)  can0  067   [8]  11 06 00 00 00 00 09 01
 (030.045792)  can0  067   [8]  12 80 67 00 01 01 00 00
 (030.045909)  can0  067   [8]  0C 02 A1 B6 00 00 80 40
 (030.046020)  can0  068   [8]  11 06 00 00 00 00 29 01
 (030.046200)  can0  068   [8]  12 80 67 00 01 01 00 00
 (030.046210)  can0  068   [8]  0C 02 A1 A4 00 00 80 10
 (030.046340)  can0  064   [8]  68 01 92 0A 86 3F 06 00
 (030.065763)  can0  067   [8]  00 BD 5B 03 BD 00 00 00
 (030.066030)  can0  068   [8]  00 8D C7 C2 3C 00 00 00
 (030.066139)  can0  068   [8]  11 06 00 00 00 00 09 01
 (030.085874)  can0  067   [8]  05 B8 2B 00 82 2B 00 00
 (030.085959)  can0  068   [8]  05 59 2C 01 9D 2A 01 00
 (030.125808)  can0  067   [8]  0B 57 10 03 BD 00 00 00
 (030.126049)  can0  068   [8]  0B 49 95 C2 3C 00 00 00
 (030.185827)  can0  067   [8]  00 A8 84 05 BD 00 00 00
 (030.185939)  can0  068   [8]  00 49 95 C2 3C 00 00 00
 (030.205866)  can0  067   [8]  05 D1 2E 00 01 30 00 00
 (030.205998)  can0  068   [8]  05 E1 2F 01 D8 2F 01 00
 (030.245869)  can0  067   [8]  0B 33 70 04 BD 00 00 00
 (030.245995)  can0  068   [8]  0B 45 87 C5 3C 00 00 00
 (030.305886)  can0  067   [8]  00 FB F8 07 BD 00 00 00
 (030.305996)  can0  068   [8]  00 9D 90 C3 3C 00 00 00
 (030.325840)  can0  067   [8]  05 D8 2F 00 EE 2F 00 00
 (030.325984)  can0  068   [8]  05 BB 31 01 95 31 01 00
 (030.365883)  can0  067   [8]  0B B5 3F 09 BD 00 00 00
 (030.365925)  can0  068   [8]  0B 4A 26 CF 3C 00 00 00
 (030.425847)  can0  067   [8]  00 C6 08 0A BD 00 00 00
 (030.425998)  can0  068   [8]  00 69 27 C4 3C 00 00 00
 (030.445820)  can0  067   [8]  05 C8 32 00 27 33 00 00
 (030.445981)  can0  068   [8]  05 57 35 01 4C 35 01 00
 (030.485853)  can0  067   [8]  0B A8 8E 13 BD 00 00 00
 (030.485991)  can0  068   [8]  0B 2F C4 E3 3C 00 00 00
 (030.545815)  can0  067   [8]  00 B1 31 0C BD 00 00 00
 (030.545988)  can0  068   [8]  00 12 1E C6 3C 00 00 00
 (030.565758)  can0  067   [8]  05 7E 38 00 44 38 00 00
 (030.566003)  can0  068   [8]  05 87 3B 01 63 3B 01 00
 (030.605842)  can0  067   [8]  0B 4D 08 25 BD 00 00 00
 (030.605986)  can0  068   [8]  0B DF 74 03 3D 00 00 00
 (030.665815)  can0  067   [8]  00 A4 80 16 BD 00 00 00
 (030.665983)  can0  068   [8]  00 CE 7C D2 3C 00 00 00
 (030.685803)  can0  067   [8]  05 03 37 00 B8 37 00 00
 (030.685982)  can0  068   [8]  05 A5 38 01 2D 39 01 00
 (030.725815)  can0  067   [8]  0B F7 20 40 BD 00 00 00
 (030.725979)  can0  068   [8]  0B 89 8D 1E 3D 00 00 00
 (030.785716)  can0  067   [8]  00 BA DE 92 BD 00 00 00
 (030.786039)  can0  068   [8]  00 7C 37 80 3D 00 00 00
 (030.805799)  can0  067   [8]  05 38 13 00 68 13 00 00
 (030.805978)  can0  068   [8]  05 D4 14 01 D0 14 01 00
 (030.845793)  can0  067   [8]  0B 60 1F 66 BD 00 00 00
 (030.846024)  can0  068   [8]  0B 35 BE 44 3D 00 00 00
 (030.905770)  can0  067   [8]  00 E5 9F 92 BD 00 00 00
 (030.906005)  can0  068   [8]  00 2D D8 7F 3D 00 00 00
 (030.925799)  can0  067   [8]  05 1B 25 00 AF 25 00 00
 (030.925964)  can0  068   [8]  05 FE 26 01 7A 27 01 00
 (030.965784)  can0  067   [8]  0B 76 A7 8B BD 00 00 00
 (030.966015)  can0  068   [8]  0B 4B 52 76 3D 00 00 00
 (031.025784)  can0  067   [8]  00 B8 57 94 BD 00 00 00
 (031.025958)  can0  068   [8]  00 C0 69 80 3D 00 00 00
 (031.045818)  can0  067   [8]  05 97 3A 00 81 3A 00 00
 (031.045837)  can0  067   [8]  11 06 00 00 00 00 09 01
 (031.045839)  can0  067   [8]  12 80 67 00 01 01 00 00
 (031.045993)  can0  068   [8]  05 74 3D 01 60 3D 01 00
 (031.046000)  can0  068   [8]  12 80 67 00 01 01 00 00
 (031.046300)  can0  068   [8]  0C 02 A1 AD 3D 00 50 7E
 (031.065779)  can0  067   [8]  0C 02 A1 9B 3E 00 50 7E
 (031.065955)  can0  068   [8]  11 06 00 00 00 00 09 01
 (031.085773)  can0  067   [8]  0B 60 E4 A9 BD 00 00 00
 (031.085959)  can0  068   [8]  0B 53 98 99 3D 00 00 00
 (031.145778)  can0  067   [8]  00 D7 89 B7 BD 00 00 00
 (031.145949)  can0  068   [8]  00 52 A2 A7 3D 00 00 00
 (031.165802)  can0  067   [8]  05 34 20 00 A0 20 00 00
 (031.165955)  can0  068   [8]  05 D2 21 01 A7 21 01 00
 (031.205764)  can0  067   [8]  0B DC B9 CD BD 00 00 00
 (031.206003)  can0  068   [8]  0B A4 AC BD 3D 00 00 00
 (031.265774)  can0  067   [8]  00 C1 2F 03 BE 00 00 00
 (031.265953)  can0  068   [8]  00 D6 C4 F3 3D 00 00 00
 (031.285760)  can0  067   [8]  05 F9 19 00 5E 19 00 00
 (031.285950)  can0  068   [8]  05 57 1C 01 CF 1B 01 00
 (031.325705)  can0  067   [8]  0B 7D 34 F7 BD 00 00 00
 (031.325865)  can0  068   [8]  0B 19 66 E7 3D 00 00 00
 (031.385793)  can0  067   [8]  00 8F 18 0C BE 00 00 00
 (031.385914)  can0  068   [8]  00 C6 03 03 3E 00 00 00
 (031.405781)  can0  067   [8]  05 64 28 00 7C 24 00 00
 (031.405914)  can0  068   [8]  05 16 2B 01 07 2A 01 00
 (031.445788)  can0  067   [8]  0B 8F 1D 13 BE 00 00 00
 (031.445938)  can0  068   [8]  0B 59 62 0B 3E 00 00 00
 (031.505760)  can0  067   [8]  00 1A 65 28 BE 00 00 00
 (031.505987)  can0  068   [8]  00 82 32 20 3E 00 00 00
 (031.525749)  can0  067   [8]  05 3B 1B 00 FA 1A 00 00
 (031.525912)  can0  068   [8]  05 E0 1C 01 1D 1D 01 00
 (031.565768)  can0  067   [8]  0B 0B 28 2D BE 00 00 00
 (031.565852)  can0  068   [8]  0B 19 9F 25 3E 00 00 00
 (031.625716)  can0  067   [8]  00 C9 D8 41 BE 00 00 00
 (031.625934)  can0  068   [8]  00 30 59 38 3E 00 00 00
 (031.645784)  can0  067   [8]  05 DB 28 00 43 27 00 00
 (031.645943)  can0  068   [8]  05 1F 2D 01 7C 2C 01 00
 (031.685789)  can0  067   [8]  0B 08 3C 49 BE 00 00 00
 (031.685916)  can0  068   [8]  0B 5A E5 41 3E 00 00 00
 (031.745776)  can0  067   [8]  00 14 CC 64 BE 00 00 00
 (031.745914)  can0  068   [8]  00 BE 7E 5B 3E 00 00 00
 (031.765756)  can0  067   [8]  05 2E 1B 00 83 1B 00 00
 (031.765906)  can0  068   [8]  05 5A 1E 01 8F 1E 01 00
 (031.805745)  can0  067   [8]  0B 6B 14 67 BE 00 00 00
 (031.805938)  can0  068   [8]  0B 01 F0 5F 3E 00 00 00
 (031.865768)  can0  067   [8]  00 05 25 7D BE 00 00 00
 (031.865930)  can0  068   [8]  00 BF A0 74 3E 00 00 00
 (031.885730)  can0  067   [8]  05 7D 1E 00 37 1E 00 00
 (031.885897)  can0  068   [8]  05 FB 21 01 BB 20 01 00
 (031.925734)  can0  067   [8]  0B 3C B5 82 BE 00 00 00
 (031.925911)  can0  068   [8]  0B E2 84 7E 3E 00 00 00
 (031.985739)  can0  067   [8]  00 37 AC 8C BE 00 00 00
 (031.985900)  can0  068   [8]  00 0F 96 88 3E 00 00 00
 (032.005737)  can0  067   [8]  05 37 26 00 2F 26 00 00
 (032.005899)  can0  068   [8]  05 CE 28 01 DF 28 01 00
 (032.045729)  can0  067   [8]  0B A6 41 92 BE 00 00 00
 (032.045752)  can0  067   [8]  11 06 00 00 00 00 09 01
 (032.045754)  can0  067   [8]  12 80 67 00 01 01 00 00
 (032.045909)  can0  068   [8]  0B 6A F1 8E 3E 00 00 00
 (032.046019)  can0  068   [8]  12 80 67 00 01 01 00 00
 (032.046093)  can0  068   [8]  0C 02 A1 AD FF 00 10 7E
 (032.065598)  can0  067   [8]  0C 02 A1 89 FF 00 10 7E
 (032.065895)  can0  068   [8]  11 06 00 00 00 00 09 01
 (032.105697)  can0  067   [8]  00 23 42 9E BE 00 00 00
 (032.105923)  can0  068   [8]  00 C4 75 99 3E 00 00 00
 (032.125688)  can0  067   [8]  05 05 24 00 90 23 00 00
 (032.125948)  can0  068   [8]  05 CA 27 01 D0 27 01 00
 (032.165701)  can0  067   [8]  0B 9F DA A1 BE 00 00 00
 (032.165894)  can0  068   [8]  0B CF A9 9E 3E 00 00 00
 (032.225730)  can0  067   [8]  00 AA 76 AF BE 00 00 00
 (032.225898)  can0  068   [8]  00 41 18 AB 3E 00 00 00
 (032.245729)  can0  067   [8]  05 7A 1C 00 3A 1C 00 00
 (032.245908)  can0  068   [8]  05 EB 20 01 29 20 01 00
 (032.285705)  can0  067   [8]  0B 76 70 B1 BE 00 00 00
 (032.285889)  can0  068   [8]  0B 34 62 AE 3E 00 00 00
 (032.345723)  can0  067   [8]  00 41 AE BE BE 00 00 00
 (032.345884)  can0  068   [8]  00 6E 30 BA 3E 00 00 00
 (032.365697)  can0  067   [8]  05 B6 18 00 78 18 00 00
 (032.365884)  can0  068   [8]  05 C0 1D 01 59 1D 01 00
 (032.405714)  can0  067   [8]  0B 71 09 C1 BE 00 00 00
 (032.405881)  can0  068   [8]  0B 9A 1A BE 3E 00 00 00
 (032.465743)  can0  067   [8]  00 47 13 CB BE 00 00 00
 (032.465899)  can0  068   [8]  00 D7 F6 C6 3E 00 00 00
 (032.485735)  can0  067   [8]  05 91 20 00 B0 1F 00 00
 (032.485917)  can0  068   [8]  05 AB 24 01 50 23 01 00
 (032.525697)  can0  067   [8]  0B 6C A2 D0 BE 00 00 00
 (032.525879)  can0  068   [8]  0B FE D2 CD 3E 00 00 00
 (032.585716)  can0  067   [8]  00 D7 EF DB BE 00 00 00
 (032.585840)  can0  068   [8]  00 B2 C3 D7 3E 00 00 00
 (032.605703)  can0  067   [8]  05 90 23 00 F8 22 00 00
 (032.605882)  can0  068   [8]  05 F4 26 01 16 26 01 00
 (032.645713)  can0  067   [8]  0B 42 38 E0 BE 00 00 00
 (032.645868)  can0  068   [8]  0B 63 8B DD 3E 00 00 00
 (032.705693)  can0  067   [8]  00 C4 6F ED BE 00 00 00
 (032.705872)  can0  068   [8]  00 A1 2D E9 3E 00 00 00
 (032.725680)  can0  067   [8]  05 24 1D 00 9F 1C 00 00
 (032.725814)  can0  068   [8]  05 9E 23 01 A7 23 01 00
 (032.765701)  can0  067   [8]  0B 3D D1 EF BE 00 00 00
 (032.765788)  can0  068   [8]  0B C9 43 ED 3E 00 00 00
 (032.825711)  can0  067   [8]  00 5E F4 FD BE 00 00 00
 (032.825876)  can0  068   [8]  00 61 9F F9 3E 00 00 00
 (032.845700)  can0  067   [8]  05 47 17 00 EA 16 00 00
 (032.845833)  can0  068   [8]  05 89 1C 01 DD 1D 01 00
 (032.885686)  can0  067   [8]  0B 38 6A FF BE 00 00 00
 (032.885820)  can0  068   [8]  0B 2E FC FC 3E 00 00 00
 (032.945704)  can0  067   [8]  00 5E 94 05 BF 00 00 00
 (032.945832)  can0  068   [8]  00 B4 B3 03 3F 00 00 00
 (032.965676)  can0  067   [8]  05 F1 16 00 DF 16 00 00
 (032.965827)  can0  068   [8]  05 F4 1C 01 C1 1C 01 00
 (033.005659)  can0  067   [8]  0B 07 80 07 BF 00 00 00
 (033.005822)  can0  068   [8]  0B 4A 5A 06 3F 00 00 00
 (033.045684)  can0  067   [8]  11 06 00 00 00 00 09 01
 (033.045701)  can0  067   [8]  12 80 67 00 01 01 00 00
 (033.045703)  can0  067   [8]  0C 02 A1 A4 FF 00 00 7E
 (033.045861)  can0  068   [8]  12 80 67 00 01 01 00 00
 (033.045885)  can0  068   [8]  0C 02 A1 92 FF 00 00 7E
 (033.065650)  can0  067   [8]  00 57 DB 0C BF 00 00 00
 (033.065806)  can0  068   [8]  00 D3 E7 0A 3F 00 00 00
 (033.065946)  can0  068   [8]  11 06 00 00 00 00 09 01
 (033.085677)  can0  067   [8]  05 E5 20 00 EB 1F 00 00
 (033.085810)  can0  068   [8]  05 46 26 01 9C 25 01 00
 (033.125645)  can0  067   [8]  0B CC 5D 0F BF 00 00 00
 (033.125889)  can0  068   [8]  0B 32 46 0E 3F 00 00 00
 (033.185633)  can0  067   [8]  00 E0 91 15 BF 00 00 00
 (033.185824)  can0  068   [8]  00 63 67 13 3F 00 00 00
 (033.205673)  can0  067   [8]  05 AA 1D 00 4C 1D 00 00
 (033.205823)  can0  068   [8]  05 A5 23 01 82 23 01 00
 (033.245584)  can0  067   [8]  0B 02 19 17 BF 00 00 00
 (033.245897)  can0  068   [8]  0B 1E 11 16 3F 00 00 00
 (033.305507)  can0  067   [8]  00 25 2C 1E BF 00 00 00
 (033.305813)  can0  068   [8]  00 7D 35 1C 3F 00 00 00
 (033.325646)  can0  067   [8]  05 D9 16 00 65 16 00 00
 (033.325812)  can0  068   [8]  05 6C 1D 01 FE 1C 01 00
 (033.365664)  can0  067   [8]  0B 80 E5 1E BF 00 00 00
 (033.365807)  can0  068   [8]  0B 4F ED 1D 3F 00 00 00
 (033.425570)  can0  067   [8]  00 83 BE 25 BF 00 00 00
 (033.425862)  can0  068   [8]  00 DF A6 23 3F 00 00 00
 (033.445662)  can0  067   [8]  05 87 12 00 58 12 00 00
 (033.445801)  can0  068   [8]  05 A9 19 01 B9 19 01 00
 (033.485656)  can0  067   [8]  0B 6B B0 26 BF 00 00 00
 (033.485788)  can0  068   [8]  0B 82 C9 25 3F 00 00 00
 (033.545654)  can0  067   [8]  00 05 FC 2B BF 00 00 00
 (033.545793)  can0  068   [8]  00 A2 2C 2A 3F 00 00 00
 (033.565647)  can0  067   [8]  05 DF 18 00 83 18 00 00
 (033.565788)  can0  068   [8]  05 A6 1F 01 97 1F 01 00
 (033.605632)  can0  067   [8]  0B E9 7C 2E BF 00 00 00
 (033.605753)  can0  068   [8]  0B B5 A5 2D 3F 00 00 00
 (033.665629)  can0  067   [8]  00 76 41 34 BF 00 00 00
 (033.665792)  can0  068   [8]  00 A8 5D 32 3F 00 00 00
 (033.685603)  can0  067   [8]  05 B2 1C 00 50 21 00 00
 (033.685840)  can0  068   [8]  05 B7 23 01 F1 22 01 00
 (033.725582)  can0  067   [8]  0B 66 49 36 BF 00 00 00
 (033.725821)  can0  068   [8]  0B E7 81 35 3F 00 00 00
 (033.785635)  can0  067   [8]  00 48 FE 3C BF 00 00 00
 (033.785796)  can0  068   [8]  00 54 2D 3B 3F 00 00 00
 (033.805624)  can0  067   [8]  05 3A 17 00 AD 16 00 00
 (033.805787)  can0  068   [8]  05 6E 1F 01 66 1E 01 00
 (033.845620)  can0  067   [8]  0B 51 14 3E BF 00 00 00
 (033.845792)  can0  068   [8]  0B 1A 5E 3D 3F 00 00 00
 (033.905481)  can0  067   [8]  00 93 56 45 BF 00 00 00
 (033.905776)  can0  068   [8]  00 C5 72 43 3F 00 00 00
 (033.925475)  can0  067   [8]  05 C9 10 00 BA 10 00 00
 (033.925798)  can0  068   [8]  05 A5 17 01 4C 17 01 00
 (033.965620)  can0  067   [8]  0B CE E0 45 BF 00 00 00
 (033.965805)  can0  068   [8]  0B 4D 3A 45 3F 00 00 00
 (034.025616)  can0  067   [8]  00 7D C9 4B BF 00 00 00
 (034.025782)  can0  068   [8]  00 F4 0C 4A 3F 00 00 00
 (034.045651)  can0  067   [8]  05 9E 10 00 41 10 00 00
 (034.045674)  can0  067   [8]  11 06 00 00 00 00 09 01
 (034.045676)  can0  067   [8]  12 80 67 00 01 01 00 00
 (034.045787)  can0  068   [8]  05 DE 18 01 F7 18 01 00
 (034.045897)  can0  068   [8]  12 80 67 00 01 01 00 00
 (034.046042)  can0  068   [8]  0C 02 A1 B6 FF 00 00 7E
 (034.065612)  can0  067   [8]  0C 02 A1 A4 FF 00 00 7E
 (034.065797)  can0  068   [8]  11 06 00 00 00 00 09 01
 (034.085603)  can0  067   [8]  0B B9 AB 4D BF 00 00 00
 (034.085871)  can0  068   [8]  0B 7F 16 4D 3F 00 00 00
 (034.145596)  can0  067   [8]  00 E3 19 53 BF 00 00 00
 (034.145765)  can0  068   [8]  00 C6 5B 51 3F 00 00 00
 (034.165569)  can0  067   [8]  05 B5 1A 00 43 1A 00 00
 (034.165816)  can0  068   [8]  05 90 21 01 AA 20 01 00
 (034.205546)  can0  067   [8]  0B A5 6B 55 BF 00 00 00
 (034.205791)  can0  068   [8]  0B 21 E6 54 3F 00 00 00
 (034.265581)  can0  067   [8]  00 4E 96 5B BF 00 00 00
 (034.265769)  can0  068   [8]  00 79 E9 59 3F 00 00 00
 (034.285579)  can0  067   [8]  05 98 15 00 D4 14 00 00
 (034.285801)  can0  068   [8]  05 AD 1D 01 22 1D 01 00
 (034.325602)  can0  067   [8]  0B 29 01 5D BF 00 00 00
 (034.325775)  can0  068   [8]  0B 59 8B 5C 3F 00 00 00
 (034.385561)  can0  067   [8]  00 75 E0 63 BF 00 00 00
 (034.385795)  can0  068   [8]  00 32 40 62 3F 00 00 00
 (034.405575)  can0  067   [8]  05 18 0E 00 4A 0D 00 00
 (034.405806)  can0  068   [8]  05 43 15 01 FD 14 01 00
 (034.445568)  can0  067   [8]  0B B4 49 64 BF 00 00 00
 (034.445812)  can0  068   [8]  0B 2C E5 63 3F 00 00 00
 (034.505556)  can0  067   [8]  00 9D 59 69 BF 00 00 00
 (034.505806)  can0  068   [8]  00 A0 D5 67 3F 00 00 00
 (034.525582)  can0  067   [8]  05 54 0E 00 11 0E 00 00
 (034.525760)  can0  068   [8]  05 EC 15 01 A2 15 01 00
 (034.565544)  can0  067   [8]  0B 6E 27 6B BF 00 00 00
 (034.565802)  can0  068   [8]  0B 09 D1 6A 3F 00 00 00
 (034.625441)  can0  067   [8]  00 16 EF 6F BF 00 00 00
 (034.625831)  can0  068   [8]  00 5D 9D 6E 3F 00 00 00
 (034.645574)  can0  067   [8]  05 83 15 00 65 15 00 00
 (034.645754)  can0  068   [8]  05 62 1C 01 B2 1B 01 00
 (034.685541)  can0  067   [8]  0B 5B 79 71 BF 00 00 00
 (034.685802)  can0  068   [8]  0B 19 31 71 3F 00 00 00
 (034.745498)  can0  067   [8]  00 04 99 77 BF 00 00 00
 (034.745758)  can0  068   [8]  00 6E 60 76 3F 00 00 00
 (034.765536)  can0  067   [8]  05 3D 0B 00 0E 0B 00 00
 (034.765804)  can0  068   [8]  05 DF 0F 01 C9 0F 01 00
 (034.805516)  can0  067   [8]  0B 11 20 77 BF 00 00 00
 (034.805782)  can0  068   [8]  0B 84 E7 76 3F 00 00 00
 (034.865537)  can0  067   [8]  00 85 10 7B BF 00 00 00
 (034.865786)  can0  068   [8]  00 A6 C6 79 3F 00 00 00
 (034.885463)  can0  067   [8]  05 84 12 00 C3 11 00 00
 (034.885823)  can0  068   [8]  05 19 19 01 F4 17 01 00
 (034.925521)  can0  067   [8]  0B B4 13 7C BF 00 00 00
 (034.925794)  can0  068   [8]  0B B8 E7 7B 3F 00 00 00
 (034.985523)  can0  067   [8]  00 85 96 80 BF 00 00 00
 (034.985790)  can0  068   [8]  00 EA 35 80 3F 00 00 00
 (035.005531)  can0  067   [8]  05 3C 0C 00 DB 0B 00 00
 (035.005795)  can0  068   [8]  05 50 0F 01 DE 0E 01 00
 (035.045556)  can0  067   [8]  0B 22 2A 80 BF 00 00 00
 (035.045575)  can0  067   [8]  11 06 00 00 00 00 09 01
 (035.045576)  can0  067   [8]  12 80 67 00 01 01 00 00
 (035.045742)  can0  068   [8]  0B DB 18 80 3F 00 00 00
 (035.045766)  can0  068   [8]  12 80 67 00 01 01 00 00
 (035.046060)  can0  068   [8]  0C 02 A1 B6 FF 00 00 7E
 (035.065531)  can0  067   [8]  0C 02 A1 A4 FF 00 00 7E
 (035.065772)  can0  068   [8]  11 06 00 00 00 00 09 01
 (035.105542)  can0  067   [8]  00 3B 09 82 BF 00 00 00
 (035.105794)  can0  068   [8]  00 4A 6F 81 3F 00 00 00
 (035.125553)  can0  067   [8]  05 F8 0E 00 60 0E 00 00
 (035.125794)  can0  068   [8]  05 58 15 01 B2 14 01 00
 (035.165564)  can0  067   [8]  0B 05 F4 81 BF 00 00 00
 (035.165732)  can0  068   [8]  0B 74 E7 81 3F 00 00 00
 (035.225539)  can0  067   [8]  00 91 51 84 BF 00 00 00
 (035.225785)  can0  068   [8]  00 E3 FF 83 3F 00 00 00
 (035.245483)  can0  067   [8]  05 C5 06 00 A7 06 00 00
 (035.245739)  can0  068   [8]  05 91 09 01 70 09 01 00
 (035.285522)  can0  067   [8]  0B 4F 5D 83 BF 00 00 00
 (035.285782)  can0  068   [8]  0B AB 54 83 3F 00 00 00
 (035.345462)  can0  067   [8]  00 0A 45 85 BF 00 00 00
 (035.345830)  can0  068   [8]  00 86 BF 84 3F 00 00 00
 (035.365540)  can0  067   [8]  05 FF 07 00 DD 07 00 00
 (035.365795)  can0  068   [8]  05 21 0F 01 DA 0E 01 00
 (035.405512)  can0  067   [8]  0B 33 70 84 BF 00 00 00
 (035.405782)  can0  068   [8]  0B B3 6A 84 3F 00 00 00
 (035.465425)  can0  067   [8]  00 E0 3A 86 BF 00 00 00
 (035.465732)  can0  068   [8]  00 57 D6 85 3F 00 00 00
 (035.485534)  can0  067   [8]  05 E4 08 00 4A 08 00 00
 (035.485790)  can0  068   [8]  05 E7 0D 01 9F 0D 01 00
 (035.525492)  can0  067   [8]  0B 44 2E 85 BF 00 00 00
 (035.525763)  can0  068   [8]  0B 56 2A 85 3F 00 00 00
 (035.585521)  can0  067   [8]  00 3C E9 86 BF 00 00 00
 (035.585780)  can0  068   [8]  00 C4 96 86 3F 00 00 00
 (035.605503)  can0  067   [8]  05 28 08 00 F1 07 00 00
 (035.605656)  can0  068   [8]  05 8C 0B 01 51 0B 01 00
 (035.645496)  can0  067   [8]  0B A5 A5 85 BF 00 00 00
 (035.645738)  can0  068   [8]  0B 13 A4 85 3F 00 00 00
 (035.705462)  can0  067   [8]  00 8D 4E 87 BF 00 00 00
 (035.705749)  can0  068   [8]  00 7E 26 87 3F 00 00 00
 (035.725478)  can0  067   [8]  05 0B 08 00 1A 08 00 00
 (035.725738)  can0  068   [8]  05 14 0A 01 1A 0A 01 00
 (035.765513)  can0  067   [8]  0B 9E E7 85 BF 00 00 00
 (035.765772)  can0  068   [8]  0B D5 E6 85 3F 00 00 00
 (035.825524)  can0  067   [8]  00 E1 92 87 BF 00 00 00
 (035.825781)  can0  068   [8]  00 FA 4C 87 3F 00 00 00
 (035.845431)  can0  067   [8]  05 BA 07 00 AC 07 00 00
 (035.845670)  can0  068   [8]  05 48 0B 01 67 0B 01 00
 (035.885433)  can0  067   [8]  0B 1C 03 86 BF 00 00 00
 (035.885677)  can0  068   [8]  0B 1C 03 86 3F 00 00 00
 (035.945465)  can0  067   [8]  00 4E 9C 87 BF 00 00 00
 (035.945730)  can0  068   [8]  00 C3 4D 87 3F 00 00 00
 (035.965474)  can0  067   [8]  05 26 08 00 1A 08 00 00
 (035.965712)  can0  068   [8]  05 58 0C 01 0E 0C 01 00
 (036.005504)  can0  067   [8]  0B 65 09 86 BF 00 00 00
 (036.005769)  can0  068   [8]  0B 65 09 86 3F 00 00 00
 (036.045454)  can0  067   [8]  11 06 00 00 00 00 09 01
 (036.045473)  can0  067   [8]  12 80 67 00 01 01 00 00
 (036.045475)  can0  067   [8]  0C 02 A1 B6 55 00 10 7E
 (036.045644)  can0  068   [8]  12 80 67 00 01 01 00 00
 (036.045791)  can0  068   [8]  0C 02 A1 89 57 00 10 7E
 (036.065452)  can0  067   [8]  00 CD A1 87 BF 00 00 00
 (036.065471)  can0  067   [8]  11 06 00 00 00 00 29 01
 (036.065715)  can0  068   [8]  00 B0 5C 87 3F 00 00 00
 (036.065723)  can0  068   [8]  11 06 00 00 00 00 29 01
 (036.085496)  can0  067   [8]  05 EF 00 01 11 00 00 00
 (036.085625)  can0  068   [8]  05 D4 02 01 09 03 01 00
 (036.125435)  can0  067   [8]  0B 2E 0A 86 BF 00 00 00
 (036.125620)  can0  068   [8]  0B 2E 0A 86 3F 00 00 00
 (036.185385)  can0  067   [8]  00 5F A3 87 BF 00 00 00
 (036.185632)  can0  068   [8]  00 0B 5F 87 3F 00 00 00
 (036.205396)  can0  067   [8]  05 48 03 01 2F 03 01 00
 (036.205631)  can0  068   [8]  05 49 00 01 5D 00 01 00
 (036.245421)  can0  067   [8]  0B 2E 0A 86 BF 00 00 00
 (036.245667)  can0  068   [8]  0B 2E 0A 86 3F 00 00 00
 (036.305434)  can0  067   [8]  00 5F A3 87 BF 00 00 00
 (036.305671)  can0  068   [8]  00 79 5D 87 3F 00 00 00
 (036.325420)  can0  067   [8]  05 3F 03 01 2F 03 01 00
 (036.325655)  can0  068   [8]  05 49 00 01 41 00 01 00
 (036.365433)  can0  067   [8]  0B 2E 0A 86 BF 00 00 00
 (036.365623)  can0  068   [8]  0B 2E 0A 86 3F 00 00 00
 (036.425429)  can0  067   [8]  00 28 A4 87 BF 00 00 00
 (036.425658)  can0  068   [8]  00 79 5D 87 3F 00 00 00
 (036.445458)  can0  067   [8]  05 49 03 01 5D 03 01 00
 (036.445711)  can0  068   [8]  05 53 00 01 53 00 01 00
 (036.485455)  can0  067   [8]  0B 2E 0A 86 BF 00 00 00
 (036.485728)  can0  068   [8]  0B 2E 0A 86 3F 00 00 00
 (036.545436)  can0  067   [8]  00 28 A4 87 BF 00 00 00
 (036.545614)  can0  068   [8]  00 42 5E 87 3F 00 00 00
 (036.565424)  can0  067   [8]  05 54 03 01 5D 03 01 00
 (036.565619)  can0  068   [8]  05 5D 00 01 5D 00 01 00
 (036.605440)  can0  067   [8]  0B 2E 0A 86 BF 00 00 00
 (036.605627)  can0  068   [8]  0B 2E 0A 86 3F 00 00 00
 (036.665444)  can0  067   [8]  00 28 A4 87 BF 00 00 00
 (036.665628)  can0  068   [8]  00 79 5D 87 3F 00 00 00
 (036.685455)  can0  067   [8]  05 4A 03 01 4B 03 01 00
 (036.685610)  can0  068   [8]  05 52 00 01 41 00 01 00
 (036.725423)  can0  067   [8]  0B 2E 0A 86 BF 00 00 00
 (036.725610)  can0  068   [8]  0B 2E 0A 86 3F 00 00 00
 (036.785455)  can0  067   [8]  00 28 A4 87 BF 00 00 00
 (036.785610)  can0  068   [8]  00 B0 5C 87 3F 00 00 00
 (036.805420)  can0  067   [8]  05 4B 03 01 44 04 01 00
 (036.805656)  can0  068   [8]  05 5B 00 01 53 00 01 00
 (036.845426)  can0  067   [8]  0B 2E 0A 86 BF 00 00 00
 (036.845667)  can0  068   [8]  0B 2E 0A 86 3F 00 00 00
 (036.905390)  can0  067   [8]  00 5F A3 87 BF 00 00 00
 (036.905629)  can0  068   [8]  00 79 5D 87 3F 00 00 00
 (036.925428)  can0  067   [8]  05 4C 03 01 54 03 01 00
 (036.925593)  can0  068   [8]  05 5B 00 01 4A 00 01 00
 (036.965420)  can0  067   [8]  0B 2E 0A 86 BF 00 00 00
 (036.965593)  can0  068   [8]  0B 2E 0A 86 3F 00 00 00
 (037.025439)  can0  067   [8]  00 28 A4 87 BF 00 00 00
 (037.025594)  can0  068   [8]  00 79 5D 87 3F 00 00 00
 (037.045436)  can0  067   [8]  05 4C 03 01 54 03 01 00
 (037.045459)  can0  067   [8]  12 80 67 00 01 01 00 00
 (037.045461)  can0  067   [8]  0C 02 A1 B6 00 00 70 40
 (037.045613)  can0  068   [8]  05 45 00 01 2F 00 01 00
 (037.045725)  can0  068   [8]  12 80 67 00 01 01 00 00
 (037.045805)  can0  068   [8]  0C 02 A1 89 00 00 70 02
 (037.065418)  can0  067   [8]  11 06 00 00 00 00 29 01
 (037.065587)  can0  068   [8]  11 06 00 00 00 00 29 01
 (037.085405)  can0  067   [8]  0B 2E 0A 86 BF 00 00 00
 (037.085596)  can0  068   [8]  0B 2E 0A 86 3F 00 00 00
 (037.145416)  can0  067   [8]  00 28 A4 87 BF 00 00 00
 (037.145636)  can0  068   [8]  00 B0 5C 87 3F 00 00 00
 (037.165314)  can0  067   [8]  05 62 03 01 5D 03 01 00
 (037.165580)  can0  068   [8]  05 50 00 01 4A 00 01 00
 (037.205342)  can0  067   [8]  0B 2E 0A 86 BF 00 00 00
 (037.205614)  can0  068   [8]  0B 2E 0A 86 3F 00 00 00
 (037.265257)  can0  067   [8]  00 5F A3 87 BF 00 00 00
 (037.265696)  can0  068   [8]  00 79 5D 87 3F 00 00 00
 (037.285343)  can0  067   [8]  05 58 03 01 2F 03 01 00
 (037.285594)  can0  068   [8]  05 59 00 01 5D 00 01 00
 (037.325310)  can0  067   [8]  0B 2E 0A 86 BF 00 00 00
 (037.325617)  can0  068   [8]  0B 2E 0A 86 3F 00 00 00
 (037.385369)  can0  067   [8]  00 28 A4 87 BF 00 00 00
 (037.385618)  can0  068   [8]  00 B0 5C 87 3F 00 00 00
 (037.405347)  can0  067   [8]  05 4E 03 01 41 03 01 00
 (037.405596)  can0  068   [8]  05 59 00 01 66 00 01 00
 (037.445332)  can0  067   [8]  0B 2E 0A 86 BF 00 00 00
 (037.445577)  can0  068   [8]  0B 2E 0A 86 3F 00 00 00
 (037.505340)  can0  067   [8]  00 5F A3 87 BF 00 00 00
 (037.505584)  can0  068   [8]  00 B0 5C 87 3F 00 00 00
 (037.525370)  can0  067   [8]  05 45 03 01 38 03 01 00
 (037.525550)  can0  068   [8]  05 62 00 01 6F 00 01 00
 (037.565350)  can0  067   [8]  0B 2E 0A 86 BF 00 00 00
 (037.565610)  can0  068   [8]  0B 2E 0A 86 3F 00 00 00
 (037.625350)  can0  067   [8]  00 28 A4 87 BF 00 00 00
 (037.625646)  can0  068   [8]  00 79 5D 87 3F 00 00 00
 (037.645361)  can0  067   [8]  05 45 03 01 2F 03 01 00
 (037.645552)  can0  068   [8]  05 58 00 01 54 00 01 00
 (037.685352)  can0  067   [8]  0B 2E 0A 86 BF 00 00 00
 (037.685525)  can0  068   [8]  0B 2E 0A 86 3F 00 00 00
 (037.745403)  can0  067   [8]  00 96 A2 87 BF 00 00 00
 (037.745587)  can0  068   [8]  00 B0 5C 87 3F 00 00 00
 (037.765332)  can0  067   [8]  05 5A 03 01 5D 03 01 00
 (037.765595)  can0  068   [8]  05 61 00 01 5D 00 01 00
 (037.805337)  can0  067   [8]  0B 2E 0A 86 BF 00 00 00
 (037.805587)  can0  068   [8]  0B 2E 0A 86 3F 00 00 00
 (037.865359)  can0  067   [8]  00 F1 A4 87 BF 00 00 00
 (037.865539)  can0  068   [8]  00 E7 5B 87 3F 00 00 00
 (037.885291)  can0  067   [8]  05 47 03 01 41 03 01 00
 (037.885555)  can0  068   [8]  05 4D 00 01 4A 00 01 00
 (037.925329)  can0  067   [8]  0B 2E 0A 86 BF 00 00 00
 (037.925516)  can0  068   [8]  0B 2E 0A 86 3F 00 00 00
 (037.985326)  can0  067   [8]  00 5F A3 87 BF 00 00 00
 (037.985514)  can0  068   [8]  00 B0 5C 87 3F 00 00 00
 (038.005329)  can0  067   [8]  05 5B 03 01 2F 03 01 00
 (038.005520)  can0  068   [8]  05 60 00 01 94 00 01 00
 (038.045348)  can0  067   [8]  0B 2E 0A 86 BF 00 00 00
 (038.045369)  can0  067   [8]  12 80 67 00 01 01 00 00
 (038.045371)  can0  067   [8]  0C 02 A1 B6 00 00 70 40
 (038.045515)  can0  068   [8]  0B 2E 0A 86 3F 00 00 00
 (038.045652)  can0  068   [8]  12 80 67 00 01 01 00 00
 (038.045780)  can0  068   [8]  0C 02 A1 89 00 00 60 02
 (038.065315)  can0  067   [8]  11 06 00 00 00 00 29 01
 (038.065562)  can0  068   [8]  11 06 00 00 00 00 29 01
 (038.105303)  can0  067   [8]  00 5F A3 87 BF 00 00 00
 (038.105551)  can0  068   [8]  00 B0 5C 87 3F 00 00 00
 (038.125297)  can0  067   [8]  05 48 03 01 38 03 01 00
 (038.125539)  can0  068   [8]  05 56 00 01 D5 00 01 00
 (038.165342)  can0  067   [8]  0B 2E 0A 86 BF 00 00 00
 (038.165522)  can0  068   [8]  0B 2E 0A 86 3F 00 00 00
 (038.225337)  can0  067   [8]  00 28 A4 87 BF 00 00 00
 (038.225513)  can0  068   [8]  00 E7 5B 87 3F 00 00 00
 (038.245315)  can0  067   [8]  05 53 03 01 5D 03 01 00
 (038.245544)  can0  068   [8]  05 55 00 01 5D 00 01 00
 (038.285307)  can0  067   [8]  0B 2E 0A 86 BF 00 00 00
 (038.285544)  can0  068   [8]  0B 2E 0A 86 3F 00 00 00
 (038.345313)  can0  067   [8]  00 28 A4 87 BF 00 00 00
 (038.345475)  can0  068   [8]  00 B0 5C 87 3F 00 00 00
 (038.365315)  can0  067   [8]  05 53 03 01 54 03 01 00
 (038.365507)  can0  068   [8]  05 55 00 01 5D 00 01 00
 (038.405298)  can0  067   [8]  0B 2E 0A 86 BF 00 00 00
 (038.405553)  can0  068   [8]  0B 2E 0A 86 3F 00 00 00
 (038.465313)  can0  067   [8]  00 28 A4 87 BF 00 00 00
 (038.465562)  can0  068   [8]  00 B0 5C 87 3F 00 00 00
 (038.485326)  can0  067   [8]  05 54 03 01 41 03 01 00
 (038.485508)  can0  068   [8]  05 5E 00 01 79 00 01 00
 (038.525280)  can0  067   [8]  0B 2E 0A 86 BF 00 00 00
 (038.525528)  can0  068   [8]  0B 2E 0A 86 3F 00 00 00
 (038.585289)  can0  067   [8]  00 5F A3 87 BF 00 00 00
 (038.585570)  can0  068   [8]  00 B0 5C 87 3F 00 00 00
 (038.605268)  can0  067   [8]  05 54 03 01 38 03 01 00
 (038.605525)  can0  068   [8]  05 5E 00 01 41 00 01 00
 (038.645290)  can0  067   [8]  0B 2E 0A 86 BF 00 00 00
 (038.645535)  can0  068   [8]  0B 2E 0A 86 3F 00 00 00
 (038.705283)  can0  067   [8]  00 28 A4 87 BF 00 00 00
 (038.705545)  can0  068   [8]  00 B0 5C 87 3F 00 00 00
 (038.725278)  can0  067   [8]  05 4B 03 01 38 03 01 00
 (038.725561)  can0  068   [8]  05 53 00 01 A7 00 01 00
 (038.765243)  can0  067   [8]  0B 2E 0A 86 BF 00 00 00
 (038.765516)  can0  068   [8]  0B 2E 0A 86 3F 00 00 00
 (038.825281)  can0  067   [8]  00 28 A4 87 BF 00 00 00
 (038.825527)  can0  068   [8]  00 E7 5B 87 3F 00 00 00
 (038.845260)  can0  067   [8]  05 60 03 01 66 03 01 00
 (038.845507)  can0  068   [8]  05 67 00 01 54 00 01 00
 (038.885264)  can0  067   [8]  0B 2E 0A 86 BF 00 00 00
 (038.885502)  can0  068   [8]  0B 2E 0A 86 3F 00 00 00
 (038.945294)  can0  067   [8]  00 F1 A4 87 BF 00 00 00
 (038.945459)  can0  068   [8]  00 B0 5C 87 3F 00 00 00
 (038.965222)  can0  067   [8]  05 56 03 01 42 03 01 00
 (038.965534)  can0  068   [8]  05 5C 00 01 66 00 01 00
 (039.005245)  can0  067   [8]  0B 2E 0A 86 BF 00 00 00
 (039.005481)  can0  068   [8]  0B 2E 0A 86 3F 00 00 00
 (039.045266)  can0  067   [8]  12 80 67 00 01 01 00 00
 (039.045287)  can0  067   [8]  0C 02 A1 B6 00 00 70 40
 (039.045519)  can0  068   [8]  12 80 67 00 01 01 00 00
 (039.045544)  can0  068   [8]  0C 02 A1 89 00 00 70 02
 (039.065257)  can0  067   [8]  00 5F A3 87 BF 00 00 00
 (039.065277)  can0  067   [8]  11 06 00 00 00 00 29 01
 (039.065489)  can0  068   [8]  00 E7 5B 87 3F 00 00 00
 (039.065624)  can0  068   [8]  11 06 00 00 00 00 29 01
 (039.085258)  can0  067   [8]  05 57 03 01 2F 03 01 00
 (039.085522)  can0  068   [8]  05 5C 00 01 5D 00 01 00
 (039.125299)  can0  067   [8]  0B 2E 0A 86 BF 00 00 00
 (039.125484)  can0  068   [8]  0B 2E 0A 86 3F 00 00 00
 (039.185267)  can0  067   [8]  00 F1 A4 87 BF 00 00 00
 (039.185451)  can0  068   [8]  00 B0 5C 87 3F 00 00 00
 (039.205270)  can0  067   [8]  05 62 03 01 54 03 01 00
 (039.205504)  can0  068   [8]  05 5B 00 01 66 00 01 00
 (039.245260)  can0  067   [8]  0B 2E 0A 86 BF 00 00 00
 (039.245437)  can0  068   [8]  0B 2E 0A 86 3F 00 00 00
 (039.305269)  can0  067   [8]  00 F1 A4 87 BF 00 00 00
 (039.305444)  can0  068   [8]  00 B0 5C 87 3F 00 00 00
 (039.325237)  can0  067   [8]  05 58 03 01 2F 03 01 00
 (039.325455)  can0  068   [8]  05 5B 00 01 5D 00 01 00
 (039.365244)  can0  067   [8]  0B 2E 0A 86 BF 00 00 00
 (039.365475)  can0  068   [8]  0B 2E 0A 86 3F 00 00 00
 (039.425264)  can0  067   [8]  00 BA A5 87 BF 00 00 00
 (039.425436)  can0  068   [8]  00 B0 5C 87 3F 00 00 00
 (039.445216)  can0  067   [8]  05 59 03 01 54 03 01 00
 (039.445465)  can0  068   [8]  05 64 00 01 5D 00 01 00
 (039.485244)  can0  067   [8]  0B 2E 0A 86 BF 00 00 00
 (039.485426)  can0  068   [8]  0B 2E 0A 86 3F 00 00 00
 (039.545246)  can0  067   [8]  00 5F A3 87 BF 00 00 00
 (039.545418)  can0  068   [8]  00 E7 5B 87 3F 00 00 00
 (039.565232)  can0  067   [8]  05 63 03 01 5D 03 01 00
 (039.565426)  can0  068   [8]  05 50 00 01 54 00 01 00
 (039.605259)  can0  067   [8]  0B 2E 0A 86 BF 00 00 00
 (039.605424)  can0  068   [8]  0B 2E 0A 86 3F 00 00 00
 (039.665211)  can0  067   [8]  00 F1 A4 87 BF 00 00 00
 (039.665459)  can0  068   [8]  00 E7 5B 87 3F 00 00 00
 (039.685234)  can0  067   [8]  05 6F 03 01 82 03 01 00
 (039.685416)  can0  068   [8]  05 4F 00 01 6F 00 01 00
 (039.725244)  can0  067   [8]  0B 2E 0A 86 BF 00 00 00
 (039.725435)  can0  068   [8]  0B 2E 0A 86 3F 00 00 00
 (039.785061)  can0  067   [8]  00 28 A4 87 BF 00 00 00
 (039.785460)  can0  068   [8]  00 B0 5C 87 3F 00 00 00
 (039.805239)  can0  067   [8]  05 51 03 01 54 03 01 00
 (039.805418)  can0  068   [8]  05 4F 00 01 4A 00 01 00
 (039.845212)  can0  067   [8]  0B 2E 0A 86 BF 00 00 00
 (039.845462)  can0  068   [8]  0B 2E 0A 86 3F 00 00 00
 (039.905191)  can0  067   [8]  00 28 A4 87 BF 00 00 00
 (039.905437)  can0  068   [8]  00 B0 5C 87 3F 00 00 00
 (039.925231)  can0  067   [8]  05 70 03 01 79 03 01 00
 (039.925500)  can0  068   [8]  05 58 00 01 54 00 01 00
 (039.965197)  can0  067   [8]  0B 2E 0A 86 BF 00 00 00
 (039.965447)  can0  068   [8]  0B 2E 0A 86 3F 00 00 00
 (040.025168)  can0  067   [8]  00 F1 A4 87 BF 00 00 00
 (040.025426)  can0  068   [8]  00 B0 5C 87 3F 00 00 00
 (040.045205)  can0  067   [8]  05 5C 03 01 5D 03 01 00
 (040.045224)  can0  067   [8]  12 80 67 00 01 01 00 00
 (040.045226)  can0  067   [8]  0C 02 A1 B6 00 00 70 40
 (040.045444)  can0  068   [8]  05 4E 00 01 B8 00 00 00
 (040.045598)  can0  068   [8]  12 80 67 00 01 01 00 00
 (040.045606)  can0  068   [8]  0C 02 A1 89 00 00 70 02
 (040.055369)  can0  064   [8]  67 01 35 FA 8E BC 07 00
 (040.057451)  can0  064   [8]  68 01 35 FA 8E 3C 07 00
 (040.065064)  can0  067   [8]  11 06 00 00 00 00 09 01
 (040.065504)  can0  068   [8]  11 06 00 00 00 00 09 01
 (040.085094)  can0  067   [8]  0B F1 A4 87 BF 00 00 00
 (040.085418)  can0  068   [8]  0B E7 5B 87 3F 00 00 00
 (040.145203)  can0  067   [8]  00 DC BE 87 BF 00 00 00
 (040.145458)  can0  068   [8]  00 66 61 87 3F 00 00 00
 (040.165186)  can0  067   [8]  05 D7 03 00 DA 03 00 00
 (040.165379)  can0  068   [8]  05 E8 04 01 FB 04 01 00
 (040.205180)  can0  067   [8]  0B CD A1 87 BF 00 00 00
 (040.205381)  can0  068   [8]  0B C2 58 87 3F 00 00 00
 (040.265217)  can0  067   [8]  00 13 BE 87 BF 00 00 00
 (040.265417)  can0  068   [8]  00 2F 62 87 3F 00 00 00
 (040.285068)  can0  067   [8]  05 F9 02 00 E6 02 00 00
 (040.285506)  can0  068   [8]  05 00 04 01 F9 03 01 00
 (040.325215)  can0  067   [8]  0B 18 92 87 BF 00 00 00
 (040.325376)  can0  068   [8]  0B 0D 49 87 3F 00 00 00
 (040.385200)  can0  067   [8]  00 4A BD 87 BF 00 00 00
 (040.385474)  can0  068   [8]  00 66 61 87 3F 00 00 00
 (040.405180)  can0  067   [8]  05 20 01 00 34 01 00 00
 (040.405441)  can0  068   [8]  05 1E 02 01 2B 02 01 00
 (040.445187)  can0  067   [8]  0B 0A 6A 87 BF 00 00 00
 (040.445444)  can0  068   [8]  0B C8 21 87 3F 00 00 00
 (040.505213)  can0  067   [8]  00 DC BE 87 BF 00 00 00
 (040.505363)  can0  068   [8]  00 2F 62 87 3F 00 00 00
 (040.525182)  can0  067   [8]  05 5D 02 01 42 02 01 00
 (040.525356)  can0  068   [8]  05 40 01 00 1E 01 00 00
 (040.565169)  can0  067   [8]  0B FF 20 87 BF 00 00 00
 (040.565354)  can0  068   [8]  0B 86 D9 86 3F 00 00 00
 (040.625129)  can0  067   [8]  00 DC BE 87 BF 00 00 00
 (040.625366)  can0  068   [8]  00 9D 60 87 3F 00 00 00
 (040.645165)  can0  067   [8]  05 D8 07 01 11 08 01 00
 (040.645418)  can0  068   [8]  05 5F 06 00 75 06 00 00
 (040.685142)  can0  067   [8]  0B 30 AB 86 BF 00 00 00
 (040.685376)  can0  068   [8]  0B 80 64 86 3F 00 00 00
 (040.745160)  can0  067   [8]  00 81 BC 87 BF 00 00 00
 (040.745384)  can0  068   [8]  00 0C 54 87 3F 00 00 00
 (040.765171)  can0  067   [8]  05 81 0F 01 80 0F 01 00
 (040.765353)  can0  068   [8]  05 CC 0D 00 BF 0D 00 00
 (040.805189)  can0  067   [8]  0B 2E FF 85 BF 00 00 00
 (040.805345)  can0  068   [8]  0B 48 B9 85 3F 00 00 00
 (040.865167)  can0  067   [8]  00 A8 A9 87 BF 00 00 00
 (040.865333)  can0  068   [8]  00 2B D7 86 3F 00 00 00
 (040.885101)  can0  067   [8]  05 EA 17 01 1B 18 01 00
 (040.885348)  can0  068   [8]  05 A7 0D 00 12 0E 00 00
 (040.925173)  can0  067   [8]  0B FD 11 85 BF 00 00 00
 (040.925349)  can0  068   [8]  0B A9 CD 84 3F 00 00 00
 (040.985098)  can0  067   [8]  00 E9 D7 85 BF 00 00 00
 (040.985373)  can0  068   [8]  00 48 02 85 3F 00 00 00
 (041.005144)  can0  067   [8]  05 32 0C 01 2B 0C 01 00
 (041.005329)  can0  068   [8]  05 0B 04 00 F1 03 00 00
 (041.045156)  can0  067   [8]  0B 41 E1 83 BF 00 00 00
 (041.045175)  can0  067   [8]  12 80 67 00 01 01 00 00
 (041.045177)  can0  067   [8]  0C 02 A1 AD 22 00 40 7E
 (041.045414)  can0  068   [8]  0B 48 9F 83 3F 00 00 00
 (041.045422)  can0  068   [8]  12 80 67 00 01 01 00 00
 (041.045619)  can0  068   [8]  0C 02 A1 9B 29 00 50 7E
 (041.065134)  can0  067   [8]  11 06 00 00 00 00 09 01
 (041.065363)  can0  068   [8]  11 06 00 00 00 00 09 01
 (041.105150)  can0  067   [8]  00 9B A5 84 BF 00 00 00
 (041.105403)  can0  068   [8]  00 D3 E2 83 3F 00 00 00
 (041.124965)  can0  067   [8]  05 7D 0F 01 D5 0E 01 00
 (041.125396)  can0  068   [8]  05 B2 08 00 50 08 00 00
 (041.165129)  can0  067   [8]  0B FA 6C 82 BF 00 00 00
 (041.165376)  can0  068   [8]  0B 93 2C 82 3F 00 00 00
 (041.225095)  can0  067   [8]  00 B0 28 83 BF 00 00 00
 (041.225336)  can0  068   [8]  00 53 85 82 3F 00 00 00
 (041.245097)  can0  067   [8]  05 1A 11 01 4A 11 01 00
 (041.245350)  can0  068   [8]  05 DC 0B 00 7D 0B 00 00
 (041.284987)  can0  067   [8]  0B 26 B5 80 BF 00 00 00
 (041.285349)  can0  068   [8]  0B 51 76 80 3F 00 00 00
 (041.345081)  can0  067   [8]  00 66 BF 81 BF 00 00 00
 (041.345339)  can0  068   [8]  00 FE DD 80 3F 00 00 00
 (041.365094)  can0  067   [8]  05 52 14 01 62 14 01 00
 (041.365341)  can0  068   [8]  05 FB 0B 00 2F 0C 00 00
 (041.405125)  can0  067   [8]  0B FD 71 7D BF 00 00 00
 (041.405370)  can0  068   [8]  0B 0A F9 7C 3F 00 00 00
 (041.465065)  can0  067   [8]  00 3D D0 7D BF 00 00 00
 (041.465338)  can0  068   [8]  00 D4 42 7C 3F 00 00 00
 (041.485077)  can0  067   [8]  05 C8 0C 01 88 0A 01 00
 (041.485342)  can0  068   [8]  05 D7 05 00 D5 05 00 00
 (041.525103)  can0  067   [8]  0B 2A F4 78 BF 00 00 00
 (041.525340)  can0  068   [8]  0B 5B 7E 78 3F 00 00 00
 (041.585113)  can0  067   [8]  00 87 05 7B BF 00 00 00
 (041.585357)  can0  068   [8]  00 8A 76 79 3F 00 00 00
 (041.605088)  can0  067   [8]  05 5C 18 01 40 17 01 00
 (041.605334)  can0  068   [8]  05 63 0F 00 40 0F 00 00
 (041.645054)  can0  067   [8]  0B AD ED 73 BF 00 00 00
 (041.645325)  can0  068   [8]  0B 94 7C 73 3F 00 00 00
 (041.705087)  can0  067   [8]  00 D5 CF 73 BF 00 00 00
 (041.705350)  can0  068   [8]  00 90 45 72 3F 00 00 00
 (041.725098)  can0  067   [8]  05 BE 09 01 4B 09 01 00
 (041.725347)  can0  068   [8]  05 6A 02 00 C3 01 00 00
 (041.765094)  can0  067   [8]  0B D2 59 6E BF 00 00 00
 (041.765325)  can0  068   [8]  0B 6E ED 6D 3F 00 00 00
 (041.825137)  can0  067   [8]  00 97 95 70 BF 00 00 00
 (041.825292)  can0  068   [8]  00 C1 FE 6E 3F 00 00 00
 (041.845109)  can0  067   [8]  05 57 1A 01 A0 19 01 00
 (041.845288)  can0  068   [8]  05 08 11 00 CA 10 00 00
 (041.885091)  can0  067   [8]  0B B5 72 68 BF 00 00 00
 (041.885341)  can0  068   [8]  0B 08 0B 68 3F 00 00 00
 (041.945086)  can0  067   [8]  00 73 2A 68 BF 00 00 00
 (041.945374)  can0  068   [8]  00 77 9B 66 3F 00 00 00
 (041.965098)  can0  067   [8]  05 3B 0D 01 A4 0C 01 00
 (041.965341)  can0  068   [8]  05 30 06 00 94 05 00 00
 (042.005092)  can0  067   [8]  0B 11 27 62 BF 00 00 00
 (042.005269)  can0  068   [8]  0B 88 C2 61 3F 00 00 00
 (042.045098)  can0  067   [8]  12 80 67 00 01 01 00 00
 (042.045120)  can0  067   [8]  0C 02 A1 A4 D7 00 00 7E
 (042.045283)  can0  068   [8]  12 80 67 00 01 01 00 00
 (042.045394)  can0  068   [8]  0C 02 A1 9B D8 00 00 7E
 (042.065107)  can0  067   [8]  00 62 9B 64 BF 00 00 00
 (042.065130)  can0  067   [8]  11 06 00 00 00 00 09 01
 (042.065262)  can0  068   [8]  00 BA A4 62 3F 00 00 00
 (042.065392)  can0  068   [8]  11 06 00 00 00 00 09 01
 (042.085033)  can0  067   [8]  05 36 18 01 4F 17 01 00
 (042.085283)  can0  068   [8]  05 16 0D 00 89 0C 00 00
 (042.125028)  can0  067   [8]  0B E0 97 5B BF 00 00 00
 (042.125265)  can0  068   [8]  0B 0F 38 5B 3F 00 00 00
 (042.185070)  can0  067   [8]  00 9C C8 5C BF 00 00 00
 (042.185232)  can0  068   [8]  00 0C 4E 5B 3F 00 00 00
 (042.205066)  can0  067   [8]  05 8E 16 01 23 16 01 00
 (042.205234)  can0  068   [8]  05 F9 0D 00 2F 0D 00 00
 (042.244973)  can0  067   [8]  0B 90 D9 54 BF 00 00 00
 (042.245291)  can0  068   [8]  0B 07 80 54 3F 00 00 00
 (042.305067)  can0  067   [8]  00 8D FA 54 BF 00 00 00
 (042.305220)  can0  068   [8]  00 6F 52 53 3F 00 00 00
 (042.325008)  can0  067   [8]  05 6D 0A 01 69 0A 01 00
 (042.325242)  can0  068   [8]  05 DA 01 00 42 01 00 00
 (042.365064)  can0  067   [8]  0B B1 03 4E BF 00 00 00
 (042.365239)  can0  068   [8]  0B 4B AD 4D 3F 00 00 00
 (042.425067)  can0  067   [8]  00 B7 92 50 BF 00 00 00
 (042.425305)  can0  068   [8]  00 7E 8F 4E 3F 00 00 00
 (042.445049)  can0  067   [8]  05 DB 18 01 43 18 01 00
 (042.445301)  can0  068   [8]  05 B5 0C 00 DD 0B 00 00
 (042.484994)  can0  067   [8]  0B 88 27 47 BF 00 00 00
 (042.485260)  can0  068   [8]  0B 48 D4 46 3F 00 00 00
 (042.545037)  can0  067   [8]  00 F5 93 48 BF 00 00 00
 (042.545287)  can0  068   [8]  00 B2 F3 46 3F 00 00 00
 (042.565039)  can0  067   [8]  05 17 16 01 8F 15 01 00
 (042.565288)  can0  068   [8]  05 93 0B 00 AA 0A 00 00
 (042.605010)  can0  067   [8]  0B 60 4B 40 BF 00 00 00
 (042.605260)  can0  068   [8]  0B 44 FB 3F 3F 00 00 00
 (042.665008)  can0  067   [8]  00 5A 82 40 BF 00 00 00
 (042.665276)  can0  068   [8]  00 D0 D0 3E 3F 00 00 00
 (042.685040)  can0  067   [8]  05 2F 0A 01 C3 09 01 00
 (042.685294)  can0  068   [8]  05 43 01 00 51 00 00 00
 (042.725003)  can0  067   [8]  0B 38 6F 39 BF 00 00 00
 (042.725252)  can0  068   [8]  0B D2 23 39 3F 00 00 00
 (042.785035)  can0  067   [8]  00 3B 1F 3C BF 00 00 00
 (042.785255)  can0  068   [8]  00 29 FE 39 3F 00 00 00
 (042.805033)  can0  067   [8]  05 13 16 01 09 16 01 00
 (042.805297)  can0  068   [8]  05 78 09 00 A7 08 00 00
 (042.844986)  can0  067   [8]  0B 7E 91 32 BF 00 00 00
 (042.845233)  can0  068   [8]  0B CE 4A 32 3F 00 00 00
 (042.905018)  can0  067   [8]  00 4E 5F 34 BF 00 00 00
 (042.905205)  can0  068   [8]  00 7D 9C 32 3F 00 00 00
 (042.925002)  can0  067   [8]  05 40 16 01 36 16 01 00
 (042.925247)  can0  068   [8]  05 CE 0A 00 5B 0A 00 00
 (042.965030)  can0  067   [8]  0B 55 B5 2B BF 00 00 00
 (042.965278)  can0  068   [8]  0B CA 71 2B 3F 00 00 00
 (043.025022)  can0  067   [8]  00 96 08 2C BF 00 00 00
 (043.025261)  can0  068   [8]  00 0E 41 2A 3F 00 00 00
 (043.045006)  can0  067   [8]  05 0E 0A 01 26 0A 01 00
 (043.045025)  can0  067   [8]  12 80 67 00 01 01 00 00
 (043.045026)  can0  067   [8]  0C 02 A1 9B FF 00 00 7E
 (043.045271)  can0  068   [8]  05 CA 00 00 3A 00 01 00
 (043.045278)  can0  068   [8]  12 80 67 00 01 01 00 00
 (043.045595)  can0  068   [8]  0C 02 A1 A4 FF 00 00 7E
 (043.064925)  can0  067   [8]  11 06 00 00 00 00 09 01
 (043.065265)  can0  068   [8]  11 06 00 00 00 00 09 01
 (043.085007)  can0  067   [8]  0B 0A CB 24 BF 00 00 00
 (043.085256)  can0  068   [8]  0B A3 8A 24 3F 00 00 00
 (043.144985)  can0  067   [8]  00 C2 8A 27 BF 00 00 00
 (043.145229)  can0  068   [8]  00 FA 64 25 3F 00 00 00
 (043.164984)  can0  067   [8]  05 1C 12 01 2C 12 01 00
 (043.165255)  can0  068   [8]  05 8F 06 00 68 06 00 00
 (043.205007)  can0  067   [8]  0B 04 FD 1D BF 00 00 00
 (043.205260)  can0  068   [8]  0B 54 C1 1D 3F 00 00 00
 (043.264992)  can0  067   [8]  00 AA 14 20 BF 00 00 00
 (043.265245)  can0  068   [8]  00 93 2A 1E 3F 00 00 00
 (043.285010)  can0  067   [8]  05 CA 15 01 39 15 01 00
 (043.285257)  can0  068   [8]  05 E3 09 00 B6 09 00 00
 (043.324909)  can0  067   [8]  0B DD 20 17 BF 00 00 00
 (043.325287)  can0  068   [8]  0B 50 E8 16 3F 00 00 00
 (043.384947)  can0  067   [8]  00 64 90 17 BF 00 00 00
 (043.385184)  can0  068   [8]  00 DA D3 15 3F 00 00 00
 (043.404973)  can0  067   [8]  05 4D 0A 01 E0 09 01 00
 (043.405203)  can0  068   [8]  05 BD 00 00 66 00 01 00
 (043.444922)  can0  067   [8]  0B B4 44 10 BF 00 00 00
 (043.445184)  can0  068   [8]  0B 4C 0F 10 3F 00 00 00
 (043.504953)  can0  067   [8]  00 6D 04 13 BF 00 00 00
 (043.505191)  can0  068   [8]  00 CC C0 10 3F 00 00 00
 (043.524935)  can0  067   [8]  05 B1 0E 01 A1 0E 01 00
 (043.525198)  can0  068   [8]  05 14 03 00 C7 02 00 00
 (043.564954)  can0  067   [8]  0B FA 66 09 BF 00 00 00
 (043.565180)  can0  068   [8]  0B 48 36 09 3F 00 00 00
 (043.625003)  can0  067   [8]  00 29 CD 0B BF 00 00 00
 (043.625193)  can0  068   [8]  00 83 C0 09 3F 00 00 00
 (043.644950)  can0  067   [8]  05 1D 15 01 E4 15 01 00
 (043.645213)  can0  068   [8]  05 AD 08 00 E3 07 00 00
 (043.684964)  can0  067   [8]  0B D2 8A 02 BF 00 00 00
 (043.685212)  can0  068   [8]  0B 45 5D 02 3F 00 00 00
 (043.744917)  can0  067   [8]  00 C2 24 03 BF 00 00 00
 (043.745189)  can0  068   [8]  00 13 70 01 3F 00 00 00
 (043.764983)  can0  067   [8]  05 16 0B 01 35 0A 01 00
 (043.765232)  can0  068   [8]  05 74 01 00 42 00 01 00
 (043.804949)  can0  067   [8]  0B 0D 41 F7 BE 00 00 00
 (043.805218)  can0  068   [8]  0B A5 0B F7 3E 00 00 00
 (043.864975)  can0  067   [8]  00 15 8B FC BE 00 00 00
 (043.865172)  can0  068   [8]  00 F7 1C F8 3E 00 00 00
 (043.884918)  can0  067   [8]  05 0A 0B 01 8F 0D 01 00
 (043.885189)  can0  068   [8]  05 2A 00 01 A1 00 01 00
 (043.924858)  can0  067   [8]  0B 03 A5 E9 BE 00 00 00
 (043.925199)  can0  068   [8]  0B 9D 59 E9 3E 00 00 00
 (043.984925)  can0  067   [8]  00 9F E5 EE BE 00 00 00
 (043.985189)  can0  068   [8]  00 EB 96 EA 3E 00 00 00
 (044.004940)  can0  067   [8]  05 A2 14 01 08 14 01 00
 (044.005188)  can0  068   [8]  05 77 07 00 A3 06 00 00
 (044.044919)  can0  067   [8]  0B B3 EC DB BE 00 00 00
 (044.044941)  can0  067   [8]  12 80 67 00 01 01 00 00
 (044.044942)  can0  067   [8]  0C 02 A1 89 FF 00 00 7E
 (044.045201)  can0  068   [8]  0B 95 A7 DB 3E 00 00 00
 (044.045210)  can0  068   [8]  12 80 67 00 01 01 00 00
 (044.045404)  can0  068   [8]  0C 02 A1 9B FF 00 00 7E
 (044.064923)  can0  067   [8]  11 06 00 00 00 00 09 01
 (044.065175)  can0  068   [8]  11 06 00 00 00 00 09 01
 (044.104930)  can0  067   [8]  00 D2 7E DD BE 00 00 00
 (044.105187)  can0  068   [8]  00 4F 28 DA 3E 00 00 00
 (044.124923)  can0  067   [8]  05 47 0B 01 19 0B 01 00
 (044.125185)  can0  068   [8]  05 F4 00 00 9E 00 01 00
 (044.164911)  can0  067   [8]  0B 3F 31 CE BE 00 00 00
 (044.165179)  can0  068   [8]  0B 8D F5 CD 3E 00 00 00
 (044.224922)  can0  067   [8]  00 EE AB D2 BE 00 00 00
 (044.225200)  can0  068   [8]  00 C9 7F CE 3E 00 00 00
 (044.244910)  can0  067   [8]  05 F2 07 01 DE 07 01 00
 (044.245197)  can0  068   [8]  05 65 03 01 E8 02 01 00
 (044.284906)  can0  067   [8]  0B EE 78 C0 BE 00 00 00
 (044.285179)  can0  068   [8]  0B 85 43 C0 3E 00 00 00
 (044.344931)  can0  067   [8]  00 C9 17 C6 BE 00 00 00
 (044.345182)  can0  068   [8]  00 A7 BF C1 3E 00 00 00
 (044.364908)  can0  067   [8]  05 6E 14 01 B0 13 01 00
 (044.365211)  can0  068   [8]  05 A7 06 00 DE 05 00 00
 (044.404913)  can0  067   [8]  0B 9E C0 B2 BE 00 00 00
 (044.405187)  can0  068   [8]  0B A2 94 B2 3E 00 00 00
 (044.464921)  can0  067   [8]  00 1F CA B4 BE 00 00 00
 (044.465195)  can0  068   [8]  00 C1 60 B1 3E 00 00 00
 (044.484908)  can0  067   [8]  05 A1 0B 01 76 0B 01 00
 (044.485166)  can0  068   [8]  05 6B 00 00 EF 00 01 00
 (044.524915)  can0  067   [8]  0B 4D 08 A5 BE 00 00 00
 (044.525165)  can0  068   [8]  0B 9A E2 A4 3E 00 00 00
 (044.584900)  can0  067   [8]  00 CA A0 A8 BE 00 00 00
 (044.585178)  can0  068   [8]  00 0D AA A4 3E 00 00 00
 (044.604911)  can0  067   [8]  05 FD 04 01 C5 04 01 00
 (044.605167)  can0  068   [8]  05 C4 06 01 0E 06 01 00
 (044.644907)  can0  067   [8]  0B FD 4F 97 BE 00 00 00
 (044.645171)  can0  068   [8]  0B 92 30 97 3E 00 00 00
 (044.704797)  can0  067   [8]  00 D0 30 9D BE 00 00 00
 (044.705169)  can0  068   [8]  00 1F CC 98 3E 00 00 00
 (044.724847)  can0  067   [8]  05 68 13 01 87 13 01 00
 (044.725099)  can0  068   [8]  05 CF 05 00 9A 04 00 00
 (044.764898)  can0  067   [8]  0B AC 97 89 BE 00 00 00
 (044.765165)  can0  068   [8]  0B 8A 7E 89 3E 00 00 00
 (044.824905)  can0  067   [8]  00 8F 18 8C BE 00 00 00
 (044.825126)  can0  068   [8]  00 7C 9F 88 3E 00 00 00
 (044.844871)  can0  067   [8]  05 FC 0B 01 81 0A 01 00
 (044.845142)  can0  068   [8]  05 12 00 01 17 01 01 00
 (044.884866)  can0  067   [8]  0B 22 DE 77 BE 00 00 00
 (044.885162)  can0  068   [8]  0B B7 BE 77 3E 00 00 00
 (044.944835)  can0  067   [8]  00 34 33 7E BE 00 00 00
 (044.945096)  can0  068   [8]  00 4B 52 76 3E 00 00 00
 (044.964852)  can0  067   [8]  05 FC 02 01 C5 02 01 00
 (044.965107)  can0  068   [8]  05 C9 08 01 64 09 01 00
 (045.004876)  can0  067   [8]  0B 04 FE 5C BE 00 00 00
 (045.005171)  can0  068   [8]  0B 2B EB 5C 3E 00 00 00
 (045.044876)  can0  067   [8]  12 80 67 00 01 01 00 00
 (045.044895)  can0  067   [8]  0C 02 A1 9B FF 00 00 7E
 (045.045157)  can0  068   [8]  12 80 67 00 01 01 00 00
 (045.045164)  can0  068   [8]  0C 02 A1 AD FF 00 00 7E
 (045.064878)  can0  067   [8]  00 6F AE 69 BE 00 00 00
 (045.064896)  can0  067   [8]  11 06 00 00 00 00 09 01
 (045.065148)  can0  068   [8]  00 9D F1 60 3E 00 00 00
 (045.065156)  can0  068   [8]  11 06 00 00 00 00 09 01
 (045.084885)  can0  067   [8]  05 3D 12 01 58 11 01 00
 (045.085142)  can0  068   [8]  05 1D 04 00 20 03 00 00
 (045.124880)  can0  067   [8]  0B 23 A8 42 BE 00 00 00
 (045.125171)  can0  068   [8]  0B DA A1 42 3E 00 00 00
 (045.184832)  can0  067   [8]  00 F0 CA 48 BE 00 00 00
 (045.185090)  can0  068   [8]  00 85 A6 41 3E 00 00 00
 (045.204847)  can0  067   [8]  05 E6 09 01 5B 09 01 00
 (045.205110)  can0  068   [8]  05 4C 02 01 FD 02 01 00
 (045.244876)  can0  067   [8]  0B 17 DE 29 BE 00 00 00
 (045.245134)  can0  068   [8]  0B 17 DE 29 3E 00 00 00
 (045.304808)  can0  067   [8]  00 BD 52 34 BE 00 00 00
 (045.305074)  can0  068   [8]  00 9E BB 2B 3E 00 00 00
 (045.324820)  can0  067   [8]  05 64 03 01 75 03 01 00
 (045.325098)  can0  068   [8]  05 D6 08 01 29 08 01 00
 (045.364868)  can0  067   [8]  0B EE 47 12 BE 00 00 00
 (045.365133)  can0  068   [8]  0B 37 4E 12 3E 00 00 00
 (045.424827)  can0  067   [8]  00 37 DF 1E BE 00 00 00
 (045.425082)  can0  068   [8]  00 DF 0A 17 3E 00 00 00
 (045.444858)  can0  067   [8]  05 4C 0F 01 E5 0F 01 00
 (045.445109)  can0  068   [8]  05 81 01 00 B8 00 00 00
 (045.484846)  can0  067   [8]  0B BE DF F8 BD 00 00 00
 (045.485118)  can0  068   [8]  0B E0 F8 F8 3D 00 00 00
 (045.544836)  can0  067   [8]  00 A1 9D 01 BE 00 00 00
 (045.545084)  can0  068   [8]  00 45 B8 F3 3D 00 00 00
 (045.564838)  can0  067   [8]  05 C1 02 00 61 02 00 00
 (045.565088)  can0  068   [8]  05 A9 0E 01 0E 0E 01 00
 (045.604837)  can0  067   [8]  0B 14 36 D1 BD 00 00 00
 (045.605080)  can0  068   [8]  0B C6 5B D1 3D 00 00 00
 (045.664851)  can0  067   [8]  00 5D 9D EE BD 00 00 00
 (045.665114)  can0  068   [8]  00 AD F4 DE 3D 00 00 00
 (045.684829)  can0  067   [8]  05 63 0D 01 79 0D 01 00
 (045.685088)  can0  068   [8]  05 20 00 01 A6 00 01 00
 (045.724844)  can0  067   [8]  0B 41 DE AD BD 00 00 00
 (045.725088)  can0  068   [8]  0B F5 03 AE 3D 00 00 00
 (045.784800)  can0  067   [8]  00 F1 86 BD BD 00 00 00
 (045.785070)  can0  068   [8]  00 F6 8A AC 3D 00 00 00
 (045.804823)  can0  067   [8]  05 58 03 00 13 03 00 00
 (045.805092)  can0  068   [8]  05 C0 0F 01 1C 10 01 00
 (045.844825)  can0  067   [8]  0B 95 B2 8E BD 00 00 00
 (045.845011)  can0  068   [8]  0B 48 D8 8E 3D 00 00 00
 (045.904821)  can0  067   [8]  00 BF 0E A9 BD 00 00 00
 (045.905076)  can0  068   [8]  00 0E DF 9A 3D 00 00 00
 (045.924783)  can0  067   [8]  05 BC 07 01 CD 07 01 00
 (045.925055)  can0  068   [8]  05 17 04 01 25 05 01 00
 (045.964784)  can0  067   [8]  0B 5D 98 67 BD 00 00 00
 (045.965057)  can0  068   [8]  0B C3 E3 67 3D 00 00 00
 (046.024799)  can0  067   [8]  00 5E C2 90 BD 00 00 00
 (046.025076)  can0  068   [8]  00 73 91 7E 3D 00 00 00
 (046.044817)  can0  067   [8]  05 C0 05 01 84 05 01 00
 (046.044839)  can0  067   [8]  12 80 67 00 01 01 00 00
 (046.044841)  can0  067   [8]  0C 02 A1 9B FC 00 00 7E
 (046.045094)  can0  068   [8]  05 BB 08 01 79 09 01 00
 (046.045103)  can0  068   [8]  12 80 67 00 01 01 00 00
 (046.045285)  can0  068   [8]  0C 02 A1 89 FB 00 00 7E
 (046.064774)  can0  067   [8]  11 06 00 00 00 00 09 01
 (046.065046)  can0  068   [8]  11 06 00 00 00 00 09 01
 (046.084772)  can0  067   [8]  0B FF 3C 3A BD 00 00 00
 (046.085023)  can0  068   [8]  0B 65 88 3A 3D 00 00 00
 (046.144739)  can0  067   [8]  00 8F 7A 68 BD 00 00 00
 (046.145017)  can0  068   [8]  00 25 F5 43 3D 00 00 00
 (046.164776)  can0  067   [8]  05 74 00 01 3A 00 01 00
 (046.165043)  can0  068   [8]  05 39 0E 01 7A 0E 01 00
 (046.204743)  can0  067   [8]  0B 0C 53 15 BD 00 00 00
 (046.205012)  can0  068   [8]  0B 71 9E 15 3D 00 00 00
 (046.264771)  can0  067   [8]  00 85 AB 48 BD 00 00 00
 (046.265026)  can0  068   [8]  00 05 C8 27 3D 00 00 00
 (046.284795)  can0  067   [8]  05 D1 00 01 A4 00 01 00
 (046.285055)  can0  068   [8]  05 25 0C 01 3D 0C 01 00
 (046.324683)  can0  067   [8]  0B 0C B5 F1 BC 00 00 00
 (046.325029)  can0  068   [8]  0B D8 4B F2 3C 00 00 00
 (046.384813)  can0  067   [8]  00 D5 FD 31 BD 00 00 00
 (046.385078)  can0  068   [8]  00 B8 57 14 3D 00 00 00
 (046.404819)  can0  067   [8]  05 27 02 01 FA 01 01 00
 (046.405070)  can0  068   [8]  05 E0 09 01 3A 0A 01 00
 (046.444790)  can0  067   [8]  0B 41 79 C8 BC 00 00 00
 (046.445067)  can0  068   [8]  0B C9 DD C8 3C 00 00 00
 (046.504760)  can0  067   [8]  00 EF D8 1E BD 00 00 00
 (046.505040)  can0  068   [8]  00 48 CE 00 3D 00 00 00
 (046.524733)  can0  067   [8]  05 5F 01 01 65 01 01 00
 (046.525061)  can0  068   [8]  05 E2 0A 01 82 0A 01 00
 (046.564757)  can0  067   [8]  0B 0F FC AC BC 00 00 00
 (046.565020)  can0  068   [8]  0B 53 2E AD 3C 00 00 00
 (046.624773)  can0  067   [8]  00 45 51 10 BD 00 00 00
 (046.625046)  can0  068   [8]  00 8F E9 DB 3C 00 00 00
 (046.644725)  can0  067   [8]  05 A3 00 01 28 01 00 00
 (046.644991)  can0  068   [8]  05 6B 0D 01 6E 0D 01 00
 (046.684769)  can0  067   [8]  0B F2 E6 9B BC 00 00 00
 (046.685044)  can0  068   [8]  0B 36 19 9C 3C 00 00 00
 (046.744763)  can0  067   [8]  00 3F 2B 08 BD 00 00 00
 (046.745002)  can0  068   [8]  00 C5 CF CB 3C 00 00 00
 (046.764730)  can0  067   [8]  05 4A 00 00 2E 00 00 00
 (046.764987)  can0  068   [8]  05 E2 0D 01 40 0E 01 00
 (046.804739)  can0  067   [8]  0B FE 10 93 BC 00 00 00
 (046.805025)  can0  068   [8]  0B FE 10 93 3C 00 00 00
 (046.864770)  can0  067   [8]  00 13 DE 02 BD 00 00 00
 (046.864912)  can0  068   [8]  00 05 63 C2 3C 00 00 00
 (046.884725)  can0  067   [8]  05 5B 00 00 A2 01 00 00
 (046.884994)  can0  068   [8]  05 D5 0D 01 CC 0D 01 00
 (046.924758)  can0  067   [8]  0B 36 88 8F BC 00 00 00
 (046.925017)  can0  068   [8]  0B 7A BA 8F 3C 00 00 00
 (046.984735)  can0  067   [8]  00 13 DE 02 BD 00 00 00
 (046.984980)  can0  068   [8]  00 C1 30 C2 3C 00 00 00
 (047.004714)  can0  067   [8]  05 34 00 01 30 00 01 00
 (047.004978)  can0  068   [8]  05 46 0D 01 35 0D 01 00
 (047.044763)  can0  067   [8]  0B AE 23 8F BC 00 00 00
 (047.044783)  can0  067   [8]  12 80 67 00 01 01 00 00
 (047.044784)  can0  067   [8]  0C 02 A1 B6 38 00 10 7E
 (047.045041)  can0  068   [8]  0B AE 23 8F 3C 00 00 00
 (047.045049)  can0  068   [8]  12 80 67 00 01 01 00 00
 (047.045215)  can0  068   [8]  0C 02 A1 A4 38 00 10 7E
 (047.064749)  can0  067   [8]  11 06 00 00 00 00 29 01
 (047.065001)  can0  068   [8]  11 06 00 00 00 00 29 01
 (047.104720)  can0  067   [8]  00 13 DE 02 BD 00 00 00
 (047.104987)  can0  068   [8]  00 C1 30 C2 3C 00 00 00
 (047.124736)  can0  067   [8]  05 48 0B 00 53 0B 00 00
 (047.124920)  can0  068   [8]  05 D6 18 01 EF 18 01 00
 (047.164688)  can0  067   [8]  0B 6A F1 8E BC 00 00 00
 (047.164905)  can0  068   [8]  0B 6A F1 8E 3C 00 00 00
 (047.224720)  can0  067   [8]  00 13 DE 02 BD 00 00 00
 (047.224989)  can0  068   [8]  00 C1 30 C2 3C 00 00 00
 (047.244701)  can0  067   [8]  05 47 0B 00 49 0B 00 00
 (047.244990)  can0  068   [8]  05 D5 18 01 D3 18 01 00
 (047.284689)  can0  067   [8]  0B 6A F1 8E BC 00 00 00
 (047.284967)  can0  068   [8]  0B 6A F1 8E 3C 00 00 00
 (047.344651)  can0  067   [8]  00 57 10 03 BD 00 00 00
 (047.344978)  can0  068   [8]  00 C1 30 C2 3C 00 00 00
 (047.364694)  can0  067   [8]  05 50 0B 00 5C 0B 00 00
 (047.364978)  can0  068   [8]  05 D5 18 01 EF 18 01 00
 (047.404695)  can0  067   [8]  0B 6A F1 8E BC 00 00 00
 (047.404972)  can0  068   [8]  0B 6A F1 8E 3C 00 00 00
 (047.464700)  can0  067   [8]  00 CF AB 02 BD 00 00 00
 (047.464974)  can0  068   [8]  00 C1 30 C2 3C 00 00 00
 (047.484683)  can0  067   [8]  05 50 0B 00 52 0B 00 00
 (047.484976)  can0  068   [8]  05 CB 18 01 77 18 01 00
 (047.524675)  can0  067   [8]  0B 6A F1 8E BC 00 00 00
 (047.524980)  can0  068   [8]  0B 6A F1 8E 3C 00 00 00
 (047.584602)  can0  067   [8]  00 13 DE 02 BD 00 00 00
 (047.584975)  can0  068   [8]  00 C1 30 C2 3C 00 00 00
 (047.604681)  can0  067   [8]  05 4F 0B 00 53 0B 00 00
 (047.604957)  can0  068   [8]  05 DF 18 01 EF 18 01 00
 (047.644691)  can0  067   [8]  0B 6A F1 8E BC 00 00 00
 (047.644956)  can0  068   [8]  0B 6A F1 8E 3C 00 00 00
 (047.704710)  can0  067   [8]  00 35 F7 02 BD 00 00 00
 (047.704958)  can0  068   [8]  00 C1 30 C2 3C 00 00 00
 (047.724683)  can0  067   [8]  05 4E 0B 00 49 0B 00 00
 (047.724971)  can0  068   [8]  05 D4 18 01 E6 18 01 00
 (047.764692)  can0  067   [8]  0B 6A F1 8E BC 00 00 00
 (047.764995)  can0  068   [8]  0B 6A F1 8E 3C 00 00 00
 (047.824686)  can0  067   [8]  00 57 10 03 BD 00 00 00
 (047.824935)  can0  068   [8]  00 C1 30 C2 3C 00 00 00
 (047.844665)  can0  067   [8]  05 3A 0B 00 37 0B 00 00
 (047.844911)  can0  068   [8]  05 D4 18 01 D3 18 01 00
 (047.884639)  can0  067   [8]  0B 6A F1 8E BC 00 00 00
 (047.884945)  can0  068   [8]  0B 6A F1 8E 3C 00 00 00
 (047.944675)  can0  067   [8]  00 35 F7 02 BD 00 00 00
 (047.944929)  can0  068   [8]  00 C1 30 C2 3C 00 00 00
 (047.964646)  can0  067   [8]  05 4D 0B 00 5C 0B 00 00
 (047.964931)  can0  068   [8]  05 DE 18 01 DD 18 01 00
 (048.004677)  can0  067   [8]  0B 6A F1 8E BC 00 00 00
 (048.004925)  can0  068   [8]  0B 6A F1 8E 3C 00 00 00
 (048.044675)  can0  067   [8]  12 80 67 00 01 01 00 00
 (048.044697)  can0  067   [8]  0C 02 A1 B6 00 00 80 40
 (048.044940)  can0  068   [8]  12 80 67 00 01 01 00 00
 (048.045001)  can0  068   [8]  0C 02 A1 A4 00 00 80 10
 (048.064675)  can0  067   [8]  00 13 DE 02 BD 00 00 00
 (048.064696)  can0  067   [8]  11 06 00 00 00 00 29 01
 (048.064918)  can0  068   [8]  00 7C FE C1 3C 00 00 00
 (048.065020)  can0  068   [8]  11 06 00 00 00 00 29 01
 (048.084649)  can0  067   [8]  05 56 0B 00 5C 0B 00 00
 (048.084910)  can0  068   [8]  05 D3 18 01 F8 18 01 00
 (048.124637)  can0  067   [8]  0B 6A F1 8E BC 00 00 00
 (048.124901)  can0  068   [8]  0B 6A F1 8E 3C 00 00 00
 (048.184672)  can0  067   [8]  00 79 29 03 BD 00 00 00
 (048.184922)  can0  068   [8]  00 C1 30 C2 3C 00 00 00
 (048.204675)  can0  067   [8]  05 4B 0B 00 5C 0B 00 00
 (048.204923)  can0  068   [8]  05 D3 18 01 9C 18 01 00
 (048.244631)  can0  067   [8]  0B 6A F1 8E BC 00 00 00
 (048.244999)  can0  068   [8]  0B 6A F1 8E 3C 00 00 00
 (048.304657)  can0  067   [8]  00 35 F7 02 BD 00 00 00
 (048.304906)  can0  068   [8]  00 C1 30 C2 3C 00 00 00
 (048.324655)  can0  067   [8]  05 4B 0B 00 40 0B 00 00
 (048.324912)  can0  068   [8]  05 DD 18 01 EF 18 01 00
 (048.364651)  can0  067   [8]  0B 6A F1 8E BC 00 00 00
 (048.364908)  can0  068   [8]  0B 6A F1 8E 3C 00 00 00
 (048.424700)  can0  067   [8]  00 CF AB 02 BD 00 00 00
 (048.424948)  can0  068   [8]  00 05 63 C2 3C 00 00 00
 (048.444654)  can0  067   [8]  05 54 0B 00 5C 0B 00 00
 (048.444906)  can0  068   [8]  05 D2 18 01 01 19 01 00
 (048.484632)  can0  067   [8]  0B 6A F1 8E BC 00 00 00
 (048.484911)  can0  068   [8]  0B 6A F1 8E 3C 00 00 00
 (048.544593)  can0  067   [8]  00 35 F7 02 BD 00 00 00
 (048.544894)  can0  068   [8]  00 C1 30 C2 3C 00 00 00
 (048.564603)  can0  067   [8]  05 49 0B 00 52 0B 00 00
 (048.564877)  can0  068   [8]  05 DC 18 01 6F 1C 01 00
 (048.604618)  can0  067   [8]  0B 6A F1 8E BC 00 00 00
 (048.604898)  can0  068   [8]  0B 6A F1 8E 3C 00 00 00
 (048.664659)  can0  067   [8]  00 13 DE 02 BD 00 00 00
 (048.664928)  can0  068   [8]  00 C1 30 C2 3C 00 00 00
 (048.684566)  can0  067   [8]  05 52 0B 00 40 0B 00 00
 (048.684913)  can0  068   [8]  05 D2 18 01 E6 18 01 00
 (048.724656)  can0  067   [8]  0B 6A F1 8E BC 00 00 00
 (048.724905)  can0  068   [8]  0B 6A F1 8E 3C 00 00 00
 (048.784644)  can0  067   [8]  00 F1 C4 02 BD 00 00 00
 (048.784874)  can0  068   [8]  00 C1 30 C2 3C 00 00 00
 (048.804590)  can0  067   [8]  05 48 0B 00 52 0B 00 00
 (048.804895)  can0  068   [8]  05 D1 18 01 D3 18 01 00
 (048.844479)  can0  067   [8]  0B 6A F1 8E BC 00 00 00
 (048.844940)  can0  068   [8]  0B 6A F1 8E 3C 00 00 00
 (048.904630)  can0  067   [8]  00 13 DE 02 BD 00 00 00
 (048.904808)  can0  068   [8]  00 C1 30 C2 3C 00 00 00
 (048.924607)  can0  067   [8]  05 47 0B 00 52 0B 00 00
 (048.924897)  can0  068   [8]  05 DB 18 01 A5 18 01 00
 (048.964605)  can0  067   [8]  0B 6A F1 8E BC 00 00 00
 (048.964856)  can0  068   [8]  0B 6A F1 8E 3C 00 00 00
 (049.024591)  can0  067   [8]  00 35 F7 02 BD 00 00 00
 (049.024883)  can0  068   [8]  00 7C FE C1 3C 00 00 00
 (049.044638)  can0  067   [8]  05 3C 0B 00 2E 0B 00 00
 (049.044660)  can0  067   [8]  12 80 67 00 01 01 00 00
 (049.044662)  can0  067   [8]  0C 02 A1 B6 00 00 70 40
 (049.044940)  can0  068   [8]  05 D1 18 01 DD 18 01 00
 (049.044949)  can0  068   [8]  12 80 67 00 01 01 00 00
 (049.045118)  can0  068   [8]  0C 02 A1 A4 00 00 70 10
 (049.064628)  can0  067   [8]  11 06 00 00 00 00 29 01
 (049.064881)  can0  068   [8]  11 06 00 00 00 00 29 01
 (049.084588)  can0  067   [8]  0B 6A F1 8E BC 00 00 00
 (049.084869)  can0  068   [8]  0B 6A F1 8E 3C 00 00 00
 (049.144520)  can0  067   [8]  00 13 DE 02 BD 00 00 00
 (049.144868)  can0  068   [8]  00 C1 30 C2 3C 00 00 00
 (049.164635)  can0  067   [8]  05 3C 0B 00 40 0B 00 00
 (049.164818)  can0  068   [8]  05 D0 18 01 B8 18 01 00
 (049.204596)  can0  067   [8]  0B 6A F1 8E BC 00 00 00
 (049.204851)  can0  068   [8]  0B 6A F1 8E 3C 00 00 00
 (049.264588)  can0  067   [8]  00 35 F7 02 BD 00 00 00
 (049.264866)  can0  068   [8]  00 C1 30 C2 3C 00 00 00
 (049.284575)  can0  067   [8]  05 31 0B 00 37 0B 00 00
 (049.284874)  can0  068   [8]  05 D0 18 01 A5 18 01 00
 (049.324494)  can0  067   [8]  0B 6A F1 8E BC 00 00 00
 (049.324827)  can0  068   [8]  0B 6A F1 8E 3C 00 00 00
 (049.384614)  can0  067   [8]  00 F1 C4 02 BD 00 00 00
 (049.384885)  can0  068   [8]  00 7C FE C1 3C 00 00 00
 (049.404575)  can0  067   [8]  05 3A 0B 00 24 0B 00 00
 (049.404817)  can0  068   [8]  05 D0 18 01 01 19 01 00
 (049.444569)  can0  067   [8]  0B 6A F1 8E BC 00 00 00
 (049.444810)  can0  068   [8]  0B 6A F1 8E 3C 00 00 00
 (049.504582)  can0  067   [8]  00 13 DE 02 BD 00 00 00
 (049.504851)  can0  068   [8]  00 C1 30 C2 3C 00 00 00
 (049.524576)  can0  067   [8]  05 43 0B 00 37 0B 00 00
 (049.524837)  can0  068   [8]  05 D0 18 01 30 19 01 00
 (049.564528)  can0  067   [8]  0B 6A F1 8E BC 00 00 00
 (049.564845)  can0  068   [8]  0B 6A F1 8E 3C 00 00 00
 (049.624480)  can0  067   [8]  00 F1 C4 02 BD 00 00 00
 (049.624883)  can0  068   [8]  00 C1 30 C2 3C 00 00 00
 (049.644562)  can0  067   [8]  05 43 0B 00 40 0B 00 00
 (049.644799)  can0  068   [8]  05 CF 18 01 83 19 01 00
 (049.684589)  can0  067   [8]  0B 6A F1 8E BC 00 00 00
 (049.684832)  can0  068   [8]  0B 6A F1 8E 3C 00 00 00
 (049.744587)  can0  067   [8]  00 35 F7 02 BD 00 00 00
 (049.744831)  can0  068   [8]  00 05 63 C2 3C 00 00 00
 (049.764580)  can0  067   [8]  05 38 0B 00 2D 0B 00 00
 (049.764836)  can0  068   [8]  05 CF 18 01 D3 18 01 00
 (049.804523)  can0  067   [8]  0B 6A F1 8E BC 00 00 00
 (049.804796)  can0  068   [8]  0B 6A F1 8E 3C 00 00 00
 (049.864558)  can0  067   [8]  00 13 DE 02 BD 00 00 00
 (049.864819)  can0  068   [8]  00 C1 30 C2 3C 00 00 00
 (049.884548)  can0  067   [8]  05 4B 0B 00 49 0B 00 00
 (049.884808)  can0  068   [8]  05 D9 18 01 B8 18 01 00
 (049.924502)  can0  067   [8]  0B 6A F1 8E BC 00 00 00
 (049.924800)  can0  068   [8]  0B 6A F1 8E 3C 00 00 00
 (049.984567)  can0  067   [8]  00 F1 C4 02 BD 00 00 00
 (049.984828)  can0  068   [8]  00 C1 30 C2 3C 00 00 00
 (050.004520)  can0  067   [8]  05 36 0B 00 2E 0B 00 00
 (050.004821)  can0  068   [8]  05 D8 18 01 B8 18 01 00
 (050.044529)  can0  067   [8]  0B 6A F1 8E BC 00 00 00
 (050.044553)  can0  067   [8]  12 80 67 00 01 01 00 00
 (050.044554)  can0  067   [8]  0C 02 A1 B6 00 00 70 40
 (050.044822)  can0  068   [8]  0B 6A F1 8E 3C 00 00 00
 (050.044968)  can0  068   [8]  12 80 67 00 01 01 00 00
 (050.044978)  can0  068   [8]  0C 02 A1 A4 00 00 80 10
 (050.064444)  can0  067   [8]  11 06 00 00 00 00 29 01
 (050.064831)  can0  068   [8]  11 06 00 00 00 00 29 01
 (050.067578)  can0  064   [8]  67 01 92 0A 86 BF 06 00
 (050.069894)  can0  064   [8]  68 01 92 0A 86 3F 06 00
 (050.084445)  can0  067   [8]  11 06 00 00 00 00 09 01
 (050.084792)  can0  068   [8]  11 06 00 00 00 00 09 01
 (050.104501)  can0  067   [8]  00 21 20 05 BD 00 00 00
 (050.104789)  can0  068   [8]  00 15 2C C3 3C 00 00 00
 (050.124498)  can0  067   [8]  05 DD 2D 00 1B 2E 00 00
 (050.124812)  can0  068   [8]  05 F5 2E 01 E9 2E 01 00
 (050.164501)  can0  067   [8]  0B 13 DE 02 BD 00 00 00
 (050.164807)  can0  068   [8]  0B 49 95 C2 3C 00 00 00
 (050.224498)  can0  067   [8]  00 0E D0 05 BD 00 00 00
 (050.224814)  can0  068   [8]  00 49 95 C2 3C 00 00 00
 (050.244507)  can0  067   [8]  05 3A 2E 00 29 2E 00 00
 (050.244789)  can0  068   [8]  05 D5 2F 01 90 2F 01 00
 (050.284502)  can0  067   [8]  0B 77 A2 04 BD 00 00 00
 (050.284784)  can0  068   [8]  0B 12 1E C6 3C 00 00 00
 (050.344525)  can0  067   [8]  00 3F 2B 08 BD 00 00 00
 (050.344801)  can0  068   [8]  00 15 2C C3 3C 00 00 00
 (050.364512)  can0  067   [8]  05 26 30 00 79 2F 00 00
 (050.364802)  can0  068   [8]  05 13 32 01 1F 32 01 00
 (050.404391)  can0  067   [8]  0B E8 21 0A BD 00 00 00
 (050.404866)  can0  068   [8]  0B AE EA D0 3C 00 00 00
 (050.464527)  can0  067   [8]  00 2C 54 0A BD 00 00 00
 (050.464829)  can0  068   [8]  00 9D 90 C3 3C 00 00 00
 (050.484499)  can0  067   [8]  05 5C 33 00 4C 33 00 00
 (050.484779)  can0  068   [8]  05 09 36 01 04 36 01 00
 (050.524504)  can0  067   [8]  0B C8 20 15 BD 00 00 00
 (050.524787)  can0  068   [8]  0B 70 E8 E6 3C 00 00 00
 (050.584529)  can0  067   [8]  00 6D FF 0B BD 00 00 00
 (050.584811)  can0  068   [8]  00 35 BE C4 3C 00 00 00
 (050.604449)  can0  067   [8]  05 77 39 00 62 39 00 00
 (050.604734)  can0  068   [8]  05 C5 3C 01 CB 3C 01 00
 (050.644506)  can0  067   [8]  0B 27 E1 27 BD 00 00 00
 (050.644758)  can0  068   [8]  0B 97 34 06 3D 00 00 00
 (050.704492)  can0  067   [8]  00 74 B6 20 BD 00 00 00
 (050.704794)  can0  068   [8]  00 30 55 F0 3C 00 00 00
 (050.724499)  can0  067   [8]  05 B7 2E 00 5F 2C 00 00
 (050.724745)  can0  068   [8]  05 56 2D 01 9E 2D 01 00
 (050.764528)  can0  067   [8]  0B 8B 40 44 BD 00 00 00
 (050.764736)  can0  068   [8]  0B 1D AD 22 3D 00 00 00
 (050.824494)  can0  067   [8]  00 E5 9F 92 BD 00 00 00
 (050.824785)  can0  068   [8]  00 51 76 80 3D 00 00 00
 (050.844479)  can0  067   [8]  05 36 15 00 C7 14 00 00
 (050.844755)  can0  068   [8]  05 6E 16 01 51 16 01 00
 (050.884475)  can0  067   [8]  0B 14 D1 6B BD 00 00 00
 (050.884714)  can0  068   [8]  0B C8 56 4A 3D 00 00 00
 (050.944525)  can0  067   [8]  00 30 F3 93 BD 00 00 00
 (050.944731)  can0  068   [8]  00 26 B5 80 3D 00 00 00
 (050.964451)  can0  067   [8]  05 1F 26 00 07 26 00 00
 (050.964735)  can0  068   [8]  05 D4 28 01 51 28 01 00
 (051.004475)  can0  067   [8]  0B D0 3C 8F BD 00 00 00
 (051.004757)  can0  068   [8]  0B B8 4A 7D 3D 00 00 00
 (051.044499)  can0  067   [8]  12 80 67 00 01 01 00 00
 (051.044519)  can0  067   [8]  0C 02 A1 AD 4C 00 50 7E
 (051.044762)  can0  068   [8]  12 80 67 00 01 01 00 00
 (051.044880)  can0  068   [8]  0C 02 A1 B6 4F 00 40 7E
 (051.064439)  can0  067   [8]  00 EA D4 AF BD 00 00 00
 (051.064853)  can0  068   [8]  00 DF 0F 9E 3D 00 00 00
 (051.084471)  can0  067   [8]  05 F0 1D 00 43 1D 00 00
 (051.084491)  can0  067   [8]  11 06 00 00 00 00 09 01
 (051.084741)  can0  068   [8]  05 01 1F 01 97 1E 01 00
 (051.084889)  can0  068   [8]  11 06 00 00 00 00 09 01
 (051.124419)  can0  067   [8]  0B 39 36 AE BD 00 00 00
 (051.124700)  can0  068   [8]  0B 78 C4 9D 3D 00 00 00
 (051.184432)  can0  067   [8]  00 39 62 D5 BD 00 00 00
 (051.184708)  can0  068   [8]  00 84 1F C3 3D 00 00 00
 (051.204436)  can0  067   [8]  05 84 23 00 AF 22 00 00
 (051.204733)  can0  068   [8]  05 FB 24 01 5D 24 01 00
 (051.244260)  can0  067   [8]  0B C5 D4 D2 BD 00 00 00
 (051.244810)  can0  068   [8]  0B 49 95 C2 3D 00 00 00
 (051.304440)  can0  067   [8]  00 13 D6 F2 BD 00 00 00
 (051.304715)  can0  068   [8]  00 B1 8E E1 3D 00 00 00
 (051.324285)  can0  067   [8]  05 6F 25 00 AF 24 00 00
 (051.324752)  can0  068   [8]  05 50 26 01 AE 25 01 00
 (051.364240)  can0  067   [8]  0B 52 FF FC BD 00 00 00
 (051.364849)  can0  068   [8]  0B 3C 0B ED 3D 00 00 00
 (051.424409)  can0  067   [8]  00 43 09 16 BE 00 00 00
 (051.424690)  can0  068   [8]  00 7D C8 0C 3E 00 00 00
 (051.444390)  can0  067   [8]  05 80 22 00 C4 21 00 00
 (051.444682)  can0  068   [8]  05 CF 24 01 FE 24 01 00
 (051.484438)  can0  067   [8]  0B 3A 61 16 BE 00 00 00
 (051.484721)  can0  068   [8]  0B E2 8C 0E 3E 00 00 00
 (051.544436)  can0  067   [8]  00 9D F5 28 BE 00 00 00
 (051.544699)  can0  068   [8]  00 4E C9 20 3E 00 00 00
 (051.564236)  can0  067   [8]  05 0F 1F 00 02 1F 00 00
 (051.564749)  can0  068   [8]  05 36 21 01 69 20 01 00
 (051.604414)  can0  067   [8]  0B 64 BD 30 BE 00 00 00
 (051.604699)  can0  068   [8]  0B 07 15 29 3E 00 00 00
 (051.664407)  can0  067   [8]  00 AF A6 45 BE 00 00 00
 (051.664712)  can0  068   [8]  00 F3 0D 3C 3E 00 00 00
 (051.684407)  can0  067   [8]  05 66 28 00 61 26 00 00
 (051.684701)  can0  068   [8]  05 70 2A 01 6D 28 01 00
 (051.724422)  can0  067   [8]  0B 7B 42 4D BE 00 00 00
 (051.724708)  can0  068   [8]  0B AB D2 45 3E 00 00 00
 (051.784387)  can0  067   [8]  00 3B 7F 67 BE 00 00 00
 (051.784695)  can0  068   [8]  00 2A 64 5E 3E 00 00 00
 (051.804419)  can0  067   [8]  05 09 1F 00 66 1E 00 00
 (051.804690)  can0  068   [8]  05 72 22 01 3D 22 01 00
 (051.844435)  can0  067   [8]  0B E6 C2 6A BE 00 00 00
 (051.844695)  can0  068   [8]  0B A3 8B 63 3E 00 00 00
 (051.904423)  can0  067   [8]  00 DF 11 82 BE 00 00 00
 (051.904692)  can0  068   [8]  00 15 28 7B 3E 00 00 00
 (051.924420)  can0  067   [8]  05 A0 1B 00 F8 1B 00 00
 (051.924703)  can0  068   [8]  05 D9 1E 01 C4 1E 01 00
 (051.964413)  can0  067   [8]  0B 99 BB 84 BE 00 00 00
 (051.964713)  can0  068   [8]  0B 3D 3C 81 3E 00 00 00
 (052.024386)  can0  067   [8]  00 08 7A 8E BE 00 00 00
 (052.024703)  can0  068   [8]  00 98 5D 8A 3E 00 00 00
 (052.044426)  can0  067   [8]  05 EA 22 00 E2 22 00 00
 (052.044448)  can0  067   [8]  12 80 67 00 01 01 00 00
 (052.044449)  can0  067   [8]  0C 02 A1 89 FF 00 00 7E
 (052.044681)  can0  068   [8]  05 31 25 01 63 24 01 00
 (052.044705)  can0  068   [8]  12 80 67 00 01 01 00 00
 (052.044912)  can0  068   [8]  0C 02 A1 89 FF 00 00 7E
 (052.084201)  can0  067   [8]  0B 27 4B 94 BE 00 00 00
 (052.084326)  can0  067   [8]  11 06 00 00 00 00 09 01
 (052.084803)  can0  068   [8]  0B 36 EB 90 3E 00 00 00
 (052.084828)  can0  068   [8]  11 06 00 00 00 00 09 01
 (052.144358)  can0  067   [8]  00 E3 46 9F BE 00 00 00
 (052.144748)  can0  068   [8]  00 10 C9 9A 3E 00 00 00
 (052.164393)  can0  067   [8]  05 60 26 00 C3 26 00 00
 (052.164647)  can0  068   [8]  05 D9 28 01 4C 28 01 00
 (052.204181)  can0  067   [8]  0B 22 E4 A3 BE 00 00 00
 (052.204757)  can0  068   [8]  0B 9B A3 A0 3E 00 00 00
 (052.264389)  can0  067   [8]  00 A6 05 B1 BE 00 00 00
 (052.264661)  can0  068   [8]  00 87 97 AC 3E 00 00 00
 (052.284374)  can0  067   [8]  05 F1 1E 00 5A 1E 00 00
 (052.284782)  can0  068   [8]  05 F0 23 01 4F 23 01 00
 (052.324385)  can0  067   [8]  0B 1C 7D B3 BE 00 00 00
 (052.324663)  can0  068   [8]  0B 00 5C B0 3E 00 00 00
 (052.384399)  can0  067   [8]  00 66 77 C1 BE 00 00 00
 (052.384688)  can0  068   [8]  00 27 DA BC 3E 00 00 00
 (052.404396)  can0  067   [8]  05 FE 19 00 E6 18 00 00
 (052.404711)  can0  068   [8]  05 49 1E 01 EC 1D 01 00
 (052.444396)  can0  067   [8]  0B 17 16 C3 BE 00 00 00
 (052.444675)  can0  068   [8]  0B 66 14 C0 3E 00 00 00
 (052.504406)  can0  067   [8]  00 41 1B CE BE 00 00 00
 (052.504651)  can0  068   [8]  00 AA 11 CA 3E 00 00 00
 (052.524385)  can0  067   [8]  05 EA 1A 00 40 1A 00 00
 (052.524640)  can0  068   [8]  05 E3 1F 01 3D 1F 01 00
 (052.564172)  can0  067   [8]  0B EE AB D2 BE 00 00 00
 (052.564699)  can0  068   [8]  0B CB CC CF 3E 00 00 00
 (052.624399)  can0  067   [8]  00 B5 39 DD BE 00 00 00
 (052.624654)  can0  068   [8]  00 D2 55 D9 3E 00 00 00
 (052.644387)  can0  067   [8]  05 76 23 00 07 23 00 00
 (052.644659)  can0  068   [8]  05 9E 26 01 F9 25 01 00
 (052.684389)  can0  067   [8]  0B E9 44 E2 BE 00 00 00
 (052.684635)  can0  068   [8]  0B 30 85 DF 3E 00 00 00
 (052.744384)  can0  067   [8]  00 12 AD EE BE 00 00 00
 (052.744653)  can0  068   [8]  00 AE 22 EA 3E 00 00 00
 (052.764379)  can0  067   [8]  05 44 20 00 35 20 00 00
 (052.764626)  can0  068   [8]  05 53 25 01 12 25 01 00
 (052.804365)  can0  067   [8]  0B E3 DD F1 BE 00 00 00
 (052.804653)  can0  068   [8]  0B 96 3D EF 3E 00 00 00
 (052.864386)  can0  067   [8]  00 9C CB FF BE 00 00 00
 (052.864664)  can0  068   [8]  00 4E C8 FB 3E 00 00 00
 (052.884372)  can0  067   [8]  05 37 19 00 80 18 00 00
 (052.884625)  can0  068   [8]  05 8F 1E 01 57 1E 01 00
 (052.924383)  can0  067   [8]  0B 6F BB 00 BF 00 00 00
 (052.924656)  can0  068   [8]  0B FB F5 FE 3E 00 00 00
 (052.984383)  can0  067   [8]  00 0A 6A 07 BF 00 00 00
 (052.984635)  can0  068   [8]  00 63 5D 05 3F 00 00 00
 (053.004381)  can0  067   [8]  05 2B 15 00 C2 14 00 00
 (053.004640)  can0  068   [8]  05 06 1B 01 A9 1A 01 00
 (053.044371)  can0  067   [8]  0B A1 97 08 BF 00 00 00
 (053.044393)  can0  067   [8]  12 80 67 00 01 01 00 00
 (053.044395)  can0  067   [8]  0C 02 A1 AD FF 00 00 7E
 (053.044632)  can0  068   [8]  0B 78 68 07 3F 00 00 00
 (053.044676)  can0  068   [8]  12 80 67 00 01 01 00 00
 (053.044890)  can0  068   [8]  0C 02 A1 92 FF 00 00 7E
 (053.084382)  can0  067   [8]  11 06 00 00 00 00 09 01
 (053.084631)  can0  068   [8]  11 06 00 00 00 00 09 01
 (053.104347)  can0  067   [8]  00 F7 B0 0D BF 00 00 00
 (053.104602)  can0  068   [8]  00 73 C8 0B 3F 00 00 00
 (053.124350)  can0  067   [8]  05 10 1D 00 52 1C 00 00
 (053.124620)  can0  068   [8]  05 54 22 01 A4 21 01 00
 (053.164365)  can0  067   [8]  0B D8 52 10 BF 00 00 00
 (053.164610)  can0  068   [8]  0B 63 33 0F 3F 00 00 00
 (053.224346)  can0  067   [8]  00 F8 18 16 BF 00 00 00
 (053.224586)  can0  068   [8]  00 07 1C 14 3F 00 00 00
 (053.244352)  can0  067   [8]  05 A3 1F 00 59 1F 00 00
 (053.244605)  can0  068   [8]  05 AC 24 01 B3 23 01 00
 (053.284383)  can0  067   [8]  0B 55 1F 18 BF 00 00 00
 (053.284627)  can0  068   [8]  0B 96 0F 17 3F 00 00 00
 (053.344404)  can0  067   [8]  00 13 DC 1E BF 00 00 00
 (053.344567)  can0  068   [8]  00 D8 E3 1C 3F 00 00 00
 (053.364359)  can0  067   [8]  05 A6 19 00 FF 18 00 00
 (053.364616)  can0  068   [8]  05 B3 20 01 F9 1F 01 00
 (053.404367)  can0  067   [8]  0B D2 EB 1F BF 00 00 00
 (053.404615)  can0  068   [8]  0B C8 EB 1E 3F 00 00 00
 (053.464366)  can0  067   [8]  00 CC 27 27 BF 00 00 00
 (053.464617)  can0  068   [8]  00 27 10 25 3F 00 00 00
 (053.484360)  can0  067   [8]  05 96 13 00 50 12 00 00
 (053.484559)  can0  068   [8]  05 9D 19 01 F9 19 01 00
 (053.524361)  can0  067   [8]  0B BE B6 27 BF 00 00 00
 (053.524607)  can0  068   [8]  0B FB C7 26 3F 00 00 00
 (053.584369)  can0  067   [8]  00 DB 92 2D BF 00 00 00
 (053.584616)  can0  068   [8]  00 2F C8 2B 3F 00 00 00
 (053.604276)  can0  067   [8]  05 A1 13 00 BB 12 00 00
 (053.604570)  can0  068   [8]  05 ED 1A 01 9A 1A 01 00
 (053.644299)  can0  067   [8]  0B 3B 83 2F BF 00 00 00
 (053.644600)  can0  068   [8]  0B 2E A4 2E 3F 00 00 00
 (053.704381)  can0  067   [8]  00 19 01 35 BF 00 00 00
 (053.704551)  can0  068   [8]  00 01 22 33 3F 00 00 00
 (053.724349)  can0  067   [8]  05 96 1D 00 8C 1C 00 00
 (053.724587)  can0  068   [8]  05 02 24 01 97 23 01 00
 (053.764256)  can0  067   [8]  0B B9 4F 37 BF 00 00 00
 (053.764538)  can0  068   [8]  0B 60 80 36 3F 00 00 00
 (053.824338)  can0  067   [8]  00 5C A6 3D BF 00 00 00
 (053.824589)  can0  068   [8]  00 22 AE 3B 3F 00 00 00
 (053.844269)  can0  067   [8]  05 CA 19 00 BA 18 00 00
 (053.844589)  can0  068   [8]  05 BA 20 01 80 20 01 00
 (053.884246)  can0  067   [8]  0B 36 1C 3F BF 00 00 00
 (053.884579)  can0  068   [8]  0B 93 5C 3E 3F 00 00 00
 (053.944239)  can0  067   [8]  00 A1 35 46 BF 00 00 00
 (053.944624)  can0  068   [8]  00 60 7F 44 3F 00 00 00
 (053.964202)  can0  067   [8]  05 05 13 00 A2 12 00 00
 (053.964543)  can0  068   [8]  05 E3 19 01 F3 19 01 00
 (054.004263)  can0  067   [8]  0B 21 E7 46 BF 00 00 00
 (054.004547)  can0  068   [8]  0B C6 38 46 3F 00 00 00
 (054.044264)  can0  067   [8]  12 80 67 00 01 01 00 00
 (054.044290)  can0  067   [8]  0C 02 A1 A4 FF 00 00 7E
 (054.044617)  can0  068   [8]  12 80 67 00 01 01 00 00
 (054.044629)  can0  068   [8]  0C 02 A1 B6 FF 00 00 7E
 (054.064243)  can0  067   [8]  00 28 9F 4D BF 00 00 00
 (054.064542)  can0  068   [8]  00 59 C6 4B 3F 00 00 00
 (054.084270)  can0  067   [8]  05 4D 0E 00 66 12 00 00
 (054.084291)  can0  067   [8]  11 06 00 00 00 00 09 01
 (054.084558)  can0  068   [8]  05 7B 16 01 4B 16 01 00
 (054.084602)  can0  068   [8]  11 06 00 00 00 00 09 01
 (054.124233)  can0  067   [8]  0B 9F B3 4E BF 00 00 00
 (054.124570)  can0  068   [8]  0B F8 14 4E 3F 00 00 00
 (054.184215)  can0  067   [8]  00 AA DC 53 BF 00 00 00
 (054.184621)  can0  068   [8]  00 67 3C 52 3F 00 00 00
 (054.204163)  can0  067   [8]  05 E0 16 00 84 16 00 00
 (054.204535)  can0  068   [8]  05 C8 1D 01 A0 1D 01 00
 (054.244277)  can0  067   [8]  0B D5 6E 56 BF 00 00 00
 (054.244583)  can0  068   [8]  0B 75 E1 55 3F 00 00 00
 (054.304194)  can0  067   [8]  00 3E 30 5C BF 00 00 00
 (054.304573)  can0  068   [8]  00 FF 6E 5A 3F 00 00 00
 (054.324239)  can0  067   [8]  05 E0 17 00 AB 17 00 00
 (054.324518)  can0  068   [8]  05 49 1F 01 F0 1E 01 00
 (054.364233)  can0  067   [8]  0B EA FA 5D BF 00 00 00
 (054.364509)  can0  068   [8]  0B D2 7E 5D 3F 00 00 00
 (054.424237)  can0  067   [8]  00 AC 96 64 BF 00 00 00
 (054.424509)  can0  068   [8]  00 AF 12 63 3F 00 00 00
 (054.444262)  can0  067   [8]  05 89 10 00 32 0F 00 00
 (054.444524)  can0  068   [8]  05 CA 17 01 9F 17 01 00
 (054.484176)  can0  067   [8]  0B 76 38 65 BF 00 00 00
 (054.484512)  can0  068   [8]  0B 14 CC 64 3F 00 00 00
 (054.544238)  can0  067   [8]  00 29 00 6B BF 00 00 00
 (054.544515)  can0  068   [8]  00 E3 75 69 3F 00 00 00
 (054.564126)  can0  067   [8]  05 75 0A 00 82 0A 00 00
 (054.564673)  can0  068   [8]  05 7F 12 01 9F 12 01 00
 (054.604198)  can0  067   [8]  0B EA 04 6C BF 00 00 00
 (054.604509)  can0  068   [8]  0B 3C A8 6B 3F 00 00 00
 (054.664223)  can0  067   [8]  00 BD 82 70 BF 00 00 00
 (054.664553)  can0  068   [8]  00 73 2F 6F 3F 00 00 00
 (054.684216)  can0  067   [8]  05 E6 15 00 13 16 00 00
 (054.684513)  can0  068   [8]  05 0E 1D 01 E5 1C 01 00
 (054.724228)  can0  067   [8]  0B 6C 42 72 BF 00 00 00
 (054.724504)  can0  068   [8]  0B 73 F5 71 3F 00 00 00
 (054.784216)  can0  067   [8]  00 B2 F5 77 BF 00 00 00
 (054.784495)  can0  068   [8]  00 15 F4 76 3F 00 00 00
 (054.804213)  can0  067   [8]  05 04 0E 00 09 0E 00 00
 (054.804494)  can0  068   [8]  05 DB 11 01 21 0E 01 00
 (054.844207)  can0  067   [8]  0B 91 D1 77 BF 00 00 00
 (054.844502)  can0  068   [8]  0B BC 92 77 3F 00 00 00
 (054.904232)  can0  067   [8]  00 BC C6 7B BF 00 00 00
 (054.904503)  can0  068   [8]  00 27 78 7A 3F 00 00 00
 (054.924253)  can0  067   [8]  05 42 0F 00 40 0F 00 00
 (054.924567)  can0  068   [8]  05 C2 16 01 10 17 01 00
 (054.964185)  can0  067   [8]  0B A4 AD 7C BF 00 00 00
 (054.964470)  can0  068   [8]  0B F2 7C 7C 3F 00 00 00
 (055.024224)  can0  067   [8]  00 27 AA 80 BF 00 00 00
 (055.024507)  can0  068   [8]  00 79 58 80 3F 00 00 00
 (055.044228)  can0  067   [8]  05 97 0E 00 8E 0D 00 00
 (055.044246)  can0  067   [8]  12 80 67 00 01 01 00 00
 (055.044248)  can0  067   [8]  0C 02 A1 89 FF 00 00 7E
 (055.044493)  can0  068   [8]  05 B5 11 01 DF 10 01 00
 (055.044639)  can0  068   [8]  12 80 67 00 01 01 00 00
 (055.044770)  can0  068   [8]  0C 02 A1 9B FF 00 00 7E
 (055.084228)  can0  067   [8]  0B 40 6F 80 BF 00 00 00
 (055.084248)  can0  067   [8]  11 06 00 00 00 00 09 01
 (055.084505)  can0  068   [8]  0B 66 5C 80 3F 00 00 00
 (055.084633)  can0  068   [8]  11 06 00 00 00 00 09 01
 (055.144160)  can0  067   [8]  00 A2 49 82 BF 00 00 00
 (055.144444)  can0  068   [8]  00 C3 B6 81 3F 00 00 00
 (055.164176)  can0  067   [8]  05 00 0E 00 17 0E 00 00
 (055.164455)  can0  068   [8]  05 0F 14 01 4F 14 01 00
 (055.204150)  can0  067   [8]  0B 4A 26 82 BF 00 00 00
 (055.204453)  can0  068   [8]  0B 27 18 82 3F 00 00 00
 (055.264213)  can0  067   [8]  00 20 74 84 BF 00 00 00
 (055.264502)  can0  068   [8]  00 F0 32 84 3F 00 00 00
 (055.284163)  can0  067   [8]  05 3D 08 00 91 08 00 00
 (055.284441)  can0  068   [8]  05 3D 0A 01 8D 0A 01 00
 (055.324111)  can0  067   [8]  0B EF 86 83 BF 00 00 00
 (055.324494)  can0  068   [8]  0B B9 7C 83 3F 00 00 00
 (055.384062)  can0  067   [8]  00 F2 7F 85 BF 00 00 00
 (055.384446)  can0  068   [8]  00 38 F0 84 3F 00 00 00
 (055.404158)  can0  067   [8]  05 60 07 00 27 07 00 00
 (055.404459)  can0  068   [8]  05 23 0E 01 F6 0C 01 00
 (055.444178)  can0  067   [8]  0B 0B 8E 84 BF 00 00 00
 (055.444457)  can0  068   [8]  0B F9 86 84 3F 00 00 00
 (055.504145)  can0  067   [8]  00 39 53 86 BF 00 00 00
 (055.504439)  can0  068   [8]  00 E7 ED 85 3F 00 00 00
 (055.524183)  can0  067   [8]  05 DC 08 00 8B 08 00 00
 (055.524467)  can0  068   [8]  05 11 0E 01 03 0E 01 00
 (055.564181)  can0  067   [8]  0B 1D 41 85 BF 00 00 00
 (055.564466)  can0  068   [8]  0B F9 3D 85 3F 00 00 00
 (055.624185)  can0  067   [8]  00 4C FB 86 BF 00 00 00
 (055.624479)  can0  068   [8]  00 E6 AF 86 3F 00 00 00
 (055.644150)  can0  067   [8]  05 0E 08 00 F1 07 00 00
 (055.644432)  can0  068   [8]  05 15 0B 01 B0 0D 01 00
 (055.684141)  can0  067   [8]  0B 6D B1 85 BF 00 00 00
 (055.684432)  can0  068   [8]  0B 12 AF 85 3F 00 00 00
 (055.744195)  can0  067   [8]  00 F9 57 87 BF 00 00 00
 (055.744458)  can0  068   [8]  00 46 32 87 3F 00 00 00
 (055.764169)  can0  067   [8]  05 DE 07 00 18 08 00 00
 (055.764463)  can0  068   [8]  05 FB 09 01 13 0A 01 00
 (055.804165)  can0  067   [8]  0B 1E ED 85 BF 00 00 00
 (055.804460)  can0  068   [8]  0B 55 EC 85 3F 00 00 00
 (055.864150)  can0  067   [8]  00 AA 93 87 BF 00 00 00
 (055.864436)  can0  068   [8]  00 8D 4E 87 3F 00 00 00
 (055.884159)  can0  067   [8]  05 F4 07 00 E1 07 00 00
 (055.884446)  can0  068   [8]  05 76 0B 01 74 0B 01 00
 (055.924138)  can0  067   [8]  0B 78 05 86 BF 00 00 00
 (055.924428)  can0  068   [8]  0B AF 04 86 3F 00 00 00
 (055.984149)  can0  067   [8]  00 85 9B 87 BF 00 00 00
 (055.984408)  can0  068   [8]  00 56 4F 87 3F 00 00 00
 (056.004149)  can0  067   [8]  05 24 08 00 B4 07 00 00
 (056.004418)  can0  068   [8]  05 41 0C 01 A2 0C 01 00
 (056.044132)  can0  067   [8]  0B 65 09 86 BF 00 00 00
 (056.044150)  can0  067   [8]  12 80 67 00 01 01 00 00
 (056.044151)  can0  067   [8]  0C 02 A1 B6 57 00 10 7E
 (056.044426)  can0  068   [8]  0B 65 09 86 3F 00 00 00
 (056.044556)  can0  068   [8]  12 80 67 00 01 01 00 00
 (056.044687)  can0  068   [8]  0C 02 A1 89 59 00 10 7E
 (056.084139)  can0  067   [8]  11 06 00 00 00 00 29 01
 (056.084414)  can0  068   [8]  11 06 00 00 00 00 29 01
 (056.104139)  can0  067   [8]  00 F1 A4 87 BF 00 00 00
 (056.104412)  can0  068   [8]  00 42 5E 87 3F 00 00 00
 (056.124128)  can0  067   [8]  05 5D 03 01 57 03 01 00
 (056.124409)  can0  068   [8]  05 48 00 01 66 03 01 00
 (056.164140)  can0  067   [8]  0B 2E 0A 86 BF 00 00 00
 (056.164409)  can0  068   [8]  0B 2E 0A 86 3F 00 00 00
 (056.224145)  can0  067   [8]  00 BA A5 87 BF 00 00 00
 (056.224438)  can0  068   [8]  00 42 5E 87 3F 00 00 00
 (056.244136)  can0  067   [8]  05 5E 03 01 5D 03 01 00
 (056.244415)  can0  068   [8]  05 53 00 01 41 00 01 00
 (056.284083)  can0  067   [8]  0B 2E 0A 86 BF 00 00 00
 (056.284496)  can0  068   [8]  0B 2E 0A 86 3F 00 00 00
 (056.344131)  can0  067   [8]  00 BA A5 87 BF 00 00 00
 (056.344401)  can0  068   [8]  00 42 5E 87 3F 00 00 00
 (056.364118)  can0  067   [8]  05 53 03 01 5D 03 01 00
 (056.364489)  can0  068   [8]  05 52 00 01 5D 00 01 00
 (056.404157)  can0  067   [8]  0B 2E 0A 86 BF 00 00 00
 (056.404390)  can0  068   [8]  0B 2E 0A 86 3F 00 00 00
 (056.464112)  can0  067   [8]  00 83 A6 87 BF 00 00 00
 (056.464396)  can0  068   [8]  00 79 5D 87 3F 00 00 00
 (056.484072)  can0  067   [8]  05 5F 03 01 6F 03 01 00
 (056.484402)  can0  068   [8]  05 47 00 01 0A 00 01 00
 (056.524088)  can0  067   [8]  0B 2E 0A 86 BF 00 00 00
 (056.524378)  can0  068   [8]  0B 2E 0A 86 3F 00 00 00
 (056.584051)  can0  067   [8]  00 BA A5 87 BF 00 00 00
 (056.584463)  can0  068   [8]  00 B0 5C 87 3F 00 00 00
 (056.604078)  can0  067   [8]  05 6A 03 01 5D 03 01 00
 (056.604502)  can0  068   [8]  05 51 00 01 38 00 01 00
 (056.644073)  can0  067   [8]  0B 2E 0A 86 BF 00 00 00
 (056.644360)  can0  068   [8]  0B 2E 0A 86 3F 00 00 00
 (056.704094)  can0  067   [8]  00 83 A6 87 BF 00 00 00
 (056.704398)  can0  068   [8]  00 79 5D 87 3F 00 00 00
 (056.724076)  can0  067   [8]  05 6A 03 01 4B 03 01 00
 (056.724390)  can0  068   [8]  05 46 00 01 26 00 01 00
 (056.764096)  can0  067   [8]  0B 2E 0A 86 BF 00 00 00
 (056.764386)  can0  068   [8]  0B 2E 0A 86 3F 00 00 00
 (056.824072)  can0  067   [8]  00 BA A5 87 BF 00 00 00
 (056.824342)  can0  068   [8]  00 79 5D 87 3F 00 00 00
 (056.844055)  can0  067   [8]  05 6B 03 01 6F 03 01 00
 (056.844346)  can0  068   [8]  05 50 00 01 54 00 01 00
 (056.884041)  can0  067   [8]  0B 2E 0A 86 BF 00 00 00
 (056.884353)  can0  068   [8]  0B 2E 0A 86 3F 00 00 00
 (056.944059)  can0  067   [8]  00 BA A5 87 BF 00 00 00
 (056.944367)  can0  068   [8]  00 79 5D 87 3F 00 00 00
 (056.964039)  can0  067   [8]  05 76 03 01 79 03 01 00
 (056.964452)  can0  068   [8]  05 45 00 01 82 00 01 00
 (057.004079)  can0  067   [8]  0B 2E 0A 86 BF 00 00 00
 (057.004390)  can0  068   [8]  0B 2E 0A 86 3F 00 00 00
 (057.044116)  can0  067   [8]  12 80 67 00 01 01 00 00
 (057.044136)  can0  067   [8]  0C 02 A1 B6 00 00 70 40
 (057.044455)  can0  068   [8]  12 80 67 00 01 01 00 00
 (057.044464)  can0  068   [8]  0C 02 A1 89 00 00 60 02
 (057.064077)  can0  067   [8]  00 BA A5 87 BF 00 00 00
 (057.064375)  can0  068   [8]  00 B0 5C 87 3F 00 00 00
 (057.084074)  can0  067   [8]  05 62 03 01 54 03 01 00
 (057.084095)  can0  067   [8]  11 06 00 00 00 00 29 01
 (057.084408)  can0  068   [8]  05 4F 00 01 4A 00 01 00
 (057.084418)  can0  068   [8]  11 06 00 00 00 00 29 01
 (057.124043)  can0  067   [8]  0B 2E 0A 86 BF 00 00 00
 (057.124373)  can0  068   [8]  0B 2E 0A 86 3F 00 00 00
 (057.184066)  can0  067   [8]  00 83 A6 87 BF 00 00 00
 (057.184351)  can0  068   [8]  00 79 5D 87 3F 00 00 00
 (057.204057)  can0  067   [8]  05 6D 03 01 54 03 01 00
 (057.204358)  can0  068   [8]  05 4F 00 01 54 00 01 00
 (057.244089)  can0  067   [8]  0B 2E 0A 86 BF 00 00 00
 (057.244370)  can0  068   [8]  0B 2E 0A 86 3F 00 00 00
 (057.304091)  can0  067   [8]  00 83 A6 87 BF 00 00 00
 (057.304358)  can0  068   [8]  00 79 5D 87 3F 00 00 00
 (057.324081)  can0  067   [8]  05 6D 03 01 67 03 01 00
 (057.324338)  can0  068   [8]  05 58 00 01 A7 00 01 00
 (057.364038)  can0  067   [8]  0B 2E 0A 86 BF 00 00 00
 (057.364324)  can0  068   [8]  0B 2E 0A 86 3F 00 00 00
 (057.423984)  can0  067   [8]  00 83 A6 87 BF 00 00 00
 (057.424406)  can0  068   [8]  00 79 5D 87 3F 00 00 00
 (057.443984)  can0  067   [8]  05 64 03 01 54 03 01 00
 (057.444425)  can0  068   [8]  05 58 00 01 5D 00 01 00
 (057.484024)  can0  067   [8]  0B 2E 0A 86 BF 00 00 00
 (057.484332)  can0  068   [8]  0B 2E 0A 86 3F 00 00 00
 (057.544035)  can0  067   [8]  00 BA A5 87 BF 00 00 00
 (057.544330)  can0  068   [8]  00 B0 5C 87 3F 00 00 00
 (057.563980)  can0  067   [8]  05 65 03 01 82 03 01 00
 (057.564397)  can0  068   [8]  05 57 00 01 5D 00 01 00
 (057.604014)  can0  067   [8]  0B 2E 0A 86 BF 00 00 00
 (057.604328)  can0  068   [8]  0B 2E 0A 86 3F 00 00 00
 (057.664017)  can0  067   [8]  00 BA A5 87 BF 00 00 00
 (057.664321)  can0  068   [8]  00 42 5E 87 3F 00 00 00
 (057.684024)  can0  067   [8]  05 65 03 01 6F 03 01 00
 (057.684335)  can0  068   [8]  05 42 00 01 54 00 01 00
 (057.724074)  can0  067   [8]  0B 2E 0A 86 BF 00 00 00
 (057.724323)  can0  068   [8]  0B 2E 0A 86 3F 00 00 00
 (057.783974)  can0  067   [8]  00 4D A7 87 BF 00 00 00
 (057.784425)  can0  068   [8]  00 B0 5C 87 3F 00 00 00
 (057.804018)  can0  067   [8]  05 70 03 01 6F 03 01 00
 (057.804317)  can0  068   [8]  05 4C 00 01 4A 00 01 00
 (057.843950)  can0  067   [8]  0B 2E 0A 86 BF 00 00 00
 (057.844328)  can0  068   [8]  0B 2E 0A 86 3F 00 00 00
 (057.903988)  can0  067   [8]  00 83 A6 87 BF 00 00 00
 (057.904305)  can0  068   [8]  00 B0 5C 87 3F 00 00 00
 (057.923984)  can0  067   [8]  05 52 03 01 26 03 01 00
 (057.924400)  can0  068   [8]  05 4C 00 01 4A 00 01 00
 (057.963990)  can0  067   [8]  0B 2E 0A 86 BF 00 00 00
 (057.964283)  can0  068   [8]  0B 2E 0A 86 3F 00 00 00
 (058.024002)  can0  067   [8]  00 F1 A4 87 BF 00 00 00
 (058.024264)  can0  068   [8]  00 B0 5C 87 3F 00 00 00
 (058.044019)  can0  067   [8]  05 67 03 01 67 03 01 00
 (058.044038)  can0  067   [8]  12 80 67 00 01 01 00 00
 (058.044040)  can0  067   [8]  0C 02 A1 B6 00 00 60 40
 (058.044288)  can0  068   [8]  05 55 00 01 66 00 01 00
 (058.044421)  can0  068   [8]  12 80 67 00 01 01 00 00
 (058.044522)  can0  068   [8]  0C 02 A1 89 00 00 70 02
 (058.083989)  can0  067   [8]  0B 2E 0A 86 BF 00 00 00
 (058.084009)  can0  067   [8]  11 06 00 00 00 00 29 01
 (058.084349)  can0  068   [8]  0B 2E 0A 86 3F 00 00 00
 (058.084359)  can0  068   [8]  11 06 00 00 00 00 29 01
 (058.144002)  can0  067   [8]  00 83 A6 87 BF 00 00 00
 (058.144284)  can0  068   [8]  00 79 5D 87 3F 00 00 00
 (058.164003)  can0  067   [8]  05 68 03 01 67 03 01 00
 (058.164289)  can0  068   [8]  05 55 00 01 4A 00 01 00
 (058.204003)  can0  067   [8]  0B 2E 0A 86 BF 00 00 00
 (058.204268)  can0  068   [8]  0B 2E 0A 86 3F 00 00 00
 (058.263981)  can0  067   [8]  00 BA A5 87 BF 00 00 00
 (058.264269)  can0  068   [8]  00 B0 5C 87 3F 00 00 00
 (058.283949)  can0  067   [8]  05 69 03 01 66 03 01 00
 (058.284250)  can0  068   [8]  05 4A 00 01 2F 00 01 00
 (058.323921)  can0  067   [8]  0B 2E 0A 86 BF 00 00 00
 (058.324314)  can0  068   [8]  0B 2E 0A 86 3F 00 00 00
 (058.384015)  can0  067   [8]  00 BA A5 87 BF 00 00 00
 (058.384268)  can0  068   [8]  00 79 5D 87 3F 00 00 00
 (058.403981)  can0  067   [8]  05 69 03 01 82 03 01 00
 (058.404391)  can0  068   [8]  05 54 00 01 5D 00 01 00
 (058.443999)  can0  067   [8]  0B 2E 0A 86 BF 00 00 00
 (058.444255)  can0  068   [8]  0B 2E 0A 86 3F 00 00 00
 (058.503982)  can0  067   [8]  00 BA A5 87 BF 00 00 00
 (058.504258)  can0  068   [8]  00 B0 5C 87 3F 00 00 00
 (058.523966)  can0  067   [8]  05 6A 03 01 6F 03 01 00
 (058.524242)  can0  068   [8]  05 53 00 01 5D 00 01 00
 (058.563983)  can0  067   [8]  0B 2E 0A 86 BF 00 00 00
 (058.564251)  can0  068   [8]  0B 2E 0A 86 3F 00 00 00
 (058.624025)  can0  067   [8]  00 F1 A4 87 BF 00 00 00
 (058.624292)  can0  068   [8]  00 B0 5C 87 3F 00 00 00
 (058.643974)  can0  067   [8]  05 74 03 01 82 03 01 00
 (058.644254)  can0  068   [8]  05 53 00 01 41 00 01 00
 (058.683940)  can0  067   [8]  0B 2E 0A 86 BF 00 00 00
 (058.684271)  can0  068   [8]  0B 2E 0A 86 3F 00 00 00
 (058.743929)  can0  067   [8]  00 BA A5 87 BF 00 00 00
 (058.744243)  can0  068   [8]  00 B0 5C 87 3F 00 00 00
 (058.763927)  can0  067   [8]  05 6B 03 01 67 03 01 00
 (058.764248)  can0  068   [8]  05 48 00 01 4A 00 01 00
 (058.803960)  can0  067   [8]  0B 2E 0A 86 BF 00 00 00
 (058.804254)  can0  068   [8]  0B 2E 0A 86 3F 00 00 00
 (058.863927)  can0  067   [8]  00 BA A5 87 BF 00 00 00
 (058.864263)  can0  068   [8]  00 79 5D 87 3F 00 00 00
 (058.883931)  can0  067   [8]  05 80 03 01 82 03 01 00
 (058.884247)  can0  068   [8]  05 48 00 01 41 00 01 00
 (058.923894)  can0  067   [8]  0B 2E 0A 86 BF 00 00 00
 (058.924238)  can0  068   [8]  0B 2E 0A 86 3F 00 00 00
 (058.983929)  can0  067   [8]  00 BA A5 87 BF 00 00 00
 (058.984267)  can0  068   [8]  00 79 5D 87 3F 00 00 00
 (059.003952)  can0  067   [8]  05 76 03 01 66 03 01 00
 (059.004241)  can0  068   [8]  05 51 00 01 53 00 01 00
 (059.043973)  can0  067   [8]  0B 2E 0A 86 BF 00 00 00
 (059.043992)  can0  067   [8]  12 80 67 00 01 01 00 00
 (059.043994)  can0  067   [8]  0C 02 A1 B6 00 00 70 40
 (059.044260)  can0  068   [8]  0B 2E 0A 86 3F 00 00 00
 (059.044303)  can0  068   [8]  12 80 67 00 01 01 00 00
 (059.044507)  can0  068   [8]  0C 02 A1 89 00 00 70 02
 (059.083968)  can0  067   [8]  11 06 00 00 00 00 29 01
 (059.084237)  can0  068   [8]  11 06 00 00 00 00 29 01
 (059.103911)  can0  067   [8]  00 F1 A4 87 BF 00 00 00
 (059.104338)  can0  068   [8]  00 42 5E 87 3F 00 00 00
 (059.123911)  can0  067   [8]  05 77 03 01 82 03 01 00
 (059.124331)  can0  068   [8]  05 5A 00 01 54 00 01 00
 (059.163922)  can0  067   [8]  0B 2E 0A 86 BF 00 00 00
 (059.164255)  can0  068   [8]  0B 2E 0A 86 3F 00 00 00
 (059.223940)  can0  067   [8]  00 83 A6 87 BF 00 00 00
 (059.224238)  can0  068   [8]  00 79 5D 87 3F 00 00 00
 (059.243920)  can0  067   [8]  05 78 03 01 8B 03 01 00
 (059.244229)  can0  068   [8]  05 46 00 01 5D 00 01 00
 (059.283780)  can0  067   [8]  0B 2E 0A 86 BF 00 00 00
 (059.284301)  can0  068   [8]  0B 2E 0A 86 3F 00 00 00
 (059.343923)  can0  067   [8]  00 83 A6 87 BF 00 00 00
 (059.344188)  can0  068   [8]  00 79 5D 87 3F 00 00 00
 (059.363904)  can0  067   [8]  05 78 03 01 66 03 01 00
 (059.364217)  can0  068   [8]  05 4F 00 01 54 00 01 00
 (059.403909)  can0  067   [8]  0B 2E 0A 86 BF 00 00 00
 (059.404190)  can0  068   [8]  0B 2E 0A 86 3F 00 00 00
 (059.463946)  can0  067   [8]  00 83 A6 87 BF 00 00 00
 (059.464189)  can0  068   [8]  00 B0 5C 87 3F 00 00 00
 (059.483887)  can0  067   [8]  05 83 03 01 8B 03 01 00
 (059.484296)  can0  068   [8]  05 45 00 01 4A 00 01 00
 (059.523904)  can0  067   [8]  0B 2E 0A 86 BF 00 00 00
 (059.524180)  can0  068   [8]  0B 2E 0A 86 3F 00 00 00
 (059.583840)  can0  067   [8]  00 4D A7 87 BF 00 00 00
 (059.584268)  can0  068   [8]  00 B0 5C 87 3F 00 00 00
 (059.603893)  can0  067   [8]  05 6F 03 01 79 03 01 00
 (059.604172)  can0  068   [8]  05 4E 00 01 53 00 01 00
 (059.643882)  can0  067   [8]  0B 2E 0A 86 BF 00 00 00
 (059.644177)  can0  068   [8]  0B 2E 0A 86 3F 00 00 00
 (059.703914)  can0  067   [8]  00 BA A5 87 BF 00 00 00
 (059.704329)  can0  068   [8]  00 79 5D 87 3F 00 00 00
 (059.723904)  can0  067   [8]  05 84 03 01 8B 03 01 00
 (059.724294)  can0  068   [8]  05 44 00 01 4A 00 01 00
 (059.763885)  can0  067   [8]  0B 2E 0A 86 BF 00 00 00
 (059.764179)  can0  068   [8]  0B 2E 0A 86 3F 00 00 00
 (059.823918)  can0  067   [8]  00 BA A5 87 BF 00 00 00
 (059.824122)  can0  068   [8]  00 E7 5B 87 3F 00 00 00
 (059.843847)  can0  067   [8]  05 7B 03 01 82 03 01 00
 (059.844304)  can0  068   [8]  05 4D 00 01 41 00 01 00
 (059.883918)  can0  067   [8]  0B 2E 0A 86 BF 00 00 00
 (059.884116)  can0  068   [8]  0B 2E 0A 86 3F 00 00 00
 (059.943838)  can0  067   [8]  00 83 A6 87 BF 00 00 00
 (059.944212)  can0  068   [8]  00 B0 5C 87 3F 00 00 00
 (059.963821)  can0  067   [8]  05 71 03 01 79 03 01 00
 (059.964301)  can0  068   [8]  05 4D 00 01 4A 00 01 00
 (060.003871)  can0  067   [8]  0B 2E 0A 86 BF 00 00 00
 (060.004115)  can0  068   [8]  0B 2E 0A 86 3F 00 00 00
 (060.043909)  can0  067   [8]  12 80 67 00 01 01 00 00
 (060.043944)  can0  067   [8]  0C 02 A1 B6 00 00 70 40
 (060.044125)  can0  068   [8]  12 80 67 00 01 01 00 00
 (060.044303)  can0  068   [8]  0C 02 A1 89 00 00 70 02
 (060.063831)  can0  067   [8]  00 83 A6 87 BF 00 00 00
 (060.064246)  can0  068   [8]  00 B0 5C 87 3F 00 00 00
 (060.080186)  can0  064   [8]  67 01 35 FA 8E BC 07 00
 (060.082429)  can0  064   [8]  68 01 35 FA 8E 3C 07 00
 (060.083742)  can0  067   [8]  05 7D 10 00 E2 0D 00 00
 (060.083768)  can0  067   [8]  11 06 00 00 00 00 09 01
 (060.084191)  can0  068   [8]  05 07 11 01 E7 00 01 00
 (060.084265)  can0  068   [8]  11 06 00 00 00 00 09 01
 (060.123859)  can0  067   [8]  0B F1 A4 87 BF 00 00 00
 (060.124161)  can0  068   [8]  0B B0 5C 87 3F 00 00 00
 (060.183709)  can0  067   [8]  00 4A BD 87 BF 00 00 00
 (060.184177)  can0  068   [8]  00 0B 5F 87 3F 00 00 00
 (060.203849)  can0  067   [8]  05 AD 03 00 A3 03 00 00
 (060.204107)  can0  068   [8]  05 FC 04 01 FB 04 01 00
 (060.243819)  can0  067   [8]  0B 04 A1 87 BF 00 00 00
 (060.244248)  can0  068   [8]  0B C2 58 87 3F 00 00 00
 (060.303891)  can0  067   [8]  00 13 BE 87 BF 00 00 00
 (060.304149)  can0  068   [8]  00 42 5E 87 3F 00 00 00
 (060.323830)  can0  067   [8]  05 C6 02 00 1D 03 00 00
 (060.324151)  can0  068   [8]  05 0A 04 01 F9 03 01 00
 (060.363879)  can0  067   [8]  0B 2B 8E 87 BF 00 00 00
 (060.364158)  can0  068   [8]  0B B2 46 87 3F 00 00 00
 (060.423808)  can0  067   [8]  00 4A BD 87 BF 00 00 00
 (060.424220)  can0  068   [8]  00 42 5E 87 3F 00 00 00
 (060.443840)  can0  067   [8]  05 BB 00 00 FC 00 00 00
 (060.444151)  can0  068   [8]  05 13 02 01 06 02 01 00
 (060.483791)  can0  067   [8]  0B C1 63 87 BF 00 00 00
 (060.484225)  can0  068   [8]  0B 49 1C 87 3F 00 00 00
 (060.543833)  can0  067   [8]  00 13 BE 87 BF 00 00 00
 (060.544249)  can0  068   [8]  00 42 5E 87 3F 00 00 00
 (060.563827)  can0  067   [8]  05 D5 02 01 04 03 01 00
 (060.564248)  can0  068   [8]  05 87 01 00 71 01 00 00
 (060.603819)  can0  067   [8]  0B 00 16 87 BF 00 00 00
 (060.604234)  can0  068   [8]  0B 51 CF 86 3F 00 00 00
 (060.663842)  can0  067   [8]  00 DC BE 87 BF 00 00 00
 (060.664132)  can0  068   [8]  00 79 5D 87 3F 00 00 00
 (060.683836)  can0  067   [8]  05 96 08 01 80 08 01 00
 (060.684143)  can0  068   [8]  05 1E 07 00 09 07 00 00
 (060.723801)  can0  067   [8]  0B B1 9A 86 BF 00 00 00
 (060.724138)  can0  068   [8]  0B CB 54 86 3F 00 00 00
 (060.783813)  can0  067   [8]  00 EF BA 87 BF 00 00 00
 (060.784147)  can0  068   [8]  00 D5 54 87 3F 00 00 00
 (060.803836)  can0  067   [8]  05 16 10 01 30 10 01 00
 (060.804139)  can0  068   [8]  05 DA 0E 00 AF 0E 00 00
 (060.843826)  can0  067   [8]  0B D5 E6 85 BF 00 00 00
 (060.844142)  can0  068   [8]  0B 81 A2 85 3F 00 00 00
 (060.903839)  can0  067   [8]  00 DF A8 87 BF 00 00 00
 (060.904123)  can0  068   [8]  00 87 CE 86 3F 00 00 00
 (060.923817)  can0  067   [8]  05 14 19 01 DD 15 01 00
 (060.924089)  can0  068   [8]  05 2F 0E 00 B7 0E 00 00
 (060.963829)  can0  067   [8]  0B 93 F2 84 BF 00 00 00
 (060.964132)  can0  068   [8]  0B D1 AF 84 3F 00 00 00
 (061.023804)  can0  067   [8]  00 DC A4 85 BF 00 00 00
 (061.024135)  can0  068   [8]  00 17 CC 84 3F 00 00 00
 (061.043830)  can0  067   [8]  05 52 0B 01 26 0B 01 00
 (061.043863)  can0  067   [8]  12 80 67 00 01 01 00 00
 (061.043864)  can0  067   [8]  0C 02 A1 B6 20 00 50 7E
 (061.044117)  can0  068   [8]  05 4B 03 00 31 03 00 00
 (061.044211)  can0  068   [8]  12 80 67 00 01 01 00 00
 (061.044394)  can0  068   [8]  0C 02 A1 A4 26 00 50 7E
 (061.083818)  can0  067   [8]  0B FC B9 83 BF 00 00 00
 (061.083851)  can0  067   [8]  11 06 00 00 00 00 09 01
 (061.084038)  can0  068   [8]  0B CC 78 83 3F 00 00 00
 (061.084237)  can0  068   [8]  11 06 00 00 00 00 09 01
 (061.143823)  can0  067   [8]  00 E6 95 84 BF 00 00 00
 (061.144037)  can0  068   [8]  00 55 D2 83 3F 00 00 00
 (061.163709)  can0  067   [8]  05 53 10 01 1D 10 01 00
 (061.164103)  can0  068   [8]  05 4C 09 00 18 0A 00 00
 (061.203811)  can0  067   [8]  0B DA 3D 82 BF 00 00 00
 (061.204078)  can0  068   [8]  0B 3B FE 81 3F 00 00 00
 (061.263784)  can0  067   [8]  00 58 05 83 BF 00 00 00
 (061.264094)  can0  068   [8]  00 A0 5F 82 3F 00 00 00
 (061.283759)  can0  067   [8]  05 D9 11 01 07 11 01 00
 (061.284179)  can0  068   [8]  05 A6 0C 00 A1 0C 00 00
 (061.323695)  can0  067   [8]  0B 2C 7E 80 BF 00 00 00
 (061.324214)  can0  068   [8]  0B 20 40 80 3F 00 00 00
 (061.383596)  can0  067   [8]  00 12 7B 81 BF 00 00 00
 (061.384017)  can0  068   [8]  00 04 9C 80 3F 00 00 00
 (061.403561)  can0  067   [8]  05 09 13 01 8E 12 01 00
 (061.404017)  can0  068   [8]  05 56 0A 00 40 0A 00 00
 (061.443721)  can0  067   [8]  0B 54 F4 7C BF 00 00 00
 (061.444043)  can0  068   [8]  0B 84 7E 7C 3F 00 00 00
 (061.503750)  can0  067   [8]  00 21 80 7D BF 00 00 00
 (061.504163)  can0  068   [8]  00 00 F9 7B 3F 00 00 00
 (061.523695)  can0  067   [8]  05 07 0F 01 FF 0E 01 00
 (061.524136)  can0  068   [8]  05 0C 08 00 F3 07 00 00
 (061.563738)  can0  067   [8]  0B 39 65 78 BF 00 00 00
 (061.564016)  can0  068   [8]  0B 20 F4 77 3F 00 00 00
 (061.623761)  can0  067   [8]  00 6E 94 7A BF 00 00 00
 (061.624080)  can0  068   [8]  00 76 D9 78 3F 00 00 00
 (061.643745)  can0  067   [8]  05 45 18 01 BA 17 01 00
 (061.644149)  can0  068   [8]  05 1B 0F 00 94 0E 00 00
 (061.683800)  can0  067   [8]  0B 08 44 73 BF 00 00 00
 (061.684106)  can0  068   [8]  0B 13 D6 72 3F 00 00 00
 (061.743729)  can0  067   [8]  00 C5 06 73 BF 00 00 00
 (061.744080)  can0  068   [8]  00 A4 74 71 3F 00 00 00
 (061.763736)  can0  067   [8]  05 56 0B 01 BF 0A 01 00
 (061.764010)  can0  068   [8]  05 5E 04 00 70 04 00 00
 (061.803748)  can0  067   [8]  0B 2A BB 6D BF 00 00 00
 (061.804052)  can0  068   [8]  0B EC 51 6D 3F 00 00 00
 (061.863756)  can0  067   [8]  00 7F 19 70 BF 00 00 00
 (061.864024)  can0  068   [8]  00 89 53 6E 3F 00 00 00
 (061.883761)  can0  067   [8]  05 6D 1A 01 43 18 01 00
 (061.884071)  can0  068   [8]  05 C2 10 00 1B 10 00 00
 (061.923744)  can0  067   [8]  0B 7E BC 67 BF 00 00 00
 (061.924066)  can0  068   [8]  0B F6 57 67 3F 00 00 00
 (061.983759)  can0  067   [8]  00 33 CC 67 BF 00 00 00
 (061.984064)  can0  068   [8]  00 5B 4B 66 3F 00 00 00
 (062.003727)  can0  067   [8]  05 34 10 01 AF 0F 01 00
 (062.004141)  can0  068   [8]  05 68 09 00 D0 08 00 00
 (062.043758)  can0  067   [8]  0B 6C 67 61 BF 00 00 00
 (062.043791)  can0  067   [8]  12 80 67 00 01 01 00 00
 (062.043793)  can0  067   [8]  0C 02 A1 A4 D3 00 00 7E
 (062.044026)  can0  068   [8]  0B 9B 07 61 3F 00 00 00
 (062.044108)  can0  068   [8]  12 80 67 00 01 01 00 00
 (062.044288)  can0  068   [8]  0C 02 A1 92 D4 00 00 7E
 (062.083745)  can0  067   [8]  11 06 00 00 00 00 09 01
 (062.084129)  can0  068   [8]  11 06 00 00 00 00 09 01
 (062.103735)  can0  067   [8]  00 0E A0 63 BF 00 00 00
 (062.104058)  can0  068   [8]  00 B1 8E 61 3F 00 00 00
 (062.123729)  can0  067   [8]  05 69 12 01 6A 12 01 00
 (062.124028)  can0  068   [8]  05 CC 08 00 21 08 00 00
 (062.163728)  can0  067   [8]  0B F4 D1 5A BF 00 00 00
 (062.163991)  can0  068   [8]  0B D9 76 5A 3F 00 00 00
 (062.223750)  can0  067   [8]  00 37 72 5C BF 00 00 00
 (062.224048)  can0  068   [8]  00 F4 D1 5A 3F 00 00 00
 (062.243733)  can0  067   [8]  05 6A 18 01 D0 16 01 00
 (062.244049)  can0  068   [8]  05 0B 0F 00 C9 0E 00 00
 (062.283724)  can0  067   [8]  0B 80 10 54 BF 00 00 00
 (062.284106)  can0  068   [8]  0B 1B BA 53 3F 00 00 00
 (062.343733)  can0  067   [8]  00 EE 0E 54 BF 00 00 00
 (062.344042)  can0  068   [8]  00 63 68 52 3F 00 00 00
 (062.363723)  can0  067   [8]  05 C1 0C 01 81 0B 01 00
 (062.364068)  can0  068   [8]  05 BC 04 00 2C 04 00 00
 (062.403697)  can0  067   [8]  0B 0E 39 4D BF 00 00 00
 (062.404120)  can0  068   [8]  0B CD E5 4C 3F 00 00 00
 (062.463674)  can0  067   [8]  00 F4 A3 4F BF 00 00 00
 (062.464098)  can0  068   [8]  00 E1 8D 4D 3F 00 00 00
 (062.483716)  can0  067   [8]  05 AB 13 01 35 13 01 00
 (062.484020)  can0  068   [8]  05 C0 08 00 5E 08 00 00
 (062.523701)  can0  067   [8]  0B E6 5C 46 BF 00 00 00
 (062.524118)  can0  068   [8]  0B CA 0C 46 3F 00 00 00
 (062.583720)  can0  067   [8]  00 8F 48 48 BF 00 00 00
 (062.584025)  can0  068   [8]  00 53 66 46 3F 00 00 00
 (062.603684)  can0  067   [8]  05 D7 17 01 F0 16 01 00
 (062.604110)  can0  068   [8]  05 EE 0C 00 12 0C 00 00
 (062.643708)  can0  067   [8]  0B BE 80 3F BF 00 00 00
 (062.644019)  can0  068   [8]  0B C6 33 3F 3F 00 00 00
 (062.703681)  can0  067   [8]  00 01 BE 3F BF 00 00 00
 (062.703997)  can0  068   [8]  00 BF 12 3E 3F 00 00 00
 (062.723619)  can0  067   [8]  05 9B 0C 01 74 0D 01 00
 (062.724129)  can0  068   [8]  05 F6 03 00 50 03 00 00
 (062.763685)  can0  067   [8]  0B 03 A3 38 BF 00 00 00
 (062.763997)  can0  068   [8]  0B 54 5C 38 3F 00 00 00
 (062.823694)  can0  067   [8]  00 7A 1A 3B BF 00 00 00
 (062.824039)  can0  068   [8]  00 22 DD 38 3F 00 00 00
 (062.843649)  can0  067   [8]  05 05 10 01 02 10 01 00
 (062.844061)  can0  068   [8]  05 01 05 00 86 04 00 00
 (062.883649)  can0  067   [8]  0B DB C6 31 BF 00 00 00
 (062.883913)  can0  068   [8]  0B 50 83 31 3F 00 00 00
 (062.943642)  can0  067   [8]  00 0E 0C 34 BF 00 00 00
 (062.943968)  can0  068   [8]  00 8B 0D 32 3F 00 00 00
 (062.963702)  can0  067   [8]  05 88 17 01 93 17 01 00
 (062.964015)  can0  068   [8]  05 B0 0B 00 4D 0B 00 00
 (063.003714)  can0  067   [8]  0B 90 DC 2A BF 00 00 00
 (063.004025)  can0  068   [8]  0B 29 9C 2A 3F 00 00 00
 (063.043738)  can0  067   [8]  12 80 67 00 01 01 00 00
 (063.043758)  can0  067   [8]  0C 02 A1 A4 FF 00 00 7E
 (063.044006)  can0  068   [8]  12 80 67 00 01 01 00 00
 (063.044048)  can0  068   [8]  0C 02 A1 92 FF 00 00 7E
 (063.063651)  can0  067   [8]  00 CB 66 2B BF 00 00 00
 (063.064064)  can0  068   [8]  00 40 B5 29 3F 00 00 00
 (063.083665)  can0  067   [8]  05 E2 0C 01 AB 0C 01 00
 (063.083683)  can0  067   [8]  11 06 00 00 00 00 09 01
 (063.083924)  can0  068   [8]  05 B2 03 00 02 03 00 00
 (063.084095)  can0  068   [8]  11 06 00 00 00 00 09 01
 (063.123651)  can0  067   [8]  0B 8B 0E 24 BF 00 00 00
 (063.123908)  can0  068   [8]  0B 48 D1 23 3F 00 00 00
 (063.183646)  can0  067   [8]  00 98 5B 26 BF 00 00 00
 (063.183937)  can0  068   [8]  00 D0 35 24 3F 00 00 00
 (063.203633)  can0  067   [8]  05 1D 0C 01 46 0C 01 00
 (063.204028)  can0  068   [8]  05 FC 01 00 63 01 00 00
 (063.243643)  can0  067   [8]  0B 62 32 1D BF 00 00 00
 (063.244015)  can0  068   [8]  0B 44 F8 1C 3F 00 00 00
 (063.303614)  can0  067   [8]  00 FC B7 1F BF 00 00 00
 (063.304026)  can0  068   [8]  00 0D A5 1D 3F 00 00 00
 (063.323513)  can0  067   [8]  05 FE 16 01 7C 15 01 00
 (063.324034)  can0  068   [8]  05 4C 0A 00 89 09 00 00
 (063.363661)  can0  067   [8]  0B 3B 56 16 BF 00 00 00
 (063.363967)  can0  068   [8]  0B 41 1F 16 3F 00 00 00
 (063.423657)  can0  067   [8]  00 28 11 17 BF 00 00 00
 (063.423973)  can0  068   [8]  00 2F 61 15 3F 00 00 00
 (063.443627)  can0  067   [8]  05 2B 0D 01 99 0C 01 00
 (063.444044)  can0  068   [8]  05 A4 03 00 D2 02 00 00
 (063.483671)  can0  067   [8]  0B 80 78 0F BF 00 00 00
 (063.483993)  can0  068   [8]  0B CF 47 0F 3F 00 00 00
 (063.543584)  can0  067   [8]  00 95 78 11 BF 00 00 00
 (063.543978)  can0  068   [8]  00 EF 6B 0F 3F 00 00 00
 (063.563662)  can0  067   [8]  05 4D 09 01 CF 09 01 00
 (063.564005)  can0  068   [8]  05 3F 01 01 34 01 01 00
 (063.603524)  can0  067   [8]  0B 58 9C 08 BF 00 00 00
 (063.604071)  can0  068   [8]  0B CA 6E 08 3F 00 00 00
 (063.663664)  can0  067   [8]  00 11 51 0B BF 00 00 00
 (063.663978)  can0  068   [8]  00 24 33 09 3F 00 00 00
 (063.683638)  can0  067   [8]  05 47 16 01 43 15 01 00
 (063.683949)  can0  068   [8]  05 68 09 00 73 08 00 00
 (063.723648)  can0  067   [8]  0B 0C B2 01 BF 00 00 00
 (063.723983)  can0  068   [8]  0B A3 87 01 3F 00 00 00
 (063.783597)  can0  067   [8]  00 A8 BE 02 BF 00 00 00
 (063.783975)  can0  068   [8]  00 D2 1C 01 3F 00 00 00
 (063.803564)  can0  067   [8]  05 B8 0D 01 20 0D 01 00
 (063.803936)  can0  068   [8]  05 F9 03 00 E0 02 00 00
 (063.843638)  can0  067   [8]  0B 0F C8 F5 BE 00 00 00
 (063.843972)  can0  068   [8]  0B 85 79 F5 3E 00 00 00
 (063.903562)  can0  067   [8]  00 6D 31 F9 BE 00 00 00
 (063.904012)  can0  068   [8]  00 67 34 F5 3E 00 00 00
 (063.923628)  can0  067   [8]  05 92 06 01 A4 06 01 00
 (063.923958)  can0  068   [8]  05 47 04 01 CD 02 01 00
 (063.963582)  can0  067   [8]  0B BF 0F E8 BE 00 00 00
 (063.963925)  can0  068   [8]  0B 7D C7 E7 3E 00 00 00
 (064.023582)  can0  067   [8]  00 06 B8 ED BE 00 00 00
 (064.023924)  can0  068   [8]  00 52 69 E9 3E 00 00 00
 (064.043629)  can0  067   [8]  05 BE 14 01 71 14 01 00
 (064.043648)  can0  067   [8]  12 80 67 00 01 01 00 00
 (064.043650)  can0  067   [8]  0C 02 A1 9B FF 00 00 7E
 (064.043876)  can0  068   [8]  05 B1 07 00 AC 07 00 00
 (064.044105)  can0  068   [8]  12 80 67 00 01 01 00 00
 (064.044113)  can0  068   [8]  0C 02 A1 AD FF 00 00 7E
 (064.083618)  can0  067   [8]  0B 4B 54 DA BE 00 00 00
 (064.083638)  can0  067   [8]  11 06 00 00 00 00 09 01
 (064.083923)  can0  068   [8]  0B 9A 18 DA 3E 00 00 00
 (064.084025)  can0  068   [8]  11 06 00 00 00 00 09 01
 (064.143582)  can0  067   [8]  00 2D D5 DC BE 00 00 00
 (064.143998)  can0  068   [8]  00 18 72 D9 3E 00 00 00
 (064.163563)  can0  067   [8]  05 26 0E 01 FA 0D 01 00
 (064.163985)  can0  068   [8]  05 28 03 00 D9 02 00 00
 (064.203595)  can0  067   [8]  0B FA 9B CC BE 00 00 00
 (064.203922)  can0  068   [8]  0B 91 66 CC 3E 00 00 00
 (064.263604)  can0  067   [8]  00 FD 4B CF BE 00 00 00
 (064.263895)  can0  068   [8]  00 F3 7A CB 3E 00 00 00
 (064.283572)  can0  067   [8]  05 B7 04 01 AD 04 01 00
 (064.283989)  can0  068   [8]  05 B5 06 01 41 07 01 00
 (064.323582)  can0  067   [8]  0B AA E3 BE BE 00 00 00
 (064.323893)  can0  068   [8]  0B 8A B4 BE 3E 00 00 00
 (064.383588)  can0  067   [8]  00 57 D7 C4 BE 00 00 00
 (064.383912)  can0  068   [8]  00 14 66 C0 3E 00 00 00
 (064.403571)  can0  067   [8]  05 C2 13 01 59 13 01 00
 (064.403874)  can0  068   [8]  05 10 06 00 94 05 00 00
 (064.443576)  can0  067   [8]  0B 59 2B B1 BE 00 00 00
 (064.443887)  can0  068   [8]  0B 81 02 B1 3E 00 00 00
 (064.503578)  can0  067   [8]  00 53 33 B4 BE 00 00 00
 (064.503890)  can0  068   [8]  00 8A AA B0 3E 00 00 00
 (064.523556)  can0  067   [8]  05 B4 0E 01 68 0E 01 00
 (064.523845)  can0  068   [8]  05 9F 02 00 EB 00 00 00
 (064.563553)  can0  067   [8]  0B 09 73 A3 BE 00 00 00
 (064.563939)  can0  068   [8]  0B 7A 50 A3 3E 00 00 00
 (064.623580)  can0  067   [8]  00 FB 59 A5 BE 00 00 00
 (064.623892)  can0  068   [8]  00 80 AB A1 3E 00 00 00
 (064.643543)  can0  067   [8]  05 6C 03 01 FB 02 01 00
 (064.643894)  can0  068   [8]  05 05 08 01 4B 07 01 00
 (064.683577)  can0  067   [8]  0B B8 BA 95 BE 00 00 00
 (064.683886)  can0  068   [8]  0B 71 9E 95 3E 00 00 00
 (064.743594)  can0  067   [8]  00 64 C4 9B BE 00 00 00
 (064.743894)  can0  068   [8]  00 B2 5F 97 3E 00 00 00
 (064.763556)  can0  067   [8]  05 46 12 01 23 11 01 00
 (064.763877)  can0  068   [8]  05 34 04 00 5D 03 00 00
 (064.803539)  can0  067   [8]  0B 68 02 88 BE 00 00 00
 (064.803979)  can0  068   [8]  0B 8E EF 87 3E 00 00 00
 (064.863579)  can0  067   [8]  00 9D 94 8B BE 00 00 00
 (064.863874)  can0  068   [8]  00 B2 F2 87 3E 00 00 00
 (064.883554)  can0  067   [8]  05 FA 0E 01 C1 0D 01 00
 (064.883867)  can0  068   [8]  05 E7 01 00 17 00 00 00
 (064.923565)  can0  067   [8]  0B E1 B9 74 BE 00 00 00
 (064.923872)  can0  068   [8]  0B 08 A7 74 3E 00 00 00
 (064.983552)  can0  067   [8]  00 3F 23 78 BE 00 00 00
 (064.983859)  can0  068   [8]  00 05 94 70 3E 00 00 00
 (065.003547)  can0  067   [8]  05 09 03 01 B1 02 01 00
 (065.003876)  can0  068   [8]  05 58 08 01 26 09 01 00
 (065.043576)  can0  067   [8]  0B 11 B4 59 BE 00 00 00
 (065.043598)  can0  067   [8]  12 80 67 00 01 01 00 00
 (065.043600)  can0  067   [8]  0C 02 A1 92 FF 00 00 7E
 (065.043891)  can0  068   [8]  0B 80 A7 59 3E 00 00 00
 (065.043972)  can0  068   [8]  12 80 67 00 01 01 00 00
 (065.044128)  can0  068   [8]  0C 02 A1 A4 FF 00 00 7E
 (065.083505)  can0  067   [8]  11 06 00 00 00 00 09 01
 (065.083951)  can0  068   [8]  11 06 00 00 00 00 09 01
 (065.103554)  can0  067   [8]  00 49 FB 66 BE 00 00 00
 (065.103852)  can0  068   [8]  00 33 0C 5E 3E 00 00 00
 (065.123496)  can0  067   [8]  05 E2 10 01 EE 0F 01 00
 (065.123927)  can0  068   [8]  05 49 02 00 26 01 00 00
 (065.163509)  can0  067   [8]  0B B3 EE 3F BE 00 00 00
 (065.163857)  can0  068   [8]  0B B3 EE 3F 3E 00 00 00
 (065.223305)  can0  067   [8]  00 2D DC 47 BE 00 00 00
 (065.223924)  can0  068   [8]  00 F2 4C 40 3E 00 00 00
 (065.243508)  can0  067   [8]  05 8B 0C 01 7F 0C 01 00
 (065.243969)  can0  068   [8]  05 29 00 01 2D 01 01 00
 (065.283506)  can0  067   [8]  0B CF 11 27 BE 00 00 00
 (065.283825)  can0  068   [8]  0B 17 18 27 3E 00 00 00
 (065.343542)  can0  067   [8]  00 F0 2F 2E BE 00 00 00
 (065.343846)  can0  068   [8]  00 C3 1C 26 3E 00 00 00
 (065.363487)  can0  067   [8]  05 1F 00 00 4E 00 00 00
 (065.363909)  can0  068   [8]  05 11 0C 01 5D 0C 01 00
 (065.403539)  can0  067   [8]  0B A0 A7 0F BE 00 00 00
 (065.403813)  can0  068   [8]  0B 31 B4 0F 3E 00 00 00
 (065.463507)  can0  067   [8]  00 34 92 1D BE 00 00 00
 (065.463810)  can0  068   [8]  00 7B 46 15 3E 00 00 00
 (065.483491)  can0  067   [8]  05 F2 0F 01 2D 0E 01 00
 (065.483900)  can0  068   [8]  05 B0 01 00 22 00 01 00
 (065.523445)  can0  067   [8]  0B 3C 10 F4 BD 00 00 00
 (065.523897)  can0  068   [8]  0B EF 35 F4 3D 00 00 00
 (065.583477)  can0  067   [8]  00 F6 5B FC BD 00 00 00
 (065.583812)  can0  068   [8]  00 33 63 ED 3D 00 00 00
 (065.603507)  can0  067   [8]  05 65 01 00 3B 01 00 00
 (065.603811)  can0  068   [8]  05 10 0D 01 8F 0D 01 00
 (065.643502)  can0  067   [8]  0B CC F0 CC BD 00 00 00
 (065.643843)  can0  068   [8]  0B 7F 16 CD 3D 00 00 00
 (065.703499)  can0  067   [8]  00 1D 79 EB BD 00 00 00
 (065.703859)  can0  068   [8]  00 E5 6B DB 3D 00 00 00
 (065.723492)  can0  067   [8]  05 93 0D 01 A7 0D 01 00
 (065.723810)  can0  068   [8]  05 CC 00 01 FE 01 01 00
 (065.763511)  can0  067   [8]  0B 14 0A AA BD 00 00 00
 (065.763802)  can0  068   [8]  0B 58 3C AA 3D 00 00 00
 (065.823494)  can0  067   [8]  00 7A E6 B6 BD 00 00 00
 (065.823810)  can0  068   [8]  00 A8 24 A7 3D 00 00 00
 (065.843460)  can0  067   [8]  05 4F 03 00 C3 01 00 00
 (065.843874)  can0  068   [8]  05 53 0F 01 B3 0F 01 00
 (065.883500)  can0  067   [8]  0B 10 5C 8B BD 00 00 00
 (065.883796)  can0  068   [8]  0B 54 8E 8B 3D 00 00 00
 (065.943513)  can0  067   [8]  00 A8 24 A7 BD 00 00 00
 (065.943794)  can0  068   [8]  00 B2 C2 98 3D 00 00 00
 (065.963469)  can0  067   [8]  05 51 08 01 29 06 01 00
 (065.963899)  can0  068   [8]  05 46 03 01 8C 02 01 00
 (066.003455)  can0  067   [8]  0B A8 E6 61 BD 00 00 00
 (066.003794)  can0  068   [8]  0B 31 4B 62 3D 00 00 00
 (066.043489)  can0  067   [8]  12 80 67 00 01 01 00 00
 (066.043509)  can0  067   [8]  0C 02 A1 89 FA 00 00 7E
 (066.043800)  can0  068   [8]  12 80 67 00 01 01 00 00
 (066.043935)  can0  068   [8]  0C 02 A1 89 FA 00 00 7E
 (066.063458)  can0  067   [8]  00 52 07 8D BD 00 00 00
 (066.063870)  can0  068   [8]  00 6D 6B 76 3D 00 00 00
 (066.083465)  can0  067   [8]  05 A7 04 01 DF 04 01 00
 (066.083483)  can0  067   [8]  11 06 00 00 00 00 09 01
 (066.083868)  can0  068   [8]  05 B6 09 01 E4 09 01 00
 (066.083880)  can0  068   [8]  11 06 00 00 00 00 09 01
 (066.123463)  can0  067   [8]  0B 9E 86 35 BD 00 00 00
 (066.123809)  can0  068   [8]  0B 04 D2 35 3D 00 00 00
 (066.183462)  can0  067   [8]  00 C9 78 63 BD 00 00 00
 (066.183780)  can0  068   [8]  00 F9 A7 3E 3D 00 00 00
 (066.203459)  can0  067   [8]  05 9C 00 01 2F 00 01 00
 (066.203779)  can0  068   [8]  05 F3 0D 01 2C 0E 01 00
 (066.243509)  can0  067   [8]  0B FF 97 11 BD 00 00 00
 (066.243835)  can0  068   [8]  0B 65 E3 11 3D 00 00 00
 (066.303453)  can0  067   [8]  00 9B 09 45 BD 00 00 00
 (066.303849)  can0  068   [8]  00 C5 A3 24 3D 00 00 00
 (066.323456)  can0  067   [8]  05 C8 00 01 75 00 01 00
 (066.323831)  can0  068   [8]  05 24 0C 01 3F 0C 01 00
 (066.363363)  can0  067   [8]  0B 14 D1 EB BC 00 00 00
 (066.363885)  can0  068   [8]  0B DF 67 EC 3C 00 00 00
 (066.423384)  can0  067   [8]  00 0C EE 2F BD 00 00 00
 (066.423874)  can0  068   [8]  00 CC 2E 12 3D 00 00 00
 (066.443399)  can0  067   [8]  05 F4 01 01 ED 01 01 00
 (066.443854)  can0  068   [8]  05 30 0A 01 B8 0B 01 00
 (066.483473)  can0  067   [8]  0B 79 F0 C4 BC 00 00 00
 (066.483802)  can0  068   [8]  0B 01 55 C5 3C 00 00 00
 (066.543444)  can0  067   [8]  00 8A 14 1D BD 00 00 00
 (066.543770)  can0  068   [8]  00 30 E6 FC 3C 00 00 00
 (066.563455)  can0  067   [8]  05 4C 01 01 74 00 01 00
 (066.563800)  can0  068   [8]  05 EC 0A 01 37 0B 01 00
 (066.603449)  can0  067   [8]  0B E0 A0 AA BC 00 00 00
 (066.603794)  can0  068   [8]  0B 24 D3 AA 3C 00 00 00
 (066.663442)  can0  067   [8]  00 14 6F 0F BD 00 00 00
 (066.663902)  can0  068   [8]  00 A2 C0 D9 3C 00 00 00
 (066.683397)  can0  067   [8]  05 A4 00 01 11 01 00 00
 (066.683826)  can0  068   [8]  05 43 0D 01 63 0D 01 00
 (066.723396)  can0  067   [8]  0B 17 87 9A BC 00 00 00
 (066.723828)  can0  068   [8]  0B 5B B9 9A 3C 00 00 00
 (066.783427)  can0  067   [8]  00 EB 2F 07 BD 00 00 00
 (066.783849)  can0  068   [8]  00 62 0B CA 3C 00 00 00
 (066.803417)  can0  067   [8]  05 67 00 00 10 00 01 00
 (066.803712)  can0  068   [8]  05 EB 0D 01 C1 0D 01 00
 (066.843364)  can0  067   [8]  0B 32 7A 92 BC 00 00 00
 (066.843830)  can0  068   [8]  0B 32 7A 92 3C 00 00 00
 (066.903383)  can0  067   [8]  00 57 10 03 BD 00 00 00
 (066.903715)  can0  068   [8]  00 49 95 C2 3C 00 00 00
 (066.923285)  can0  067   [8]  05 46 00 00 44 00 00 00
 (066.923862)  can0  068   [8]  05 CA 0D 01 E8 0D 01 00
 (066.963379)  can0  067   [8]  0B 36 88 8F BC 00 00 00
 (066.963814)  can0  068   [8]  0B 36 88 8F 3C 00 00 00
 (067.023465)  can0  067   [8]  00 13 DE 02 BD 00 00 00
 (067.023746)  can0  068   [8]  00 05 63 C2 3C 00 00 00
 (067.043401)  can0  067   [8]  05 52 00 01 5E 00 01 00
 (067.043418)  can0  067   [8]  12 80 67 00 01 01 00 00
 (067.043419)  can0  067   [8]  0C 02 A1 B6 3F 00 10 7E
 (067.043836)  can0  068   [8]  05 3B 0D 01 3E 0D 01 00
 (067.043848)  can0  068   [8]  12 80 67 00 01 01 00 00
 (067.043979)  can0  068   [8]  0C 02 A1 A4 3E 00 10 7E
 (067.083393)  can0  067   [8]  0B 6A F1 8E BC 00 00 00
 (067.083410)  can0  067   [8]  11 06 00 00 00 00 29 01
 (067.083814)  can0  068   [8]  0B 6A F1 8E 3C 00 00 00
 (067.083826)  can0  068   [8]  11 06 00 00 00 00 29 01
 (067.143397)  can0  067   [8]  00 35 F7 02 BD 00 00 00
 (067.143808)  can0  068   [8]  00 C1 30 C2 3C 00 00 00
 (067.163363)  can0  067   [8]  05 48 0B 00 6E 0B 00 00
 (067.163792)  can0  068   [8]  05 D6 18 01 01 19 01 00
 (067.203378)  can0  067   [8]  0B 6A F1 8E BC 00 00 00
 (067.203714)  can0  068   [8]  0B 6A F1 8E 3C 00 00 00
 (067.263300)  can0  067   [8]  00 35 F7 02 BD 00 00 00
 (067.263764)  can0  068   [8]  00 C1 30 C2 3C 00 00 00
 (067.283383)  can0  067   [8]  05 47 0B 00 49 0B 00 00
 (067.283731)  can0  068   [8]  05 CB 18 01 D3 18 01 00
 (067.323227)  can0  067   [8]  0B 6A F1 8E BC 00 00 00
 (067.323823)  can0  068   [8]  0B 6A F1 8E 3C 00 00 00
 (067.383373)  can0  067   [8]  00 13 DE 02 BD 00 00 00
 (067.383724)  can0  068   [8]  00 05 63 C2 3C 00 00 00
 (067.403375)  can0  067   [8]  05 46 0B 00 49 0B 00 00
 (067.403808)  can0  068   [8]  05 D5 18 01 E6 18 01 00
 (067.443346)  can0  067   [8]  0B 6A F1 8E BC 00 00 00
 (067.443798)  can0  068   [8]  0B 6A F1 8E 3C 00 00 00
 (067.503350)  can0  067   [8]  00 35 F7 02 BD 00 00 00
 (067.503788)  can0  068   [8]  00 C1 30 C2 3C 00 00 00
 (067.523374)  can0  067   [8]  05 5A 0B 00 65 0B 00 00
 (067.523692)  can0  068   [8]  05 D5 18 01 B8 18 01 00
 (067.563374)  can0  067   [8]  0B 6A F1 8E BC 00 00 00
 (067.563707)  can0  068   [8]  0B 6A F1 8E 3C 00 00 00
 (067.623397)  can0  067   [8]  00 35 F7 02 BD 00 00 00
 (067.623690)  can0  068   [8]  00 C1 30 C2 3C 00 00 00
 (067.643364)  can0  067   [8]  05 45 0B 00 49 0B 00 00
 (067.643785)  can0  068   [8]  05 D5 18 01 49 18 01 00
 (067.683377)  can0  067   [8]  0B 6A F1 8E BC 00 00 00
 (067.683702)  can0  068   [8]  0B 6A F1 8E 3C 00 00 00
 (067.743354)  can0  067   [8]  00 F1 C4 02 BD 00 00 00
 (067.743694)  can0  068   [8]  00 C1 30 C2 3C 00 00 00
 (067.763365)  can0  067   [8]  05 4E 0B 00 53 0B 00 00
 (067.763685)  can0  068   [8]  05 D4 18 01 D3 18 01 00
 (067.803333)  can0  067   [8]  0B 6A F1 8E BC 00 00 00
 (067.803764)  can0  068   [8]  0B 6A F1 8E 3C 00 00 00
 (067.863386)  can0  067   [8]  00 35 F7 02 BD 00 00 00
 (067.863688)  can0  068   [8]  00 05 63 C2 3C 00 00 00
 (067.883316)  can0  067   [8]  05 4D 0B 00 49 0B 00 00
 (067.883750)  can0  068   [8]  05 CA 18 01 0B 19 01 00
 (067.923309)  can0  067   [8]  0B 6A F1 8E BC 00 00 00
 (067.923734)  can0  068   [8]  0B 6A F1 8E 3C 00 00 00
 (067.983221)  can0  067   [8]  00 13 DE 02 BD 00 00 00
 (067.983805)  can0  068   [8]  00 7C FE C1 3C 00 00 00
 (068.003322)  can0  067   [8]  05 4D 0B 00 40 0B 00 00
 (068.003774)  can0  068   [8]  05 D4 18 01 A5 18 01 00
 (068.043384)  can0  067   [8]  0B 6A F1 8E BC 00 00 00
 (068.043405)  can0  067   [8]  12 80 67 00 01 01 00 00
 (068.043407)  can0  067   [8]  0C 02 A1 B6 00 00 70 40
 (068.043696)  can0  068   [8]  0B 6A F1 8E 3C 00 00 00
 (068.043795)  can0  068   [8]  12 80 67 00 01 01 00 00
 (068.043839)  can0  068   [8]  0C 02 A1 A4 00 00 70 10
 (068.083323)  can0  067   [8]  11 06 00 00 00 00 29 01
 (068.083769)  can0  068   [8]  11 06 00 00 00 00 29 01
 (068.103314)  can0  067   [8]  00 F1 C4 02 BD 00 00 00
 (068.103740)  can0  068   [8]  00 C1 30 C2 3C 00 00 00
 (068.123326)  can0  067   [8]  05 42 0B 00 37 0B 00 00
 (068.123768)  can0  068   [8]  05 D3 18 01 14 19 01 00
 (068.163309)  can0  067   [8]  0B 6A F1 8E BC 00 00 00
 (068.163739)  can0  068   [8]  0B 6A F1 8E 3C 00 00 00
 (068.223199)  can0  067   [8]  00 35 F7 02 BD 00 00 00
 (068.223772)  can0  068   [8]  00 7C FE C1 3C 00 00 00
 (068.243331)  can0  067   [8]  05 5F 0B 00 8A 0B 00 00
 (068.243668)  can0  068   [8]  05 D3 18 01 C1 18 01 00
 (068.283313)  can0  067   [8]  0B 6A F1 8E BC 00 00 00
 (068.283670)  can0  068   [8]  0B 6A F1 8E 3C 00 00 00
 (068.343371)  can0  067   [8]  00 35 F7 02 BD 00 00 00
 (068.343672)  can0  068   [8]  00 C1 30 C2 3C 00 00 00
 (068.363321)  can0  067   [8]  05 41 0B 00 49 0B 00 00
 (068.363771)  can0  068   [8]  05 DD 18 01 02 19 01 00
 (068.403328)  can0  067   [8]  0B 6A F1 8E BC 00 00 00
 (068.403781)  can0  068   [8]  0B 6A F1 8E 3C 00 00 00
 (068.463357)  can0  067   [8]  00 13 DE 02 BD 00 00 00
 (068.463687)  can0  068   [8]  00 7C FE C1 3C 00 00 00
 (068.483272)  can0  067   [8]  05 40 0B 00 40 0B 00 00
 (068.483741)  can0  068   [8]  05 D2 18 01 CA 18 01 00
 (068.523299)  can0  067   [8]  0B 6A F1 8E BC 00 00 00
 (068.523738)  can0  068   [8]  0B 6A F1 8E 3C 00 00 00
 (068.583324)  can0  067   [8]  00 35 F7 02 BD 00 00 00
 (068.583665)  can0  068   [8]  00 C1 30 C2 3C 00 00 00
 (068.603291)  can0  067   [8]  05 3F 0B 00 53 0B 00 00
 (068.603705)  can0  068   [8]  05 DC 18 01 B8 18 01 00
 (068.643208)  can0  067   [8]  0B 6A F1 8E BC 00 00 00
 (068.643800)  can0  068   [8]  0B 6A F1 8E 3C 00 00 00
 (068.703259)  can0  067   [8]  00 57 10 03 BD 00 00 00
 (068.703712)  can0  068   [8]  00 C1 30 C2 3C 00 00 00
 (068.723289)  can0  067   [8]  05 52 0B 00 5C 0B 00 00
 (068.723705)  can0  068   [8]  05 E6 18 01 01 19 01 00
 (068.763294)  can0  067   [8]  0B 6A F1 8E BC 00 00 00
 (068.763725)  can0  068   [8]  0B 6A F1 8E 3C 00 00 00
 (068.823297)  can0  067   [8]  00 35 F7 02 BD 00 00 00
 (068.823756)  can0  068   [8]  00 7C FE C1 3C 00 00 00
 (068.843283)  can0  067   [8]  05 34 0B 00 24 0B 00 00
 (068.843720)  can0  068   [8]  05 DB 18 01 C1 18 01 00
 (068.883256)  can0  067   [8]  0B 6A F1 8E BC 00 00 00
 (068.883722)  can0  068   [8]  0B 6A F1 8E 3C 00 00 00
 (068.943282)  can0  067   [8]  00 57 10 03 BD 00 00 00
 (068.943722)  can0  068   [8]  00 7C FE C1 3C 00 00 00
 (068.963286)  can0  067   [8]  05 3D 0B 00 37 0B 00 00
 (068.963692)  can0  068   [8]  05 DB 18 01 DD 18 01 00
 (069.003267)  can0  067   [8]  0B 6A F1 8E BC 00 00 00
 (069.003699)  can0  068   [8]  0B 6A F1 8E 3C 00 00 00
 (069.043306)  can0  067   [8]  12 80 67 00 01 01 00 00
 (069.043326)  can0  067   [8]  0C 02 A1 B6 00 00 70 40
 (069.043687)  can0  068   [8]  12 80 67 00 01 01 00 00
 (069.043700)  can0  068   [8]  0C 02 A1 A4 00 00 70 10
 (069.063223)  can0  067   [8]  00 13 DE 02 BD 00 00 00
 (069.063741)  can0  068   [8]  00 7C FE C1 3C 00 00 00
 (069.083242)  can0  067   [8]  05 3C 0B 00 49 0B 00 00
 (069.083262)  can0  067   [8]  11 06 00 00 00 00 29 01
 (069.083703)  can0  068   [8]  05 D1 18 01 A5 18 01 00
 (069.083715)  can0  068   [8]  11 06 00 00 00 00 29 01
 (069.123241)  can0  067   [8]  0B 6A F1 8E BC 00 00 00
 (069.123714)  can0  068   [8]  0B 6A F1 8E 3C 00 00 00
 (069.183249)  can0  067   [8]  00 13 DE 02 BD 00 00 00
 (069.183700)  can0  068   [8]  00 C1 30 C2 3C 00 00 00
 (069.203227)  can0  067   [8]  05 3B 0B 00 24 0B 00 00
 (069.203740)  can0  068   [8]  05 D0 18 01 DD 18 01 00
 (069.243237)  can0  067   [8]  0B 6A F1 8E BC 00 00 00
 (069.243696)  can0  068   [8]  0B 6A F1 8E 3C 00 00 00
 (069.303250)  can0  067   [8]  00 35 F7 02 BD 00 00 00
 (069.303762)  can0  068   [8]  00 C1 30 C2 3C 00 00 00
 (069.323240)  can0  067   [8]  05 45 0B 00 40 0B 00 00
 (069.323769)  can0  068   [8]  05 D0 18 01 27 19 01 00
 (069.363239)  can0  067   [8]  0B 6A F1 8E BC 00 00 00
 (069.363715)  can0  068   [8]  0B 6A F1 8E 3C 00 00 00
 (069.423201)  can0  067   [8]  00 CF AB 02 BD 00 00 00
 (069.423750)  can0  068   [8]  00 7C FE C1 3C 00 00 00
 (069.443237)  can0  067   [8]  05 3A 0B 00 49 0B 00 00
 (069.443710)  can0  068   [8]  05 D0 18 01 DD 18 01 00
 (069.483242)  can0  067   [8]  0B 6A F1 8E BC 00 00 00
 (069.483707)  can0  068   [8]  0B 6A F1 8E 3C 00 00 00
 (069.543205)  can0  067   [8]  00 35 F7 02 BD 00 00 00
 (069.543645)  can0  068   [8]  00 C1 30 C2 3C 00 00 00
 (069.563231)  can0  067   [8]  05 39 0B 00 40 0B 00 00
 (069.563684)  can0  068   [8]  05 DA 18 01 1D 19 01 00
 (069.603258)  can0  067   [8]  0B 6A F1 8E BC 00 00 00
 (069.603737)  can0  068   [8]  0B 6A F1 8E 3C 00 00 00
 (069.663275)  can0  067   [8]  00 35 F7 02 BD 00 00 00
 (069.663670)  can0  068   [8]  00 C1 30 C2 3C 00 00 00
 (069.683217)  can0  067   [8]  05 2F 0B 00 24 0B 00 00
 (069.683680)  can0  068   [8]  05 CF 18 01 77 18 01 00
 (069.723193)  can0  067   [8]  0B 6A F1 8E BC 00 00 00
 (069.723693)  can0  068   [8]  0B 6A F1 8E 3C 00 00 00
 (069.783236)  can0  067   [8]  00 35 F7 02 BD 00 00 00
 (069.783716)  can0  068   [8]  00 C1 30 C2 3C 00 00 00
 (069.803236)  can0  067   [8]  05 2E 0B 00 2E 0B 00 00
 (069.803702)  can0  068   [8]  05 CF 18 01 C1 18 01 00
 (069.843241)  can0  067   [8]  0B 6A F1 8E BC 00 00 00
 (069.843626)  can0  068   [8]  0B 6A F1 8E 3C 00 00 00
 (069.903222)  can0  067   [8]  00 35 F7 02 BD 00 00 00
 (069.903701)  can0  068   [8]  00 7C FE C1 3C 00 00 00
 (069.923214)  can0  067   [8]  05 23 0B 00 12 0B 00 00
 (069.923678)  can0  068   [8]  05 C5 18 01 80 18 01 00
 (069.963224)  can0  067   [8]  0B 6A F1 8E BC 00 00 00
 (069.963532)  can0  068   [8]  0B 6A F1 8E 3C 00 00 00
 (070.023210)  can0  067   [8]  00 13 DE 02 BD 00 00 00
 (070.023631)  can0  068   [8]  00 7C FE C1 3C 00 00 00
 (070.043233)  can0  067   [8]  05 36 0B 00 37 0B 00 00
 (070.043251)  can0  067   [8]  12 80 67 00 01 01 00 00
 (070.043252)  can0  067   [8]  0C 02 A1 B6 00 00 80 40
 (070.043689)  can0  068   [8]  05 CE 18 01 CA 18 01 00
 (070.043701)  can0  068   [8]  12 80 67 00 01 01 00 00
 (070.043789)  can0  068   [8]  0C 02 A1 A4 00 00 60 10
 (070.083183)  can0  067   [8]  0B 6A F1 8E BC 00 00 00
 (070.083201)  can0  067   [8]  11 06 00 00 00 00 29 01
 (070.083684)  can0  068   [8]  0B 6A F1 8E 3C 00 00 00
 (070.083696)  can0  068   [8]  11 06 00 00 00 00 29 01
 (070.092521)  can0  064   [8]  67 01 92 0A 86 BF 06 00
 (070.094255)  can0  064   [8]  68 01 92 0A 86 3F 06 00
 (070.103094)  can0  067   [8]  11 06 00 00 00 00 09 01
 (070.103612)  can0  068   [8]  11 06 00 00 00 00 09 01
 (070.143204)  can0  067   [8]  00 30 E9 05 BD 00 00 00
 (070.143622)  can0  068   [8]  00 15 2C C3 3C 00 00 00
 (070.163180)  can0  067   [8]  05 01 2E 00 2E 2E 00 00
 (070.163636)  can0  068   [8]  05 06 2F 01 FB 2E 01 00
 (070.203158)  can0  067   [8]  0B 79 29 03 BD 00 00 00
 (070.203621)  can0  068   [8]  0B 49 95 C2 3C 00 00 00
 (070.263222)  can0  067   [8]  00 97 34 06 BD 00 00 00
 (070.263526)  can0  068   [8]  00 D1 F9 C2 3C 00 00 00
 (070.283201)  can0  067   [8]  05 5E 2E 00 73 2E 00 00
 (070.283523)  can0  068   [8]  05 FA 2F 01 5D 31 01 00
 (070.323221)  can0  067   [8]  0B 64 52 05 BD 00 00 00
 (070.323565)  can0  068   [8]  0B 21 E7 C6 3C 00 00 00
 (070.383151)  can0  067   [8]  00 1D 12 08 BD 00 00 00
 (070.383541)  can0  068   [8]  00 59 5E C3 3C 00 00 00
 (070.403190)  can0  067   [8]  05 87 30 00 47 31 00 00
 (070.403518)  can0  068   [8]  05 4C 32 01 29 32 01 00
 (070.443192)  can0  067   [8]  0B 5D 36 0B BD 00 00 00
 (070.443521)  can0  068   [8]  0B 12 AF D2 3C 00 00 00
 (070.503154)  can0  067   [8]  00 E8 21 0A BD 00 00 00
 (070.503544)  can0  068   [8]  00 59 5E C3 3C 00 00 00
 (070.523166)  can0  067   [8]  05 03 34 00 33 34 00 00
 (070.523520)  can0  068   [8]  05 B1 36 01 A1 36 01 00
 (070.563155)  can0  067   [8]  0B 70 17 17 BD 00 00 00
 (070.563516)  can0  068   [8]  0B 38 71 EA 3C 00 00 00
 (070.623156)  can0  067   [8]  00 F5 63 0C BD 00 00 00
 (070.623622)  can0  068   [8]  00 AD 59 C4 3C 00 00 00
 (070.643148)  can0  067   [8]  05 96 3A 00 9C 3A 00 00
 (070.643581)  can0  068   [8]  05 E5 3D 01 24 3F 01 00
 (070.683135)  can0  067   [8]  0B 24 D3 2A BD 00 00 00
 (070.683585)  can0  068   [8]  0B 4F F4 08 3D 00 00 00
 (070.743181)  can0  067   [8]  00 AB A6 1E BD 00 00 00
 (070.743617)  can0  068   [8]  00 DB 37 D6 3C 00 00 00
 (070.763154)  can0  067   [8]  05 F5 37 00 0E 37 00 00
 (070.763572)  can0  068   [8]  05 49 3E 01 94 49 01 00
 (070.803123)  can0  067   [8]  0B 41 79 48 BD 00 00 00
 (070.803547)  can0  068   [8]  0B B1 CC 26 3D 00 00 00
 (070.863163)  can0  067   [8]  00 0C 53 95 BD 00 00 00
 (070.863494)  can0  068   [8]  00 9C C9 81 3D 00 00 00
 (070.883165)  can0  067   [8]  05 86 15 00 71 15 00 00
 (070.883526)  can0  068   [8]  05 CC 17 01 86 17 01 00
 (070.923156)  can0  067   [8]  0B 62 37 71 BD 00 00 00
 (070.923507)  can0  068   [8]  0B 16 BD 4F 3D 00 00 00
 (070.983150)  can0  067   [8]  00 F6 F4 98 BD 00 00 00
 (070.983511)  can0  068   [8]  00 C6 03 83 3D 00 00 00
 (071.003138)  can0  067   [8]  05 D0 23 00 D5 23 00 00
 (071.003494)  can0  068   [8]  05 74 27 01 93 27 01 00
 (071.043162)  can0  067   [8]  0B E5 9F 92 BD 00 00 00
 (071.043184)  can0  067   [8]  12 80 67 00 01 01 00 00
 (071.043186)  can0  067   [8]  0C 02 A1 89 4B 00 40 7E
 (071.043481)  can0  068   [8]  0B 72 08 82 3D 00 00 00
 (071.043651)  can0  068   [8]  12 80 67 00 01 01 00 00
 (071.043660)  can0  068   [8]  0C 02 A1 89 4A 00 50 7E
 (071.103122)  can0  067   [8]  00 F0 FA B7 BD 00 00 00
 (071.103139)  can0  067   [8]  11 06 00 00 00 00 09 01
 (071.103535)  can0  068   [8]  00 8F B3 A6 3D 00 00 00
 (071.103544)  can0  068   [8]  11 06 00 00 00 00 09 01
 (071.123133)  can0  067   [8]  05 B8 1C 00 3A 1C 00 00
 (071.123563)  can0  068   [8]  05 CA 1D 01 6C 1E 01 00
 (071.163118)  can0  067   [8]  0B AB 3C B2 BD 00 00 00
 (071.163538)  can0  068   [8]  0B 7B D7 A1 3D 00 00 00
 (071.223126)  can0  067   [8]  00 DF D1 D8 BD 00 00 00
 (071.223577)  can0  068   [8]  00 77 69 C6 3D 00 00 00
 (071.243157)  can0  067   [8]  05 BA 22 00 5E 21 00 00
 (071.243449)  can0  068   [8]  05 58 24 01 A7 23 01 00
 (071.283010)  can0  067   [8]  0B 03 72 D7 BD 00 00 00
 (071.283512)  can0  068   [8]  0B 3A 58 C7 3D 00 00 00
 (071.343114)  can0  067   [8]  00 EC B3 FC BD 00 00 00
 (071.343531)  can0  068   [8]  00 1D 79 EB 3D 00 00 00
 (071.363140)  can0  067   [8]  05 E1 1E 00 05 1F 00 00
 (071.363478)  can0  068   [8]  05 8C 20 01 22 20 01 00
 (071.403159)  can0  067   [8]  0B 3F 26 01 BE 00 00 00
 (071.403505)  can0  068   [8]  0B 1C 7E F2 3D 00 00 00
 (071.463143)  can0  067   [8]  00 35 8D 16 BE 00 00 00
 (071.463480)  can0  068   [8]  00 00 59 0D 3E 00 00 00
 (071.483108)  can0  067   [8]  05 02 25 00 CB 23 00 00
 (071.483512)  can0  068   [8]  05 46 27 01 45 26 01 00
 (071.523057)  can0  067   [8]  0B 7E 59 19 BE 00 00 00
 (071.523509)  can0  068   [8]  0B FF 97 11 3E 00 00 00
 (071.583168)  can0  067   [8]  00 A8 EF 30 BE 00 00 00
 (071.583490)  can0  068   [8]  00 D6 32 28 3E 00 00 00
 (071.603063)  can0  067   [8]  05 F4 19 00 80 1C 00 00
 (071.603523)  can0  068   [8]  05 0C 1D 01 59 22 01 00
 (071.643119)  can0  067   [8]  0B C2 26 34 BE 00 00 00
 (071.643481)  can0  068   [8]  0B D0 9D 2C 3E 00 00 00
 (071.703144)  can0  067   [8]  00 43 00 47 BE 00 00 00
 (071.703451)  can0  068   [8]  00 79 EB 3D 3E 00 00 00
 (071.723066)  can0  067   [8]  05 5B 2A 00 A1 29 00 00
 (071.723503)  can0  068   [8]  05 CC 2B 01 34 2A 01 00
 (071.763093)  can0  067   [8]  0B 04 6D 50 BE 00 00 00
 (071.763452)  can0  068   [8]  0B 55 16 49 3E 00 00 00
 (071.823121)  can0  067   [8]  00 41 19 6A BE 00 00 00
 (071.823452)  can0  068   [8]  00 9D F1 60 3E 00 00 00
 (071.843070)  can0  067   [8]  05 05 21 00 B3 20 00 00
 (071.843504)  can0  068   [8]  05 38 25 01 38 25 01 00
 (071.883081)  can0  067   [8]  0B AF 4B 6E BE 00 00 00
 (071.883495)  can0  068   [8]  0B D5 33 67 3E 00 00 00
 (071.943057)  can0  067   [8]  00 9B A5 84 BE 00 00 00
 (071.943457)  can0  068   [8]  00 14 02 80 3E 00 00 00
 (071.963070)  can0  067   [8]  05 3D 1C 00 D0 1B 00 00
 (071.963472)  can0  068   [8]  05 43 1F 01 03 1F 01 00
 (072.003032)  can0  067   [8]  0B 6A 89 86 BE 00 00 00
 (072.003482)  can0  068   [8]  0B C4 19 83 3E 00 00 00
 (072.043090)  can0  067   [8]  12 80 67 00 01 01 00 00
 (072.043110)  can0  067   [8]  0C 02 A1 89 FF 00 00 7E
 (072.043533)  can0  068   [8]  12 80 67 00 01 01 00 00
 (072.043544)  can0  068   [8]  0C 02 A1 9B FF 00 00 7E
 (072.063065)  can0  067   [8]  00 2F 2D 91 BE 00 00 00
 (072.063495)  can0  068   [8]  00 BA 3C 8D 3E 00 00 00
 (072.083072)  can0  067   [8]  05 D2 1D 00 A6 1D 00 00
 (072.083505)  can0  068   [8]  05 01 21 01 4F 20 01 00
 (072.103078)  can0  067   [8]  11 06 00 00 00 00 09 01
 (072.103504)  can0  068   [8]  11 06 00 00 00 00 09 01
 (072.123070)  can0  067   [8]  0B 1C 1C 96 BE 00 00 00
 (072.123440)  can0  068   [8]  0B 05 CF 92 3E 00 00 00
 (072.183045)  can0  067   [8]  00 59 5B A0 BE 00 00 00
 (072.183507)  can0  068   [8]  00 A1 38 9C 3E 00 00 00
 (072.203074)  can0  067   [8]  05 C5 26 00 97 25 00 00
 (072.203531)  can0  068   [8]  05 8E 29 01 3C 29 01 00
 (072.243065)  can0  067   [8]  0B F2 B1 A5 BE 00 00 00
 (072.243414)  can0  068   [8]  0B 6A 87 A2 3E 00 00 00
 (072.303029)  can0  067   [8]  00 41 1D B2 BE 00 00 00
 (072.303520)  can0  068   [8]  00 DD 7C AD 3E 00 00 00
 (072.323056)  can0  067   [8]  05 66 22 00 AA 21 00 00
 (072.323541)  can0  068   [8]  05 60 26 01 DA 25 01 00
 (072.363064)  can0  067   [8]  0B ED 4A B5 BE 00 00 00
 (072.363523)  can0  068   [8]  0B CF 3F B2 3E 00 00 00
 (072.423072)  can0  067   [8]  00 CD 25 C3 BE 00 00 00
 (072.423425)  can0  068   [8]  00 F4 D3 BE 3E 00 00 00
 (072.443071)  can0  067   [8]  05 17 1B 00 B9 1A 00 00
 (072.443411)  can0  068   [8]  05 D1 1F 01 7C 1F 01 00
 (072.483028)  can0  067   [8]  0B E8 E3 C4 BE 00 00 00
 (072.483513)  can0  068   [8]  0B 34 F8 C1 3E 00 00 00
 (072.543014)  can0  067   [8]  00 57 68 D1 BE 00 00 00
 (072.543469)  can0  068   [8]  00 59 29 CD 3E 00 00 00
 (072.563019)  can0  067   [8]  05 58 18 00 6A 17 00 00
 (072.563475)  can0  068   [8]  05 A1 1D 01 7E 1D 01 00
 (072.603098)  can0  067   [8]  0B BE 79 D4 BE 00 00 00
 (072.603450)  can0  068   [8]  0B 99 B0 D1 3E 00 00 00
 (072.663019)  can0  067   [8]  00 23 A6 DE BE 00 00 00
 (072.663475)  can0  068   [8]  00 83 F4 DA 3E 00 00 00
 (072.682978)  can0  067   [8]  05 FA 1F 00 A5 1F 00 00
 (072.683495)  can0  068   [8]  05 24 23 01 D6 22 01 00
 (072.723078)  can0  067   [8]  0B B9 12 E4 BE 00 00 00
 (072.723400)  can0  068   [8]  0B FF 68 E1 3E 00 00 00
 (072.783016)  can0  067   [8]  00 42 A5 EF BE 00 00 00
 (072.783473)  can0  068   [8]  00 45 50 EB 3E 00 00 00
 (072.803000)  can0  067   [8]  05 2F 22 00 9A 21 00 00
 (072.803435)  can0  068   [8]  05 9C 26 01 E0 25 01 00
 (072.843051)  can0  067   [8]  0B B4 AB F3 BE 00 00 00
 (072.843500)  can0  068   [8]  0B 64 21 F1 3E 00 00 00
 (072.903048)  can0  067   [8]  00 E0 98 00 BF 00 00 00
 (072.903362)  can0  068   [8]  00 BD 1E FD 3E 00 00 00
 (072.923030)  can0  067   [8]  05 4A 1B 00 CF 1A 00 00
 (072.923385)  can0  068   [8]  05 6A 21 01 82 20 01 00
 (072.963048)  can0  067   [8]  0B 0C B2 01 BF 00 00 00
 (072.963458)  can0  068   [8]  0B 2C 7E 00 3F 00 00 00
 (073.022994)  can0  067   [8]  00 78 CB 08 BF 00 00 00
 (073.023439)  can0  068   [8]  00 F9 AB 06 3F 00 00 00
 (073.043056)  can0  067   [8]  05 DB 15 00 04 15 00 00
 (073.043076)  can0  067   [8]  12 80 67 00 01 01 00 00
 (073.043078)  can0  067   [8]  0C 02 A1 92 FF 00 00 7E
 (073.043355)  can0  068   [8]  05 1F 1B 01 4C 1B 01 00
 (073.043546)  can0  068   [8]  12 80 67 00 01 01 00 00
 (073.043554)  can0  068   [8]  0C 02 A1 AD FF 00 00 7E
 (073.082990)  can0  067   [8]  0B 42 6D 09 BF 00 00 00
 (073.083411)  can0  068   [8]  0B 17 49 08 3F 00 00 00
 (073.103002)  can0  067   [8]  11 06 00 00 00 00 09 01
 (073.103346)  can0  068   [8]  11 06 00 00 00 00 09 01
 (073.142989)  can0  067   [8]  00 67 07 0F BF 00 00 00
 (073.143430)  can0  068   [8]  00 97 2E 0D 3F 00 00 00
 (073.163000)  can0  067   [8]  05 E6 17 00 F8 17 00 00
 (073.163424)  can0  068   [8]  05 45 1E 01 66 1D 01 00
 (073.202990)  can0  067   [8]  0B C0 39 11 BF 00 00 00
 (073.203454)  can0  068   [8]  0B 4A 25 10 3F 00 00 00
 (073.262966)  can0  067   [8]  00 7A B4 16 BF 00 00 00
 (073.263419)  can0  068   [8]  00 AA DB 14 3F 00 00 00
 (073.282990)  can0  067   [8]  05 1F 20 00 9C 1F 00 00
 (073.283429)  can0  068   [8]  05 09 25 01 A3 24 01 00
 (073.322923)  can0  067   [8]  0B 3D 06 19 BF 00 00 00
 (073.323469)  can0  068   [8]  0B 7D 01 18 3F 00 00 00
 (073.382974)  can0  067   [8]  00 4E 66 1F BF 00 00 00
 (073.383380)  can0  068   [8]  00 5E 5E 1D 3F 00 00 00
 (073.402988)  can0  067   [8]  05 12 1C 00 98 1B 00 00
 (073.403347)  can0  068   [8]  05 22 22 01 44 21 01 00
 (073.442949)  can0  067   [8]  0B 29 D1 20 BF 00 00 00
 (073.443382)  can0  068   [8]  0B AF DD 1F 3F 00 00 00
 (073.502988)  can0  067   [8]  00 B8 ED 27 BF 00 00 00
 (073.503414)  can0  068   [8]  00 C6 06 26 3F 00 00 00
 (073.522976)  can0  067   [8]  05 55 15 00 01 15 00 00
 (073.523399)  can0  068   [8]  05 D4 1B 01 61 1B 01 00
 (073.562982)  can0  067   [8]  0B A6 9D 28 BF 00 00 00
 (073.563390)  can0  068   [8]  0B E2 B9 27 3F 00 00 00
 (073.622982)  can0  067   [8]  00 89 52 2F BF 00 00 00
 (073.623344)  can0  068   [8]  00 04 6A 2D 3F 00 00 00
 (073.642967)  can0  067   [8]  05 87 11 00 CF 11 00 00
 (073.643382)  can0  068   [8]  05 37 19 01 FB 18 01 00
 (073.682965)  can0  067   [8]  0B D9 79 30 BF 00 00 00
 (073.683406)  can0  068   [8]  0B 5C A7 2F 3F 00 00 00
 (073.742968)  can0  067   [8]  00 99 B2 35 BF 00 00 00
 (073.743435)  can0  068   [8]  00 11 EB 33 3F 00 00 00
 (073.762964)  can0  067   [8]  05 97 19 00 1D 19 00 00
 (073.763407)  can0  068   [8]  05 0E 20 01 5D 20 01 00
 (073.802938)  can0  067   [8]  0B 0F 35 38 BF 00 00 00
 (073.803419)  can0  068   [8]  0B 47 72 37 3F 00 00 00
 (073.862966)  can0  067   [8]  00 2B 27 3E BF 00 00 00
 (073.863336)  can0  068   [8]  00 A4 49 3C 3F 00 00 00
 (073.882931)  can0  067   [8]  05 40 1B 00 05 1B 00 00
 (073.883405)  can0  068   [8]  05 30 22 01 8C 21 01 00
 (073.922985)  can0  067   [8]  0B 8C 01 40 BF 00 00 00
 (073.923325)  can0  068   [8]  0B 7A 4E 3F 3F 00 00 00
 (073.982937)  can0  067   [8]  00 23 DC 46 BF 00 00 00
 (073.983383)  can0  068   [8]  00 98 1F 45 3F 00 00 00
 (074.002949)  can0  067   [8]  05 13 15 00 88 14 00 00
 (074.003393)  can0  068   [8]  05 D9 1C 01 26 1C 01 00
 (074.042950)  can0  067   [8]  0B 0A CE 47 BF 00 00 00
 (074.042972)  can0  067   [8]  12 80 67 00 01 01 00 00
 (074.042973)  can0  067   [8]  0C 02 A1 B6 FF 00 00 7E
 (074.043340)  can0  068   [8]  0B AD 2A 47 3F 00 00 00
 (074.043352)  can0  068   [8]  12 80 67 00 01 01 00 00
 (074.043566)  can0  068   [8]  0C 02 A1 A4 FF 00 00 7E
 (074.102951)  can0  067   [8]  00 BA 0E 4F BF 00 00 00
 (074.102973)  can0  067   [8]  11 06 00 00 00 00 09 01
 (074.103428)  can0  068   [8]  00 5A 1E 4D 3F 00 00 00
 (074.103440)  can0  068   [8]  11 06 00 00 00 00 09 01
 (074.122935)  can0  067   [8]  05 42 0F 00 96 0E 00 00
 (074.123403)  can0  068   [8]  05 85 16 01 56 16 01 00
 (074.162930)  can0  067   [8]  0B F5 98 4F BF 00 00 00
 (074.163348)  can0  068   [8]  0B 4D 05 4F 3F 00 00 00
 (074.222924)  can0  067   [8]  00 1C 12 55 BF 00 00 00
 (074.223320)  can0  068   [8]  00 FC 8A 53 3F 00 00 00
 (074.242947)  can0  067   [8]  05 A4 11 00 03 11 00 00
 (074.243396)  can0  068   [8]  05 0F 19 01 BE 18 01 00
 (074.282939)  can0  067   [8]  0B 07 51 57 BF 00 00 00
 (074.283364)  can0  068   [8]  0B A6 CE 56 3F 00 00 00
 (074.342968)  can0  067   [8]  00 C3 B5 5C BF 00 00 00
 (074.343429)  can0  068   [8]  00 EE 13 5B 3F 00 00 00
 (074.362897)  can0  067   [8]  05 4F 19 00 50 18 00 00
 (074.363384)  can0  068   [8]  05 5B 20 01 CB 1F 01 00
 (074.402903)  can0  067   [8]  0B 42 D5 5E BF 00 00 00
 (074.403343)  can0  068   [8]  0B 2A 64 5E 3F 00 00 00
 (074.462908)  can0  067   [8]  00 31 11 65 BF 00 00 00
 (074.463275)  can0  068   [8]  00 34 98 63 3F 00 00 00
 (074.482921)  can0  067   [8]  05 BB 12 00 E8 11 00 00
 (074.483260)  can0  068   [8]  05 36 1A 01 78 19 01 00
 (074.522866)  can0  067   [8]  0B 3E 06 66 BF 00 00 00
 (074.523330)  can0  068   [8]  0B D9 A4 65 3F 00 00 00
 (074.582893)  can0  067   [8]  00 03 76 6C BF 00 00 00
 (074.583228)  can0  068   [8]  00 50 ED 6A 3F 00 00 00
 (074.602909)  can0  067   [8]  05 F3 09 00 79 0A 00 00
 (074.603354)  can0  068   [8]  05 43 11 01 4E 11 01 00
 (074.642870)  can0  067   [8]  0B 8D C4 6C BF 00 00 00
 (074.643318)  can0  068   [8]  0B DE 72 6C 3F 00 00 00
 (074.702899)  can0  067   [8]  00 AC 27 71 BF 00 00 00
 (074.703363)  can0  068   [8]  00 AC C4 6F 3F 00 00 00
 (074.722890)  can0  067   [8]  05 3E 15 00 72 14 00 00
 (074.723344)  can0  068   [8]  05 27 1C 01 2E 1B 01 00
 (074.762876)  can0  067   [8]  0B 35 EF 72 BF 00 00 00
 (074.763350)  can0  068   [8]  0B AA AB 72 3F 00 00 00
 (074.822896)  can0  067   [8]  00 F5 32 78 BF 00 00 00
 (074.823343)  can0  068   [8]  00 2F 5A 77 3F 00 00 00
 (074.842890)  can0  067   [8]  05 2B 10 00 CC 0F 00 00
 (074.843333)  can0  068   [8]  05 49 14 01 C2 13 01 00
 (074.882894)  can0  067   [8]  0B EF 69 78 BF 00 00 00
 (074.883252)  can0  068   [8]  0B F5 32 78 3F 00 00 00
 (074.942885)  can0  067   [8]  00 5C A7 7C BF 00 00 00
 (074.943331)  can0  068   [8]  00 58 65 7B 3F 00 00 00
 (074.962878)  can0  067   [8]  05 24 0B 00 F6 0A 00 00
 (074.963339)  can0  068   [8]  05 A2 12 01 50 12 01 00
 (075.002872)  can0  067   [8]  0B 03 3B 7D BF 00 00 00
 (075.003275)  can0  068   [8]  0B 9A 10 7D 3F 00 00 00
 (075.042914)  can0  067   [8]  12 80 67 00 01 01 00 00
 (075.042939)  can0  067   [8]  0C 02 A1 92 FF 00 00 7E
 (075.043275)  can0  068   [8]  12 80 67 00 01 01 00 00
 (075.043394)  can0  068   [8]  0C 02 A1 A4 FF 00 00 7E
 (075.062895)  can0  067   [8]  00 38 BC 80 BF 00 00 00
 (075.063233)  can0  068   [8]  00 77 6E 80 3F 00 00 00
 (075.082875)  can0  067   [8]  05 93 0F 00 4F 0F 00 00
 (075.083324)  can0  068   [8]  05 35 13 01 A0 12 01 00
 (075.102880)  can0  067   [8]  11 06 00 00 00 00 09 01
 (075.103322)  can0  068   [8]  11 06 00 00 00 00 09 01
 (075.122821)  can0  067   [8]  0B 16 A3 80 BF 00 00 00
 (075.123319)  can0  068   [8]  0B 98 92 80 3F 00 00 00
 (075.182821)  can0  067   [8]  00 AE 87 82 BF 00 00 00
 (075.183321)  can0  068   [8]  00 E0 FB 81 3F 00 00 00
 (075.202822)  can0  067   [8]  05 7B 0D 00 5D 0D 00 00
 (075.203320)  can0  068   [8]  05 95 12 01 3C 12 01 00
 (075.242834)  can0  067   [8]  0B 0F 53 82 BF 00 00 00
 (075.243320)  can0  068   [8]  0B 47 47 82 3F 00 00 00
 (075.302839)  can0  067   [8]  00 F9 86 84 BF 00 00 00
 (075.303338)  can0  068   [8]  00 FF 4F 84 3F 00 00 00
 (075.322777)  can0  067   [8]  05 A2 09 00 73 09 00 00
 (075.323375)  can0  068   [8]  05 B6 0B 01 8F 0B 01 00
 (075.362868)  can0  067   [8]  0B 7E A9 83 BF 00 00 00
 (075.363233)  can0  068   [8]  0B A3 A1 83 3F 00 00 00
 (075.422851)  can0  067   [8]  00 49 AE 85 BF 00 00 00
 (075.423296)  can0  068   [8]  00 B4 16 85 3F 00 00 00
 (075.442841)  can0  067   [8]  05 6B 07 00 5E 07 00 00
 (075.443306)  can0  068   [8]  05 BE 0D 01 2F 0E 01 00
 (075.482842)  can0  067   [8]  0B 64 A6 84 BF 00 00 00
 (075.483194)  can0  068   [8]  0B AE A1 84 3F 00 00 00
 (075.542872)  can0  067   [8]  00 DB 66 86 BF 00 00 00
 (075.543218)  can0  068   [8]  00 53 02 86 3F 00 00 00
 (075.562818)  can0  067   [8]  05 E7 08 00 B6 08 00 00
 (075.563278)  can0  068   [8]  05 14 0E 01 DA 0D 01 00
 (075.602846)  can0  067   [8]  0B 9B 51 85 BF 00 00 00
 (075.603349)  can0  068   [8]  0B 77 4E 85 3F 00 00 00
 (075.662885)  can0  067   [8]  00 A6 08 87 BF 00 00 00
 (075.663226)  can0  068   [8]  00 E4 C5 86 3F 00 00 00
 (075.682828)  can0  067   [8]  05 07 08 00 31 08 00 00
 (075.683289)  can0  068   [8]  05 06 0B 01 78 0A 01 00
 (075.722819)  can0  067   [8]  0B 11 BA 85 BF 00 00 00
 (075.723283)  can0  068   [8]  0B 7F B8 85 3F 00 00 00
 (075.782822)  can0  067   [8]  00 C1 63 87 BF 00 00 00
 (075.783254)  can0  068   [8]  00 B3 3B 87 3F 00 00 00
 (075.802807)  can0  067   [8]  05 A5 07 00 92 07 00 00
 (075.803261)  can0  068   [8]  05 0B 0A 01 23 09 01 00
 (075.842773)  can0  067   [8]  0B 0B F1 85 BF 00 00 00
 (075.843271)  can0  068   [8]  0B 42 F0 85 3F 00 00 00
 (075.902848)  can0  067   [8]  00 73 94 87 BF 00 00 00
 (075.903167)  can0  068   [8]  00 C3 4D 87 3F 00 00 00
 (075.922804)  can0  067   [8]  05 18 08 00 3F 08 00 00
 (075.923185)  can0  068   [8]  05 A7 0B 01 A5 0B 01 00
 (075.962852)  can0  067   [8]  0B 41 06 86 BF 00 00 00
 (075.963191)  can0  068   [8]  0B 41 06 86 3F 00 00 00
 (076.022814)  can0  067   [8]  00 3B A0 87 BF 00 00 00
 (076.023262)  can0  068   [8]  00 56 4F 87 3F 00 00 00
 (076.042809)  can0  067   [8]  05 3F 08 00 1A 08 00 00
 (076.042827)  can0  067   [8]  12 80 67 00 01 01 00 00
 (076.042829)  can0  067   [8]  0C 02 A1 B6 59 00 10 7E
 (076.043260)  can0  068   [8]  05 48 0C 01 A2 0C 01 00
 (076.043271)  can0  068   [8]  12 80 67 00 01 01 00 00
 (076.043424)  can0  068   [8]  0C 02 A1 AD 5B 00 10 7E
 (076.082808)  can0  067   [8]  0B 65 09 86 BF 00 00 00
 (076.083249)  can0  068   [8]  0B 65 09 86 3F 00 00 00
 (076.102796)  can0  067   [8]  11 06 00 00 00 00 29 01
 (076.103230)  can0  068   [8]  11 06 00 00 00 00 29 01
 (076.142736)  can0  067   [8]  00 5F A3 87 BF 00 00 00
 (076.143357)  can0  068   [8]  00 D4 5F 87 3F 00 00 00
 (076.162796)  can0  067   [8]  05 34 03 01 38 03 01 00
 (076.163267)  can0  068   [8]  05 2B 00 01 41 00 01 00
 (076.202795)  can0  067   [8]  0B 2E 0A 86 BF 00 00 00
 (076.203138)  can0  068   [8]  0B 2E 0A 86 3F 00 00 00
 (076.262822)  can0  067   [8]  00 5F A3 87 BF 00 00 00
 (076.263201)  can0  068   [8]  00 9D 60 87 3F 00 00 00
 (076.282810)  can0  067   [8]  05 3F 03 01 4B 03 01 00
 (076.283199)  can0  068   [8]  05 2A 00 01 1C 00 01 00
 (076.322783)  can0  067   [8]  0B 2E 0A 86 BF 00 00 00
 (076.323199)  can0  068   [8]  0B 2E 0A 86 3F 00 00 00
 (076.382821)  can0  067   [8]  00 96 A2 87 BF 00 00 00
 (076.383162)  can0  068   [8]  00 0B 5F 87 3F 00 00 00
 (076.402782)  can0  067   [8]  05 35 03 01 41 03 01 00
 (076.403226)  can0  068   [8]  05 3E 00 01 5D 00 01 00
 (076.442787)  can0  067   [8]  0B 2E 0A 86 BF 00 00 00
 (076.443122)  can0  068   [8]  0B 2E 0A 86 3F 00 00 00
 (076.502805)  can0  067   [8]  00 5F A3 87 BF 00 00 00
 (076.503125)  can0  068   [8]  00 D4 5F 87 3F 00 00 00
 (076.522787)  can0  067   [8]  05 4A 03 01 4B 03 01 00
 (076.523134)  can0  068   [8]  05 33 00 01 25 00 01 00
 (076.562767)  can0  067   [8]  0B 2E 0A 86 BF 00 00 00
 (076.563153)  can0  068   [8]  0B 2E 0A 86 3F 00 00 00
 (076.622655)  can0  067   [8]  00 28 A4 87 BF 00 00 00
 (076.623182)  can0  068   [8]  00 D4 5F 87 3F 00 00 00
 (076.642620)  can0  067   [8]  05 4B 03 01 5D 03 01 00
 (076.643146)  can0  068   [8]  05 47 00 01 4A 00 01 00
 (076.682732)  can0  067   [8]  0B 2E 0A 86 BF 00 00 00
 (076.683282)  can0  068   [8]  0B 2E 0A 86 3F 00 00 00
 (076.742761)  can0  067   [8]  00 28 A4 87 BF 00 00 00
 (076.743264)  can0  068   [8]  00 D4 5F 87 3F 00 00 00
 (076.762797)  can0  067   [8]  05 4B 03 01 4A 03 01 00
 (076.763210)  can0  068   [8]  05 3C 00 01 4A 00 01 00
 (076.802767)  can0  067   [8]  0B 2E 0A 86 BF 00 00 00
 (076.803113)  can0  068   [8]  0B 2E 0A 86 3F 00 00 00
 (076.862777)  can0  067   [8]  00 96 A2 87 BF 00 00 00
 (076.863141)  can0  068   [8]  00 0B 5F 87 3F 00 00 00
 (076.882731)  can0  067   [8]  05 42 03 01 38 03 01 00
 (076.883237)  can0  068   [8]  05 3B 00 01 41 00 01 00
 (076.922762)  can0  067   [8]  0B 2E 0A 86 BF 00 00 00
 (076.923148)  can0  068   [8]  0B 2E 0A 86 3F 00 00 00
 (076.982747)  can0  067   [8]  00 96 A2 87 BF 00 00 00
 (076.983247)  can0  068   [8]  00 0B 5F 87 3F 00 00 00
 (077.002760)  can0  067   [8]  05 42 03 01 38 03 01 00
 (077.003153)  can0  068   [8]  05 3B 00 01 38 00 01 00
 (077.042745)  can0  067   [8]  0B 2E 0A 86 BF 00 00 00
 (077.042767)  can0  067   [8]  12 80 67 00 01 01 00 00
 (077.042768)  can0  067   [8]  0C 02 A1 B6 00 00 70 40
 (077.043220)  can0  068   [8]  0B 2E 0A 86 3F 00 00 00
 (077.043233)  can0  068   [8]  12 80 67 00 01 01 00 00
 (077.043399)  can0  068   [8]  0C 02 A1 89 01 00 60 02
 (077.102711)  can0  067   [8]  00 96 A2 87 BF 00 00 00
 (077.102731)  can0  067   [8]  11 06 00 00 00 00 29 01
 (077.103202)  can0  068   [8]  00 D4 5F 87 3F 00 00 00
 (077.103214)  can0  068   [8]  11 06 00 00 00 00 29 01
 (077.122725)  can0  067   [8]  05 43 03 01 41 03 01 00
 (077.123179)  can0  068   [8]  05 44 00 01 41 00 01 00
 (077.162705)  can0  067   [8]  0B 2E 0A 86 BF 00 00 00
 (077.163101)  can0  068   [8]  0B 2E 0A 86 3F 00 00 00
 (077.222707)  can0  067   [8]  00 96 A2 87 BF 00 00 00
 (077.223149)  can0  068   [8]  00 0B 5F 87 3F 00 00 00
 (077.242718)  can0  067   [8]  05 44 03 01 F8 02 01 00
 (077.243170)  can0  068   [8]  05 3A 00 01 2F 00 01 00
 (077.282733)  can0  067   [8]  0B 2E 0A 86 BF 00 00 00
 (077.283196)  can0  068   [8]  0B 2E 0A 86 3F 00 00 00
 (077.342752)  can0  067   [8]  00 96 A2 87 BF 00 00 00
 (077.343122)  can0  068   [8]  00 0B 5F 87 3F 00 00 00
 (077.362735)  can0  067   [8]  05 4E 03 01 4A 03 01 00
 (077.363099)  can0  068   [8]  05 43 00 01 41 00 01 00
 (077.402697)  can0  067   [8]  0B 2E 0A 86 BF 00 00 00
 (077.403166)  can0  068   [8]  0B 2E 0A 86 3F 00 00 00
 (077.462740)  can0  067   [8]  00 28 A4 87 BF 00 00 00
 (077.463112)  can0  068   [8]  00 42 5E 87 3F 00 00 00
 (077.482699)  can0  067   [8]  05 4F 03 01 54 03 01 00
 (077.483144)  can0  068   [8]  05 43 00 01 41 00 01 00
 (077.522702)  can0  067   [8]  0B 2E 0A 86 BF 00 00 00
 (077.523178)  can0  068   [8]  0B 2E 0A 86 3F 00 00 00
 (077.582718)  can0  067   [8]  00 5F A3 87 BF 00 00 00
 (077.583168)  can0  068   [8]  00 0B 5F 87 3F 00 00 00
 (077.602728)  can0  067   [8]  05 46 03 01 4B 03 01 00
 (077.603156)  can0  068   [8]  05 42 00 01 54 00 01 00
 (077.642725)  can0  067   [8]  0B 2E 0A 86 BF 00 00 00
 (077.643196)  can0  068   [8]  0B 2E 0A 86 3F 00 00 00
 (077.702715)  can0  067   [8]  00 5F A3 87 BF 00 00 00
 (077.703061)  can0  068   [8]  00 0B 5F 87 3F 00 00 00
 (077.722681)  can0  067   [8]  05 3C 03 01 26 03 01 00
 (077.723172)  can0  068   [8]  05 42 00 01 41 00 01 00
 (077.762686)  can0  067   [8]  0B 2E 0A 86 BF 00 00 00
 (077.763086)  can0  068   [8]  0B 2E 0A 86 3F 00 00 00
 (077.822680)  can0  067   [8]  00 96 A2 87 BF 00 00 00
 (077.823130)  can0  068   [8]  00 42 5E 87 3F 00 00 00
 (077.842675)  can0  067   [8]  05 47 03 01 54 03 01 00
 (077.843152)  can0  068   [8]  05 41 00 01 38 00 01 00
 (077.882658)  can0  067   [8]  0B 2E 0A 86 BF 00 00 00
 (077.883099)  can0  068   [8]  0B 2E 0A 86 3F 00 00 00
 (077.942686)  can0  067   [8]  00 28 A4 87 BF 00 00 00
 (077.943057)  can0  068   [8]  00 0B 5F 87 3F 00 00 00
 (077.962715)  can0  067   [8]  05 3D 03 01 38 03 01 00
 (077.963051)  can0  068   [8]  05 41 00 01 5D 00 01 00
 (078.002670)  can0  067   [8]  0B 2E 0A 86 BF 00 00 00
 (078.003077)  can0  068   [8]  0B 2E 0A 86 3F 00 00 00
 (078.042668)  can0  067   [8]  12 80 67 00 01 01 00 00
 (078.042688)  can0  067   [8]  0C 02 A1 B6 00 00 70 40
 (078.043135)  can0  068   [8]  12 80 67 00 01 01 00 00
 (078.043147)  can0  068   [8]  0C 02 A1 89 00 00 70 02
 (078.062518)  can0  067   [8]  00 5F A3 87 BF 00 00 00
 (078.063121)  can0  068   [8]  00 42 5E 87 3F 00 00 00
 (078.082655)  can0  067   [8]  05 3E 03 01 4B 03 01 00
 (078.083136)  can0  068   [8]  05 36 00 01 38 00 01 00
 (078.102667)  can0  067   [8]  11 06 00 00 00 00 29 01
 (078.103152)  can0  068   [8]  11 06 00 00 00 00 29 01
 (078.122649)  can0  067   [8]  0B 2E 0A 86 BF 00 00 00
 (078.123076)  can0  068   [8]  0B 2E 0A 86 3F 00 00 00
 (078.182662)  can0  067   [8]  00 28 A4 87 BF 00 00 00
 (078.183157)  can0  068   [8]  00 42 5E 87 3F 00 00 00
 (078.202666)  can0  067   [8]  05 3F 03 01 4B 03 01 00
 (078.203165)  can0  068   [8]  05 36 00 01 2F 00 01 00
 (078.242680)  can0  067   [8]  0B 2E 0A 86 BF 00 00 00
 (078.243182)  can0  068   [8]  0B 2E 0A 86 3F 00 00 00
 (078.302516)  can0  067   [8]  00 5F A3 87 BF 00 00 00
 (078.303247)  can0  068   [8]  00 42 5E 87 3F 00 00 00
 (078.322683)  can0  067   [8]  05 49 03 01 4B 03 01 00
 (078.323066)  can0  068   [8]  05 35 00 01 4A 00 01 00
 (078.362678)  can0  067   [8]  0B 2E 0A 86 BF 00 00 00
 (078.363151)  can0  068   [8]  0B 2E 0A 86 3F 00 00 00
 (078.422678)  can0  067   [8]  00 5F A3 87 BF 00 00 00
 (078.423136)  can0  068   [8]  00 42 5E 87 3F 00 00 00
 (078.442525)  can0  067   [8]  05 4A 03 01 41 03 01 00
 (078.443053)  can0  068   [8]  05 3F 00 01 38 00 01 00
 (078.482639)  can0  067   [8]  0B 2E 0A 86 BF 00 00 00
 (078.483011)  can0  068   [8]  0B 2E 0A 86 3F 00 00 00
 (078.542630)  can0  067   [8]  00 5F A3 87 BF 00 00 00
 (078.543137)  can0  068   [8]  00 0B 5F 87 3F 00 00 00
 (078.562656)  can0  067   [8]  05 4B 03 01 70 03 01 00
 (078.563092)  can0  068   [8]  05 3E 00 01 4A 00 01 00
 (078.602642)  can0  067   [8]  0B 2E 0A 86 BF 00 00 00
 (078.603109)  can0  068   [8]  0B 2E 0A 86 3F 00 00 00
 (078.662665)  can0  067   [8]  00 28 A4 87 BF 00 00 00
 (078.663001)  can0  068   [8]  00 79 5D 87 3F 00 00 00
 (078.682599)  can0  067   [8]  05 4B 03 01 54 03 01 00
 (078.683130)  can0  068   [8]  05 3E 00 01 41 00 01 00
 (078.722632)  can0  067   [8]  0B 2E 0A 86 BF 00 00 00
 (078.723044)  can0  068   [8]  0B 2E 0A 86 3F 00 00 00
 (078.782626)  can0  067   [8]  00 5F A3 87 BF 00 00 00
 (078.783067)  can0  068   [8]  00 42 5E 87 3F 00 00 00
 (078.802641)  can0  067   [8]  05 56 03 01 5D 03 01 00
 (078.803086)  can0  068   [8]  05 3D 00 01 2F 00 01 00
 (078.842642)  can0  067   [8]  0B 2E 0A 86 BF 00 00 00
 (078.842985)  can0  068   [8]  0B 2E 0A 86 3F 00 00 00
 (078.902635)  can0  067   [8]  00 28 A4 87 BF 00 00 00
 (078.903055)  can0  068   [8]  00 42 5E 87 3F 00 00 00
 (078.922643)  can0  067   [8]  05 42 03 01 38 03 01 00
 (078.923111)  can0  068   [8]  05 48 00 01 4A 00 01 00
 (078.962645)  can0  067   [8]  0B 2E 0A 86 BF 00 00 00
 (078.963129)  can0  068   [8]  0B 2E 0A 86 3F 00 00 00
 (079.022610)  can0  067   [8]  00 5F A3 87 BF 00 00 00
 (079.023095)  can0  068   [8]  00 42 5E 87 3F 00 00 00
 (079.042633)  can0  067   [8]  05 43 03 01 38 03 01 00
 (079.042657)  can0  067   [8]  12 80 67 00 01 01 00 00
 (079.042659)  can0  067   [8]  0C 02 A1 B6 00 00 70 40
 (079.043001)  can0  068   [8]  05 47 00 01 54 00 01 00
 (079.043119)  can0  068   [8]  12 80 67 00 01 01 00 00
 (079.043257)  can0  068   [8]  0C 02 A1 89 00 00 70 02
 (079.082633)  can0  067   [8]  0B 2E 0A 86 BF 00 00 00
 (079.083019)  can0  068   [8]  0B 2E 0A 86 3F 00 00 00
 (079.102589)  can0  067   [8]  11 06 00 00 00 00 29 01
 (079.103063)  can0  068   [8]  11 06 00 00 00 00 29 01
 (079.142582)  can0  067   [8]  00 5F A3 87 BF 00 00 00
 (079.143040)  can0  068   [8]  00 42 5E 87 3F 00 00 00
 (079.162593)  can0  067   [8]  05 4E 03 01 4B 03 01 00
 (079.163068)  can0  068   [8]  05 3C 00 01 B0 00 01 00
 (079.202618)  can0  067   [8]  0B 2E 0A 86 BF 00 00 00
 (079.202978)  can0  068   [8]  0B 2E 0A 86 3F 00 00 00
 (079.262513)  can0  067   [8]  00 5F A3 87 BF 00 00 00
 (079.263114)  can0  068   [8]  00 42 5E 87 3F 00 00 00
 (079.282594)  can0  067   [8]  05 58 03 01 5D 03 01 00
 (079.283091)  can0  068   [8]  05 31 00 01 38 00 01 00
 (079.322499)  can0  067   [8]  0B 2E 0A 86 BF 00 00 00
 (079.322931)  can0  068   [8]  0B 2E 0A 86 3F 00 00 00
 (079.382547)  can0  067   [8]  00 5F A3 87 BF 00 00 00
 (079.383007)  can0  068   [8]  00 42 5E 87 3F 00 00 00
 (079.402543)  can0  067   [8]  05 59 03 01 54 03 01 00
 (079.402987)  can0  068   [8]  05 46 00 01 4A 00 01 00
 (079.442573)  can0  067   [8]  0B 2E 0A 86 BF 00 00 00
 (079.443013)  can0  068   [8]  0B 2E 0A 86 3F 00 00 00
 (079.502586)  can0  067   [8]  00 28 A4 87 BF 00 00 00
 (079.502974)  can0  068   [8]  00 79 5D 87 3F 00 00 00
 (079.522581)  can0  067   [8]  05 50 03 01 C9 02 01 00
 (079.523085)  can0  068   [8]  05 3A 00 01 38 00 01 00
 (079.562590)  can0  067   [8]  0B 2E 0A 86 BF 00 00 00
 (079.562988)  can0  068   [8]  0B 2E 0A 86 3F 00 00 00
 (079.622557)  can0  067   [8]  00 96 A2 87 BF 00 00 00
 (079.623052)  can0  068   [8]  00 42 5E 87 3F 00 00 00
 (079.642618)  can0  067   [8]  05 5A 03 01 5D 03 01 00
 (079.642957)  can0  068   [8]  05 3A 00 01 4A 00 01 00
 (079.682553)  can0  067   [8]  0B 2E 0A 86 BF 00 00 00
 (079.683037)  can0  068   [8]  0B 2E 0A 86 3F 00 00 00
 (079.742538)  can0  067   [8]  00 96 A2 87 BF 00 00 00
 (079.742959)  can0  068   [8]  00 79 5D 87 3F 00 00 00
 (079.762549)  can0  067   [8]  05 51 03 01 EE 02 01 00
 (079.763014)  can0  068   [8]  05 39 00 01 4A 00 01 00
 (079.802570)  can0  067   [8]  0B 2E 0A 86 BF 00 00 00
 (079.803034)  can0  068   [8]  0B 2E 0A 86 3F 00 00 00
 (079.862560)  can0  067   [8]  00 28 A4 87 BF 00 00 00
 (079.862969)  can0  068   [8]  00 42 5E 87 3F 00 00 00
 (079.882540)  can0  067   [8]  05 5B 03 01 5D 03 01 00
 (079.882971)  can0  068   [8]  05 43 00 01 41 00 01 00
 (079.922472)  can0  067   [8]  0B 2E 0A 86 BF 00 00 00
 (079.923093)  can0  068   [8]  0B 2E 0A 86 3F 00 00 00
 (079.982537)  can0  067   [8]  00 28 A4 87 BF 00 00 00
 (079.982981)  can0  068   [8]  00 42 5E 87 3F 00 00 00
 (080.002564)  can0  067   [8]  05 48 03 01 54 03 01 00
 (080.002977)  can0  068   [8]  05 43 00 01 2F 00 01 00
 (080.042561)  can0  067   [8]  0B 2E 0A 86 BF 00 00 00
 (080.042583)  can0  067   [8]  12 80 67 00 01 01 00 00
 (080.042585)  can0  067   [8]  0C 02 A1 B6 00 00 70 40
 (080.042932)  can0  068   [8]  0B 2E 0A 86 3F 00 00 00
 (080.042974)  can0  068   [8]  12 80 67 00 01 01 00 00
 (080.043306)  can0  068   [8]  0C 02 A1 89 00 00 60 02
 (080.102412)  can0  067   [8]  00 F1 A4 87 BF 00 00 00
 (080.102432)  can0  067   [8]  11 06 00 00 00 00 29 01
 (080.102618)  can0  064   [8]  67 01 35 FA 8E BC 07 00
 (080.102951)  can0  068   [8]  00 42 5E 87 3F 00 00 00
 (080.103050)  can0  068   [8]  11 06 00 00 00 00 29 01
 (080.104772)  can0  064   [8]  68 01 35 FA 8E 3C 07 00
 (080.122407)  can0  067   [8]  05 BA 0C 00 3C 0D 00 00
 (080.122432)  can0  067   [8]  11 06 00 00 00 00 09 01
 (080.123001)  can0  068   [8]  05 3A 0D 01 5A 0D 01 00
 (080.123026)  can0  068   [8]  11 06 00 00 00 00 09 01
 (080.162503)  can0  067   [8]  0B 28 A4 87 BF 00 00 00
 (080.163048)  can0  068   [8]  0B 42 5E 87 3F 00 00 00
 (080.222551)  can0  067   [8]  00 DC BE 87 BF 00 00 00
 (080.223058)  can0  068   [8]  00 8A 64 87 3F 00 00 00
 (080.242544)  can0  067   [8]  05 C0 03 00 BF 03 00 00
 (080.243015)  can0  068   [8]  05 B2 04 01 A8 04 01 00
 (080.282550)  can0  067   [8]  0B A9 9E 87 BF 00 00 00
 (080.283007)  can0  068   [8]  0B C2 58 87 3F 00 00 00
 (080.342506)  can0  067   [8]  00 81 BC 87 BF 00 00 00
 (080.342962)  can0  068   [8]  00 1C 66 87 3F 00 00 00
 (080.362477)  can0  067   [8]  05 91 02 00 80 02 00 00
 (080.362852)  can0  068   [8]  05 98 03 01 9C 03 01 00
 (080.402483)  can0  067   [8]  0B 74 89 87 BF 00 00 00
 (080.403051)  can0  068   [8]  0B 57 44 87 3F 00 00 00
 (080.462532)  can0  067   [8]  00 DC BE 87 BF 00 00 00
 (080.462910)  can0  068   [8]  00 8A 64 87 3F 00 00 00
 (080.482485)  can0  067   [8]  05 4A 00 00 B2 00 00 00
 (080.483015)  can0  068   [8]  05 7A 01 01 7B 01 01 00
 (080.522478)  can0  067   [8]  0B 54 5A 87 BF 00 00 00
 (080.522874)  can0  068   [8]  0B 00 16 87 3F 00 00 00
 (080.582495)  can0  067   [8]  00 A5 BF 87 BF 00 00 00
 (080.582964)  can0  068   [8]  00 8A 64 87 3F 00 00 00
 (080.602484)  can0  067   [8]  05 81 03 01 FD 03 01 00
 (080.602985)  can0  068   [8]  05 70 02 00 74 02 00 00
 (080.642480)  can0  067   [8]  0B 14 07 87 BF 00 00 00
 (080.643000)  can0  068   [8]  0B C0 C2 86 3F 00 00 00
 (080.702455)  can0  067   [8]  00 DC BE 87 BF 00 00 00
 (080.702930)  can0  068   [8]  00 42 5E 87 3F 00 00 00
 (080.722468)  can0  067   [8]  05 88 09 01 79 09 01 00
 (080.722926)  can0  068   [8]  05 8D 07 00 8A 07 00 00
 (080.762483)  can0  067   [8]  0B B4 84 86 BF 00 00 00
 (080.762834)  can0  068   [8]  0B 28 41 86 3F 00 00 00
 (080.822485)  can0  067   [8]  00 82 B1 87 BF 00 00 00
 (080.822956)  can0  068   [8]  00 43 53 87 3F 00 00 00
 (080.842461)  can0  067   [8]  05 39 11 01 20 11 01 00
 (080.842935)  can0  068   [8]  05 27 10 00 85 10 00 00
 (080.882481)  can0  067   [8]  0B FD C8 85 BF 00 00 00
 (080.882941)  can0  068   [8]  0B 04 87 85 3F 00 00 00
 (080.942469)  can0  067   [8]  00 AC 7D 87 BF 00 00 00
 (080.942949)  can0  068   [8]  00 B8 58 86 3F 00 00 00
 (080.962453)  can0  067   [8]  05 B1 17 01 5D 17 01 00
 (080.962976)  can0  068   [8]  05 CF 0A 00 28 0B 00 00
 (081.002479)  can0  067   [8]  0B 4E CB 84 BF 00 00 00
 (081.002811)  can0  068   [8]  0B E7 8A 84 3F 00 00 00
 (081.042506)  can0  067   [8]  12 80 67 00 01 01 00 00
 (081.042548)  can0  067   [8]  0C 02 A1 89 1D 00 40 7E
 (081.042911)  can0  068   [8]  12 80 67 00 01 01 00 00
 (081.042932)  can0  068   [8]  0C 02 A1 92 22 00 60 7E
 (081.062458)  can0  067   [8]  00 1A 62 85 BF 00 00 00
 (081.062920)  can0  068   [8]  00 9E 84 84 3F 00 00 00
 (081.082479)  can0  067   [8]  05 9A 0B 01 85 0B 01 00
 (081.082872)  can0  068   [8]  05 74 03 00 EC 03 00 00
 (081.122469)  can0  067   [8]  0B 4A 89 83 BF 00 00 00
 (081.122502)  can0  067   [8]  11 06 00 00 00 00 09 01
 (081.122937)  can0  068   [8]  0B 75 4A 83 3F 00 00 00
 (081.122958)  can0  068   [8]  11 06 00 00 00 00 09 01
 (081.182438)  can0  067   [8]  00 7F 55 84 BF 00 00 00
 (081.183076)  can0  068   [8]  00 EE 91 83 3F 00 00 00
 (081.202473)  can0  067   [8]  05 7D 0E 01 D4 0E 01 00
 (081.202995)  can0  068   [8]  05 2D 08 00 31 08 00 00
 (081.242439)  can0  067   [8]  0B 85 04 82 BF 00 00 00
 (081.242920)  can0  068   [8]  0B 41 C7 81 3F 00 00 00
 (081.302454)  can0  067   [8]  00 5B E4 82 BF 00 00 00
 (081.302926)  can0  068   [8]  00 DA 3D 82 3F 00 00 00
 (081.322438)  can0  067   [8]  05 2F 13 01 81 13 01 00
 (081.322918)  can0  068   [8]  05 A0 0D 00 6F 0D 00 00
 (081.362462)  can0  067   [8]  0B 6A 3B 80 BF 00 00 00
 (081.362919)  can0  068   [8]  0B 72 FF 7F 3F 00 00 00
 (081.422467)  can0  067   [8]  00 E4 23 81 BF 00 00 00
 (081.422998)  can0  068   [8]  00 57 3F 80 3F 00 00 00
 (081.442445)  can0  067   [8]  05 E5 11 01 D1 11 01 00
 (081.442898)  can0  068   [8]  05 5D 08 00 CA 07 00 00
 (081.482484)  can0  067   [8]  0B 88 5D 7C BF 00 00 00
 (081.482827)  can0  068   [8]  0B 4B E9 7B 3F 00 00 00
 (081.542453)  can0  067   [8]  00 96 31 7D BF 00 00 00
 (081.542788)  can0  068   [8]  00 08 AC 7B 3F 00 00 00
 (081.562451)  can0  067   [8]  05 BE 10 01 44 11 01 00
 (081.562915)  can0  068   [8]  05 70 0A 00 B2 09 00 00
 (081.602459)  can0  067   [8]  0B 94 B0 77 BF 00 00 00
 (081.602796)  can0  068   [8]  0B A0 42 77 3F 00 00 00
 (081.662441)  can0  067   [8]  00 7E EF 79 BF 00 00 00
 (081.662937)  can0  068   [8]  00 8A 13 78 3F 00 00 00
 (081.682427)  can0  067   [8]  05 AA 17 01 CC 16 01 00
 (081.682939)  can0  068   [8]  05 45 0E 00 D5 0D 00 00
 (081.722442)  can0  067   [8]  0B 1A 94 72 BF 00 00 00
 (081.722865)  can0  068   [8]  0B 4A 29 72 3F 00 00 00
 (081.782447)  can0  067   [8]  00 1A 94 72 BF 00 00 00
 (081.782896)  can0  068   [8]  00 65 16 71 3F 00 00 00
 (081.802437)  can0  067   [8]  05 6B 0E 01 17 0E 01 00
 (081.802894)  can0  068   [8]  05 36 08 00 D0 07 00 00
 (081.842461)  can0  067   [8]  0B F6 EE 6C BF 00 00 00
 (081.842929)  can0  068   [8]  0B DC 88 6C 3F 00 00 00
 (081.902444)  can0  067   [8]  00 4B 4D 6F BF 00 00 00
 (081.902931)  can0  068   [8]  00 0F 60 6D 3F 00 00 00
 (081.922407)  can0  067   [8]  05 89 18 01 EA 18 01 00
 (081.922912)  can0  068   [8]  05 64 0E 00 95 0D 00 00
 (081.962424)  can0  067   [8]  0B B9 E3 66 BF 00 00 00
 (081.962952)  can0  068   [8]  0B 55 82 66 3F 00 00 00
 (082.022429)  can0  067   [8]  00 16 87 67 BF 00 00 00
 (082.022906)  can0  068   [8]  00 85 17 66 3F 00 00 00
 (082.042446)  can0  067   [8]  05 46 14 01 C7 13 01 00
 (082.042481)  can0  067   [8]  12 80 67 00 01 01 00 00
 (082.042482)  can0  067   [8]  0C 02 A1 AD D1 00 00 7E
 (082.042805)  can0  068   [8]  05 28 0D 00 AB 0C 00 00
 (082.042911)  can0  068   [8]  12 80 67 00 01 01 00 00
 (082.043031)  can0  068   [8]  0C 02 A1 89 D4 00 00 7E
 (082.082440)  can0  067   [8]  0B 3B 85 60 BF 00 00 00
 (082.082884)  can0  068   [8]  0B FB 26 60 3F 00 00 00
 (082.122429)  can0  067   [8]  11 06 00 00 00 00 09 01
 (082.122890)  can0  068   [8]  11 06 00 00 00 00 09 01
 (082.142422)  can0  067   [8]  00 83 EE 61 BF 00 00 00
 (082.142833)  can0  068   [8]  00 B6 FF 5F 3F 00 00 00
 (082.162424)  can0  067   [8]  05 3C 0B 01 F9 0A 01 00
 (082.162835)  can0  068   [8]  05 88 03 00 80 03 00 00
 (082.202410)  can0  067   [8]  0B E7 E7 59 BF 00 00 00
 (082.202857)  can0  068   [8]  0B F0 8F 59 3F 00 00 00
 (082.262443)  can0  067   [8]  00 1E 01 5C BF 00 00 00
 (082.262864)  can0  068   [8]  00 72 36 5A 3F 00 00 00
 (082.282435)  can0  067   [8]  05 72 1A 01 9A 19 01 00
 (082.282870)  can0  068   [8]  05 29 10 00 92 0E 00 00
 (082.322462)  can0  067   [8]  0B 4F 23 53 BF 00 00 00
 (082.322797)  can0  068   [8]  0B 7D CE 52 3F 00 00 00
 (082.382459)  can0  067   [8]  00 23 6D 53 BF 00 00 00
 (082.382801)  can0  068   [8]  00 70 D9 51 3F 00 00 00
 (082.402410)  can0  067   [8]  05 DF 0F 01 BD 0F 01 00
 (082.402857)  can0  068   [8]  05 E6 07 00 30 07 00 00
 (082.442402)  can0  067   [8]  0B 4B 4A 4C BF 00 00 00
 (082.442850)  can0  068   [8]  0B 9D F8 4B 3F 00 00 00
 (082.502444)  can0  067   [8]  00 F6 2A 4E BF 00 00 00
 (082.502869)  can0  068   [8]  00 75 16 4C 3F 00 00 00
 (082.522439)  can0  067   [8]  05 F3 0C 01 D1 0C 01 00
 (082.522894)  can0  068   [8]  05 23 04 00 30 04 00 00
 (082.562433)  can0  067   [8]  0B 23 6E 45 BF 00 00 00
 (082.562742)  can0  068   [8]  0B 98 1F 45 3F 00 00 00
 (082.622429)  can0  067   [8]  00 79 C1 47 BF 00 00 00
 (082.622863)  can0  068   [8]  00 F4 CD 45 3F 00 00 00
 (082.642363)  can0  067   [8]  05 FA 18 01 9D 17 01 00
 (082.642862)  can0  068   [8]  05 98 0D 00 D1 0C 00 00
 (082.682444)  can0  067   [8]  0B 69 90 3E BF 00 00 00
 (082.682787)  can0  068   [8]  0B 95 46 3E 3F 00 00 00
 (082.742360)  can0  067   [8]  00 EA 36 3F BF 00 00 00
 (082.742855)  can0  068   [8]  00 CB 99 3D 3F 00 00 00
 (082.762436)  can0  067   [8]  05 49 10 01 72 10 01 00
 (082.762883)  can0  068   [8]  05 90 07 00 E0 06 00 00
 (082.802378)  can0  067   [8]  0B 41 B4 37 BF 00 00 00
 (082.802900)  can0  068   [8]  0B 91 6D 37 3F 00 00 00
 (082.862410)  can0  067   [8]  00 5E 5C 39 BF 00 00 00
 (082.862828)  can0  068   [8]  00 25 59 37 3F 00 00 00
 (082.882379)  can0  067   [8]  05 8C 0A 01 EF 09 01 00
 (082.882828)  can0  068   [8]  05 D7 00 00 42 00 00 00
 (082.922418)  can0  067   [8]  0B F5 C9 30 BF 00 00 00
 (082.922761)  can0  068   [8]  0B 6A 86 30 3F 00 00 00
 (082.982353)  can0  067   [8]  00 FA 63 33 BF 00 00 00
 (082.982819)  can0  068   [8]  00 E6 58 31 3F 00 00 00
 (083.002323)  can0  067   [8]  05 F6 17 01 27 18 01 00
 (083.002866)  can0  068   [8]  05 F6 0B 00 50 0B 00 00
 (083.042379)  can0  067   [8]  0B F0 FB 29 BF 00 00 00
 (083.042417)  can0  067   [8]  12 80 67 00 01 01 00 00
 (083.042419)  can0  067   [8]  0C 02 A1 AD FF 00 00 7E
 (083.042890)  can0  068   [8]  0B 1B BD 29 3F 00 00 00
 (083.042938)  can0  068   [8]  12 80 67 00 01 01 00 00
 (083.042982)  can0  068   [8]  0C 02 A1 9B FF 00 00 7E
 (083.102342)  can0  067   [8]  00 8E F2 2A BF 00 00 00
 (083.102821)  can0  068   [8]  00 70 4A 29 3F 00 00 00
 (083.122295)  can0  067   [8]  05 5D 10 01 95 0F 01 00
 (083.122329)  can0  067   [8]  11 06 00 00 00 00 09 01
 (083.122797)  can0  068   [8]  05 2F 07 00 BC 06 00 00
 (083.122822)  can0  068   [8]  11 06 00 00 00 00 09 01
 (083.162335)  can0  067   [8]  0B C8 1F 23 BF 00 00 00
 (083.162820)  can0  068   [8]  0B 17 E4 22 3F 00 00 00
 (083.222362)  can0  067   [8]  00 C9 77 24 BF 00 00 00
 (083.222740)  can0  068   [8]  00 69 92 22 3F 00 00 00
 (083.242315)  can0  067   [8]  05 EC 07 01 8F 07 01 00
 (083.242835)  can0  068   [8]  05 0C 02 01 FE 01 01 00
 (083.282125)  can0  067   [8]  0B A0 43 1C BF 00 00 00
 (083.282850)  can0  068   [8]  0B 13 0B 1C 3F 00 00 00
 (083.342270)  can0  067   [8]  00 7C 06 1F BF 00 00 00
 (083.342911)  can0  068   [8]  00 B4 E0 1C 3F 00 00 00
 (083.362301)  can0  067   [8]  05 E2 16 01 49 17 01 00
 (083.362855)  can0  068   [8]  05 44 0A 00 57 08 00 00
 (083.402295)  can0  067   [8]  0B 77 67 15 BF 00 00 00
 (083.402811)  can0  068   [8]  0B 0F 32 15 3F 00 00 00
 (083.462306)  can0  067   [8]  00 A0 AC 16 BF 00 00 00
 (083.462821)  can0  068   [8]  00 39 FE 14 3F 00 00 00
 (083.482287)  can0  067   [8]  05 9E 10 01 4B 10 01 00
 (083.482784)  can0  068   [8]  05 7F 06 00 FF 05 00 00
 (083.522325)  can0  067   [8]  0B BE 89 0E BF 00 00 00
 (083.522799)  can0  068   [8]  0B 0C 59 0E 3F 00 00 00
 (083.582334)  can0  067   [8]  00 7E 8E 0F BF 00 00 00
 (083.582851)  can0  068   [8]  00 F6 BB 0D 3F 00 00 00
 (083.602390)  can0  067   [8]  05 C9 06 01 40 06 01 00
 (083.602743)  can0  068   [8]  05 E2 03 01 B2 03 01 00
 (083.642313)  can0  067   [8]  0B 72 9F 07 BF 00 00 00
 (083.642788)  can0  068   [8]  0B E4 71 07 3F 00 00 00
 (083.702345)  can0  067   [8]  00 02 88 0A BF 00 00 00
 (083.702714)  can0  068   [8]  00 A7 60 08 3F 00 00 00
 (083.722309)  can0  067   [8]  05 32 15 01 22 14 01 00
 (083.722772)  can0  068   [8]  05 48 08 00 C3 07 00 00
 (083.762333)  can0  067   [8]  0B 6D D1 00 BF 00 00 00
 (083.762716)  can0  068   [8]  0B 03 A7 00 3F 00 00 00
 (083.822343)  can0  067   [8]  00 69 60 02 BF 00 00 00
 (083.822710)  can0  068   [8]  00 02 B2 00 3F 00 00 00
 (083.842299)  can0  067   [8]  05 F9 10 01 DD 0F 01 00
 (083.842758)  can0  068   [8]  05 D8 05 00 8B 05 00 00
 (083.882322)  can0  067   [8]  0B 89 EA F3 BE 00 00 00
 (083.882716)  can0  068   [8]  0B FF 9B F3 3E 00 00 00
 (083.942284)  can0  067   [8]  00 16 86 F5 BE 00 00 00
 (083.942828)  can0  068   [8]  00 9A D7 F1 3E 00 00 00
 (083.962295)  can0  067   [8]  05 A5 05 01 14 06 01 00
 (083.962767)  can0  068   [8]  05 29 05 01 6F 05 01 00
 (084.002321)  can0  067   [8]  0B 39 32 E6 BE 00 00 00
 (084.002704)  can0  068   [8]  0B 1B ED E5 3E 00 00 00
 (084.042304)  can0  067   [8]  12 80 67 00 01 01 00 00
 (084.042341)  can0  067   [8]  0C 02 A1 AD FF 00 00 7E
 (084.042789)  can0  068   [8]  12 80 67 00 01 01 00 00
 (084.042813)  can0  068   [8]  0C 02 A1 9B FF 00 00 7E
 (084.062268)  can0  067   [8]  00 55 19 EC BE 00 00 00
 (084.062762)  can0  068   [8]  00 EC BA E7 3E 00 00 00
 (084.082260)  can0  067   [8]  05 A0 13 01 DA 12 01 00
 (084.082810)  can0  068   [8]  05 0F 06 00 1B 05 00 00
 (084.122298)  can0  067   [8]  0B E8 79 D8 BE 00 00 00
 (084.122338)  can0  067   [8]  11 06 00 00 00 00 09 01
 (084.122781)  can0  068   [8]  0B 13 3B D8 3E 00 00 00
 (084.122806)  can0  068   [8]  11 06 00 00 00 00 09 01
 (084.182281)  can0  067   [8]  00 3F 25 DC BE 00 00 00
 (084.182773)  can0  068   [8]  00 2E 96 D8 3E 00 00 00
 (084.202268)  can0  067   [8]  05 A5 11 01 29 11 01 00
 (084.202729)  can0  068   [8]  05 FF 04 00 5C 04 00 00
 (084.242299)  can0  067   [8]  0B 74 BE CA BE 00 00 00
 (084.242783)  can0  068   [8]  0B 0C 89 CA 3E 00 00 00
 (084.302262)  can0  067   [8]  00 78 F5 CB BE 00 00 00
 (084.302748)  can0  068   [8]  00 6C 3A C8 3E 00 00 00
 (084.322206)  can0  067   [8]  05 4B 05 01 94 05 01 00
 (084.322842)  can0  068   [8]  05 A7 05 01 8F 05 01 00
 (084.362244)  can0  067   [8]  0B 23 06 BD BE 00 00 00
 (084.362740)  can0  068   [8]  0B 03 D7 BC 3E 00 00 00
 (084.422265)  can0  067   [8]  00 1A 00 C3 BE 00 00 00
 (084.422789)  can0  068   [8]  00 46 82 BE 3E 00 00 00
 (084.442244)  can0  067   [8]  05 0A 11 01 CB 10 01 00
 (084.442777)  can0  068   [8]  05 24 03 00 99 02 00 00
 (084.482277)  can0  067   [8]  0B D3 4D AF BE 00 00 00
 (084.482773)  can0  068   [8]  0B FC 24 AF 3E 00 00 00
 (084.542256)  can0  067   [8]  00 67 6D B3 BE 00 00 00
 (084.542760)  can0  068   [8]  00 5D 9C AF 3E 00 00 00
 (084.562256)  can0  067   [8]  05 ED 11 01 16 13 01 00
 (084.562771)  can0  068   [8]  05 64 04 00 FD 02 00 00
 (084.602222)  can0  067   [8]  0B 82 95 A1 BE 00 00 00
 (084.602777)  can0  068   [8]  0B F3 72 A1 3E 00 00 00
 (084.662243)  can0  067   [8]  00 1F 97 A2 BE 00 00 00
 (084.662608)  can0  068   [8]  00 C8 EB 9E 3E 00 00 00
 (084.682252)  can0  067   [8]  05 6D 05 01 90 05 01 00
 (084.682705)  can0  068   [8]  05 44 05 01 95 05 01 00
 (084.722229)  can0  067   [8]  0B 32 DD 93 BE 00 00 00
 (084.722748)  can0  068   [8]  0B EC C0 93 3E 00 00 00
 (084.782209)  can0  067   [8]  00 75 B1 99 BE 00 00 00
 (084.782748)  can0  068   [8]  00 0E 3D 95 3E 00 00 00
 (084.802242)  can0  067   [8]  05 83 0D 01 18 0D 01 00
 (084.802778)  can0  068   [8]  05 6D 00 00 64 00 01 00
 (084.842197)  can0  067   [8]  0B E2 24 86 BE 00 00 00
 (084.842792)  can0  068   [8]  0B 09 12 86 3E 00 00 00
 (084.902258)  can0  067   [8]  00 69 C8 8A BE 00 00 00
 (084.902760)  can0  068   [8]  00 65 B5 86 3E 00 00 00
 (084.922294)  can0  067   [8]  05 CE 11 01 D0 10 01 00
 (084.922674)  can0  068   [8]  05 18 04 00 03 03 00 00
 (084.962223)  can0  067   [8]  0B DA D2 70 BE 00 00 00
 (084.962746)  can0  068   [8]  0B B8 B9 70 3E 00 00 00
 (085.022239)  can0  067   [8]  00 23 9F 73 BE 00 00 00
 (085.022771)  can0  068   [8]  00 06 55 6C 3E 00 00 00
 (085.042246)  can0  067   [8]  05 70 05 01 24 05 01 00
 (085.042282)  can0  067   [8]  12 80 67 00 01 01 00 00
 (085.042284)  can0  067   [8]  0C 02 A1 B6 FF 00 00 7E
 (085.042605)  can0  068   [8]  05 B5 05 01 61 05 01 00
 (085.042663)  can0  068   [8]  12 80 67 00 01 01 00 00
 (085.042868)  can0  068   [8]  0C 02 A1 B6 FF 00 00 7E
 (085.082227)  can0  067   [8]  0B 45 57 56 BE 00 00 00
 (085.082757)  can0  068   [8]  0B B4 4A 56 3E 00 00 00
 (085.122176)  can0  067   [8]  11 06 00 00 00 00 09 01
 (085.122721)  can0  068   [8]  11 06 00 00 00 00 09 01
 (085.142227)  can0  067   [8]  00 B5 DB 62 BE 00 00 00
 (085.142693)  can0  068   [8]  00 33 CD 59 3E 00 00 00
 (085.162198)  can0  067   [8]  05 F2 0B 01 A5 0B 01 00
 (085.162661)  can0  068   [8]  05 BF 01 01 FA 02 01 00
 (085.202202)  can0  067   [8]  0B C4 78 3C BE 00 00 00
 (085.202680)  can0  068   [8]  0B C4 78 3C 3E 00 00 00
 (085.262231)  can0  067   [8]  00 99 82 46 BE 00 00 00
 (085.262697)  can0  068   [8]  00 41 AE 3E 3E 00 00 00
 (085.282187)  can0  067   [8]  05 38 0F 01 2E 0F 01 00
 (085.282671)  can0  068   [8]  05 74 01 00 0A 00 00 00
 (085.322054)  can0  067   [8]  0B 24 CE 23 BE 00 00 00
 (085.322645)  can0  068   [8]  0B 24 CE 23 3E 00 00 00
 (085.382174)  can0  067   [8]  00 4E CE 27 BE 00 00 00
 (085.382706)  can0  068   [8]  00 57 71 20 3E 00 00 00
 (085.402185)  can0  067   [8]  05 4C 00 00 96 00 00 00
 (085.402667)  can0  068   [8]  05 04 0C 01 1F 0C 01 00
 (085.442173)  can0  067   [8]  0B 82 9C 0C BE 00 00 00
 (085.442699)  can0  068   [8]  0B 13 A9 0C 3E 00 00 00
 (085.502190)  can0  067   [8]  00 48 69 1B BE 00 00 00
 (085.502672)  can0  068   [8]  00 EA 73 12 3E 00 00 00
 (085.522207)  can0  067   [8]  05 9D 0F 01 27 0F 01 00
 (085.522655)  can0  068   [8]  05 13 01 00 3B 00 01 00
 (085.562203)  can0  067   [8]  0B 3B 84 EE BD 00 00 00
 (085.562675)  can0  068   [8]  0B 5D 9D EE 3D 00 00 00
 (085.622215)  can0  067   [8]  00 3F 23 F8 BD 00 00 00
 (085.622669)  can0  068   [8]  00 96 9B E9 3D 00 00 00
 (085.642192)  can0  067   [8]  05 6A 01 01 50 00 01 00
 (085.642694)  can0  068   [8]  05 41 0A 01 A0 0A 01 00
 (085.682210)  can0  067   [8]  0B 06 EF C7 BD 00 00 00
 (085.682711)  can0  068   [8]  0B B9 14 C8 3D 00 00 00
 (085.742208)  can0  067   [8]  00 19 66 E7 BD 00 00 00
 (085.742714)  can0  068   [8]  00 5B 7B D5 3D 00 00 00
 (085.762168)  can0  067   [8]  05 65 0C 01 D5 0B 01 00
 (085.762687)  can0  068   [8]  05 DD 01 01 46 02 01 00
 (085.802191)  can0  067   [8]  0B 19 9F A5 BD 00 00 00
 (085.802689)  can0  068   [8]  0B CB C4 A5 3D 00 00 00
 (085.862081)  can0  067   [8]  00 00 BF B1 BD 00 00 00
 (085.862685)  can0  068   [8]  00 14 05 A3 3D 00 00 00
 (085.882168)  can0  067   [8]  05 06 02 00 6A 02 00 00
 (085.882718)  can0  068   [8]  05 B0 0D 01 DE 0D 01 00
 (085.922169)  can0  067   [8]  0B E2 87 87 BD 00 00 00
 (085.922712)  can0  068   [8]  0B 26 BA 87 3D 00 00 00
 (085.982208)  can0  067   [8]  00 5F 58 A4 BD 00 00 00
 (085.982662)  can0  068   [8]  00 D7 E9 95 3D 00 00 00
 (086.002156)  can0  067   [8]  05 A0 08 01 26 0A 01 00
 (086.002701)  can0  068   [8]  05 5B 03 01 F9 02 01 00
 (086.042201)  can0  067   [8]  0B E5 6B 5B BD 00 00 00
 (086.042221)  can0  067   [8]  12 80 67 00 01 01 00 00
 (086.042223)  can0  067   [8]  0C 02 A1 89 F9 00 00 7E
 (086.042712)  can0  068   [8]  0B 4B B7 5B 3D 00 00 00
 (086.042727)  can0  068   [8]  12 80 67 00 01 01 00 00
 (086.042867)  can0  068   [8]  0C 02 A1 89 F9 00 00 7E
 (086.102227)  can0  067   [8]  00 C7 8F 88 BD 00 00 00
 (086.102713)  can0  068   [8]  00 AB FE 6C 3D 00 00 00
 (086.122208)  can0  067   [8]  05 A2 03 01 9D 03 01 00
 (086.122231)  can0  067   [8]  11 06 00 00 00 00 09 01
 (086.122739)  can0  068   [8]  05 6F 0B 01 18 0C 01 00
 (086.122757)  can0  068   [8]  11 06 00 00 00 00 09 01
 (086.162216)  can0  067   [8]  0B 50 20 30 BD 00 00 00
 (086.162697)  can0  068   [8]  0B B6 6B 30 3D 00 00 00
 (086.222227)  can0  067   [8]  00 57 72 5F BD 00 00 00
 (086.222720)  can0  068   [8]  00 97 6A 3B 3D 00 00 00
 (086.242191)  can0  067   [8]  05 27 01 01 E6 00 01 00
 (086.242703)  can0  068   [8]  05 17 0D 01 6D 0D 01 00
 (086.282189)  can0  067   [8]  0B 05 2D 0D BD 00 00 00
 (086.282739)  can0  068   [8]  0B 49 5F 0D 3D 00 00 00
 (086.342196)  can0  067   [8]  00 A1 9E 40 BD 00 00 00
 (086.342737)  can0  068   [8]  00 96 CF 20 3D 00 00 00
 (086.362162)  can0  067   [8]  05 97 00 01 46 00 01 00
 (086.362738)  can0  068   [8]  05 19 0C 01 D7 0B 01 00
 (086.402217)  can0  067   [8]  0B 60 1F E6 BC 00 00 00
 (086.402673)  can0  068   [8]  0B E8 83 E6 3C 00 00 00
 (086.462219)  can0  067   [8]  00 31 15 2D BD 00 00 00
 (086.462599)  can0  068   [8]  00 D0 3C 0F 3D 00 00 00
 (086.482084)  can0  067   [8]  05 F7 01 01 00 02 01 00
 (086.482714)  can0  068   [8]  05 41 0A 01 4A 0A 01 00
 (086.522180)  can0  067   [8]  0B A1 9E C0 BC 00 00 00
 (086.522709)  can0  068   [8]  0B 28 03 C1 3C 00 00 00
 (086.582195)  can0  067   [8]  00 26 50 1B BD 00 00 00
 (086.582793)  can0  068   [8]  00 14 62 F8 3C 00 00 00
 (086.602138)  can0  067   [8]  05 31 01 01 50 01 01 00
 (086.602717)  can0  068   [8]  05 1C 0B 01 89 0B 01 00
 (086.642159)  can0  067   [8]  0B 27 E1 A7 BC 00 00 00
 (086.642716)  can0  068   [8]  0B 6B 13 A8 3C 00 00 00
 (086.702176)  can0  067   [8]  00 48 D8 0E BD 00 00 00
 (086.702713)  can0  068   [8]  00 EA 00 D7 3C 00 00 00
 (086.722150)  can0  067   [8]  05 C5 00 01 E2 00 01 00
 (086.722692)  can0  068   [8]  05 72 0D 01 BD 0D 01 00
 (086.762167)  can0  067   [8]  0B 3A 27 99 BC 00 00 00
 (086.762733)  can0  068   [8]  0B 3A 27 99 3C 00 00 00
 (086.822191)  can0  067   [8]  00 B9 4D 06 BD 00 00 00
 (086.822683)  can0  068   [8]  00 75 E2 C7 3C 00 00 00
 (086.842217)  can0  067   [8]  05 65 00 00 86 00 00 00
 (086.842700)  can0  068   [8]  05 25 0E 01 5F 0E 01 00
 (086.882188)  can0  067   [8]  0B 21 B1 91 BC 00 00 00
 (086.882697)  can0  068   [8]  0B 65 E3 91 3C 00 00 00
 (086.942181)  can0  067   [8]  00 57 10 03 BD 00 00 00
 (086.942694)  can0  068   [8]  00 05 63 C2 3C 00 00 00
 (086.962181)  can0  067   [8]  05 3A 00 00 35 00 00 00
 (086.962736)  can0  068   [8]  05 B3 0D 01 89 0D 01 00
 (087.002203)  can0  067   [8]  0B F2 55 8F BC 00 00 00
 (087.002699)  can0  068   [8]  0B F2 55 8F 3C 00 00 00
 (087.042170)  can0  067   [8]  12 80 67 00 01 01 00 00
 (087.042187)  can0  067   [8]  0C 02 A1 B6 45 00 10 7E
 (087.042691)  can0  068   [8]  12 80 67 00 01 01 00 00
 (087.042709)  can0  068   [8]  0C 02 A1 A4 44 00 10 7E
 (087.062171)  can0  067   [8]  00 13 DE 02 BD 00 00 00
 (087.062714)  can0  068   [8]  00 7C FE C1 3C 00 00 00
 (087.082169)  can0  067   [8]  05 74 00 01 67 00 01 00
 (087.082679)  can0  068   [8]  05 39 0D 01 47 0D 01 00
 (087.122189)  can0  067   [8]  0B 6A F1 8E BC 00 00 00
 (087.122209)  can0  067   [8]  11 06 00 00 00 00 29 01
 (087.122716)  can0  068   [8]  0B 6A F1 8E 3C 00 00 00
 (087.122729)  can0  068   [8]  11 06 00 00 00 00 29 01
 (087.182165)  can0  067   [8]  00 35 F7 02 BD 00 00 00
 (087.182710)  can0  068   [8]  00 C1 30 C2 3C 00 00 00
 (087.202172)  can0  067   [8]  05 52 0B 00 40 0B 00 00
 (087.202724)  can0  068   [8]  05 E0 18 01 EF 18 01 00
 (087.242189)  can0  067   [8]  0B 6A F1 8E BC 00 00 00
 (087.242708)  can0  068   [8]  0B 6A F1 8E 3C 00 00 00
 (087.302123)  can0  067   [8]  00 57 10 03 BD 00 00 00
 (087.302706)  can0  068   [8]  00 7C FE C1 3C 00 00 00
 (087.322144)  can0  067   [8]  05 3D 0B 00 37 0B 00 00
 (087.322744)  can0  068   [8]  05 E0 18 01 E6 18 01 00
 (087.362187)  can0  067   [8]  0B 6A F1 8E BC 00 00 00
 (087.362654)  can0  068   [8]  0B 6A F1 8E 3C 00 00 00
 (087.422127)  can0  067   [8]  00 79 29 03 BD 00 00 00
 (087.422803)  can0  068   [8]  00 C1 30 C2 3C 00 00 00
 (087.442204)  can0  067   [8]  05 46 0B 00 49 0B 00 00
 (087.442718)  can0  068   [8]  05 DF 18 01 D3 18 01 00
 (087.482210)  can0  067   [8]  0B 6A F1 8E BC 00 00 00
 (087.482710)  can0  068   [8]  0B 6A F1 8E 3C 00 00 00
 (087.542246)  can0  067   [8]  00 79 29 03 BD 00 00 00
 (087.542759)  can0  068   [8]  00 7C FE C1 3C 00 00 00
 (087.562210)  can0  067   [8]  05 3C 0B 00 24 0B 00 00
 (087.562700)  can0  068   [8]  05 D5 18 01 67 19 01 00
 (087.602211)  can0  067   [8]  0B 6A F1 8E BC 00 00 00
 (087.602720)  can0  068   [8]  0B 6A F1 8E 3C 00 00 00
 (087.662174)  can0  067   [8]  00 35 F7 02 BD 00 00 00
 (087.662766)  can0  068   [8]  00 7C FE C1 3C 00 00 00
 (087.682216)  can0  067   [8]  05 3B 0B 00 40 0B 00 00
 (087.682724)  can0  068   [8]  05 DF 18 01 EF 18 01 00
 (087.722169)  can0  067   [8]  0B 6A F1 8E BC 00 00 00
 (087.722698)  can0  068   [8]  0B 6A F1 8E 3C 00 00 00
 (087.782189)  can0  067   [8]  00 35 F7 02 BD 00 00 00
 (087.782693)  can0  068   [8]  00 C1 30 C2 3C 00 00 00
 (087.802196)  can0  067   [8]  05 44 0B 00 52 0B 00 00
 (087.802717)  can0  068   [8]  05 DE 18 01 F8 18 01 00
 (087.842219)  can0  067   [8]  0B 6A F1 8E BC 00 00 00
 (087.842704)  can0  068   [8]  0B 6A F1 8E 3C 00 00 00
 (087.902136)  can0  067   [8]  00 57 10 03 BD 00 00 00
 (087.902712)  can0  068   [8]  00 7C FE C1 3C 00 00 00
 (087.922167)  can0  067   [8]  05 39 0B 00 2E 0B 00 00
 (087.922669)  can0  068   [8]  05 DE 18 01 1D 19 01 00
 (087.962178)  can0  067   [8]  0B 6A F1 8E BC 00 00 00
 (087.962676)  can0  068   [8]  0B 6A F1 8E 3C 00 00 00
 (088.022191)  can0  067   [8]  00 57 10 03 BD 00 00 00
 (088.022666)  can0  068   [8]  00 7C FE C1 3C 00 00 00
 (088.042191)  can0  067   [8]  05 39 0B 00 40 0B 00 00
 (088.042210)  can0  067   [8]  12 80 67 00 01 01 00 00
 (088.042211)  can0  067   [8]  0C 02 A1 B6 00 00 70 40
 (088.042692)  can0  068   [8]  05 DE 18 01 F3 16 01 00
 (088.042704)  can0  068   [8]  12 80 67 00 01 01 00 00
 (088.042930)  can0  068   [8]  0C 02 A1 A4 00 00 70 10
 (088.082227)  can0  067   [8]  0B 6A F1 8E BC 00 00 00
 (088.082711)  can0  068   [8]  0B 6A F1 8E 3C 00 00 00
 (088.122179)  can0  067   [8]  11 06 00 00 00 00 29 01
 (088.122679)  can0  068   [8]  11 06 00 00 00 00 29 01
 (088.142174)  can0  067   [8]  00 79 29 03 BD 00 00 00
 (088.142685)  can0  068   [8]  00 7C FE C1 3C 00 00 00
 (088.162212)  can0  067   [8]  05 38 0B 00 40 0B 00 00
 (088.162699)  can0  068   [8]  05 DD 18 01 0B 19 01 00
 (088.202190)  can0  067   [8]  0B 6A F1 8E BC 00 00 00
 (088.202700)  can0  068   [8]  0B 6A F1 8E 3C 00 00 00
 (088.262234)  can0  067   [8]  00 35 F7 02 BD 00 00 00
 (088.262727)  can0  068   [8]  00 7C FE C1 3C 00 00 00
 (088.282166)  can0  067   [8]  05 37 0B 00 49 0B 00 00
 (088.282721)  can0  068   [8]  05 D3 18 01 D3 18 01 00
 (088.322196)  can0  067   [8]  0B 6A F1 8E BC 00 00 00
 (088.322714)  can0  068   [8]  0B 6A F1 8E 3C 00 00 00
 (088.382188)  can0  067   [8]  00 13 DE 02 BD 00 00 00
 (088.382685)  can0  068   [8]  00 7C FE C1 3C 00 00 00
 (088.402192)  can0  067   [8]  05 4A 0B 00 49 0B 00 00
 (088.402682)  can0  068   [8]  05 DD 18 01 01 19 01 00
 (088.442194)  can0  067   [8]  0B 6A F1 8E BC 00 00 00
 (088.442702)  can0  068   [8]  0B 6A F1 8E 3C 00 00 00
 (088.502166)  can0  067   [8]  00 57 10 03 BD 00 00 00
 (088.502701)  can0  068   [8]  00 7C FE C1 3C 00 00 00
 (088.522203)  can0  067   [8]  05 40 0B 00 53 0B 00 00
 (088.522694)  can0  068   [8]  05 D2 18 01 43 19 01 00
 (088.562140)  can0  067   [8]  0B 6A F1 8E BC 00 00 00
 (088.562742)  can0  068   [8]  0B 6A F1 8E 3C 00 00 00
 (088.622169)  can0  067   [8]  00 35 F7 02 BD 00 00 00
 (088.622738)  can0  068   [8]  00 7C FE C1 3C 00 00 00
 (088.642167)  can0  067   [8]  05 2B 0B 00 52 0B 00 00
 (088.642691)  can0  068   [8]  05 DC 18 01 C1 18 01 00
 (088.682165)  can0  067   [8]  0B 6A F1 8E BC 00 00 00
 (088.682712)  can0  068   [8]  0B 6A F1 8E 3C 00 00 00
 (088.742149)  can0  067   [8]  00 57 10 03 BD 00 00 00
 (088.742749)  can0  068   [8]  00 C1 30 C2 3C 00 00 00
 (088.762200)  can0  067   [8]  05 34 0B 00 2E 0B 00 00
 (088.762758)  can0  068   [8]  05 D2 18 01 FB 19 01 00
 (088.802178)  can0  067   [8]  0B 6A F1 8E BC 00 00 00
 (088.802763)  can0  068   [8]  0B 6A F1 8E 3C 00 00 00
 (088.862197)  can0  067   [8]  00 35 F7 02 BD 00 00 00
 (088.862768)  can0  068   [8]  00 C1 30 C2 3C 00 00 00
 (088.882201)  can0  067   [8]  05 3E 0B 00 8A 0B 00 00
 (088.882713)  can0  068   [8]  05 D1 18 01 8A 18 01 00
 (088.922209)  can0  067   [8]  0B 6A F1 8E BC 00 00 00
 (088.922727)  can0  068   [8]  0B 6A F1 8E 3C 00 00 00
 (088.982187)  can0  067   [8]  00 35 F7 02 BD 00 00 00
 (088.982742)  can0  068   [8]  00 C1 30 C2 3C 00 00 00
 (089.002234)  can0  067   [8]  05 33 0B 00 37 0B 00 00
 (089.002783)  can0  068   [8]  05 D1 18 01 E6 18 01 00
 (089.042197)  can0  067   [8]  0B 6A F1 8E BC 00 00 00
 (089.042218)  can0  067   [8]  12 80 67 00 01 01 00 00
 (089.042220)  can0  067   [8]  0C 02 A1 B6 00 00 80 40
 (089.042744)  can0  068   [8]  0B 6A F1 8E 3C 00 00 00
 (089.042759)  can0  068   [8]  12 80 67 00 01 01 00 00
 (089.042930)  can0  068   [8]  0C 02 A1 A4 00 00 60 10
 (089.102186)  can0  067   [8]  00 57 10 03 BD 00 00 00
 (089.102707)  can0  068   [8]  00 7C FE C1 3C 00 00 00
 (089.122204)  can0  067   [8]  05 32 0B 00 37 0B 00 00
 (089.122226)  can0  067   [8]  11 06 00 00 00 00 29 01
 (089.122692)  can0  068   [8]  05 DB 18 01 B8 18 01 00
 (089.122708)  can0  068   [8]  11 06 00 00 00 00 29 01
 (089.162187)  can0  067   [8]  0B 6A F1 8E BC 00 00 00
 (089.162661)  can0  068   [8]  0B 6A F1 8E 3C 00 00 00
 (089.222146)  can0  067   [8]  00 35 F7 02 BD 00 00 00
 (089.222700)  can0  068   [8]  00 C1 30 C2 3C 00 00 00
 (089.242162)  can0  067   [8]  05 4F 0B 00 37 0B 00 00
 (089.242734)  can0  068   [8]  05 D1 18 01 93 18 01 00
 (089.282193)  can0  067   [8]  0B 6A F1 8E BC 00 00 00
 (089.282695)  can0  068   [8]  0B 6A F1 8E 3C 00 00 00
 (089.342194)  can0  067   [8]  00 79 29 03 BD 00 00 00
 (089.342697)  can0  068   [8]  00 C1 30 C2 3C 00 00 00
 (089.362175)  can0  067   [8]  05 27 0B 00 1B 0B 00 00
 (089.362704)  can0  068   [8]  05 D0 18 01 E6 18 01 00
 (089.402182)  can0  067   [8]  0B 6A F1 8E BC 00 00 00
 (089.402692)  can0  068   [8]  0B 6A F1 8E 3C 00 00 00
 (089.462143)  can0  067   [8]  00 35 F7 02 BD 00 00 00
 (089.462803)  can0  068   [8]  00 C1 30 C2 3C 00 00 00
 (089.482170)  can0  067   [8]  05 44 0B 00 40 0B 00 00
 (089.482667)  can0  068   [8]  05 DA 18 01 D3 18 01 00
 (089.522207)  can0  067   [8]  0B 6A F1 8E BC 00 00 00
 (089.522724)  can0  068   [8]  0B 6A F1 8E 3C 00 00 00
 (089.582188)  can0  067   [8]  00 57 10 03 BD 00 00 00
 (089.582761)  can0  068   [8]  00 C1 30 C2 3C 00 00 00
 (089.602205)  can0  067   [8]  05 2F 0B 00 37 0B 00 00
 (089.602753)  can0  068   [8]  05 D0 18 01 01 19 01 00
 (089.642164)  can0  067   [8]  0B 6A F1 8E BC 00 00 00
 (089.642755)  can0  068   [8]  0B 6A F1 8E 3C 00 00 00
 (089.702186)  can0  067   [8]  00 57 10 03 BD 00 00 00
 (089.702690)  can0  068   [8]  00 C1 30 C2 3C 00 00 00
 (089.722219)  can0  067   [8]  05 38 0B 00 37 0B 00 00
 (089.722715)  can0  068   [8]  05 CF 18 01 E6 18 01 00
 (089.762164)  can0  067   [8]  0B 6A F1 8E BC 00 00 00
 (089.762824)  can0  068   [8]  0B 6A F1 8E 3C 00 00 00
 (089.822198)  can0  067   [8]  00 57 10 03 BD 00 00 00
 (089.822713)  can0  068   [8]  00 C1 30 C2 3C 00 00 00
 (089.842180)  can0  067   [8]  05 2E 0B 00 2E 0B 00 00
 (089.842687)  can0  068   [8]  05 CF 18 01 24 18 01 00
 (089.882185)  can0  067   [8]  0B 6A F1 8E BC 00 00 00
 (089.882692)  can0  068   [8]  0B 6A F1 8E 3C 00 00 00
 (089.942178)  can0  067   [8]  00 57 10 03 BD 00 00 00
 (089.942752)  can0  068   [8]  00 7C FE C1 3C 00 00 00
 (089.962109)  can0  067   [8]  05 2D 0B 00 2E 0B 00 00
 (089.962751)  can0  068   [8]  05 D9 18 01 C1 18 01 00
 (090.002197)  can0  067   [8]  0B 6A F1 8E BC 00 00 00
 (090.002656)  can0  068   [8]  0B 6A F1 8E 3C 00 00 00
 (090.042203)  can0  067   [8]  12 80 67 00 01 01 00 00
 (090.042226)  can0  067   [8]  0C 02 A1 B6 00 00 70 40
 (090.042754)  can0  068   [8]  12 80 67 00 01 01 00 00
 (090.042772)  can0  068   [8]  0C 02 A1 A4 00 00 70 10
 (090.062192)  can0  067   [8]  00 79 29 03 BD 00 00 00
 (090.062702)  can0  068   [8]  00 C1 30 C2 3C 00 00 00
 (090.082208)  can0  067   [8]  05 2C 0B 00 2D 0B 00 00
 (090.082701)  can0  068   [8]  05 CE 18 01 B8 18 01 00
 (090.114918)  can0  064   [8]  67 01 92 0A 86 BF 06 00
 (090.117331)  can0  064   [8]  68 01 92 0A 86 3F 06 00
 (090.122086)  can0  067   [8]  0B 57 10 03 BD 00 00 00
 (090.122103)  can0  067   [8]  11 06 00 00 00 00 09 01
 (090.122707)  can0  068   [8]  0B 7C FE C1 3C 00 00 00
 (090.122719)  can0  068   [8]  11 06 00 00 00 00 09 01
 (090.182187)  can0  067   [8]  00 53 02 06 BD 00 00 00
 (090.182702)  can0  068   [8]  00 49 95 C2 3C 00 00 00
 (090.202063)  can0  067   [8]  05 47 2E 00 6E 2E 00 00
 (090.202813)  can0  068   [8]  05 41 2F 01 73 2F 01 00
 (090.242190)  can0  067   [8]  0B DF 74 03 BD 00 00 00
 (090.242696)  can0  068   [8]  0B 49 95 C2 3C 00 00 00
 (090.302201)  can0  067   [8]  00 95 AD 07 BD 00 00 00
 (090.302718)  can0  068   [8]  00 59 5E C3 3C 00 00 00
 (090.322190)  can0  067   [8]  05 72 2E 00 6A 2E 00 00
 (090.322743)  can0  068   [8]  05 40 30 01 FA 31 01 00
 (090.362184)  can0  067   [8]  0B 30 E9 05 BD 00 00 00
 (090.362703)  can0  068   [8]  0B 31 B0 C7 3C 00 00 00
 (090.422177)  can0  067   [8]  00 A5 76 08 BD 00 00 00
 (090.422718)  can0  068   [8]  00 15 2C C3 3C 00 00 00
 (090.442163)  can0  067   [8]  05 4A 30 00 85 30 00 00
 (090.442749)  can0  068   [8]  05 92 32 01 7C 32 01 00
 (090.482190)  can0  067   [8]  0B 39 96 0C BD 00 00 00
 (090.482692)  can0  068   [8]  0B FE D7 D4 3C 00 00 00
 (090.542180)  can0  067   [8]  00 E8 21 0A BD 00 00 00
 (090.542773)  can0  068   [8]  00 59 5E C3 3C 00 00 00
 (090.562197)  can0  067   [8]  05 E9 34 00 0E 35 00 00
 (090.562714)  can0  068   [8]  05 82 37 01 88 37 01 00
 (090.602197)  can0  067   [8]  0B 7E 59 19 BD 00 00 00
 (090.602731)  can0  068   [8]  0B 88 5E EE 3C 00 00 00
 (090.662214)  can0  067   [8]  00 6D FF 0B BD 00 00 00
 (090.662683)  can0  068   [8]  00 AD 59 C4 3C 00 00 00
 (090.682219)  can0  067   [8]  05 EA 3B 00 DF 3B 00 00
 (090.682776)  can0  068   [8]  05 10 3F 01 F6 3E 01 00
 (090.722216)  can0  067   [8]  0B EC 5B 2E BD 00 00 00
 (090.722705)  can0  068   [8]  0B D3 4A 0C 3D 00 00 00
 (090.782237)  can0  067   [8]  00 18 A9 33 BD 00 00 00
 (090.782677)  can0  068   [8]  00 F4 3E EA 3C 00 00 00
 (090.802163)  can0  067   [8]  05 15 2F 00 69 2F 00 00
 (090.802675)  can0  068   [8]  05 88 2E 01 9A 31 01 00
 (090.842234)  can0  067   [8]  0B 07 7B 4D BD 00 00 00
 (090.842739)  can0  068   [8]  0B 11 83 2B 3D 00 00 00
 (090.902228)  can0  067   [8]  00 74 25 94 BD 00 00 00
 (090.902724)  can0  068   [8]  00 6A E7 80 3D 00 00 00
 (090.922207)  can0  067   [8]  05 EC 18 00 CC 18 00 00
 (090.922750)  can0  068   [8]  05 A6 1A 01 40 1A 01 00
 (090.962173)  can0  067   [8]  0B 6A E4 77 BD 00 00 00
 (090.962686)  can0  068   [8]  0B 97 05 56 3D 00 00 00
 (091.022199)  can0  067   [8]  00 06 BE 99 BD 00 00 00
 (091.022775)  can0  068   [8]  00 08 AF 84 3D 00 00 00
 (091.042201)  can0  067   [8]  05 37 25 00 32 26 00 00
 (091.042222)  can0  067   [8]  12 80 67 00 01 01 00 00
 (091.042224)  can0  067   [8]  0C 02 A1 AD 46 00 50 7E
 (091.042700)  can0  068   [8]  05 A5 27 01 55 22 01 00
 (091.042715)  can0  068   [8]  12 80 67 00 01 01 00 00
 (091.042948)  can0  068   [8]  0C 02 A1 9B 45 00 50 7E
 (091.082178)  can0  067   [8]  0B E8 B2 96 BD 00 00 00
 (091.082730)  can0  068   [8]  0B 30 E9 85 3D 00 00 00
 (091.122168)  can0  067   [8]  11 06 00 00 00 00 09 01
 (091.122705)  can0  068   [8]  11 06 00 00 00 00 09 01
 (091.142187)  can0  067   [8]  00 CC 5F C0 BD 00 00 00
 (091.142691)  can0  068   [8]  00 8D 31 AF 3D 00 00 00
 (091.162187)  can0  067   [8]  05 3A 1B 00 11 1B 00 00
 (091.162691)  can0  068   [8]  05 56 1C 01 2D 1C 01 00
 (091.202170)  can0  067   [8]  0B BE 18 B7 BD 00 00 00
 (091.202709)  can0  068   [8]  0B 4B 81 A6 3D 00 00 00
 (091.262127)  can0  067   [8]  00 20 F6 DB BD 00 00 00
 (091.262785)  can0  068   [8]  00 3F F2 C9 3D 00 00 00
 (091.282203)  can0  067   [8]  05 29 24 00 EF 23 00 00
 (091.282727)  can0  068   [8]  05 97 25 01 7A 25 01 00
 (091.322094)  can0  067   [8]  0B B7 23 DD BD 00 00 00
 (091.322689)  can0  068   [8]  0B 88 BE CC 3D 00 00 00
 (091.382215)  can0  067   [8]  00 A2 63 04 BE 00 00 00
 (091.382753)  can0  068   [8]  00 2F 5A F7 3D 00 00 00
 (091.402126)  can0  067   [8]  05 34 1A 00 E8 19 00 00
 (091.402736)  can0  068   [8]  05 1C 1C 01 DE 1B 01 00
 (091.442111)  can0  067   [8]  0B 59 5D 04 BE 00 00 00
 (091.442785)  can0  068   [8]  0B E9 A0 F8 3D 00 00 00
 (091.502206)  can0  067   [8]  00 E6 2B 18 BE 00 00 00
 (091.502808)  can0  068   [8]  00 6A F1 0E 3E 00 00 00
 (091.522190)  can0  067   [8]  05 39 27 00 D9 25 00 00
 (091.522737)  can0  068   [8]  05 32 2A 01 81 28 01 00
 (091.562216)  can0  067   [8]  0B 1B 21 1D BE 00 00 00
 (091.562745)  can0  068   [8]  0B EA 39 15 3E 00 00 00
 (091.622219)  can0  067   [8]  00 CA 0D 38 BE 00 00 00
 (091.622750)  can0  068   [8]  00 C1 9A 2E 3E 00 00 00
 (091.642204)  can0  067   [8]  05 BC 19 00 35 1A 00 00
 (091.642708)  can0  068   [8]  05 9E 1B 01 E5 1B 01 00
 (091.682216)  can0  067   [8]  0B F5 CE 37 BE 00 00 00
 (091.682739)  can0  068   [8]  0B BF 13 30 3E 00 00 00
 (091.742237)  can0  067   [8]  00 6E 87 49 BE 00 00 00
 (091.742740)  can0  068   [8]  00 46 48 41 3E 00 00 00
 (091.762164)  can0  067   [8]  05 77 29 00 45 29 00 00
 (091.762837)  can0  068   [8]  05 C1 2A 01 82 2A 01 00
 (091.802180)  can0  067   [8]  0B 07 80 54 BE 00 00 00
 (091.802682)  can0  068   [8]  0B A6 03 4D 3E 00 00 00
 (091.862201)  can0  067   [8]  00 DB 93 6C BE 00 00 00
 (091.862726)  can0  068   [8]  00 8E EE 62 3E 00 00 00
 (091.882200)  can0  067   [8]  05 49 24 00 A1 23 00 00
 (091.882720)  can0  068   [8]  05 9B 26 01 55 26 01 00
 (091.922195)  can0  067   [8]  0B AD 8A 72 BE 00 00 00
 (091.922757)  can0  068   [8]  0B D9 46 6B 3E 00 00 00
 (091.982233)  can0  067   [8]  00 D4 A8 86 BE 00 00 00
 (091.982641)  can0  068   [8]  00 47 47 82 3E 00 00 00
 (092.002199)  can0  067   [8]  05 0C 1E 00 E0 1D 00 00
 (092.002711)  can0  068   [8]  05 D7 20 01 F5 1F 01 00
 (092.042193)  can0  067   [8]  0B 56 B2 88 BE 00 00 00
 (092.042230)  can0  067   [8]  12 80 67 00 01 01 00 00
 (092.042232)  can0  067   [8]  0C 02 A1 9B FF 00 00 7E
 (092.042752)  can0  068   [8]  0B D6 2F 85 3E 00 00 00
 (092.042779)  can0  068   [8]  12 80 67 00 01 01 00 00
 (092.042944)  can0  068   [8]  0C 02 A1 AD FF 00 00 7E
 (092.102218)  can0  067   [8]  00 EE 0D 95 BE 00 00 00
 (092.102720)  can0  068   [8]  00 38 D5 90 3E 00 00 00
 (092.122184)  can0  067   [8]  05 78 1A 00 7A 1A 00 00
 (092.122207)  can0  067   [8]  11 06 00 00 00 00 09 01
 (092.122697)  can0  068   [8]  05 28 1E 01 0B 1E 01 00
 (092.122712)  can0  068   [8]  11 06 00 00 00 00 09 01
 (092.162181)  can0  067   [8]  0B 2C 48 98 BE 00 00 00
 (092.162776)  can0  068   [8]  0B 17 E5 94 3E 00 00 00
 (092.222225)  can0  067   [8]  00 78 03 A2 BE 00 00 00
 (092.222688)  can0  068   [8]  00 72 06 9E 3E 00 00 00
 (092.242181)  can0  067   [8]  05 48 24 00 8A 23 00 00
 (092.242737)  can0  068   [8]  05 3F 26 01 4B 25 01 00
 (092.282206)  can0  067   [8]  0B 03 DE A7 BE 00 00 00
 (092.282766)  can0  068   [8]  0B 7C 9D A4 3E 00 00 00
 (092.342160)  can0  067   [8]  00 23 3B B3 BE 00 00 00
 (092.342687)  can0  068   [8]  00 BA DC AE 3E 00 00 00
 (092.362178)  can0  067   [8]  05 AC 24 00 CE 23 00 00
 (092.362687)  can0  068   [8]  05 28 27 01 81 26 01 00
 (092.402193)  can0  067   [8]  0B FE 76 B7 BE 00 00 00
 (092.402719)  can0  068   [8]  0B E2 55 B4 3E 00 00 00
 (092.462149)  can0  067   [8]  00 EA CD C4 BE 00 00 00
 (092.462755)  can0  068   [8]  00 38 69 C0 3E 00 00 00
 (092.482192)  can0  067   [8]  05 DE 1D 00 72 1D 00 00
 (092.482697)  can0  068   [8]  05 26 23 01 5D 22 01 00
 (092.522195)  can0  067   [8]  0B F9 0F C7 BE 00 00 00
 (092.522707)  can0  068   [8]  0B 47 0E C4 3E 00 00 00
 (092.582193)  can0  067   [8]  00 FC ED D4 BE 00 00 00
 (092.582716)  can0  068   [8]  00 B9 7C D0 3E 00 00 00
 (092.602206)  can0  067   [8]  05 A3 18 00 78 17 00 00
 (092.602710)  can0  068   [8]  05 97 1C 01 BA 1C 01 00
 (092.642196)  can0  067   [8]  0B CF A5 D6 BE 00 00 00
 (092.642702)  can0  068   [8]  0B AC C6 D3 3E 00 00 00
 (092.702195)  can0  067   [8]  00 F8 AA E1 BE 00 00 00
 (092.702760)  can0  068   [8]  00 57 0F DE 3E 00 00 00
 (092.722182)  can0  067   [8]  05 6F 1A 00 98 1A 00 00
 (092.722706)  can0  068   [8]  05 95 1E 01 40 1E 01 00
 (092.762183)  can0  067   [8]  0B CA 3E E6 BE 00 00 00
 (092.762711)  can0  068   [8]  0B 12 7F E3 3E 00 00 00
 (092.822207)  can0  067   [8]  00 20 EF F0 BE 00 00 00
 (092.822701)  can0  068   [8]  00 87 FB EC 3E 00 00 00
 (092.842203)  can0  067   [8]  05 38 23 00 F9 22 00 00
 (092.842697)  can0  068   [8]  05 55 27 01 96 26 01 00
 (092.882211)  can0  067   [8]  0B 2E F7 F5 BE 00 00 00
 (092.882711)  can0  068   [8]  0B 06 5A F3 3E 00 00 00
 (092.942171)  can0  067   [8]  00 85 42 01 BF 00 00 00
 (092.942707)  can0  068   [8]  00 C5 3F FE 3E 00 00 00
 (092.962162)  can0  067   [8]  05 9C 1E 00 CA 1D 00 00
 (092.962753)  can0  068   [8]  05 3E 23 01 DF 22 01 00
 (093.002163)  can0  067   [8]  0B CE B6 02 BF 00 00 00
 (093.002745)  can0  068   [8]  0B EE 77 01 3F 00 00 00
 (093.042077)  can0  067   [8]  12 80 67 00 01 01 00 00
 (093.042097)  can0  067   [8]  0C 02 A1 89 FF 00 00 7E
 (093.042753)  can0  068   [8]  12 80 67 00 01 01 00 00
 (093.042768)  can0  068   [8]  0C 02 A1 89 FF 00 00 7E
 (093.062153)  can0  067   [8]  00 82 CB 09 BF 00 00 00
 (093.062811)  can0  068   [8]  00 23 DB 07 3F 00 00 00
 (093.082150)  can0  067   [8]  05 C1 17 00 A9 17 00 00
 (093.082834)  can0  068   [8]  05 0F 1D 01 61 1D 01 00
 (093.122215)  can0  067   [8]  0B 4B 83 0A BF 00 00 00
 (093.122238)  can0  067   [8]  11 06 00 00 00 00 09 01
 (093.122722)  can0  068   [8]  0B 20 54 09 3F 00 00 00
 (093.122737)  can0  068   [8]  11 06 00 00 00 00 09 01
 (093.182144)  can0  067   [8]  00 34 F6 10 BF 00 00 00
 (093.182820)  can0  068   [8]  00 FB FD 0E 3F 00 00 00
 (093.202170)  can0  067   [8]  05 57 14 00 64 14 00 00
 (093.202752)  can0  068   [8]  05 EA 1A 01 CB 1A 01 00
 (093.242173)  can0  067   [8]  0B C9 4F 12 BF 00 00 00
 (093.242724)  can0  068   [8]  0B 53 30 11 3F 00 00 00
 (093.302148)  can0  067   [8]  00 AD 8B 17 BF 00 00 00
 (093.302739)  can0  068   [8]  00 6E BF 15 3F 00 00 00
 (093.322166)  can0  067   [8]  05 A3 1C 00 A6 1B 00 00
 (093.322728)  can0  068   [8]  05 E2 20 01 D6 20 01 00
 (093.362183)  can0  067   [8]  0B B4 1A 1A BF 00 00 00
 (093.362790)  can0  068   [8]  0B 86 0C 19 3F 00 00 00
 (093.422183)  can0  067   [8]  00 D1 F6 1F BF 00 00 00
 (093.422692)  can0  068   [8]  00 4E 03 1E 3F 00 00 00
 (093.442079)  can0  067   [8]  05 6F 1E 00 8C 1D 00 00
 (093.442767)  can0  068   [8]  05 BF 23 01 F5 22 01 00
 (093.482188)  can0  067   [8]  0B 30 E7 21 BF 00 00 00
 (093.482761)  can0  068   [8]  0B B8 E8 20 3F 00 00 00
 (093.542207)  can0  067   [8]  00 5A B8 28 BF 00 00 00
 (093.542737)  can0  068   [8]  00 B0 D7 26 3F 00 00 00
 (093.562194)  can0  067   [8]  05 52 18 00 AB 17 00 00
 (093.562744)  can0  068   [8]  05 42 1F 01 24 1E 01 00
 (093.602201)  can0  067   [8]  0B 63 C3 29 BF 00 00 00
 (093.602770)  can0  068   [8]  0B 32 D6 28 3F 00 00 00
 (093.662197)  can0  067   [8]  00 3A F1 30 BF 00 00 00
 (093.662766)  can0  068   [8]  00 DD EA 2E 3F 00 00 00
 (093.682120)  can0  067   [8]  05 45 12 00 60 12 00 00
 (093.682729)  can0  068   [8]  05 56 18 01 8A 18 01 00
 (093.722191)  can0  067   [8]  0B 99 7E 31 BF 00 00 00
 (093.722693)  can0  068   [8]  0B B0 A2 30 3F 00 00 00
 (093.782149)  can0  067   [8]  00 97 36 37 BF 00 00 00
 (093.782797)  can0  068   [8]  00 9F 7B 35 3F 00 00 00
 (093.802193)  can0  067   [8]  05 78 13 00 81 13 00 00
 (093.802699)  can0  068   [8]  05 BA 1A 01 1E 1A 01 00
 (093.842194)  can0  067   [8]  0B 17 4B 39 BF 00 00 00
 (093.842700)  can0  068   [8]  0B E3 7E 38 3F 00 00 00
 (093.902181)  can0  067   [8]  00 62 D2 3E BF 00 00 00
 (093.902747)  can0  068   [8]  00 B5 07 3D 3F 00 00 00
 (093.922207)  can0  067   [8]  05 BC 1C 00 2E 1C 00 00
 (093.922704)  can0  068   [8]  05 D7 22 01 02 22 01 00
 (093.962195)  can0  067   [8]  0B 94 17 41 BF 00 00 00
 (093.962699)  can0  068   [8]  0B 15 5B 40 3F 00 00 00
 (094.022214)  can0  067   [8]  00 A4 82 47 BF 00 00 00
 (094.022703)  can0  068   [8]  00 AE B1 45 3F 00 00 00
 (094.042052)  can0  067   [8]  05 D3 17 00 8D 17 00 00
 (094.042069)  can0  067   [8]  12 80 67 00 01 01 00 00
 (094.042233)  can0  067   [8]  0C 02 A1 A4 FF 00 00 7E
 (094.042886)  can0  068   [8]  05 0C 1F 01 BF 1E 01 00
 (094.042908)  can0  068   [8]  12 80 67 00 01 01 00 00
 (094.042910)  can0  068   [8]  0C 02 A1 B6 FF 00 00 7E
 (094.082100)  can0  067   [8]  0B 7F E2 48 BF 00 00 00
 (094.082692)  can0  068   [8]  0B 48 37 48 3F 00 00 00
 (094.122205)  can0  067   [8]  11 06 00 00 00 00 09 01
 (094.122711)  can0  068   [8]  11 06 00 00 00 00 09 01
 (094.142188)  can0  067   [8]  00 7C 08 50 BF 00 00 00
 (094.142765)  can0  068   [8]  00 F2 56 4E 3F 00 00 00
 (094.162200)  can0  067   [8]  05 41 11 00 C9 10 00 00
 (094.162748)  can0  068   [8]  05 48 18 01 92 18 01 00
 (094.202220)  can0  067   [8]  0B 6B AD 50 BF 00 00 00
 (094.202768)  can0  068   [8]  0B E8 11 50 3F 00 00 00
 (094.262205)  can0  067   [8]  00 7E F7 56 BF 00 00 00
 (094.262741)  can0  068   [8]  00 CC 58 55 3F 00 00 00
 (094.282173)  can0  067   [8]  05 86 0D 00 86 0D 00 00
 (094.282767)  can0  068   [8]  05 8B 15 01 63 15 01 00
 (094.322178)  can0  067   [8]  0B 34 5F 58 BF 00 00 00
 (094.322807)  can0  068   [8]  0B F9 D4 57 3F 00 00 00
 (094.382152)  can0  067   [8]  00 D5 68 5D BF 00 00 00
 (094.382751)  can0  068   [8]  00 B4 E1 5B 3F 00 00 00
 (094.402189)  can0  067   [8]  05 21 18 00 15 18 00 00
 (094.402719)  can0  068   [8]  05 63 1E 01 3D 1E 01 00
 (094.442182)  can0  067   [8]  0B 03 DA 5F BF 00 00 00
 (094.442751)  can0  068   [8]  0B 10 61 5F 3F 00 00 00
 (094.502189)  can0  067   [8]  00 6B A6 65 BF 00 00 00
 (094.502797)  can0  068   [8]  00 E0 FF 63 3F 00 00 00
 (094.522170)  can0  067   [8]  05 16 15 00 83 14 00 00
 (094.522841)  can0  068   [8]  05 EE 1C 01 63 1C 01 00
 (094.562191)  can0  067   [8]  0B 6D FE 66 BF 00 00 00
 (094.562726)  can0  068   [8]  0B 2F 95 66 3F 00 00 00
 (094.622187)  can0  067   [8]  00 BF A6 6D BF 00 00 00
 (094.622749)  can0  068   [8]  00 54 24 6C 3F 00 00 00
 (094.642153)  can0  067   [8]  05 48 0B 00 85 0B 00 00
 (094.642765)  can0  068   [8]  05 A5 11 01 7C 11 01 00
 (094.682159)  can0  067   [8]  0B E3 A9 6D BF 00 00 00
 (094.682755)  can0  068   [8]  0B 5A 50 6D 3F 00 00 00
 (094.742158)  can0  067   [8]  00 29 FA 71 BF 00 00 00
 (094.742709)  can0  068   [8]  00 04 9F 70 3F 00 00 00
 (094.762143)  can0  067   [8]  05 38 11 00 2A 11 00 00
 (094.762746)  can0  068   [8]  05 7D 18 01 55 18 01 00
 (094.802196)  can0  067   [8]  0B FC BC 73 BF 00 00 00
 (094.802741)  can0  068   [8]  0B 28 73 73 3F 00 00 00
 (094.862141)  can0  067   [8]  00 35 86 78 BF 00 00 00
 (094.862853)  can0  068   [8]  00 94 B0 77 3F 00 00 00
 (094.882155)  can0  067   [8]  05 3A 12 00 8B 11 00 00
 (094.882841)  can0  068   [8]  05 10 17 01 EC 15 01 00
 (094.922211)  can0  067   [8]  0B 92 29 79 BF 00 00 00
 (094.922742)  can0  068   [8]  0B E1 ED 78 3F 00 00 00
 (094.982198)  can0  067   [8]  00 80 18 7E BF 00 00 00
 (094.982766)  can0  068   [8]  00 A4 AD 7C 3F 00 00 00
 (095.002195)  can0  067   [8]  05 B2 06 00 8A 06 00 00
 (095.002744)  can0  068   [8]  05 98 0D 01 D7 0D 01 00
 (095.042197)  can0  067   [8]  0B 19 CD 7D BF 00 00 00
 (095.042218)  can0  067   [8]  12 80 67 00 01 01 00 00
 (095.042220)  can0  067   [8]  0C 02 A1 A4 FF 00 00 7E
 (095.042749)  can0  068   [8]  0B F9 9D 7D 3F 00 00 00
 (095.042763)  can0  068   [8]  12 80 67 00 01 01 00 00
 (095.042911)  can0  068   [8]  0C 02 A1 9B FF 00 00 7E
 (095.102209)  can0  067   [8]  00 D8 E5 80 BF 00 00 00
 (095.102688)  can0  068   [8]  00 05 91 80 3F 00 00 00
 (095.122188)  can0  067   [8]  05 FD 0F 00 33 10 00 00
 (095.122208)  can0  067   [8]  11 06 00 00 00 00 09 01
 (095.122748)  can0  068   [8]  05 9E 14 01 11 15 01 00
 (095.122770)  can0  068   [8]  11 06 00 00 00 00 09 01
 (095.162180)  can0  067   [8]  0B 46 E4 80 BF 00 00 00
 (095.162734)  can0  068   [8]  0B 36 D2 80 3F 00 00 00
 (095.222189)  can0  067   [8]  00 27 CF 82 BF 00 00 00
 (095.222735)  can0  068   [8]  00 B6 3A 82 3F 00 00 00
 (095.242200)  can0  067   [8]  05 CC 0B 00 E5 0B 00 00
 (095.242699)  can0  068   [8]  05 23 11 01 19 11 01 00
 (095.282214)  can0  067   [8]  0B 77 88 82 BF 00 00 00
 (095.282752)  can0  068   [8]  0B 1D 7B 82 3F 00 00 00
 (095.342197)  can0  067   [8]  00 66 90 84 BF 00 00 00
 (095.342741)  can0  068   [8]  00 D6 78 84 3F 00 00 00
 (095.362194)  can0  067   [8]  05 9F 0B 00 0B 0B 00 00
 (095.362695)  can0  068   [8]  05 82 0C 01 A5 0C 01 00
 (095.402143)  can0  067   [8]  0B 55 D2 83 BF 00 00 00
 (095.402749)  can0  068   [8]  0B E8 C8 83 3F 00 00 00
 (095.462054)  can0  067   [8]  00 10 C5 85 BF 00 00 00
 (095.462818)  can0  068   [8]  00 7D 17 85 3F 00 00 00
 (095.482195)  can0  067   [8]  05 57 08 00 1E 08 00 00
 (095.482743)  can0  068   [8]  05 F1 0E 01 61 0F 01 00
 (095.522147)  can0  067   [8]  0B AA C2 84 BF 00 00 00
 (095.522741)  can0  068   [8]  0B 2B BD 84 3F 00 00 00
 (095.582233)  can0  067   [8]  00 EB 83 86 BF 00 00 00
 (095.582797)  can0  068   [8]  00 98 29 86 3F 00 00 00
 (095.602186)  can0  067   [8]  05 CD 08 00 72 08 00 00
 (095.602712)  can0  068   [8]  05 95 0C 01 10 0C 01 00
 (095.642140)  can0  067   [8]  0B AC 63 85 BF 00 00 00
 (095.642849)  can0  068   [8]  0B 88 60 85 3F 00 00 00
 (095.702233)  can0  067   [8]  00 5B 18 87 BF 00 00 00
 (095.702721)  can0  068   [8]  00 2A E2 86 3F 00 00 00
 (095.722198)  can0  067   [8]  05 18 08 00 26 08 00 00
 (095.722705)  can0  068   [8]  05 7C 0A 01 4F 0A 01 00
 (095.762210)  can0  067   [8]  0B 46 C4 85 BF 00 00 00
 (095.762757)  can0  068   [8]  0B B4 C2 85 3F 00 00 00
 (095.822218)  can0  067   [8]  00 40 74 87 BF 00 00 00
 (095.822713)  can0  068   [8]  00 58 39 87 3F 00 00 00
 (095.842167)  can0  067   [8]  05 33 07 00 51 07 00 00
 (095.842725)  can0  068   [8]  05 5A 0A 01 FF 09 01 00
 (095.882161)  can0  067   [8]  0B C1 F5 85 BF 00 00 00
 (095.882723)  can0  068   [8]  0B F8 F4 85 3F 00 00 00
 (095.942150)  can0  067   [8]  00 73 94 87 BF 00 00 00
 (095.942861)  can0  068   [8]  00 1C 66 87 3F 00 00 00
 (095.962167)  can0  067   [8]  05 40 08 00 0A 08 00 00
 (095.962734)  can0  068   [8]  05 91 0A 01 94 0A 01 00
 (096.002167)  can0  067   [8]  0B D3 07 86 BF 00 00 00
 (096.002770)  can0  068   [8]  0B 0A 07 86 3F 00 00 00
 (096.042160)  can0  067   [8]  12 80 67 00 01 01 00 00
 (096.042180)  can0  067   [8]  0C 02 A1 A4 5A 00 10 7E
 (096.042735)  can0  068   [8]  12 80 67 00 01 01 00 00
 (096.042756)  can0  068   [8]  0C 02 A1 89 5F 00 10 7E
 (096.062155)  can0  067   [8]  00 96 A2 87 BF 00 00 00
 (096.062833)  can0  068   [8]  00 53 65 87 3F 00 00 00
 (096.082153)  can0  067   [8]  05 49 08 00 3E 08 00 00
 (096.082847)  can0  068   [8]  05 71 0B 01 5E 0B 01 00
 (096.122188)  can0  067   [8]  0B 2E 0A 86 BF 00 00 00
 (096.122207)  can0  067   [8]  11 06 00 00 00 00 29 01
 (096.122809)  can0  068   [8]  0B 2E 0A 86 3F 00 00 00
 (096.122829)  can0  068   [8]  11 06 00 00 00 00 29 01
 (096.182202)  can0  067   [8]  00 5F A3 87 BF 00 00 00
 (096.182798)  can0  068   [8]  00 8A 64 87 3F 00 00 00
 (096.202159)  can0  067   [8]  05 48 03 01 42 03 01 00
 (096.202872)  can0  068   [8]  05 13 00 00 0A 00 01 00
 (096.242250)  can0  067   [8]  0B 2E 0A 86 BF 00 00 00
 (096.242663)  can0  068   [8]  0B 2E 0A 86 3F 00 00 00
 (096.302106)  can0  067   [8]  00 28 A4 87 BF 00 00 00
 (096.302724)  can0  068   [8]  00 53 65 87 3F 00 00 00
 (096.322209)  can0  067   [8]  05 3F 03 01 38 03 01 00
 (096.322739)  can0  068   [8]  05 13 00 00 09 00 00 00
 (096.362155)  can0  067   [8]  0B 2E 0A 86 BF 00 00 00
 (096.362712)  can0  068   [8]  0B 2E 0A 86 3F 00 00 00
 (096.422166)  can0  067   [8]  00 5F A3 87 BF 00 00 00
 (096.422809)  can0  068   [8]  00 1C 66 87 3F 00 00 00
 (096.442203)  can0  067   [8]  05 53 03 01 54 03 01 00
 (096.442706)  can0  068   [8]  05 14 00 00 1B 00 00 00
 (096.482208)  can0  067   [8]  0B 2E 0A 86 BF 00 00 00
 (096.482804)  can0  068   [8]  0B 2E 0A 86 3F 00 00 00
 (096.542208)  can0  067   [8]  00 28 A4 87 BF 00 00 00
 (096.542799)  can0  068   [8]  00 8A 64 87 3F 00 00 00
 (096.562157)  can0  067   [8]  05 4A 03 01 0A 03 01 00
 (096.562736)  can0  068   [8]  05 00 00 01 00 00 01 00
 (096.602167)  can0  067   [8]  0B 2E 0A 86 BF 00 00 00
 (096.602780)  can0  068   [8]  0B 2E 0A 86 3F 00 00 00
 (096.662206)  can0  067   [8]  00 28 A4 87 BF 00 00 00
 (096.662760)  can0  068   [8]  00 C1 63 87 3F 00 00 00
 (096.682200)  can0  067   [8]  05 4B 03 01 54 03 01 00
 (096.682755)  can0  068   [8]  05 15 00 00 25 00 00 00
 (096.722164)  can0  067   [8]  0B 2E 0A 86 BF 00 00 00
 (096.722711)  can0  068   [8]  0B 2E 0A 86 3F 00 00 00
 (096.782163)  can0  067   [8]  00 5F A3 87 BF 00 00 00
 (096.782786)  can0  068   [8]  00 F8 62 87 3F 00 00 00
 (096.802173)  can0  067   [8]  05 55 03 01 54 03 01 00
 (096.802719)  can0  068   [8]  05 01 00 00 01 00 01 00
 (096.842208)  can0  067   [8]  0B 2E 0A 86 BF 00 00 00
 (096.842773)  can0  068   [8]  0B 2E 0A 86 3F 00 00 00
 (096.902195)  can0  067   [8]  00 5F A3 87 BF 00 00 00
 (096.902746)  can0  068   [8]  00 C1 63 87 3F 00 00 00
 (096.922201)  can0  067   [8]  05 4C 03 01 41 03 01 00
 (096.922794)  can0  068   [8]  05 02 00 00 00 00 01 00
 (096.962203)  can0  067   [8]  0B 2E 0A 86 BF 00 00 00
 (096.962712)  can0  068   [8]  0B 2E 0A 86 3F 00 00 00
 (097.022121)  can0  067   [8]  00 28 A4 87 BF 00 00 00
 (097.022850)  can0  068   [8]  00 C1 63 87 3F 00 00 00
 (097.042171)  can0  067   [8]  05 4C 03 01 54 03 01 00
 (097.042190)  can0  067   [8]  12 80 67 00 01 01 00 00
 (097.042192)  can0  067   [8]  0C 02 A1 B6 01 00 60 40
 (097.042742)  can0  068   [8]  05 03 00 00 12 00 00 00
 (097.042763)  can0  068   [8]  12 80 67 00 01 01 00 00
 (097.042877)  can0  068   [8]  0C 02 A1 89 00 00 60 02
 (097.082162)  can0  067   [8]  0B 2E 0A 86 BF 00 00 00
 (097.082762)  can0  068   [8]  0B 2E 0A 86 3F 00 00 00
 (097.122181)  can0  067   [8]  11 06 00 00 00 00 29 01
 (097.122720)  can0  068   [8]  11 06 00 00 00 00 29 01
 (097.142168)  can0  067   [8]  00 28 A4 87 BF 00 00 00
 (097.142743)  can0  068   [8]  00 C1 63 87 3F 00 00 00
 (097.162170)  can0  067   [8]  05 4D 03 01 5D 03 01 00
 (097.162801)  can0  068   [8]  05 03 00 00 09 00 00 00
 (097.202159)  can0  067   [8]  0B 2E 0A 86 BF 00 00 00
 (097.202755)  can0  068   [8]  0B 2E 0A 86 3F 00 00 00
 (097.262143)  can0  067   [8]  00 28 A4 87 BF 00 00 00
 (097.262856)  can0  068   [8]  00 C1 63 87 3F 00 00 00
 (097.282164)  can0  067   [8]  05 4E 03 01 5D 03 01 00
 (097.282843)  can0  068   [8]  05 0E 00 00 09 00 00 00
 (097.322082)  can0  067   [8]  0B 2E 0A 86 BF 00 00 00
 (097.322666)  can0  068   [8]  0B 2E 0A 86 3F 00 00 00
 (097.382167)  can0  067   [8]  00 BA A5 87 BF 00 00 00
 (097.382715)  can0  068   [8]  00 C1 63 87 3F 00 00 00
 (097.402169)  can0  067   [8]  05 44 03 01 26 03 01 00
 (097.402801)  can0  068   [8]  05 04 00 00 09 00 00 00
 (097.442156)  can0  067   [8]  0B 2E 0A 86 BF 00 00 00
 (097.442734)  can0  068   [8]  0B 2E 0A 86 3F 00 00 00
 (097.502196)  can0  067   [8]  00 28 A4 87 BF 00 00 00
 (097.502722)  can0  068   [8]  00 C1 63 87 3F 00 00 00
 (097.522165)  can0  067   [8]  05 45 03 01 4B 03 01 00
 (097.522854)  can0  068   [8]  05 05 00 01 13 00 01 00
 (097.562181)  can0  067   [8]  0B 2E 0A 86 BF 00 00 00
 (097.562774)  can0  068   [8]  0B 2E 0A 86 3F 00 00 00
 (097.622187)  can0  067   [8]  00 28 A4 87 BF 00 00 00
 (097.622734)  can0  068   [8]  00 2F 62 87 3F 00 00 00
 (097.642176)  can0  067   [8]  05 50 03 01 6F 03 01 00
 (097.642790)  can0  068   [8]  05 05 00 00 0A 00 01 00
 (097.682186)  can0  067   [8]  0B 2E 0A 86 BF 00 00 00
 (097.682772)  can0  068   [8]  0B 2E 0A 86 3F 00 00 00
 (097.742161)  can0  067   [8]  00 28 A4 87 BF 00 00 00
 (097.742852)  can0  068   [8]  00 F8 62 87 3F 00 00 00
 (097.762183)  can0  067   [8]  05 46 03 01 5D 03 01 00
 (097.762775)  can0  068   [8]  05 10 00 00 1B 00 00 00
 (097.802192)  can0  067   [8]  0B 2E 0A 86 BF 00 00 00
 (097.802729)  can0  068   [8]  0B 2E 0A 86 3F 00 00 00
 (097.862173)  can0  067   [8]  00 28 A4 87 BF 00 00 00
 (097.862815)  can0  068   [8]  00 F8 62 87 3F 00 00 00
 (097.882204)  can0  067   [8]  05 66 03 01 6F 03 01 00
 (097.882760)  can0  068   [8]  05 06 00 00 12 00 00 00
 (097.922187)  can0  067   [8]  0B 2E 0A 86 BF 00 00 00
 (097.922771)  can0  068   [8]  0B 2E 0A 86 3F 00 00 00
 (097.982175)  can0  067   [8]  00 5F A3 87 BF 00 00 00
 (097.982808)  can0  068   [8]  00 8A 64 87 3F 00 00 00
 (098.002176)  can0  067   [8]  05 5B 03 01 54 03 01 00
 (098.002841)  can0  068   [8]  05 07 00 00 4A 00 01 00
 (098.042209)  can0  067   [8]  0B 2E 0A 86 BF 00 00 00
 (098.042229)  can0  067   [8]  12 80 67 00 01 01 00 00
 (098.042231)  can0  067   [8]  0C 02 A1 B6 00 00 70 40
 (098.042710)  can0  068   [8]  0B 2E 0A 86 3F 00 00 00
 (098.042723)  can0  068   [8]  12 80 67 00 01 01 00 00
 (098.042880)  can0  068   [8]  0C 02 A1 89 00 00 70 02
 (098.102186)  can0  067   [8]  00 28 A4 87 BF 00 00 00
 (098.102850)  can0  068   [8]  00 F8 62 87 3F 00 00 00
 (098.122184)  can0  067   [8]  05 5C 03 01 5D 03 01 00
 (098.122203)  can0  067   [8]  11 06 00 00 00 00 29 01
 (098.122860)  can0  068   [8]  05 03 00 01 09 00 00 00
 (098.122881)  can0  068   [8]  11 06 00 00 00 00 29 01
 (098.162149)  can0  067   [8]  0B 2E 0A 86 BF 00 00 00
 (098.162810)  can0  068   [8]  0B 2E 0A 86 3F 00 00 00
 (098.222184)  can0  067   [8]  00 28 A4 87 BF 00 00 00
 (098.222814)  can0  068   [8]  00 F8 62 87 3F 00 00 00
 (098.242191)  can0  067   [8]  05 68 03 01 70 03 01 00
 (098.242798)  can0  068   [8]  05 08 00 00 12 00 00 00
 (098.282195)  can0  067   [8]  0B 2E 0A 86 BF 00 00 00
 (098.282705)  can0  068   [8]  0B 2E 0A 86 3F 00 00 00
 (098.342183)  can0  067   [8]  00 F1 A4 87 BF 00 00 00
 (098.342795)  can0  068   [8]  00 C1 63 87 3F 00 00 00
 (098.362183)  can0  067   [8]  05 53 03 01 5D 03 01 00
 (098.362706)  can0  068   [8]  05 02 00 01 0A 00 01 00
 (098.402149)  can0  067   [8]  0B 2E 0A 86 BF 00 00 00
 (098.402747)  can0  068   [8]  0B 2E 0A 86 3F 00 00 00
 (098.462173)  can0  067   [8]  00 28 A4 87 BF 00 00 00
 (098.462733)  can0  068   [8]  00 F8 62 87 3F 00 00 00
 (098.482144)  can0  067   [8]  05 5E 03 01 5D 03 01 00
 (098.482847)  can0  068   [8]  05 09 00 00 00 00 01 00
 (098.522171)  can0  067   [8]  0B 2E 0A 86 BF 00 00 00
 (098.522721)  can0  068   [8]  0B 2E 0A 86 3F 00 00 00
 (098.582181)  can0  067   [8]  00 F1 A4 87 BF 00 00 00
 (098.582833)  can0  068   [8]  00 C1 63 87 3F 00 00 00
 (098.602154)  can0  067   [8]  05 5F 03 01 79 03 01 00
 (098.602715)  can0  068   [8]  05 09 00 00 12 00 00 00
 (098.642180)  can0  067   [8]  0B 2E 0A 86 BF 00 00 00
 (098.642741)  can0  068   [8]  0B 2E 0A 86 3F 00 00 00
 (098.702161)  can0  067   [8]  00 F1 A4 87 BF 00 00 00
 (098.702844)  can0  068   [8]  00 2F 62 87 3F 00 00 00
 (098.721945)  can0  067   [8]  05 6A 03 01 4A 03 01 00
 (098.722848)  can0  068   [8]  05 00 00 01 12 00 00 00
 (098.762125)  can0  067   [8]  0B 2E 0A 86 BF 00 00 00
 (098.762817)  can0  068   [8]  0B 2E 0A 86 3F 00 00 00
 (098.822225)  can0  067   [8]  00 F1 A4 87 BF 00 00 00
 (098.822764)  can0  068   [8]  00 F8 62 87 3F 00 00 00
 (098.842196)  can0  067   [8]  05 56 03 01 4A 03 01 00
 (098.842752)  can0  068   [8]  05 00 00 01 09 00 00 00
 (098.882200)  can0  067   [8]  0B 2E 0A 86 BF 00 00 00
 (098.882734)  can0  068   [8]  0B 2E 0A 86 3F 00 00 00
 (098.942185)  can0  067   [8]  00 28 A4 87 BF 00 00 00
 (098.942763)  can0  068   [8]  00 2F 62 87 3F 00 00 00
 (098.962124)  can0  067   [8]  05 60 03 01 54 03 01 00
 (098.962788)  can0  068   [8]  05 0A 00 01 09 00 00 00
 (099.002176)  can0  067   [8]  0B 2E 0A 86 BF 00 00 00
 (099.002725)  can0  068   [8]  0B 2E 0A 86 3F 00 00 00
 (099.042223)  can0  067   [8]  12 80 67 00 01 01 00 00
 (099.042245)  can0  067   [8]  0C 02 A1 B6 00 00 70 40
 (099.042780)  can0  068   [8]  12 80 67 00 01 01 00 00
 (099.042795)  can0  068   [8]  0C 02 A1 89 00 00 70 02
 (099.062191)  can0  067   [8]  00 F1 A4 87 BF 00 00 00
 (099.062798)  can0  068   [8]  00 F8 62 87 3F 00 00 00
 (099.082168)  can0  067   [8]  05 61 03 01 6F 03 01 00
 (099.082850)  can0  068   [8]  05 0B 00 00 1B 00 00 00
 (099.122174)  can0  067   [8]  0B 2E 0A 86 BF 00 00 00
 (099.122192)  can0  067   [8]  11 06 00 00 00 00 29 01
 (099.122858)  can0  068   [8]  0B 2E 0A 86 3F 00 00 00
 (099.122878)  can0  068   [8]  11 06 00 00 00 00 29 01
 (099.182186)  can0  067   [8]  00 28 A4 87 BF 00 00 00
 (099.182751)  can0  068   [8]  00 F8 62 87 3F 00 00 00
 (099.202213)  can0  067   [8]  05 62 03 01 5D 03 01 00
 (099.202776)  can0  068   [8]  05 02 00 00 09 00 00 00
 (099.242131)  can0  067   [8]  0B 2E 0A 86 BF 00 00 00
 (099.242755)  can0  068   [8]  0B 2E 0A 86 3F 00 00 00
 (099.302201)  can0  067   [8]  00 28 A4 87 BF 00 00 00
 (099.302795)  can0  068   [8]  00 2F 62 87 3F 00 00 00
 (099.322165)  can0  067   [8]  05 58 03 01 42 03 01 00
 (099.322742)  can0  068   [8]  05 03 00 00 01 00 01 00
 (099.362135)  can0  067   [8]  0B 2E 0A 86 BF 00 00 00
 (099.362776)  can0  068   [8]  0B 2E 0A 86 3F 00 00 00
 (099.422176)  can0  067   [8]  00 F1 A4 87 BF 00 00 00
 (099.422776)  can0  068   [8]  00 F8 62 87 3F 00 00 00
 (099.442150)  can0  067   [8]  05 63 03 01 70 03 01 00
 (099.442750)  can0  068   [8]  05 08 00 01 01 00 01 00
 (099.482167)  can0  067   [8]  0B 2E 0A 86 BF 00 00 00
 (099.482786)  can0  068   [8]  0B 2E 0A 86 3F 00 00 00
 (099.542236)  can0  067   [8]  00 F1 A4 87 BF 00 00 00
 (099.542798)  can0  068   [8]  00 F8 62 87 3F 00 00 00
 (099.562191)  can0  067   [8]  05 64 03 01 66 03 01 00
 (099.562787)  can0  068   [8]  05 04 00 00 00 00 01 00
 (099.602149)  can0  067   [8]  0B 2E 0A 86 BF 00 00 00
 (099.602794)  can0  068   [8]  0B 2E 0A 86 3F 00 00 00
 (099.662168)  can0  067   [8]  00 96 A2 87 BF 00 00 00
 (099.662774)  can0  068   [8]  00 F8 62 87 3F 00 00 00
 (099.682167)  can0  067   [8]  05 64 03 01 6F 03 01 00
 (099.682747)  can0  068   [8]  05 04 00 00 0A 00 01 00
 (099.722173)  can0  067   [8]  0B 2E 0A 86 BF 00 00 00
 (099.722755)  can0  068   [8]  0B 2E 0A 86 3F 00 00 00
 (099.782130)  can0  067   [8]  00 28 A4 87 BF 00 00 00
 (099.782729)  can0  068   [8]  00 F8 62 87 3F 00 00 00
 (099.802171)  can0  067   [8]  05 5B 03 01 5D 03 01 00
 (099.802742)  can0  068   [8]  05 0F 00 00 12 00 00 00
 (099.842163)  can0  067   [8]  0B 2E 0A 86 BF 00 00 00
 (099.842750)  can0  068   [8]  0B 2E 0A 86 3F 00 00 00
 (099.902183)  can0  067   [8]  00 F1 A4 87 BF 00 00 00
 (099.902724)  can0  068   [8]  00 F8 62 87 3F 00 00 00
 (099.922163)  can0  067   [8]  05 5B 03 01 54 03 01 00
 (099.922802)  can0  068   [8]  05 05 00 00 09 00 00 00
 (099.962155)  can0  067   [8]  0B 2E 0A 86 BF 00 00 00
 (099.962714)  can0  068   [8]  0B 2E 0A 86 3F 00 00 00
 (100.022172)  can0  067   [8]  00 F1 A4 87 BF 00 00 00
 (100.022755)  can0  068   [8]  00 C1 63 87 3F 00 00 00
 (100.042177)  can0  067   [8]  05 5C 03 01 79 03 01 00
 (100.042198)  can0  067   [8]  12 80 67 00 01 01 00 00
 (100.042200)  can0  067   [8]  0C 02 A1 B6 00 00 70 40
 (100.042781)  can0  068   [8]  05 06 00 00 12 00 00 00
 (100.042804)  can0  068   [8]  12 80 67 00 01 01 00 00
 (100.042929)  can0  068   [8]  0C 02 A1 89 00 00 70 02
 (100.082190)  can0  067   [8]  0B 2E 0A 86 BF 00 00 00
 (100.082733)  can0  068   [8]  0B 2E 0A 86 3F 00 00 00
 (100.122179)  can0  067   [8]  11 06 00 00 00 00 29 01
 (100.122734)  can0  068   [8]  11 06 00 00 00 00 29 01
 (100.129542)  can0  064   [8]  67 01 35 FA 8E BC 07 00
 (100.132171)  can0  064   [8]  68 01 35 FA 8E 3C 07 00
 (100.142090)  can0  067   [8]  00 28 A4 87 BF 00 00 00
 (100.142212)  can0  067   [8]  11 06 00 00 00 00 09 01
 (100.142772)  can0  068   [8]  00 F8 62 87 3F 00 00 00
 (100.142789)  can0  068   [8]  11 06 00 00 00 00 09 01
 (100.162149)  can0  067   [8]  05 BA 08 00 16 09 00 00
 (100.162751)  can0  068   [8]  05 FB 09 01 49 0A 01 00
 (100.202191)  can0  067   [8]  0B 5F A3 87 BF 00 00 00
 (100.202734)  can0  068   [8]  0B 2F 62 87 3F 00 00 00
 (100.262207)  can0  067   [8]  00 13 BE 87 BF 00 00 00
 (100.262763)  can0  068   [8]  00 1C 66 87 3F 00 00 00
 (100.282168)  can0  067   [8]  05 8E 03 00 9A 03 00 00
 (100.282828)  can0  068   [8]  05 C7 04 01 B1 04 01 00
 (100.322146)  can0  067   [8]  0B 17 9D 87 BF 00 00 00
 (100.322729)  can0  068   [8]  0B E7 5B 87 3F 00 00 00
 (100.382195)  can0  067   [8]  00 DC BE 87 BF 00 00 00
 (100.382772)  can0  068   [8]  00 53 65 87 3F 00 00 00
 (100.402173)  can0  067   [8]  05 60 02 00 65 02 00 00
 (100.402797)  can0  068   [8]  05 A3 03 01 A5 03 01 00
 (100.442191)  can0  067   [8]  0B 87 85 87 BF 00 00 00
 (100.442769)  can0  068   [8]  0B 20 45 87 3F 00 00 00
 (100.502185)  can0  067   [8]  00 4A BD 87 BF 00 00 00
 (100.502787)  can0  068   [8]  00 53 65 87 3F 00 00 00
 (100.522192)  can0  067   [8]  05 05 00 00 28 00 00 00
 (100.522789)  can0  068   [8]  05 52 01 01 69 01 01 00
 (100.562194)  can0  067   [8]  0B 43 53 87 BF 00 00 00
 (100.562804)  can0  068   [8]  0B DC 12 87 3F 00 00 00
 (100.622203)  can0  067   [8]  00 A5 BF 87 BF 00 00 00
 (100.622716)  can0  068   [8]  00 53 65 87 3F 00 00 00
 (100.642149)  can0  067   [8]  05 17 04 01 F4 03 01 00
 (100.642855)  can0  068   [8]  05 AC 02 00 A2 02 00 00
 (100.682125)  can0  067   [8]  0B 4C FB 86 BF 00 00 00
 (100.682870)  can0  068   [8]  0B AE BB 86 3F 00 00 00
 (100.742156)  can0  067   [8]  00 4A BD 87 BF 00 00 00
 (100.742860)  can0  068   [8]  00 E7 5B 87 3F 00 00 00
 (100.762140)  can0  067   [8]  05 65 0A 01 3B 0A 01 00
 (100.762844)  can0  068   [8]  05 18 08 00 15 08 00 00
 (100.802189)  can0  067   [8]  0B A3 72 86 BF 00 00 00
 (100.802802)  can0  068   [8]  0B 60 35 86 3F 00 00 00
 (100.862210)  can0  067   [8]  00 71 AA 87 BF 00 00 00
 (100.862742)  can0  068   [8]  00 0C 54 87 3F 00 00 00
 (100.882198)  can0  067   [8]  05 8E 12 01 35 12 01 00
 (100.882820)  can0  068   [8]  05 37 11 00 FD 10 00 00
 (100.922163)  can0  067   [8]  0B A4 B0 85 BF 00 00 00
 (100.922744)  can0  068   [8]  0B 2A 74 85 3F 00 00 00
 (100.982152)  can0  067   [8]  00 78 68 87 BF 00 00 00
 (100.982754)  can0  068   [8]  00 73 31 86 3F 00 00 00
 (101.002136)  can0  067   [8]  05 F5 15 01 CA 15 01 00
 (101.002847)  can0  068   [8]  05 1D 0A 00 1E 0A 00 00
 (101.042187)  can0  067   [8]  0B E3 AB 84 BF 00 00 00
 (101.042208)  can0  067   [8]  12 80 67 00 01 01 00 00
 (101.042210)  can0  067   [8]  0C 02 A1 AD 16 00 50 7E
 (101.042760)  can0  068   [8]  0B FC 70 84 3F 00 00 00
 (101.042773)  can0  068   [8]  12 80 67 00 01 01 00 00
 (101.042908)  can0  068   [8]  0C 02 A1 92 1C 00 50 7E
 (101.102145)  can0  067   [8]  00 C3 33 85 BF 00 00 00
 (101.102727)  can0  068   [8]  00 22 5E 84 3F 00 00 00
 (101.122149)  can0  067   [8]  05 87 0B 01 C1 0B 01 00
 (101.122725)  can0  068   [8]  05 BE 03 00 DF 03 00 00
 (101.142158)  can0  067   [8]  11 06 00 00 00 00 09 01
 (101.142762)  can0  068   [8]  11 06 00 00 00 00 09 01
 (101.162172)  can0  067   [8]  0B CE 62 83 BF 00 00 00
 (101.162705)  can0  068   [8]  0B 79 29 83 3F 00 00 00
 (101.222168)  can0  067   [8]  00 83 29 84 BF 00 00 00
 (101.222753)  can0  068   [8]  00 16 74 83 3F 00 00 00
 (101.242177)  can0  067   [8]  05 36 0E 01 26 0D 01 00
 (101.242757)  can0  068   [8]  05 75 08 00 2B 08 00 00
 (101.282040)  can0  067   [8]  0B 2D D6 81 BF 00 00 00
 (101.282672)  can0  068   [8]  0B 33 9F 81 3F 00 00 00
 (101.342215)  can0  067   [8]  00 3B C0 82 BF 00 00 00
 (101.342756)  can0  068   [8]  00 CB 20 82 3F 00 00 00
 (101.362178)  can0  067   [8]  05 DA 13 01 28 14 01 00
 (101.362735)  can0  068   [8]  05 1A 0E 00 84 0D 00 00
 (101.402184)  can0  067   [8]  0B 02 06 80 BF 00 00 00
 (101.402744)  can0  068   [8]  0B 33 A1 7F 3F 00 00 00
 (101.462195)  can0  067   [8]  00 23 D6 80 BF 00 00 00
 (101.462742)  can0  068   [8]  00 08 E0 7F 3F 00 00 00
 (101.482155)  can0  067   [8]  05 93 0F 01 50 0F 01 00
 (101.482725)  can0  068   [8]  05 E3 06 00 A7 06 00 00
 (101.522186)  can0  067   [8]  0B 27 DB 7B BF 00 00 00
 (101.522718)  can0  068   [8]  0B 0D 75 7B 3F 00 00 00
 (101.582185)  can0  067   [8]  00 2F F1 7C BF 00 00 00
 (101.582728)  can0  068   [8]  00 2F 8E 7B 3F 00 00 00
 (101.602183)  can0  067   [8]  05 32 12 01 E6 11 01 00
 (101.602758)  can0  068   [8]  05 23 0C 00 F0 0B 00 00
 (101.642185)  can0  067   [8]  0B 7D 34 77 BF 00 00 00
 (101.642776)  can0  068   [8]  0B 19 D3 76 3F 00 00 00
 (101.702206)  can0  067   [8]  00 D7 50 79 BF 00 00 00
 (101.702761)  can0  068   [8]  00 E2 7F 77 3F 00 00 00
 (101.722172)  can0  067   [8]  05 4A 16 01 F5 15 01 00
 (101.722778)  can0  068   [8]  05 DD 0C 00 E9 0C 00 00
 (101.762204)  can0  067   [8]  0B DF FE 71 BF 00 00 00
 (101.762728)  can0  068   [8]  0B 32 A2 71 3F 00 00 00
 (101.822190)  can0  067   [8]  00 B3 53 72 BF 00 00 00
 (101.822743)  can0  068   [8]  00 8D F8 70 3F 00 00 00
 (101.842162)  can0  067   [8]  05 F0 10 01 22 11 01 00
 (101.842791)  can0  068   [8]  05 EE 0A 00 71 0A 00 00
 (101.882165)  can0  067   [8]  0B BE 4E 6C BF 00 00 00
 (101.882797)  can0  068   [8]  0B C7 F6 6B 3F 00 00 00
 (101.942189)  can0  067   [8]  00 82 95 6E BF 00 00 00
 (101.942746)  can0  068   [8]  00 8E B9 6C 3F 00 00 00
 (101.962164)  can0  067   [8]  05 66 16 01 CB 15 01 00
 (101.962778)  can0  068   [8]  05 FD 0B 00 B1 0B 00 00
 (102.002197)  can0  067   [8]  0B 82 38 66 BF 00 00 00
 (102.002742)  can0  068   [8]  0B 40 E5 65 3F 00 00 00
 (102.042135)  can0  067   [8]  12 80 67 00 01 01 00 00
 (102.042158)  can0  067   [8]  0C 02 A1 92 D5 00 00 7E
 (102.042800)  can0  068   [8]  12 80 67 00 01 01 00 00
 (102.042821)  can0  068   [8]  0C 02 A1 B6 D7 00 00 7E
 (102.062175)  can0  067   [8]  00 D3 49 67 BF 00 00 00
 (102.062846)  can0  068   [8]  00 D2 E6 65 3F 00 00 00
 (102.082151)  can0  067   [8]  05 82 16 01 86 16 01 00
 (102.082766)  can0  068   [8]  05 5C 0F 00 FE 0E 00 00
 (102.122170)  can0  067   [8]  0B BB D3 5F BF 00 00 00
 (102.122752)  can0  068   [8]  0B 9E 83 5F 3F 00 00 00
 (102.142204)  can0  067   [8]  11 06 00 00 00 00 09 01
 (102.142756)  can0  068   [8]  11 06 00 00 00 00 09 01
 (102.182165)  can0  067   [8]  00 F5 5D 60 BF 00 00 00
 (102.182858)  can0  068   [8]  00 FC B8 5E 3F 00 00 00
 (102.202229)  can0  067   [8]  05 03 09 01 05 09 01 00
 (102.202808)  can0  068   [8]  05 50 01 00 A8 00 00 00
 (102.242142)  can0  067   [8]  0B B1 31 59 BF 00 00 00
 (102.242869)  can0  068   [8]  0B 4B E6 58 3F 00 00 00
 (102.302156)  can0  067   [8]  00 76 78 5B BF 00 00 00
 (102.302860)  can0  068   [8]  00 A4 AA 59 3F 00 00 00
 (102.322160)  can0  067   [8]  05 1A 1A 01 50 19 01 00
 (102.322868)  can0  068   [8]  05 B5 0F 00 4E 0F 00 00
 (102.362152)  can0  067   [8]  0B 63 68 52 BF 00 00 00
 (102.362864)  can0  068   [8]  0B B3 21 52 3F 00 00 00
 (102.422178)  can0  067   [8]  00 75 1B 53 BF 00 00 00
 (102.422884)  can0  068   [8]  00 0A 8E 51 3F 00 00 00
 (102.442154)  can0  067   [8]  05 6C 12 01 08 12 01 00
 (102.442755)  can0  068   [8]  05 B2 09 00 AF 08 00 00
 (102.482186)  can0  067   [8]  0B 5E 8F 4B BF 00 00 00
 (102.482802)  can0  068   [8]  0B 41 4A 4B 3F 00 00 00
 (102.542213)  can0  067   [8]  00 8B A8 4C BF 00 00 00
 (102.542798)  can0  068   [8]  00 28 D9 4A 3F 00 00 00
 (102.562148)  can0  067   [8]  05 06 0A 01 E4 09 01 00
 (102.562880)  can0  068   [8]  05 24 01 00 81 00 00 00
 (102.602161)  can0  067   [8]  0B A4 B1 44 BF 00 00 00
 (102.602860)  can0  068   [8]  0B 3D 71 44 3F 00 00 00
 (102.662160)  can0  067   [8]  00 63 2F 47 BF 00 00 00
 (102.662881)  can0  068   [8]  00 E0 30 45 3F 00 00 00
 (102.682181)  can0  067   [8]  05 97 18 01 F1 17 01 00
 (102.682793)  can0  068   [8]  05 22 0D 00 86 0C 00 00
 (102.722166)  can0  067   [8]  0B 7B D5 3D BF 00 00 00
 (102.722875)  can0  068   [8]  0B 38 98 3D 3F 00 00 00
 (102.782168)  can0  067   [8]  00 60 E8 3E BF 00 00 00
 (102.782884)  can0  068   [8]  00 D3 4C 3D 3F 00 00 00
 (102.802171)  can0  067   [8]  05 CB 12 01 3A 12 01 00
 (102.802913)  can0  068   [8]  05 34 09 00 FB 08 00 00
 (102.842172)  can0  067   [8]  0B 31 EB 36 BF 00 00 00
 (102.842886)  can0  068   [8]  0B 12 B1 36 3F 00 00 00
 (102.902200)  can0  067   [8]  00 3D D5 37 BF 00 00 00
 (102.902798)  can0  068   [8]  00 D8 1B 36 3F 00 00 00
 (102.922184)  can0  067   [8]  05 B3 08 01 E4 08 01 00
 (102.922905)  can0  068   [8]  05 15 01 01 DA 00 01 00
 (102.962169)  can0  067   [8]  0B 2B 1D 30 BF 00 00 00
 (102.962767)  can0  068   [8]  0B 31 E6 2F 3F 00 00 00
 (103.022184)  can0  067   [8]  00 2D D8 32 BF 00 00 00
 (103.022828)  can0  068   [8]  00 D2 BB 30 3F 00 00 00
 (103.042194)  can0  067   [8]  05 6C 17 01 B2 16 01 00
 (103.042216)  can0  067   [8]  12 80 67 00 01 01 00 00
 (103.042217)  can0  067   [8]  0C 02 A1 A4 FF 00 00 7E
 (103.042789)  can0  068   [8]  05 12 0B 00 B0 0A 00 00
 (103.042804)  can0  068   [8]  12 80 67 00 01 01 00 00
 (103.042934)  can0  068   [8]  0C 02 A1 9B FF 00 00 7E
 (103.082129)  can0  067   [8]  0B 03 41 29 BF 00 00 00
 (103.082879)  can0  068   [8]  0B 2D 0D 29 3F 00 00 00
 (103.142106)  can0  067   [8]  00 04 A4 2A BF 00 00 00
 (103.142125)  can0  067   [8]  11 06 00 00 00 00 09 01
 (103.142888)  can0  068   [8]  00 2E 02 29 3F 00 00 00
 (103.142907)  can0  068   [8]  11 06 00 00 00 00 09 01
 (103.162141)  can0  067   [8]  05 FE 12 01 47 12 01 00
 (103.162895)  can0  068   [8]  05 1D 08 00 F3 07 00 00
 (103.202139)  can0  067   [8]  0B DB 64 22 BF 00 00 00
 (103.202869)  can0  068   [8]  0B 2A 34 22 3F 00 00 00
 (103.262094)  can0  067   [8]  00 80 19 23 BF 00 00 00
 (103.262848)  can0  068   [8]  00 F6 5C 21 3F 00 00 00
 (103.282187)  can0  067   [8]  05 B5 07 01 40 07 01 00
 (103.282826)  can0  068   [8]  05 4D 02 01 0D 02 01 00
 (103.322094)  can0  067   [8]  0B B3 88 1B BF 00 00 00
 (103.322842)  can0  068   [8]  0B 25 5B 1B 3F 00 00 00
 (103.382160)  can0  067   [8]  00 68 69 1E BF 00 00 00
 (103.382867)  can0  068   [8]  00 32 45 1C 3F 00 00 00
 (103.402108)  can0  067   [8]  05 EA 15 01 BE 15 01 00
 (103.402883)  can0  068   [8]  05 25 09 00 B2 08 00 00
 (103.442142)  can0  067   [8]  0B F8 AA 14 BF 00 00 00
 (103.442893)  can0  068   [8]  0B 21 82 14 3F 00 00 00
 (103.502137)  can0  067   [8]  00 A9 54 16 BF 00 00 00
 (103.502784)  can0  068   [8]  00 42 A6 14 3F 00 00 00
 (103.522143)  can0  067   [8]  05 A4 13 01 81 12 01 00
 (103.522900)  can0  068   [8]  05 78 07 00 69 06 00 00
 (103.562153)  can0  067   [8]  0B D0 CE 0D BF 00 00 00
 (103.562901)  can0  068   [8]  0B FA 9A 0D 3F 00 00 00
 (103.622153)  can0  067   [8]  00 30 5C 0E BF 00 00 00
 (103.622829)  can0  068   [8]  00 A8 89 0C 3F 00 00 00
 (103.642172)  can0  067   [8]  05 5E 07 01 1C 07 01 00
 (103.642807)  can0  068   [8]  05 19 03 01 A4 02 01 00
 (103.682109)  can0  067   [8]  0B A8 F2 06 BF 00 00 00
 (103.682769)  can0  068   [8]  0B 1A D0 06 3F 00 00 00
 (103.742195)  can0  067   [8]  00 38 D0 09 BF 00 00 00
 (103.742835)  can0  068   [8]  00 70 B5 07 3F 00 00 00
 (103.762168)  can0  067   [8]  05 EE 12 01 C4 12 01 00
 (103.762913)  can0  068   [8]  05 93 06 00 DD 05 00 00
 (103.802161)  can0  067   [8]  0B 80 16 00 BF 00 00 00
 (103.802813)  can0  068   [8]  0B 2B EE FF 3E 00 00 00
 (103.862200)  can0  067   [8]  00 04 0A 02 BF 00 00 00
 (103.862718)  can0  068   [8]  00 A0 45 00 3F 00 00 00
 (103.882152)  can0  067   [8]  05 7F 13 01 28 13 01 00
 (103.882897)  can0  068   [8]  05 C9 06 00 B8 06 00 00
 (103.922161)  can0  067   [8]  0B B0 74 F2 BE 00 00 00
 (103.922705)  can0  068   [8]  0B 23 3C F2 3E 00 00 00
 (103.982189)  can0  067   [8]  00 03 70 F3 BE 00 00 00
 (103.982730)  can0  068   [8]  00 88 C1 EF 3E 00 00 00
 (104.002196)  can0  067   [8]  05 2E 07 01 2A 07 01 00
 (104.002722)  can0  068   [8]  05 50 03 01 6F 04 01 00
 (104.042184)  can0  067   [8]  0B 5F BC E4 BE 00 00 00
 (104.042206)  can0  067   [8]  12 80 67 00 01 01 00 00
 (104.042208)  can0  067   [8]  0C 02 A1 AD FF 00 00 7E
 (104.042732)  can0  068   [8]  0B 1B 8A E4 3E 00 00 00
 (104.042746)  can0  068   [8]  12 80 67 00 01 01 00 00
 (104.042966)  can0  068   [8]  0C 02 A1 9B FF 00 00 7E
 (104.102198)  can0  067   [8]  00 80 77 EA BE 00 00 00
 (104.102736)  can0  068   [8]  00 15 2F E6 3E 00 00 00
 (104.122133)  can0  067   [8]  05 B7 0F 01 BA 0F 01 00
 (104.122911)  can0  068   [8]  05 C6 03 00 80 05 00 00
 (104.142174)  can0  067   [8]  11 06 00 00 00 00 09 01
 (104.142934)  can0  068   [8]  11 06 00 00 00 00 09 01
 (104.162175)  can0  067   [8]  0B 0F 04 D7 BE 00 00 00
 (104.162856)  can0  068   [8]  0B 13 D8 D6 3E 00 00 00
 (104.222212)  can0  067   [8]  00 E2 81 DB BE 00 00 00
 (104.222954)  can0  068   [8]  00 92 94 D7 3E 00 00 00
 (104.242149)  can0  067   [8]  05 57 13 01 E3 12 01 00
 (104.242772)  can0  068   [8]  05 0F 06 00 67 05 00 00
 (104.282161)  can0  067   [8]  0B BE 4B C9 BE 00 00 00
 (104.282710)  can0  068   [8]  0B 0B 26 C9 3E 00 00 00
 (104.342152)  can0  067   [8]  00 C8 56 CA BE 00 00 00
 (104.342841)  can0  068   [8]  00 93 C4 C6 3E 00 00 00
 (104.362053)  can0  067   [8]  05 9F 07 01 DA 07 01 00
 (104.362745)  can0  068   [8]  05 2B 03 01 D7 08 01 00
 (104.402144)  can0  067   [8]  0B 49 90 BB BE 00 00 00
 (104.402754)  can0  068   [8]  0B 03 74 BB 3E 00 00 00
 (104.462160)  can0  067   [8]  00 46 48 C1 BE 00 00 00
 (104.462789)  can0  068   [8]  00 BD BA BC 3E 00 00 00
 (104.482154)  can0  067   [8]  05 79 0C 01 33 0C 01 00
 (104.482843)  can0  068   [8]  05 0B 00 01 10 00 01 00
 (104.522154)  can0  067   [8]  0B F9 D7 AD BE 00 00 00
 (104.522867)  can0  068   [8]  0B FB C1 AD 3E 00 00 00
 (104.582150)  can0  067   [8]  00 9B D6 B2 BE 00 00 00
 (104.582841)  can0  068   [8]  00 2E A4 AE 3E 00 00 00
 (104.602134)  can0  067   [8]  05 3B 13 01 9C 12 01 00
 (104.602853)  can0  068   [8]  05 8A 05 00 D9 04 00 00
 (104.642137)  can0  067   [8]  0B A9 1F A0 BE 00 00 00
 (104.642850)  can0  068   [8]  0B F3 0F A0 3E 00 00 00
 (104.702165)  can0  067   [8]  00 87 69 A1 BE 00 00 00
 (104.702768)  can0  068   [8]  00 4F ED 9D 3E 00 00 00
 (104.722163)  can0  067   [8]  05 27 08 01 BB 06 01 00
 (104.722877)  can0  068   [8]  05 04 03 01 2E 03 01 00
 (104.762131)  can0  067   [8]  0B 59 67 92 BE 00 00 00
 (104.762845)  can0  068   [8]  0B EC 5D 92 3E 00 00 00
 (104.822178)  can0  067   [8]  00 63 9B 97 BE 00 00 00
 (104.822722)  can0  068   [8]  00 1E 40 93 3E 00 00 00
 (104.842219)  can0  067   [8]  05 FF 08 01 CD 06 01 00
 (104.842724)  can0  068   [8]  05 05 03 01 CB 02 01 00
 (104.882181)  can0  067   [8]  0B C1 92 84 BE 00 00 00
 (104.882805)  can0  068   [8]  0B C1 92 84 3E 00 00 00
 (104.942195)  can0  067   [8]  00 9F 1B 8A BE 00 00 00
 (104.942783)  can0  068   [8]  00 7D C3 85 3E 00 00 00
 (104.962161)  can0  067   [8]  05 69 12 01 40 11 01 00
 (104.962871)  can0  068   [8]  05 8D 04 00 DF 03 00 00
 (105.002160)  can0  067   [8]  0B 8D 32 6E BE 00 00 00
 (105.002750)  can0  068   [8]  0B D5 38 6E 3E 00 00 00
 (105.042186)  can0  067   [8]  12 80 67 00 01 01 00 00
 (105.042210)  can0  067   [8]  0C 02 A1 AD FF 00 00 7E
 (105.042746)  can0  068   [8]  12 80 67 00 01 01 00 00
 (105.042761)  can0  068   [8]  0C 02 A1 9B FF 00 00 7E
 (105.062161)  can0  067   [8]  00 BE DA 71 BE 00 00 00
 (105.062869)  can0  068   [8]  00 51 E2 6A 3E 00 00 00
 (105.082158)  can0  067   [8]  05 2A 08 01 AE 07 01 00
 (105.082844)  can0  068   [8]  05 C4 03 01 3D 04 01 00
 (105.122161)  can0  067   [8]  0B FC 8A 53 BE 00 00 00
 (105.122862)  can0  068   [8]  0B D5 9D 53 3E 00 00 00
 (105.142153)  can0  067   [8]  11 06 00 00 00 00 09 01
 (105.142865)  can0  068   [8]  11 06 00 00 00 00 09 01
 (105.182174)  can0  067   [8]  00 42 D5 5E BE 00 00 00
 (105.182848)  can0  068   [8]  00 C1 C6 55 3E 00 00 00
 (105.202150)  can0  067   [8]  05 FC 06 01 9E 06 01 00
 (105.202853)  can0  068   [8]  05 B0 05 01 38 05 01 00
 (105.242167)  can0  067   [8]  0B E5 CB 39 BE 00 00 00
 (105.242831)  can0  068   [8]  0B 07 E5 39 3E 00 00 00
 (105.302163)  can0  067   [8]  00 B8 4E 45 BE 00 00 00
 (105.302831)  can0  068   [8]  00 B6 FC 3C 3E 00 00 00
 (105.322098)  can0  067   [8]  05 6C 10 01 5C 10 01 00
 (105.322805)  can0  068   [8]  05 44 02 00 F6 00 00 00
 (105.362190)  can0  067   [8]  0B AF 40 21 BE 00 00 00
 (105.362826)  can0  068   [8]  0B 1A 60 21 3E 00 00 00
 (105.422148)  can0  067   [8]  00 EB 90 24 BE 00 00 00
 (105.422848)  can0  068   [8]  00 39 66 1D 3E 00 00 00
 (105.442172)  can0  067   [8]  05 6A 01 01 5A 00 01 00
 (105.442910)  can0  068   [8]  05 1A 0A 01 7D 0A 01 00
 (105.482176)  can0  067   [8]  0B 52 41 0A BE 00 00 00
 (105.482882)  can0  068   [8]  0B BD 60 0A 3E 00 00 00
 (105.542188)  can0  067   [8]  00 13 3A 19 BE 00 00 00
 (105.542866)  can0  068   [8]  00 45 51 10 3E 00 00 00
 (105.562160)  can0  067   [8]  05 DC 0E 01 B3 0E 01 00
 (105.562710)  can0  068   [8]  05 2A 00 00 9A 00 01 00
 (105.602128)  can0  067   [8]  0B 63 32 EA BD 00 00 00
 (105.602738)  can0  068   [8]  0B C9 7D EA 3D 00 00 00
 (105.662143)  can0  067   [8]  00 29 39 F6 BD 00 00 00
 (105.662856)  can0  068   [8]  00 E5 FC E7 3D 00 00 00
 (105.682137)  can0  067   [8]  05 AF 03 01 1A 03 01 00
 (105.682838)  can0  068   [8]  05 FE 07 01 1C 08 01 00
 (105.722169)  can0  067   [8]  0B D8 1A C4 BD 00 00 00
 (105.722849)  can0  068   [8]  0B 3E 66 C4 3D 00 00 00
 (105.782160)  can0  067   [8]  00 1F FB E2 BD 00 00 00
 (105.782866)  can0  068   [8]  00 57 68 D1 3D 00 00 00
 (105.802142)  can0  067   [8]  05 4B 0B 01 2D 0B 01 00
 (105.802835)  can0  068   [8]  05 ED 02 01 98 03 01 00
 (105.842168)  can0  067   [8]  0B 04 3C A2 BD 00 00 00
 (105.842847)  can0  068   [8]  0B 6A 87 A2 3D 00 00 00
 (105.902195)  can0  067   [8]  00 DA 0B AF BD 00 00 00
 (105.902731)  can0  068   [8]  00 05 C3 A0 3D 00 00 00
 (105.922136)  can0  067   [8]  05 8A 00 00 2B 01 00 00
 (105.922849)  can0  068   [8]  05 3E 0C 01 71 0C 01 00
 (105.962160)  can0  067   [8]  0B E6 95 84 BD 00 00 00
 (105.962840)  can0  068   [8]  0B 4C E1 84 3D 00 00 00
 (106.022170)  can0  067   [8]  00 E2 22 A2 BD 00 00 00
 (106.022736)  can0  068   [8]  00 52 0C 94 3D 00 00 00
 (106.042180)  can0  067   [8]  05 EF 08 01 31 0A 01 00
 (106.042201)  can0  067   [8]  12 80 67 00 01 01 00 00
 (106.042203)  can0  067   [8]  0C 02 A1 89 FD 00 00 7E
 (106.042759)  can0  068   [8]  05 B6 03 01 E6 03 01 00
 (106.042773)  can0  068   [8]  12 80 67 00 01 01 00 00
 (106.042927)  can0  068   [8]  0C 02 A1 89 FD 00 00 7E
 (106.082172)  can0  067   [8]  0B 1F 6A 56 BD 00 00 00
 (106.082854)  can0  068   [8]  0B C8 E7 56 3D 00 00 00
 (106.142074)  can0  067   [8]  00 DD ED 84 BD 00 00 00
 (106.142100)  can0  067   [8]  11 06 00 00 00 00 09 01
 (106.142823)  can0  068   [8]  00 1B ED 65 3D 00 00 00
 (106.142844)  can0  068   [8]  11 06 00 00 00 00 09 01
 (106.162210)  can0  067   [8]  05 01 03 01 BA 02 01 00
 (106.162747)  can0  068   [8]  05 2E 0C 01 9C 0C 01 00
 (106.202133)  can0  067   [8]  0B 55 B5 2B BD 00 00 00
 (106.202883)  can0  068   [8]  0B FF 32 2C 3D 00 00 00
 (106.262126)  can0  067   [8]  00 6D D0 5B BD 00 00 00
 (106.262869)  can0  068   [8]  00 88 28 39 3D 00 00 00
 (106.282158)  can0  067   [8]  05 E1 00 01 75 00 01 00
 (106.282854)  can0  068   [8]  05 C8 0C 01 D6 0C 01 00
 (106.322191)  can0  067   [8]  0B 0A 3B 0A BD 00 00 00
 (106.322770)  can0  068   [8]  0B 70 86 0A 3D 00 00 00
 (106.382182)  can0  067   [8]  00 C6 C5 3D BD 00 00 00
 (106.382742)  can0  068   [8]  00 89 8D 1E 3D 00 00 00
 (106.402148)  can0  067   [8]  05 A1 00 01 62 00 01 00
 (106.402855)  can0  068   [8]  05 A1 0B 01 C0 0B 01 00
 (106.442160)  can0  067   [8]  0B FF 68 E1 BC 00 00 00
 (106.442859)  can0  068   [8]  0B CA FF E1 3C 00 00 00
 (106.502163)  can0  067   [8]  00 E0 A0 2A BD 00 00 00
 (106.502850)  can0  068   [8]  00 9F E1 0C 3D 00 00 00
 (106.522151)  can0  067   [8]  05 BB 01 01 2C 01 01 00
 (106.522856)  can0  068   [8]  05 2E 0A 01 24 0A 01 00
 (106.562142)  can0  067   [8]  0B 60 7A BD BC 00 00 00
 (106.562866)  can0  068   [8]  0B E8 DE BD 3C 00 00 00
 (106.622167)  can0  067   [8]  00 C2 8B 19 BD 00 00 00
 (106.622747)  can0  068   [8]  00 5C A2 F5 3C 00 00 00
 (106.642119)  can0  067   [8]  05 13 01 01 0E 01 01 00
 (106.642860)  can0  068   [8]  05 4F 0B 01 93 0B 01 00
 (106.682173)  can0  067   [8]  0B 7E EA A5 BC 00 00 00
 (106.682759)  can0  068   [8]  0B C3 1C A6 3C 00 00 00
 (106.742137)  can0  067   [8]  00 38 0F 0E BD 00 00 00
 (106.742865)  can0  068   [8]  00 72 65 D7 3C 00 00 00
 (106.762154)  can0  067   [8]  05 A6 00 01 96 00 01 00
 (106.762883)  can0  068   [8]  05 19 0D 01 0E 0D 01 00
 (106.802135)  can0  067   [8]  0B A2 F9 97 BC 00 00 00
 (106.802770)  can0  068   [8]  0B E6 2B 98 3C 00 00 00
 (106.862194)  can0  067   [8]  00 86 6B 05 BD 00 00 00
 (106.862791)  can0  068   [8]  00 A9 4B C7 3C 00 00 00
 (106.882163)  can0  067   [8]  05 8C 00 00 9A 00 00 00
 (106.882869)  can0  068   [8]  05 11 0E 01 4A 0E 01 00
 (106.922130)  can0  067   [8]  0B 99 4C 91 BC 00 00 00
 (106.922857)  can0  068   [8]  0B DD 7E 91 3C 00 00 00
 (106.982187)  can0  067   [8]  00 35 F7 02 BD 00 00 00
 (106.982778)  can0  068   [8]  00 8D C7 C2 3C 00 00 00
 (107.002151)  can0  067   [8]  05 12 00 00 15 00 00 00
 (107.002782)  can0  068   [8]  05 78 0D 01 76 0D 01 00
 (107.042192)  can0  067   [8]  0B AE 23 8F BC 00 00 00
 (107.042216)  can0  067   [8]  12 80 67 00 01 01 00 00
 (107.042218)  can0  067   [8]  0C 02 A1 B6 4B 00 10 7E
 (107.042738)  can0  068   [8]  0B AE 23 8F 3C 00 00 00
 (107.042770)  can0  068   [8]  12 80 67 00 01 01 00 00
 (107.042874)  can0  068   [8]  0C 02 A1 A4 4A 00 10 7E
 (107.102175)  can0  067   [8]  00 35 F7 02 BD 00 00 00
 (107.102811)  can0  068   [8]  00 8D C7 C2 3C 00 00 00
 (107.122170)  can0  067   [8]  05 6A 00 01 55 00 01 00
 (107.122747)  can0  068   [8]  05 08 0D 01 D9 0C 01 00
 (107.142174)  can0  067   [8]  11 06 00 00 00 00 29 01
 (107.142903)  can0  068   [8]  11 06 00 00 00 00 29 01
 (107.162166)  can0  067   [8]  0B 6A F1 8E BC 00 00 00
 (107.162832)  can0  068   [8]  0B 6A F1 8E 3C 00 00 00
 (107.222159)  can0  067   [8]  00 57 10 03 BD 00 00 00
 (107.222788)  can0  068   [8]  00 8D C7 C2 3C 00 00 00
 (107.242158)  can0  067   [8]  05 3E 0B 00 25 0B 00 00
 (107.242752)  can0  068   [8]  05 C2 18 01 01 19 01 00
 (107.282164)  can0  067   [8]  0B 6A F1 8E BC 00 00 00
 (107.282768)  can0  068   [8]  0B 6A F1 8E 3C 00 00 00
 (107.342173)  can0  067   [8]  00 CF AB 02 BD 00 00 00
 (107.342739)  can0  068   [8]  00 8D C7 C2 3C 00 00 00
 (107.362139)  can0  067   [8]  05 3D 0B 00 37 0B 00 00
 (107.362872)  can0  068   [8]  05 B8 18 01 AF 18 01 00
 (107.402150)  can0  067   [8]  0B 6A F1 8E BC 00 00 00
 (107.402866)  can0  068   [8]  0B 6A F1 8E 3C 00 00 00
 (107.462157)  can0  067   [8]  00 79 29 03 BD 00 00 00
 (107.462860)  can0  068   [8]  00 8D C7 C2 3C 00 00 00
 (107.482176)  can0  067   [8]  05 50 0B 00 5C 0B 00 00
 (107.482737)  can0  068   [8]  05 C1 18 01 C1 18 01 00
 (107.522211)  can0  067   [8]  0B 6A F1 8E BC 00 00 00
 (107.522795)  can0  068   [8]  0B 6A F1 8E 3C 00 00 00
 (107.582159)  can0  067   [8]  00 57 10 03 BD 00 00 00
 (107.582862)  can0  068   [8]  00 8D C7 C2 3C 00 00 00
 (107.602148)  can0  067   [8]  05 46 0B 00 49 0B 00 00
 (107.602862)  can0  068   [8]  05 B7 18 01 CA 18 01 00
 (107.642159)  can0  067   [8]  0B 6A F1 8E BC 00 00 00
 (107.642878)  can0  068   [8]  0B 6A F1 8E 3C 00 00 00
 (107.702155)  can0  067   [8]  00 79 29 03 BD 00 00 00
 (107.702886)  can0  068   [8]  00 05 63 C2 3C 00 00 00
 (107.722154)  can0  067   [8]  05 3B 0B 00 40 0B 00 00
 (107.722747)  can0  068   [8]  05 C1 18 01 49 18 01 00
 (107.762179)  can0  067   [8]  0B 6A F1 8E BC 00 00 00
 (107.762778)  can0  068   [8]  0B 6A F1 8E 3C 00 00 00
 (107.822159)  can0  067   [8]  00 79 29 03 BD 00 00 00
 (107.822864)  can0  068   [8]  00 8D C7 C2 3C 00 00 00
 (107.842171)  can0  067   [8]  05 4E 0B 00 5C 0B 00 00
 (107.842853)  can0  068   [8]  05 B6 18 01 F8 18 01 00
 (107.882184)  can0  067   [8]  0B 6A F1 8E BC 00 00 00
 (107.882726)  can0  068   [8]  0B 6A F1 8E 3C 00 00 00
 (107.942196)  can0  067   [8]  00 35 F7 02 BD 00 00 00
 (107.942808)  can0  068   [8]  00 49 95 C2 3C 00 00 00
 (107.962136)  can0  067   [8]  05 57 0B 00 9A 0A 00 00
 (107.962841)  can0  068   [8]  05 C0 18 01 C1 18 01 00
 (108.002165)  can0  067   [8]  0B 6A F1 8E BC 00 00 00
 (108.002853)  can0  068   [8]  0B 6A F1 8E 3C 00 00 00
 (108.042179)  can0  067   [8]  12 80 67 00 01 01 00 00
 (108.042199)  can0  067   [8]  0C 02 A1 B6 00 00 70 40
 (108.042885)  can0  068   [8]  12 80 67 00 01 01 00 00
 (108.042904)  can0  068   [8]  0C 02 A1 A4 00 00 60 10
 (108.062152)  can0  067   [8]  00 35 F7 02 BD 00 00 00
 (108.062771)  can0  068   [8]  00 8D C7 C2 3C 00 00 00
 (108.082123)  can0  067   [8]  05 39 0B 00 2D 0B 00 00
 (108.082769)  can0  068   [8]  05 C0 18 01 DD 18 01 00
 (108.122177)  can0  067   [8]  0B 6A F1 8E BC 00 00 00
 (108.122881)  can0  068   [8]  0B 6A F1 8E 3C 00 00 00
 (108.142154)  can0  067   [8]  11 06 00 00 00 00 29 01
 (108.142878)  can0  068   [8]  11 06 00 00 00 00 29 01
 (108.182204)  can0  067   [8]  00 F1 C4 02 BD 00 00 00
 (108.182877)  can0  068   [8]  00 49 95 C2 3C 00 00 00
 (108.202154)  can0  067   [8]  05 42 0B 00 40 0B 00 00
 (108.202772)  can0  068   [8]  05 BF 18 01 93 18 01 00
 (108.242142)  can0  067   [8]  0B 6A F1 8E BC 00 00 00
 (108.242852)  can0  068   [8]  0B 6A F1 8E 3C 00 00 00
 (108.302137)  can0  067   [8]  00 13 DE 02 BD 00 00 00
 (108.302878)  can0  068   [8]  00 8D C7 C2 3C 00 00 00
 (108.322137)  can0  067   [8]  05 41 0B 00 2E 0B 00 00
 (108.322856)  can0  068   [8]  05 BF 18 01 F8 18 01 00
 (108.362168)  can0  067   [8]  0B 6A F1 8E BC 00 00 00
 (108.362826)  can0  068   [8]  0B 6A F1 8E 3C 00 00 00
 (108.422134)  can0  067   [8]  00 35 F7 02 BD 00 00 00
 (108.422834)  can0  068   [8]  00 49 95 C2 3C 00 00 00
 (108.442124)  can0  067   [8]  05 36 0B 00 37 0B 00 00
 (108.442844)  can0  068   [8]  05 BF 18 01 B8 18 01 00
 (108.482097)  can0  067   [8]  0B 6A F1 8E BC 00 00 00
 (108.482835)  can0  068   [8]  0B 6A F1 8E 3C 00 00 00
 (108.542132)  can0  067   [8]  00 57 10 03 BD 00 00 00
 (108.542889)  can0  068   [8]  00 8D C7 C2 3C 00 00 00
 (108.562153)  can0  067   [8]  05 40 0B 00 2E 0B 00 00
 (108.562778)  can0  068   [8]  05 B4 18 01 6E 18 01 00
 (108.602112)  can0  067   [8]  0B 6A F1 8E BC 00 00 00
 (108.602829)  can0  068   [8]  0B 6A F1 8E 3C 00 00 00
 (108.662159)  can0  067   [8]  00 57 10 03 BD 00 00 00
 (108.662782)  can0  068   [8]  00 8D C7 C2 3C 00 00 00
 (108.682161)  can0  067   [8]  05 35 0B 00 24 0B 00 00
 (108.682787)  can0  068   [8]  05 B4 18 01 B8 18 01 00
 (108.722165)  can0  067   [8]  0B 6A F1 8E BC 00 00 00
 (108.722783)  can0  068   [8]  0B 6A F1 8E 3C 00 00 00
 (108.782154)  can0  067   [8]  00 35 F7 02 BD 00 00 00
 (108.782795)  can0  068   [8]  00 49 95 C2 3C 00 00 00
 (108.802204)  can0  067   [8]  05 3E 0B 00 40 0B 00 00
 (108.802746)  can0  068   [8]  05 B4 18 01 D3 18 01 00
 (108.842171)  can0  067   [8]  0B 6A F1 8E BC 00 00 00
 (108.842844)  can0  068   [8]  0B 6A F1 8E 3C 00 00 00
 (108.902168)  can0  067   [8]  00 35 F7 02 BD 00 00 00
 (108.902870)  can0  068   [8]  00 05 63 C2 3C 00 00 00
 (108.922134)  can0  067   [8]  05 2A 0B 00 2E 0B 00 00
 (108.922753)  can0  068   [8]  05 B3 18 01 B8 18 01 00
 (108.962151)  can0  067   [8]  0B 6A F1 8E BC 00 00 00
 (108.962762)  can0  068   [8]  0B 6A F1 8E 3C 00 00 00
 (109.022168)  can0  067   [8]  00 35 F7 02 BD 00 00 00
 (109.022774)  can0  068   [8]  00 8D C7 C2 3C 00 00 00
 (109.042175)  can0  067   [8]  05 3D 0B 00 40 0B 00 00
 (109.042197)  can0  067   [8]  12 80 67 00 01 01 00 00
 (109.042199)  can0  067   [8]  0C 02 A1 B6 00 00 70 40
 (109.042778)  can0  068   [8]  05 BD 18 01 93 18 01 00
 (109.042800)  can0  068   [8]  12 80 67 00 01 01 00 00
 (109.042945)  can0  068   [8]  0C 02 A1 A4 00 00 70 10
 (109.082169)  can0  067   [8]  0B 6A F1 8E BC 00 00 00
 (109.082761)  can0  068   [8]  0B 6A F1 8E 3C 00 00 00
 (109.142150)  can0  067   [8]  00 35 F7 02 BD 00 00 00
 (109.142173)  can0  067   [8]  11 06 00 00 00 00 29 01
 (109.142902)  can0  068   [8]  00 49 95 C2 3C 00 00 00
 (109.142923)  can0  068   [8]  11 06 00 00 00 00 29 01
 (109.162136)  can0  067   [8]  05 32 0B 00 49 0B 00 00
 (109.162760)  can0  068   [8]  05 B3 18 01 CA 18 01 00
 (109.202165)  can0  067   [8]  0B 6A F1 8E BC 00 00 00
 (109.202786)  can0  068   [8]  0B 6A F1 8E 3C 00 00 00
 (109.262165)  can0  067   [8]  00 9B 42 03 BD 00 00 00
 (109.262782)  can0  068   [8]  00 8D C7 C2 3C 00 00 00
 (109.282172)  can0  067   [8]  05 31 0B 00 24 0B 00 00
 (109.282871)  can0  068   [8]  05 BC 18 01 DD 18 01 00
 (109.321995)  can0  067   [8]  0B 6A F1 8E BC 00 00 00
 (109.322702)  can0  068   [8]  0B 6A F1 8E 3C 00 00 00
 (109.382172)  can0  067   [8]  00 35 F7 02 BD 00 00 00
 (109.382870)  can0  068   [8]  00 8D C7 C2 3C 00 00 00
 (109.402104)  can0  067   [8]  05 31 0B 00 1B 0B 00 00
 (109.402858)  can0  068   [8]  05 B2 18 01 CA 18 01 00
 (109.442122)  can0  067   [8]  0B 6A F1 8E BC 00 00 00
 (109.442868)  can0  068   [8]  0B 6A F1 8E 3C 00 00 00
 (109.502158)  can0  067   [8]  00 35 F7 02 BD 00 00 00
 (109.502828)  can0  068   [8]  00 8D C7 C2 3C 00 00 00
 (109.522171)  can0  067   [8]  05 3A 0B 00 40 0B 00 00
 (109.522861)  can0  068   [8]  05 B2 18 01 C1 18 01 00
 (109.562133)  can0  067   [8]  0B 6A F1 8E BC 00 00 00
 (109.562849)  can0  068   [8]  0B 6A F1 8E 3C 00 00 00
 (109.622135)  can0  067   [8]  00 57 10 03 BD 00 00 00
 (109.622886)  can0  068   [8]  00 8D C7 C2 3C 00 00 00
 (109.642133)  can0  067   [8]  05 43 0B 00 5C 0B 00 00
 (109.642883)  can0  068   [8]  05 BC 18 01 0B 19 01 00
 (109.682130)  can0  067   [8]  0B 6A F1 8E BC 00 00 00
 (109.682760)  can0  068   [8]  0B 6A F1 8E 3C 00 00 00
 (109.742177)  can0  067   [8]  00 57 10 03 BD 00 00 00
 (109.742751)  can0  068   [8]  00 8D C7 C2 3C 00 00 00
 (109.762140)  can0  067   [8]  05 2E 0B 00 1B 0B 00 00
 (109.762904)  can0  068   [8]  05 A7 18 01 B8 18 01 00
 (109.802139)  can0  067   [8]  0B 6A F1 8E BC 00 00 00
 (109.802910)  can0  068   [8]  0B 6A F1 8E 3C 00 00 00
 (109.862124)  can0  067   [8]  00 35 F7 02 BD 00 00 00
 (109.862873)  can0  068   [8]  00 D1 F9 C2 3C 00 00 00
 (109.882120)  can0  067   [8]  05 42 0B 00 52 0B 00 00
 (109.882710)  can0  068   [8]  05 A7 18 01 AF 18 01 00
 (109.922135)  can0  067   [8]  0B 6A F1 8E BC 00 00 00
 (109.922772)  can0  068   [8]  0B 6A F1 8E 3C 00 00 00
 (109.982131)  can0  067   [8]  00 57 10 03 BD 00 00 00
 (109.982783)  can0  068   [8]  00 D1 F9 C2 3C 00 00 00
 (110.002129)  can0  067   [8]  05 2D 0B 00 24 0B 00 00
 (110.002881)  can0  068   [8]  05 B1 18 01 F8 18 01 00
 (110.042212)  can0  067   [8]  0B 6A F1 8E BC 00 00 00
 (110.042239)  can0  067   [8]  12 80 67 00 01 01 00 00
 (110.042241)  can0  067   [8]  0C 02 A1 B6 00 00 70 40
 (110.042786)  can0  068   [8]  0B 6A F1 8E 3C 00 00 00
 (110.042804)  can0  068   [8]  12 80 67 00 01 01 00 00
 (110.042954)  can0  068   [8]  0C 02 A1 A4 00 00 70 10
 (110.102186)  can0  067   [8]  00 35 F7 02 BD 00 00 00
 (110.102777)  can0  068   [8]  00 49 95 C2 3C 00 00 00
 (110.122153)  can0  067   [8]  05 2C 0B 00 49 0B 00 00
 (110.122804)  can0  068   [8]  05 B0 18 01 CA 18 01 00
 (110.142086)  can0  067   [8]  11 06 00 00 00 00 29 01
 (110.142818)  can0  068   [8]  11 06 00 00 00 00 29 01
 (110.143820)  can0  064   [8]  67 01 92 0A 86 BF 06 00
 (110.146676)  can0  064   [8]  68 01 92 0A 86 3F 06 00
 (110.162066)  can0  067   [8]  0B 35 F7 02 BD 00 00 00
 (110.162084)  can0  067   [8]  11 06 00 00 00 00 09 01
 (110.162868)  can0  068   [8]  0B 8D C7 C2 3C 00 00 00
 (110.162885)  can0  068   [8]  11 06 00 00 00 00 09 01
 (110.222145)  can0  067   [8]  00 64 52 05 BD 00 00 00
 (110.222866)  can0  068   [8]  00 D1 F9 C2 3C 00 00 00
 (110.242142)  can0  067   [8]  05 68 2E 00 78 2E 00 00
 (110.242779)  can0  068   [8]  05 44 2F 01 FB 2E 01 00
 (110.282142)  can0  067   [8]  0B DF 74 03 BD 00 00 00
 (110.282828)  can0  068   [8]  0B 9D 90 C3 3C 00 00 00
 (110.342118)  can0  067   [8]  00 FB F8 07 BD 00 00 00
 (110.342880)  can0  068   [8]  00 49 95 C2 3C 00 00 00
 (110.362129)  can0  067   [8]  05 93 2E 00 B4 2E 00 00
 (110.362875)  can0  068   [8]  05 4C 30 01 3F 30 01 00
 (110.402128)  can0  067   [8]  0B 97 34 06 BD 00 00 00
 (110.402866)  can0  068   [8]  0B 51 42 C9 3C 00 00 00
 (110.462175)  can0  067   [8]  00 A5 76 08 BD 00 00 00
 (110.462827)  can0  068   [8]  00 25 F5 C3 3C 00 00 00
 (110.482138)  can0  067   [8]  05 B1 30 00 EB 30 00 00
 (110.482828)  can0  068   [8]  05 02 33 01 DA 33 01 00
 (110.522157)  can0  067   [8]  0B 49 5F 0D BD 00 00 00
 (110.522848)  can0  068   [8]  0B 72 65 D7 3C 00 00 00
 (110.582130)  can0  067   [8]  00 C6 08 0A BD 00 00 00
 (110.582877)  can0  068   [8]  00 E1 C2 C3 3C 00 00 00
 (110.602155)  can0  067   [8]  05 82 35 00 AB 35 00 00
 (110.602865)  can0  068   [8]  05 2F 38 01 1C 38 01 00
 (110.642159)  can0  067   [8]  0B 7D D2 1A BD 00 00 00
 (110.642880)  can0  068   [8]  0B D8 4B F2 3C 00 00 00
 (110.702169)  can0  067   [8]  00 6D FF 0B BD 00 00 00
 (110.702843)  can0  068   [8]  00 35 BE C4 3C 00 00 00
 (110.722159)  can0  067   [8]  05 C9 3C 00 BD 3C 00 00
 (110.722738)  can0  068   [8]  05 E5 3F 01 DC 3F 01 00
 (110.762181)  can0  067   [8]  0B F9 9D 30 BD 00 00 00
 (110.762755)  can0  068   [8]  0B 6A F1 0E 3D 00 00 00
 (110.822165)  can0  067   [8]  00 56 46 38 BD 00 00 00
 (110.822932)  can0  068   [8]  00 70 17 17 3D 00 00 00
 (110.842160)  can0  067   [8]  05 AD 24 00 7B 24 00 00
 (110.842931)  can0  068   [8]  05 BA 20 01 10 20 01 00
 (110.882166)  can0  067   [8]  0B 8C D1 50 BD 00 00 00
 (110.882864)  can0  068   [8]  0B 1E 3E 2F 3D 00 00 00
 (110.942170)  can0  067   [8]  00 84 EE 94 BD 00 00 00
 (110.942730)  can0  068   [8]  00 03 15 82 3D 00 00 00
 (110.962155)  can0  067   [8]  05 3C 19 00 9D 18 00 00
 (110.962849)  can0  068   [8]  05 FF 1A 01 07 1B 01 00
 (111.002175)  can0  067   [8]  0B 43 36 7C BD 00 00 00
 (111.002878)  can0  068   [8]  0B F7 BB 5A 3D 00 00 00
 (111.042187)  can0  067   [8]  12 80 67 00 01 01 00 00
 (111.042210)  can0  067   [8]  0C 02 A1 B6 42 00 50 7E
 (111.042813)  can0  068   [8]  12 80 67 00 01 01 00 00
 (111.042827)  can0  068   [8]  0C 02 A1 9B 41 00 50 7E
 (111.062121)  can0  067   [8]  00 2A 5E 98 BD 00 00 00
 (111.062821)  can0  068   [8]  00 F1 C4 82 3D 00 00 00
 (111.082175)  can0  067   [8]  05 F2 29 00 CF 29 00 00
 (111.082774)  can0  068   [8]  05 79 2D 01 E9 2C 01 00
 (111.122201)  can0  067   [8]  0B 0F 66 99 BD 00 00 00
 (111.122785)  can0  068   [8]  0B 0B C2 88 3D 00 00 00
 (111.162182)  can0  067   [8]  11 06 00 00 00 00 09 01
 (111.162895)  can0  068   [8]  11 06 00 00 00 00 09 01
 (111.182158)  can0  067   [8]  00 C6 CA C4 BD 00 00 00
 (111.182856)  can0  068   [8]  00 4C 12 B3 3D 00 00 00
 (111.202163)  can0  067   [8]  05 2F 19 00 0B 19 00 00
 (111.202850)  can0  068   [8]  05 1A 1A 01 3F 1A 01 00
 (111.242169)  can0  067   [8]  0B 90 49 BA BD 00 00 00
 (111.242856)  can0  068   [8]  0B CF D7 A9 3D 00 00 00
 (111.302212)  can0  067   [8]  00 A5 D3 DD BD 00 00 00
 (111.302747)  can0  068   [8]  00 09 02 CC 3D 00 00 00
 (111.322092)  can0  067   [8]  05 CE 25 00 7D 23 00 00
 (111.322865)  can0  068   [8]  05 A8 27 01 4D 28 01 00
 (111.362185)  can0  067   [8]  0B 33 D2 E0 BD 00 00 00
 (111.362847)  can0  068   [8]  0B B7 92 D0 3D 00 00 00
 (111.422182)  can0  067   [8]  00 38 0A 07 BE 00 00 00
 (111.422802)  can0  068   [8]  00 A9 81 FC 3D 00 00 00
 (111.442182)  can0  067   [8]  05 0F 19 00 9E 18 00 00
 (111.442791)  can0  068   [8]  05 6F 1B 01 51 1B 01 00
 (111.482194)  can0  067   [8]  0B F9 AB 06 BE 00 00 00
 (111.482786)  can0  068   [8]  0B DA 63 FD 3D 00 00 00
 (111.542195)  can0  067   [8]  00 DF D0 19 BE 00 00 00
 (111.542770)  can0  068   [8]  00 8E 57 10 3E 00 00 00
 (111.562203)  can0  067   [8]  05 38 28 00 16 28 00 00
 (111.562789)  can0  068   [8]  05 B4 2B 01 A3 2C 01 00
 (111.602185)  can0  067   [8]  0B BF 43 1F BE 00 00 00
 (111.602766)  can0  068   [8]  0B 67 6F 17 3E 00 00 00
 (111.662152)  can0  067   [8]  00 65 88 3A BE 00 00 00
 (111.662863)  can0  068   [8]  00 2B 80 31 3E 00 00 00
 (111.682176)  can0  067   [8]  05 92 1A 00 9B 1A 00 00
 (111.682834)  can0  068   [8]  05 74 1C 01 7D 1D 01 00
 (111.722193)  can0  067   [8]  0B 21 56 3A BE 00 00 00
 (111.722762)  can0  068   [8]  0B C4 AD 32 3E 00 00 00
 (111.782210)  can0  067   [8]  00 DE 40 4C BE 00 00 00
 (111.782789)  can0  068   [8]  00 DC EE 43 3E 00 00 00
 (111.802046)  can0  067   [8]  05 2D 26 00 1C 25 00 00
 (111.802889)  can0  068   [8]  05 28 27 01 36 26 01 00
 (111.842207)  can0  067   [8]  0B E6 2C 57 BE 00 00 00
 (111.842765)  can0  068   [8]  0B 16 BD 4F 3E 00 00 00
 (111.902243)  can0  067   [8]  00 2A BB 6D BE 00 00 00
 (111.902835)  can0  068   [8]  00 FB 5A 64 3E 00 00 00
 (111.922185)  can0  067   [8]  05 2D 26 00 E4 24 00 00
 (111.922742)  can0  068   [8]  05 E8 27 01 AE 27 01 00
 (111.962223)  can0  067   [8]  0B AD 50 75 BE 00 00 00
 (111.962808)  can0  068   [8]  0B 6B 19 6E 3E 00 00 00
 (112.022231)  can0  067   [8]  00 00 CD 87 BE 00 00 00
 (112.022759)  can0  068   [8]  00 72 6B 83 3E 00 00 00
 (112.042188)  can0  067   [8]  05 D1 1F 00 4A 1F 00 00
 (112.042209)  can0  067   [8]  12 80 67 00 01 01 00 00
 (112.042211)  can0  067   [8]  0C 02 A1 AD FF 00 00 7E
 (112.042771)  can0  068   [8]  05 3D 23 01 74 22 01 00
 (112.042785)  can0  068   [8]  12 80 67 00 01 01 00 00
 (112.042936)  can0  068   [8]  0C 02 A1 92 FF 00 00 7E
 (112.082131)  can0  067   [8]  0B 9F 1B 8A BE 00 00 00
 (112.082921)  can0  068   [8]  0B 68 9F 86 3E 00 00 00
 (112.142208)  can0  067   [8]  00 FA 65 97 BE 00 00 00
 (112.142775)  can0  068   [8]  00 93 F1 92 3E 00 00 00
 (112.162223)  can0  067   [8]  05 FD 1A 00 2F 1A 00 00
 (112.162245)  can0  067   [8]  11 06 00 00 00 00 09 01
 (112.162770)  can0  068   [8]  05 52 1E 01 BF 1D 01 00
 (112.162784)  can0  068   [8]  11 06 00 00 00 00 09 01
 (112.202205)  can0  067   [8]  0B 75 B1 99 BE 00 00 00
 (112.202770)  can0  068   [8]  0B A9 54 96 3E 00 00 00
 (112.262091)  can0  067   [8]  00 22 E4 A3 BE 00 00 00
 (112.262870)  can0  068   [8]  00 65 ED 9F 3E 00 00 00
 (112.282125)  can0  067   [8]  05 BB 1F 00 9A 1F 00 00
 (112.282865)  can0  068   [8]  05 99 22 01 76 22 01 00
 (112.322127)  can0  067   [8]  0B 70 4A A9 BE 00 00 00
 (112.322864)  can0  068   [8]  0B 0E 0D A6 3E 00 00 00
 (112.382172)  can0  067   [8]  00 A2 F7 B3 BE 00 00 00
 (112.382838)  can0  068   [8]  00 9F E4 AF 3E 00 00 00
 (112.402128)  can0  067   [8]  05 F0 25 00 FF 25 00 00
 (112.402848)  can0  068   [8]  05 1B 28 01 A6 27 01 00
 (112.442127)  can0  067   [8]  0B 46 E0 B8 BE 00 00 00
 (112.442861)  can0  068   [8]  0B 73 C5 B5 3E 00 00 00
 (112.502118)  can0  067   [8]  00 64 B6 C5 BE 00 00 00
 (112.502870)  can0  068   [8]  00 91 38 C1 3E 00 00 00
 (112.522120)  can0  067   [8]  05 D7 1F 00 7A 1F 00 00
 (112.522861)  can0  068   [8]  05 EC 24 01 42 24 01 00
 (112.562132)  can0  067   [8]  0B 41 79 C8 BE 00 00 00
 (112.562868)  can0  068   [8]  0B D8 7D C5 3E 00 00 00
 (112.622101)  can0  067   [8]  00 69 5A D6 BE 00 00 00
 (112.622888)  can0  068   [8]  00 46 18 D2 3E 00 00 00
 (112.642121)  can0  067   [8]  05 9F 19 00 4C 19 00 00
 (112.642788)  can0  068   [8]  05 D9 1D 01 EE 1D 01 00
 (112.682133)  can0  067   [8]  0B 3C 12 D8 BE 00 00 00
 (112.682892)  can0  068   [8]  0B 3D 36 D5 3E 00 00 00
 (112.742164)  can0  067   [8]  00 B5 3E E4 BE 00 00 00
 (112.742770)  can0  068   [8]  00 3E 64 E0 3E 00 00 00
 (112.762143)  can0  067   [8]  05 83 17 00 66 17 00 00
 (112.762909)  can0  068   [8]  05 7E 1C 01 98 1C 01 00
 (112.802241)  can0  067   [8]  0B A1 CA E7 BE 00 00 00
 (112.802843)  can0  068   [8]  0B 0D 0E E5 3E 00 00 00
 (112.862130)  can0  067   [8]  00 BC F0 F1 BE 00 00 00
 (112.862896)  can0  068   [8]  00 8F 1C EE 3E 00 00 00
 (112.882129)  can0  067   [8]  05 F5 21 00 D7 20 00 00
 (112.882896)  can0  068   [8]  05 5B 25 01 03 25 01 00
 (112.922143)  can0  067   [8]  0B 0D 41 F7 BE 00 00 00
 (112.922763)  can0  068   [8]  0B 08 A7 F4 3E 00 00 00
 (112.982160)  can0  067   [8]  00 7B A5 01 BF 00 00 00
 (112.982887)  can0  068   [8]  00 1D 0F FF 3E 00 00 00
 (113.002146)  can0  067   [8]  05 4D 20 00 59 21 00 00
 (113.002689)  can0  068   [8]  05 75 24 01 53 24 01 00
 (113.042152)  can0  067   [8]  0B 04 6D 03 BF 00 00 00
 (113.042173)  can0  067   [8]  12 80 67 00 01 01 00 00
 (113.042175)  can0  067   [8]  0C 02 A1 92 FF 00 00 7E
 (113.042939)  can0  068   [8]  0B 25 2E 02 3F 00 00 00
 (113.042962)  can0  068   [8]  12 80 67 00 01 01 00 00
 (113.042964)  can0  068   [8]  0C 02 A1 AD FF 00 00 7E
 (113.102161)  can0  067   [8]  00 2C 54 0A BF 00 00 00
 (113.102804)  can0  068   [8]  00 A7 60 08 3F 00 00 00
 (113.122164)  can0  067   [8]  05 A3 19 00 D1 18 00 00
 (113.122894)  can0  068   [8]  05 4D 1F 01 5C 1E 01 00
 (113.162165)  can0  067   [8]  0B F0 37 0B BF 00 00 00
 (113.162184)  can0  067   [8]  11 06 00 00 00 00 09 01
 (113.162777)  can0  068   [8]  0B 58 0A 0A 3F 00 00 00
 (113.162788)  can0  068   [8]  11 06 00 00 00 00 09 01
 (113.222141)  can0  067   [8]  00 F1 26 12 BF 00 00 00
 (113.222848)  can0  068   [8]  00 96 0A 10 3F 00 00 00
 (113.242161)  can0  067   [8]  05 B9 14 00 95 14 00 00
 (113.242879)  can0  068   [8]  05 77 1A 01 58 1A 01 00
 (113.282161)  can0  067   [8]  0B 6D 04 13 BF 00 00 00
 (113.282874)  can0  068   [8]  0B 89 E6 11 3F 00 00 00
 (113.342153)  can0  067   [8]  00 4C 77 18 BF 00 00 00
 (113.342878)  can0  068   [8]  00 79 BF 16 3F 00 00 00
 (113.362152)  can0  067   [8]  05 B6 18 00 C7 19 00 00
 (113.362862)  can0  068   [8]  05 BF 1D 01 B7 1D 01 00
 (113.402161)  can0  067   [8]  0B EA D0 1A BF 00 00 00
 (113.402762)  can0  068   [8]  0B BC C2 19 3F 00 00 00
 (113.462157)  can0  067   [8]  00 58 66 20 BF 00 00 00
 (113.462878)  can0  068   [8]  00 65 8A 1E 3F 00 00 00
 (113.482159)  can0  067   [8]  05 27 20 00 E7 1E 00 00
 (113.482876)  can0  068   [8]  05 11 25 01 96 23 01 00
 (113.522152)  can0  067   [8]  0B 1D AD 22 BF 00 00 00
 (113.522886)  can0  068   [8]  0B 36 B0 21 3F 00 00 00
 (113.582150)  can0  067   [8]  00 E1 27 29 BF 00 00 00
 (113.582798)  can0  068   [8]  00 A6 3A 27 3F 00 00 00
 (113.602138)  can0  067   [8]  05 02 1A 00 62 19 00 00
 (113.602875)  can0  068   [8]  05 A1 20 01 B6 1F 01 00
 (113.642101)  can0  067   [8]  0B 53 68 2A BF 00 00 00
 (113.642890)  can0  068   [8]  0B 21 7B 29 3F 00 00 00
 (113.702151)  can0  067   [8]  00 BA A2 31 BF 00 00 00
 (113.702769)  can0  068   [8]  00 A3 B8 2F 3F 00 00 00
 (113.722156)  can0  067   [8]  05 8E 13 00 37 13 00 00
 (113.722900)  can0  068   [8]  05 AA 19 01 AF 19 01 00
 (113.762130)  can0  067   [8]  0B D1 34 32 BF 00 00 00
 (113.762885)  can0  068   [8]  0B 54 57 31 3F 00 00 00
 (113.822133)  can0  067   [8]  00 2B 85 38 BF 00 00 00
 (113.822913)  can0  068   [8]  00 EF A2 36 3F 00 00 00
 (113.842126)  can0  067   [8]  05 E8 10 00 F1 10 00 00
 (113.842889)  can0  068   [8]  05 B8 18 01 2F 18 01 00
 (113.882139)  can0  067   [8]  0B 4E 01 3A BF 00 00 00
 (113.882908)  can0  068   [8]  0B 87 33 39 3F 00 00 00
 (113.942139)  can0  067   [8]  00 E7 57 3F BF 00 00 00
 (113.942853)  can0  068   [8]  00 CB 99 3D 3F 00 00 00
 (113.962109)  can0  067   [8]  05 48 1B 00 D0 1A 00 00
 (113.962904)  can0  068   [8]  05 12 21 01 B3 20 01 00
 (114.002163)  can0  067   [8]  0B 38 CC 41 BF 00 00 00
 (114.002896)  can0  068   [8]  0B B9 0F 41 3F 00 00 00
 (114.042160)  can0  067   [8]  12 80 67 00 01 01 00 00
 (114.042183)  can0  067   [8]  0C 02 A1 92 FF 00 00 7E
 (114.042842)  can0  068   [8]  12 80 67 00 01 01 00 00
 (114.042856)  can0  068   [8]  0C 02 A1 9B FF 00 00 7E
 (114.062149)  can0  067   [8]  00 98 F0 47 BF 00 00 00
 (114.062880)  can0  068   [8]  00 ED 1A 46 3F 00 00 00
 (114.082130)  can0  067   [8]  05 D2 19 00 33 19 00 00
 (114.082785)  can0  068   [8]  05 68 20 01 5A 20 01 00
 (114.122147)  can0  067   [8]  0B B6 98 49 BF 00 00 00
 (114.122884)  can0  068   [8]  0B EC EB 48 3F 00 00 00
 (114.162016)  can0  067   [8]  11 06 00 00 00 00 09 01
 (114.162887)  can0  068   [8]  11 06 00 00 00 00 09 01
 (114.182147)  can0  067   [8]  00 00 8E 50 BF 00 00 00
 (114.182778)  can0  068   [8]  00 E3 E5 4E 3F 00 00 00
 (114.202138)  can0  067   [8]  05 1E 13 00 F6 12 00 00
 (114.202869)  can0  068   [8]  05 4E 1A 01 53 1A 01 00
 (114.242151)  can0  067   [8]  0B 0F 62 51 BF 00 00 00
 (114.242857)  can0  068   [8]  0B FB C4 50 3F 00 00 00
 (114.302144)  can0  067   [8]  00 CC 29 58 BF 00 00 00
 (114.302852)  can0  068   [8]  00 41 83 56 3F 00 00 00
 (114.322154)  can0  067   [8]  05 90 0D 00 95 0D 00 00
 (114.322867)  can0  068   [8]  05 8C 14 01 73 14 01 00
 (114.362154)  can0  067   [8]  0B B4 10 59 BF 00 00 00
 (114.362769)  can0  068   [8]  0B E7 84 58 3F 00 00 00
 (114.422149)  can0  067   [8]  00 C6 02 5E BF 00 00 00
 (114.422878)  can0  068   [8]  00 10 90 5C 3F 00 00 00
 (114.442133)  can0  067   [8]  05 FD 14 00 7A 14 00 00
 (114.442765)  can0  068   [8]  05 73 1B 01 15 1B 01 00
 (114.482169)  can0  067   [8]  0B 3B 85 60 BF 00 00 00
 (114.482938)  can0  068   [8]  0B B5 0A 60 3F 00 00 00
 (114.542180)  can0  067   [8]  00 19 03 66 BF 00 00 00
 (114.542908)  can0  068   [8]  00 42 6C 64 3F 00 00 00
 (114.562148)  can0  067   [8]  05 1F 16 00 5E 13 00 00
 (114.562852)  can0  068   [8]  05 A5 1D 01 71 1D 01 00
 (114.602159)  can0  067   [8]  0B A6 9E 67 BF 00 00 00
 (114.602768)  can0  068   [8]  0B 68 35 67 3F 00 00 00
 (114.662011)  can0  067   [8]  00 D9 17 6E BF 00 00 00
 (114.662834)  can0  068   [8]  00 8E B9 6C 3F 00 00 00
 (114.682159)  can0  067   [8]  05 5A 0D 00 47 0D 00 00
 (114.682863)  can0  068   [8]  05 5B 13 01 0F 13 01 00
 (114.722115)  can0  067   [8]  0B 8C 3D 6E BF 00 00 00
 (114.722827)  can0  068   [8]  0B 01 E4 6D 3F 00 00 00
 (114.782166)  can0  067   [8]  00 3A C3 72 BF 00 00 00
 (114.782883)  can0  068   [8]  00 CC 56 71 3F 00 00 00
 (114.802147)  can0  067   [8]  05 CC 0D 00 56 0D 00 00
 (114.802900)  can0  068   [8]  05 4E 15 01 A9 14 01 00
 (114.842169)  can0  067   [8]  0B 7F 4D 74 BF 00 00 00
 (114.842761)  can0  068   [8]  0B 19 02 74 3F 00 00 00
 (114.902138)  can0  067   [8]  00 E5 CC 78 BF 00 00 00
 (114.902871)  can0  068   [8]  00 22 DE 77 3F 00 00 00
 (114.922134)  can0  067   [8]  05 C6 12 00 3B 11 00 00
 (114.922833)  can0  068   [8]  05 5E 18 01 B9 17 01 00
 (114.962130)  can0  067   [8]  0B D0 92 79 BF 00 00 00
 (114.962914)  can0  068   [8]  0B 20 57 79 3F 00 00 00
 (115.022131)  can0  067   [8]  00 D6 FD 7E BF 00 00 00
 (115.022904)  can0  068   [8]  00 8C 94 7D 3F 00 00 00
 (115.042145)  can0  067   [8]  05 2D 05 00 A2 05 00 00
 (115.042166)  can0  067   [8]  12 80 67 00 01 01 00 00
 (115.042167)  can0  067   [8]  0C 02 A1 B6 FF 00 00 7E
 (115.042923)  can0  068   [8]  05 1E 0C 01 61 0C 01 00
 (115.042946)  can0  068   [8]  12 80 67 00 01 01 00 00
 (115.042948)  can0  068   [8]  0C 02 A1 AD FF 00 00 7E
 (115.082142)  can0  067   [8]  0B A2 31 7E BF 00 00 00
 (115.082911)  can0  068   [8]  0B 82 02 7E 3F 00 00 00
 (115.142133)  can0  067   [8]  00 B1 03 81 BF 00 00 00
 (115.142902)  can0  068   [8]  00 84 A1 80 3F 00 00 00
 (115.162140)  can0  067   [8]  05 FD 0F 00 D3 0F 00 00
 (115.162162)  can0  067   [8]  11 06 00 00 00 00 09 01
 (115.162789)  can0  068   [8]  05 A6 15 01 73 15 01 00
 (115.162805)  can0  068   [8]  11 06 00 00 00 00 09 01
 (115.202191)  can0  067   [8]  0B AF 0E 81 BF 00 00 00
 (115.202798)  can0  068   [8]  0B D6 FB 80 3F 00 00 00
 (115.262087)  can0  067   [8]  00 D9 FF 82 BF 00 00 00
 (115.262853)  can0  068   [8]  00 2E 8D 82 3F 00 00 00
 (115.282174)  can0  067   [8]  05 88 0A 00 95 0A 00 00
 (115.282855)  can0  068   [8]  05 A4 0E 01 E2 0E 01 00
 (115.321985)  can0  067   [8]  0B 3D AA 82 BF 00 00 00
 (115.322755)  can0  068   [8]  0B 1A 9C 82 3F 00 00 00
 (115.382134)  can0  067   [8]  00 1D 95 84 BF 00 00 00
 (115.382901)  can0  068   [8]  00 7C 6B 84 3F 00 00 00
 (115.402166)  can0  067   [8]  05 E0 0B 00 7F 0B 00 00
 (115.402912)  can0  068   [8]  05 64 0E 01 4B 0E 01 00
 (115.442134)  can0  067   [8]  0B 77 EB 83 BF 00 00 00
 (115.442895)  can0  068   [8]  0B 0A E2 83 3F 00 00 00
 (115.502145)  can0  067   [8]  00 56 E1 85 BF 00 00 00
 (115.502887)  can0  068   [8]  00 2C 5E 85 3F 00 00 00
 (115.522131)  can0  067   [8]  05 4B 08 00 1B 08 00 00
 (115.522792)  can0  068   [8]  05 8A 0D 01 C1 0D 01 00
 (115.562113)  can0  067   [8]  0B BB D4 84 BF 00 00 00
 (115.562796)  can0  068   [8]  0B 72 CE 84 3F 00 00 00
 (115.622157)  can0  067   [8]  00 7C 90 86 BF 00 00 00
 (115.622936)  can0  068   [8]  00 98 29 86 3F 00 00 00
 (115.642161)  can0  067   [8]  05 CD 08 00 7E 09 00 00
 (115.642903)  can0  068   [8]  05 57 0D 01 EC 0C 01 00
 (115.682138)  can0  067   [8]  0B AB 6E 85 BF 00 00 00
 (115.682928)  can0  068   [8]  0B 86 6B 85 3F 00 00 00
 (115.742202)  can0  067   [8]  00 23 24 87 BF 00 00 00
 (115.742770)  can0  068   [8]  00 84 EF 86 3F 00 00 00
 (115.762151)  can0  067   [8]  05 39 08 00 78 08 00 00
 (115.762797)  can0  068   [8]  05 0D 0A 01 63 0A 01 00
 (115.802172)  can0  067   [8]  0B 8F CA 85 BF 00 00 00
 (115.802835)  can0  068   [8]  0B FD C8 85 3F 00 00 00
 (115.862112)  can0  067   [8]  00 BF 79 87 BF 00 00 00
 (115.862873)  can0  068   [8]  00 7C 3C 87 3F 00 00 00
 (115.882121)  can0  067   [8]  05 21 07 00 77 07 00 00
 (115.882916)  can0  068   [8]  05 09 0B 01 1D 0B 01 00
 (115.922156)  can0  067   [8]  0B 1D F8 85 BF 00 00 00
 (115.922893)  can0  068   [8]  0B 1D F8 85 3F 00 00 00
 (115.982113)  can0  067   [8]  00 73 94 87 BF 00 00 00
 (115.982747)  can0  068   [8]  00 A0 3F 87 3F 00 00 00
 (116.002125)  can0  067   [8]  05 61 08 00 66 08 00 00
 (116.002872)  can0  068   [8]  05 21 0C 01 20 0C 01 00
 (116.042142)  can0  067   [8]  0B D3 07 86 BF 00 00 00
 (116.042162)  can0  067   [8]  12 80 67 00 01 01 00 00
 (116.042164)  can0  067   [8]  0C 02 A1 A4 5F 00 10 7E
 (116.042912)  can0  068   [8]  0B D3 07 86 3F 00 00 00
 (116.042932)  can0  068   [8]  12 80 67 00 01 01 00 00
 (116.042934)  can0  068   [8]  0C 02 A1 AD 66 00 10 7E
 (116.102124)  can0  067   [8]  00 CD A1 87 BF 00 00 00
 (116.102870)  can0  068   [8]  00 FA 4C 87 3F 00 00 00
 (116.122162)  can0  067   [8]  05 61 08 00 63 08 00 00
 (116.122934)  can0  068   [8]  05 BB 0C 01 B4 0C 01 00
 (116.162165)  can0  067   [8]  0B 2E 0A 86 BF 00 00 00
 (116.162183)  can0  067   [8]  11 06 00 00 00 00 29 01
 (116.162893)  can0  068   [8]  0B 2E 0A 86 3F 00 00 00
 (116.162913)  can0  068   [8]  11 06 00 00 00 00 29 01
 (116.222142)  can0  067   [8]  00 28 A4 87 BF 00 00 00
 (116.222786)  can0  068   [8]  00 1E 5B 87 3F 00 00 00
 (116.242115)  can0  067   [8]  05 34 03 01 13 03 01 00
 (116.242813)  can0  068   [8]  05 7B 00 01 82 00 01 00
 (116.282124)  can0  067   [8]  0B 2E 0A 86 BF 00 00 00
 (116.282791)  can0  068   [8]  0B 2E 0A 86 3F 00 00 00
 (116.342140)  can0  067   [8]  00 5F A3 87 BF 00 00 00
 (116.342907)  can0  068   [8]  00 54 5A 87 3F 00 00 00
 (116.362143)  can0  067   [8]  05 2B 03 01 2F 03 01 00
 (116.362775)  can0  068   [8]  05 67 00 01 6F 00 01 00
 (116.402133)  can0  067   [8]  0B 2E 0A 86 BF 00 00 00
 (116.402906)  can0  068   [8]  0B 2E 0A 86 3F 00 00 00
 (116.462131)  can0  067   [8]  00 28 A4 87 BF 00 00 00
 (116.462898)  can0  068   [8]  00 E7 5B 87 3F 00 00 00
 (116.482149)  can0  067   [8]  05 2B 03 01 26 03 01 00
 (116.482910)  can0  068   [8]  05 70 00 01 66 00 01 00
 (116.522154)  can0  067   [8]  0B 2E 0A 86 BF 00 00 00
 (116.522834)  can0  068   [8]  0B 2E 0A 86 3F 00 00 00
 (116.582129)  can0  067   [8]  00 5F A3 87 BF 00 00 00
 (116.582877)  can0  068   [8]  00 1E 5B 87 3F 00 00 00
 (116.602140)  can0  067   [8]  05 40 03 01 38 03 01 00
 (116.602896)  can0  068   [8]  05 85 00 01 94 00 01 00
 (116.642135)  can0  067   [8]  0B 2E 0A 86 BF 00 00 00
 (116.642894)  can0  068   [8]  0B 2E 0A 86 3F 00 00 00
 (116.702156)  can0  067   [8]  00 5F A3 87 BF 00 00 00
 (116.702907)  can0  068   [8]  00 54 5A 87 3F 00 00 00
 (116.722140)  can0  067   [8]  05 40 03 01 41 03 01 00
 (116.722920)  can0  068   [8]  05 79 00 01 5D 00 01 00
 (116.762133)  can0  067   [8]  0B 2E 0A 86 BF 00 00 00
 (116.762787)  can0  068   [8]  0B 2E 0A 86 3F 00 00 00
 (116.822136)  can0  067   [8]  00 BA A5 87 BF 00 00 00
 (116.822916)  can0  068   [8]  00 8B 59 87 3F 00 00 00
 (116.842144)  can0  067   [8]  05 37 03 01 1C 03 01 00
 (116.842900)  can0  068   [8]  05 84 00 01 94 00 01 00
 (116.882163)  can0  067   [8]  0B 2E 0A 86 BF 00 00 00
 (116.882802)  can0  068   [8]  0B 2E 0A 86 3F 00 00 00
 (116.942122)  can0  067   [8]  00 96 A2 87 BF 00 00 00
 (116.942929)  can0  068   [8]  00 54 5A 87 3F 00 00 00
 (116.962129)  can0  067   [8]  05 24 03 01 1C 03 01 00
 (116.962764)  can0  068   [8]  05 78 00 01 79 00 01 00
 (117.002115)  can0  067   [8]  0B 2E 0A 86 BF 00 00 00
 (117.002807)  can0  068   [8]  0B 2E 0A 86 3F 00 00 00
 (117.042139)  can0  067   [8]  12 80 67 00 01 01 00 00
 (117.042163)  can0  067   [8]  0C 02 A1 B6 01 00 60 40
 (117.042856)  can0  068   [8]  12 80 67 00 01 01 00 00
 (117.042883)  can0  068   [8]  0C 02 A1 89 01 00 70 22
 (117.062151)  can0  067   [8]  00 F1 A4 87 BF 00 00 00
 (117.062908)  can0  068   [8]  00 1E 5B 87 3F 00 00 00
 (117.082122)  can0  067   [8]  05 4C 03 01 41 03 01 00
 (117.082935)  can0  068   [8]  05 83 00 01 94 00 01 00
 (117.122138)  can0  067   [8]  0B 2E 0A 86 BF 00 00 00
 (117.122898)  can0  068   [8]  0B 2E 0A 86 3F 00 00 00
 (117.162116)  can0  067   [8]  11 06 00 00 00 00 29 01
 (117.162815)  can0  068   [8]  11 06 00 00 00 00 29 01
 (117.182134)  can0  067   [8]  00 5F A3 87 BF 00 00 00
 (117.182889)  can0  068   [8]  00 54 5A 87 3F 00 00 00
 (117.202114)  can0  067   [8]  05 43 03 01 54 03 01 00
 (117.202773)  can0  068   [8]  05 77 00 01 79 00 01 00
 (117.242091)  can0  067   [8]  0B 2E 0A 86 BF 00 00 00
 (117.242773)  can0  068   [8]  0B 2E 0A 86 3F 00 00 00
 (117.302118)  can0  067   [8]  00 5F A3 87 BF 00 00 00
 (117.302871)  can0  068   [8]  00 54 5A 87 3F 00 00 00
 (117.322128)  can0  067   [8]  05 3A 03 01 38 03 01 00
 (117.322899)  can0  068   [8]  05 77 00 01 78 00 01 00
 (117.362133)  can0  067   [8]  0B 2E 0A 86 BF 00 00 00
 (117.362804)  can0  068   [8]  0B 2E 0A 86 3F 00 00 00
 (117.422119)  can0  067   [8]  00 5F A3 87 BF 00 00 00
 (117.422891)  can0  068   [8]  00 54 5A 87 3F 00 00 00
 (117.442126)  can0  067   [8]  05 30 03 01 2F 03 01 00
 (117.442901)  can0  068   [8]  05 76 00 01 79 00 01 00
 (117.482192)  can0  067   [8]  0B 2E 0A 86 BF 00 00 00
 (117.482930)  can0  068   [8]  0B 2E 0A 86 3F 00 00 00
 (117.542129)  can0  067   [8]  00 5F A3 87 BF 00 00 00
 (117.542920)  can0  068   [8]  00 54 5A 87 3F 00 00 00
 (117.562122)  can0  067   [8]  05 3B 03 01 5D 03 01 00
 (117.562937)  can0  068   [8]  05 76 00 01 78 00 01 00
 (117.602127)  can0  067   [8]  0B 2E 0A 86 BF 00 00 00
 (117.602913)  can0  068   [8]  0B 2E 0A 86 3F 00 00 00
 (117.662121)  can0  067   [8]  00 5F A3 87 BF 00 00 00
 (117.662759)  can0  068   [8]  00 8B 59 87 3F 00 00 00
 (117.682116)  can0  067   [8]  05 45 03 01 38 03 01 00
 (117.682898)  can0  068   [8]  05 75 00 01 6F 00 01 00
 (117.722132)  can0  067   [8]  0B 2E 0A 86 BF 00 00 00
 (117.722903)  can0  068   [8]  0B 2E 0A 86 3F 00 00 00
 (117.782073)  can0  067   [8]  00 28 A4 87 BF 00 00 00
 (117.782871)  can0  068   [8]  00 54 5A 87 3F 00 00 00
 (117.802125)  can0  067   [8]  05 46 03 01 41 03 01 00
 (117.802790)  can0  068   [8]  05 80 00 01 8B 00 01 00
 (117.842152)  can0  067   [8]  0B 2E 0A 86 BF 00 00 00
 (117.842913)  can0  068   [8]  0B 2E 0A 86 3F 00 00 00
 (117.902162)  can0  067   [8]  00 96 A2 87 BF 00 00 00
 (117.902887)  can0  068   [8]  00 8B 59 87 3F 00 00 00
 (117.922121)  can0  067   [8]  05 51 03 01 4B 03 01 00
 (117.922911)  can0  068   [8]  05 7F 00 01 66 00 01 00
 (117.962133)  can0  067   [8]  0B 2E 0A 86 BF 00 00 00
 (117.962891)  can0  068   [8]  0B 2E 0A 86 3F 00 00 00
 (118.022052)  can0  067   [8]  00 5F A3 87 BF 00 00 00
 (118.022845)  can0  068   [8]  00 8B 59 87 3F 00 00 00
 (118.042195)  can0  067   [8]  05 47 03 01 54 03 01 00
 (118.042216)  can0  067   [8]  12 80 67 00 01 01 00 00
 (118.042217)  can0  067   [8]  0C 02 A1 B6 00 00 70 40
 (118.042792)  can0  068   [8]  05 74 00 01 66 00 01 00
 (118.042807)  can0  068   [8]  12 80 67 00 01 01 00 00
 (118.042983)  can0  068   [8]  0C 02 A1 89 00 00 60 02
 (118.082148)  can0  067   [8]  0B 2E 0A 86 BF 00 00 00
 (118.082784)  can0  068   [8]  0B 2E 0A 86 3F 00 00 00
 (118.142170)  can0  067   [8]  00 96 A2 87 BF 00 00 00
 (118.142901)  can0  068   [8]  00 54 5A 87 3F 00 00 00
 (118.162156)  can0  067   [8]  05 52 03 01 67 03 01 00
 (118.162175)  can0  067   [8]  11 06 00 00 00 00 29 01
 (118.162915)  can0  068   [8]  05 73 00 01 79 00 01 00
 (118.162936)  can0  068   [8]  11 06 00 00 00 00 29 01
 (118.202116)  can0  067   [8]  0B 2E 0A 86 BF 00 00 00
 (118.202888)  can0  068   [8]  0B 2E 0A 86 3F 00 00 00
 (118.262132)  can0  067   [8]  00 5F A3 87 BF 00 00 00
 (118.262919)  can0  068   [8]  00 8B 59 87 3F 00 00 00
 (118.282101)  can0  067   [8]  05 49 03 01 54 03 01 00
 (118.282891)  can0  068   [8]  05 73 00 01 79 00 01 00
 (118.322136)  can0  067   [8]  0B 2E 0A 86 BF 00 00 00
 (118.322833)  can0  068   [8]  0B 2E 0A 86 3F 00 00 00
 (118.382132)  can0  067   [8]  00 5F A3 87 BF 00 00 00
 (118.382846)  can0  068   [8]  00 8B 59 87 3F 00 00 00
 (118.402117)  can0  067   [8]  05 49 03 01 41 03 01 00
 (118.402915)  can0  068   [8]  05 72 00 01 78 00 01 00
 (118.442133)  can0  067   [8]  0B 2E 0A 86 BF 00 00 00
 (118.442812)  can0  068   [8]  0B 2E 0A 86 3F 00 00 00
 (118.502177)  can0  067   [8]  00 96 A2 87 BF 00 00 00
 (118.502820)  can0  068   [8]  00 54 5A 87 3F 00 00 00
 (118.522153)  can0  067   [8]  05 40 03 01 1D 03 01 00
 (118.522807)  can0  068   [8]  05 72 00 01 66 00 01 00
 (118.562141)  can0  067   [8]  0B 2E 0A 86 BF 00 00 00
 (118.562918)  can0  068   [8]  0B 2E 0A 86 3F 00 00 00
 (118.622130)  can0  067   [8]  00 5F A3 87 BF 00 00 00
 (118.622903)  can0  068   [8]  00 54 5A 87 3F 00 00 00
 (118.642114)  can0  067   [8]  05 54 03 01 7C 04 01 00
 (118.642922)  can0  068   [8]  05 71 00 01 6F 00 01 00
 (118.682148)  can0  067   [8]  0B 2E 0A 86 BF 00 00 00
 (118.682934)  can0  068   [8]  0B 2E 0A 86 3F 00 00 00
 (118.742168)  can0  067   [8]  00 28 A4 87 BF 00 00 00
 (118.742848)  can0  068   [8]  00 8B 59 87 3F 00 00 00
 (118.762133)  can0  067   [8]  05 4B 03 01 42 03 01 00
 (118.762815)  can0  068   [8]  05 7C 00 01 F0 00 01 00
 (118.802133)  can0  067   [8]  0B 2E 0A 86 BF 00 00 00
 (118.802919)  can0  068   [8]  0B 2E 0A 86 3F 00 00 00
 (118.862117)  can0  067   [8]  00 5F A3 87 BF 00 00 00
 (118.862769)  can0  068   [8]  00 54 5A 87 3F 00 00 00
 (118.882092)  can0  067   [8]  05 4C 03 01 38 03 01 00
 (118.882937)  can0  068   [8]  05 70 00 01 6F 00 01 00
 (118.922109)  can0  067   [8]  0B 2E 0A 86 BF 00 00 00
 (118.922864)  can0  068   [8]  0B 2E 0A 86 3F 00 00 00
 (118.982018)  can0  067   [8]  00 5F A3 87 BF 00 00 00
 (118.982862)  can0  068   [8]  00 54 5A 87 3F 00 00 00
 (119.002150)  can0  067   [8]  05 42 03 01 42 03 01 00
 (119.002812)  can0  068   [8]  05 7A 00 01 5D 00 01 00
 (119.042150)  can0  067   [8]  0B 2E 0A 86 BF 00 00 00
 (119.042170)  can0  067   [8]  12 80 67 00 01 01 00 00
 (119.042171)  can0  067   [8]  0C 02 A1 B6 00 00 70 40
 (119.042935)  can0  068   [8]  0B 2E 0A 86 3F 00 00 00
 (119.042956)  can0  068   [8]  12 80 67 00 01 01 00 00
 (119.042958)  can0  068   [8]  0C 02 A1 89 00 00 70 02
 (119.102125)  can0  067   [8]  00 28 A4 87 BF 00 00 00
 (119.102776)  can0  068   [8]  00 8B 59 87 3F 00 00 00
 (119.122133)  can0  067   [8]  05 4D 03 01 54 03 01 00
 (119.122885)  can0  068   [8]  05 7A 00 01 81 00 01 00
 (119.162139)  can0  067   [8]  0B 2E 0A 86 BF 00 00 00
 (119.162157)  can0  067   [8]  11 06 00 00 00 00 29 01
 (119.162918)  can0  068   [8]  0B 2E 0A 86 3F 00 00 00
 (119.162937)  can0  068   [8]  11 06 00 00 00 00 29 01
 (119.222150)  can0  067   [8]  00 5F A3 87 BF 00 00 00
 (119.222864)  can0  068   [8]  00 54 5A 87 3F 00 00 00
 (119.242145)  can0  067   [8]  05 4E 03 01 38 03 01 00
 (119.242799)  can0  068   [8]  05 6E 00 01 6F 00 01 00
 (119.282013)  can0  067   [8]  0B 2E 0A 86 BF 00 00 00
 (119.282749)  can0  068   [8]  0B 2E 0A 86 3F 00 00 00
 (119.342121)  can0  067   [8]  00 28 A4 87 BF 00 00 00
 (119.342881)  can0  068   [8]  00 54 5A 87 3F 00 00 00
 (119.362163)  can0  067   [8]  05 4E 03 01 4B 03 01 00
 (119.362792)  can0  068   [8]  05 6E 00 01 54 00 01 00
 (119.402130)  can0  067   [8]  0B 2E 0A 86 BF 00 00 00
 (119.402803)  can0  068   [8]  0B 2E 0A 86 3F 00 00 00
 (119.462185)  can0  067   [8]  00 5F A3 87 BF 00 00 00
 (119.462928)  can0  068   [8]  00 8B 59 87 3F 00 00 00
 (119.482140)  can0  067   [8]  05 59 03 01 4B 03 01 00
 (119.482875)  can0  068   [8]  05 78 00 01 82 00 01 00
 (119.522132)  can0  067   [8]  0B 2E 0A 86 BF 00 00 00
 (119.522902)  can0  068   [8]  0B 2E 0A 86 3F 00 00 00
 (119.582140)  can0  067   [8]  00 96 A2 87 BF 00 00 00
 (119.582900)  can0  068   [8]  00 54 5A 87 3F 00 00 00
 (119.602120)  can0  067   [8]  05 4F 03 01 41 03 01 00
 (119.602926)  can0  068   [8]  05 8C 00 01 81 00 01 00
 (119.642130)  can0  067   [8]  0B 2E 0A 86 BF 00 00 00
 (119.642905)  can0  068   [8]  0B 2E 0A 86 3F 00 00 00
 (119.702143)  can0  067   [8]  00 5F A3 87 BF 00 00 00
 (119.702925)  can0  068   [8]  00 8B 59 87 3F 00 00 00
 (119.722127)  can0  067   [8]  05 5A 03 01 54 03 01 00
 (119.722832)  can0  068   [8]  05 6C 00 01 79 00 01 00
 (119.762155)  can0  067   [8]  0B 2E 0A 86 BF 00 00 00
 (119.762930)  can0  068   [8]  0B 2E 0A 86 3F 00 00 00
 (119.822183)  can0  067   [8]  00 5F A3 87 BF 00 00 00
 (119.822806)  can0  068   [8]  00 54 5A 87 3F 00 00 00
 (119.842133)  can0  067   [8]  05 51 03 01 5D 03 01 00
 (119.842900)  can0  068   [8]  05 77 00 01 6F 00 01 00
 (119.882129)  can0  067   [8]  0B 2E 0A 86 BF 00 00 00
 (119.882767)  can0  068   [8]  0B 2E 0A 86 3F 00 00 00
 (119.942145)  can0  067   [8]  00 5F A3 87 BF 00 00 00
 (119.942862)  can0  068   [8]  00 8B 59 87 3F 00 00 00
 (119.962138)  can0  067   [8]  05 47 03 01 38 03 01 00
 (119.962760)  can0  068   [8]  05 6B 00 01 5D 00 01 00
 (120.002099)  can0  067   [8]  0B 2E 0A 86 BF 00 00 00
 (120.002883)  can0  068   [8]  0B 2E 0A 86 3F 00 00 00
 (120.042141)  can0  067   [8]  12 80 67 00 01 01 00 00
 (120.042161)  can0  067   [8]  0C 02 A1 B6 00 00 70 40
 (120.042937)  can0  068   [8]  12 80 67 00 01 01 00 00
 (120.042959)  can0  068   [8]  0C 02 A1 89 00 00 70 02
 (120.062163)  can0  067   [8]  00 5F A3 87 BF 00 00 00
 (120.062820)  can0  068   [8]  00 54 5A 87 3F 00 00 00
 (120.082100)  can0  067   [8]  05 52 03 01 42 03 01 00
 (120.082808)  can0  068   [8]  05 6B 00 01 B0 00 01 00
 (120.122100)  can0  067   [8]  0B 2E 0A 86 BF 00 00 00
 (120.122927)  can0  068   [8]  0B 2E 0A 86 3F 00 00 00
 (120.158807)  can0  064   [8]  67 01 35 FA 8E BC 07 00
 (120.161187)  can0  064   [8]  68 01 35 FA 8E 3C 07 00
 (120.161958)  can0  067   [8]  11 06 00 00 00 00 09 01
 (120.162722)  can0  068   [8]  11 06 00 00 00 00 09 01
 (120.182030)  can0  067   [8]  00 83 A6 87 BF 00 00 00
 (120.182867)  can0  068   [8]  00 8B 59 87 3F 00 00 00
 (120.202136)  can0  067   [8]  05 EA 05 00 05 06 00 00
 (120.202909)  can0  068   [8]  05 94 07 01 B9 07 01 00
 (120.242133)  can0  067   [8]  0B 5F A3 87 BF 00 00 00
 (120.242894)  can0  068   [8]  0B 54 5A 87 3F 00 00 00
 (120.302150)  can0  067   [8]  00 13 BE 87 BF 00 00 00
 (120.302798)  can0  068   [8]  00 8B 59 87 3F 00 00 00
 (120.322113)  can0  067   [8]  05 90 03 00 95 03 00 00
 (120.322923)  can0  068   [8]  05 F3 04 01 F2 04 01 00
 (120.362129)  can0  067   [8]  0B 85 9B 87 BF 00 00 00
 (120.362812)  can0  068   [8]  0B 7A 52 87 3F 00 00 00
 (120.422139)  can0  067   [8]  00 4A BD 87 BF 00 00 00
 (120.422890)  can0  068   [8]  00 54 5A 87 3F 00 00 00
 (120.442131)  can0  067   [8]  05 39 02 00 65 02 00 00
 (120.442891)  can0  068   [8]  05 A7 03 01 93 03 01 00
 (120.482147)  can0  067   [8]  0B 63 82 87 BF 00 00 00
 (120.482902)  can0  068   [8]  0B 58 39 87 3F 00 00 00
 (120.542147)  can0  067   [8]  00 4A BD 87 BF 00 00 00
 (120.542896)  can0  068   [8]  00 54 5A 87 3F 00 00 00
 (120.562137)  can0  067   [8]  05 53 00 01 3D 00 01 00
 (120.562787)  can0  068   [8]  05 2F 01 01 4D 01 01 00
 (120.602155)  can0  067   [8]  0B FA 4C 87 BF 00 00 00
 (120.602918)  can0  068   [8]  0B B9 04 87 3F 00 00 00
 (120.662136)  can0  067   [8]  00 81 BC 87 BF 00 00 00
 (120.662877)  can0  068   [8]  00 54 5A 87 3F 00 00 00
 (120.682167)  can0  067   [8]  05 98 04 01 75 04 01 00
 (120.682915)  can0  068   [8]  05 01 03 00 FE 02 00 00
 (120.722115)  can0  067   [8]  0B 16 F1 86 BF 00 00 00
 (120.722915)  can0  068   [8]  0B 9E A9 86 3F 00 00 00
 (120.782145)  can0  067   [8]  00 81 BC 87 BF 00 00 00
 (120.782947)  can0  068   [8]  00 30 57 87 3F 00 00 00
 (120.802130)  can0  067   [8]  05 17 0B 01 10 0B 01 00
 (120.802930)  can0  068   [8]  05 1B 09 00 E9 08 00 00
 (120.842159)  can0  067   [8]  0B 80 64 86 BF 00 00 00
 (120.842819)  can0  068   [8]  0B D1 1D 86 3F 00 00 00
 (120.902103)  can0  067   [8]  00 3A AB 87 BF 00 00 00
 (120.902939)  can0  068   [8]  00 7A 52 87 3F 00 00 00
 (120.922125)  can0  067   [8]  05 5D 13 01 41 13 01 00
 (120.922934)  can0  068   [8]  05 94 11 00 31 11 00 00
 (120.962134)  can0  067   [8]  0B 38 9C 85 BF 00 00 00
 (120.962836)  can0  068   [8]  0B 1B 57 85 3F 00 00 00
 (121.022124)  can0  067   [8]  00 15 FC 86 BF 00 00 00
 (121.022898)  can0  068   [8]  00 67 E8 85 3F 00 00 00
 (121.042142)  can0  067   [8]  05 AD 11 01 36 12 01 00
 (121.042164)  can0  067   [8]  12 80 67 00 01 01 00 00
 (121.042165)  can0  067   [8]  0C 02 A1 AD 10 00 50 7E
 (121.042946)  can0  068   [8]  05 D8 09 00 43 09 00 00
 (121.042968)  can0  068   [8]  12 80 67 00 01 01 00 00
 (121.042970)  can0  068   [8]  0C 02 A1 AD 19 00 60 7E
 (121.082091)  can0  067   [8]  0B 2F 91 84 BF 00 00 00
 (121.082925)  can0  068   [8]  0B A4 4D 84 3F 00 00 00
 (121.142127)  can0  067   [8]  00 E8 2B 85 BF 00 00 00
 (121.142919)  can0  068   [8]  00 7F 55 84 3F 00 00 00
 (121.162151)  can0  067   [8]  05 B1 0C 01 2F 0E 01 00
 (121.162171)  can0  067   [8]  11 06 00 00 00 00 09 01
 (121.162802)  can0  068   [8]  05 8A 05 00 50 05 00 00
 (121.162815)  can0  068   [8]  11 06 00 00 00 00 09 01
 (121.202159)  can0  067   [8]  0B D2 41 83 BF 00 00 00
 (121.202830)  can0  068   [8]  0B A2 00 83 3F 00 00 00
 (121.262096)  can0  067   [8]  00 53 E8 83 BF 00 00 00
 (121.262920)  can0  068   [8]  00 F7 39 83 3F 00 00 00
 (121.282121)  can0  067   [8]  05 80 0D 01 C0 0D 01 00
 (121.282782)  can0  068   [8]  05 0F 08 00 2C 08 00 00
 (121.321938)  can0  067   [8]  0B B1 AF 81 BF 00 00 00
 (121.322780)  can0  068   [8]  0B 13 70 81 3F 00 00 00
 (121.381997)  can0  067   [8]  00 E2 A7 82 BF 00 00 00
 (121.382758)  can0  068   [8]  00 04 FF 81 3F 00 00 00
 (121.401942)  can0  067   [8]  05 54 14 01 46 14 01 00
 (121.402778)  can0  068   [8]  05 22 0E 00 04 0E 00 00
 (121.442034)  can0  067   [8]  0B 9F AA 7F BF 00 00 00
 (121.442864)  can0  068   [8]  0B 88 2E 7F 3F 00 00 00
 (121.502139)  can0  067   [8]  00 E2 82 80 BF 00 00 00
 (121.502797)  can0  068   [8]  00 63 2B 7F 3F 00 00 00
 (121.522094)  can0  067   [8]  05 43 0D 01 19 0D 01 00
 (121.522912)  can0  068   [8]  05 48 05 00 DB 05 00 00
 (121.562111)  can0  067   [8]  0B 7A 7E 7B BF 00 00 00
 (121.562810)  can0  068   [8]  0B 19 07 7B 3F 00 00 00
 (121.622141)  can0  067   [8]  00 35 BA 7C BF 00 00 00
 (121.622924)  can0  068   [8]  00 EB 5B 7B 3F 00 00 00
 (121.642130)  can0  067   [8]  05 57 13 01 ED 12 01 00
 (121.642910)  can0  068   [8]  05 AB 0D 00 36 0C 00 00
 (121.682080)  can0  067   [8]  0B 64 C3 76 BF 00 00 00
 (121.682901)  can0  068   [8]  0B 26 4F 76 3F 00 00 00
 (121.742143)  can0  067   [8]  00 54 C0 78 BF 00 00 00
 (121.742812)  can0  068   [8]  00 F1 F0 76 3F 00 00 00
 (121.762114)  can0  067   [8]  05 E4 14 01 2C 14 01 00
 (121.762894)  can0  068   [8]  05 F0 0A 00 72 0A 00 00
 (121.802056)  can0  067   [8]  0B 35 81 71 BF 00 00 00
 (121.802902)  can0  068   [8]  0B 41 13 71 3F 00 00 00
 (121.862110)  can0  067   [8]  00 94 19 72 BF 00 00 00
 (121.862924)  can0  068   [8]  00 91 CC 70 3F 00 00 00
 (121.882130)  can0  067   [8]  05 AD 12 01 44 12 01 00
 (121.882768)  can0  068   [8]  05 0F 0D 00 9D 0C 00 00
 (121.922129)  can0  067   [8]  0B A7 C7 6B BF 00 00 00
 (121.922818)  can0  068   [8]  0B D6 5C 6B 3F 00 00 00
 (121.982115)  can0  067   [8]  00 97 C4 6D BF 00 00 00
 (121.982909)  can0  068   [8]  00 14 D1 6B 3F 00 00 00
 (122.002131)  can0  067   [8]  05 A8 11 01 CF 11 01 00
 (122.002815)  can0  068   [8]  05 8C 08 00 17 08 00 00
 (122.042151)  can0  067   [8]  0B 8F A9 65 BF 00 00 00
 (122.042173)  can0  067   [8]  12 80 67 00 01 01 00 00
 (122.042175)  can0  067   [8]  0C 02 A1 9B D4 00 00 7E
 (122.042822)  can0  068   [8]  0B 75 43 65 3F 00 00 00
 (122.042837)  can0  068   [8]  12 80 67 00 01 01 00 00
 (122.043063)  can0  068   [8]  0C 02 A1 A4 D3 00 00 7E
 (122.102179)  can0  067   [8]  00 D8 1D 67 BF 00 00 00
 (122.102922)  can0  068   [8]  00 8E B4 65 3F 00 00 00
 (122.122151)  can0  067   [8]  05 79 18 01 1E 17 01 00
 (122.122933)  can0  068   [8]  05 B6 10 00 34 10 00 00
 (122.162129)  can0  067   [8]  0B EF 3C 5F BF 00 00 00
 (122.162155)  can0  067   [8]  11 06 00 00 00 00 09 01
 (122.162835)  can0  068   [8]  0B 8B DB 5E 3F 00 00 00
 (122.162853)  can0  068   [8]  11 06 00 00 00 00 09 01
 (122.222083)  can0  067   [8]  00 61 0F 5F BF 00 00 00
 (122.222894)  can0  068   [8]  00 3F 88 5D 3F 00 00 00
 (122.242099)  can0  067   [8]  05 E2 08 01 59 09 01 00
 (122.242907)  can0  068   [8]  05 4C 01 00 C2 01 00 00
 (122.282110)  can0  067   [8]  0B C1 97 58 BF 00 00 00
 (122.282806)  can0  068   [8]  0B 13 3B 58 3F 00 00 00
 (122.342150)  can0  067   [8]  00 5E FC 5A BF 00 00 00
 (122.342829)  can0  068   [8]  00 FD 16 59 3F 00 00 00
 (122.362149)  can0  067   [8]  05 56 19 01 EA 18 01 00
 (122.362908)  can0  068   [8]  05 88 0E 00 9A 0D 00 00
 (122.402166)  can0  067   [8]  0B DF CC 51 BF 00 00 00
 (122.402901)  can0  068   [8]  0B 56 73 51 3F 00 00 00
 (122.462152)  can0  067   [8]  00 E9 D7 52 BF 00 00 00
 (122.462925)  can0  068   [8]  00 11 4C 51 3F 00 00 00
 (122.482143)  can0  067   [8]  05 96 14 01 E3 13 01 00
 (122.482816)  can0  068   [8]  05 25 0B 00 6E 0A 00 00
 (122.522048)  can0  067   [8]  0B 4A F2 4A BF 00 00 00
 (122.522859)  can0  068   [8]  0B E5 9B 4A 3F 00 00 00
 (122.582154)  can0  067   [8]  00 F6 59 4B BF 00 00 00
 (122.582849)  can0  068   [8]  00 46 B0 49 3F 00 00 00
 (122.602138)  can0  067   [8]  05 5E 09 01 1B 09 01 00
 (122.602819)  can0  068   [8]  05 D5 00 00 33 00 00 00
 (122.642149)  can0  067   [8]  0B 22 16 44 BF 00 00 00
 (122.642952)  can0  068   [8]  0B 73 C4 43 3F 00 00 00
 (122.702158)  can0  067   [8]  00 BB 9B 46 BF 00 00 00
 (122.702851)  can0  068   [8]  00 F0 96 44 3F 00 00 00
 (122.722115)  can0  067   [8]  05 8A 17 01 72 16 01 00
 (122.722931)  can0  068   [8]  05 C2 0B 00 EB 0A 00 00
 (122.762184)  can0  067   [8]  0B 44 2A 3D BF 00 00 00
 (122.762831)  can0  068   [8]  0B 4C DD 3C 3F 00 00 00
 (122.822126)  can0  067   [8]  00 B0 A1 3E BF 00 00 00
 (122.822808)  can0  068   [8]  00 6D 01 3D 3F 00 00 00
 (122.842119)  can0  067   [8]  05 E0 14 01 C5 14 01 00
 (122.842834)  can0  068   [8]  05 2C 0A 00 9D 09 00 00
 (122.882134)  can0  067   [8]  0B 3F 5C 36 BF 00 00 00
 (122.882933)  can0  068   [8]  0B 6C 12 36 3F 00 00 00
 (122.942110)  can0  067   [8]  00 36 B4 36 BF 00 00 00
 (122.942934)  can0  068   [8]  00 1B EB 34 3F 00 00 00
 (122.962119)  can0  067   [8]  05 00 09 01 E5 08 01 00
 (122.962934)  can0  068   [8]  05 50 00 01 F9 00 01 00
 (123.002144)  can0  067   [8]  0B 17 80 2F BF 00 00 00
 (123.002946)  can0  068   [8]  0B 67 39 2F 3F 00 00 00
 (123.042156)  can0  067   [8]  12 80 67 00 01 01 00 00
 (123.042177)  can0  067   [8]  0C 02 A1 89 FF 00 00 7E
 (123.042824)  can0  068   [8]  12 80 67 00 01 01 00 00
 (123.042839)  can0  068   [8]  0C 02 A1 AD FF 00 00 7E
 (123.062135)  can0  067   [8]  00 AC 31 32 BF 00 00 00
 (123.062956)  can0  068   [8]  00 E3 16 30 3F 00 00 00
 (123.082117)  can0  067   [8]  05 78 15 01 48 14 01 00
 (123.082964)  can0  068   [8]  05 6E 09 00 F9 08 00 00
 (123.122111)  can0  067   [8]  0B EE A3 28 BF 00 00 00
 (123.122938)  can0  068   [8]  0B F5 61 28 3F 00 00 00
 (123.162140)  can0  067   [8]  11 06 00 00 00 00 09 01
 (123.162963)  can0  068   [8]  11 06 00 00 00 00 09 01
 (123.182136)  can0  067   [8]  00 7A 55 2A BF 00 00 00
 (123.182941)  can0  068   [8]  00 F0 98 28 3F 00 00 00
 (123.202137)  can0  067   [8]  05 E2 14 01 77 13 01 00
 (123.202830)  can0  068   [8]  05 2A 09 00 70 08 00 00
 (123.242133)  can0  067   [8]  0B C6 C7 21 BF 00 00 00
 (123.242821)  can0  068   [8]  0B F1 88 21 3F 00 00 00
 (123.302081)  can0  067   [8]  00 9A 1C 22 BF 00 00 00
 (123.302895)  can0  068   [8]  00 7F 53 20 3F 00 00 00
 (123.322046)  can0  067   [8]  05 9B 08 01 27 08 01 00
 (123.322823)  can0  068   [8]  05 B1 00 01 B1 00 01 00
 (123.362075)  can0  067   [8]  0B 9E EB 1A BF 00 00 00
 (123.362808)  can0  068   [8]  0B EE AF 1A 3F 00 00 00
 (123.422176)  can0  067   [8]  00 E9 A1 1D BF 00 00 00
 (123.422817)  can0  068   [8]  00 8F 85 1B 3F 00 00 00
 (123.442160)  can0  067   [8]  05 57 12 01 65 11 01 00
 (123.442972)  can0  068   [8]  05 FE 06 00 2F 06 00 00
 (123.482146)  can0  067   [8]  0B C1 FF 13 BF 00 00 00
 (123.482947)  can0  068   [8]  0B C6 C8 13 3F 00 00 00
 (123.542097)  can0  067   [8]  00 1E 11 16 BF 00 00 00
 (123.542789)  can0  068   [8]  00 71 3B 14 3F 00 00 00
 (123.562111)  can0  067   [8]  05 FC 14 01 31 14 01 00
 (123.562908)  can0  068   [8]  05 9C 08 00 3B 08 00 00
 (123.602096)  can0  067   [8]  0B 4E 33 0D BF 00 00 00
 (123.602902)  can0  068   [8]  0B 77 FF 0C 3F 00 00 00
 (123.662144)  can0  067   [8]  00 B1 94 0D BF 00 00 00
 (123.662918)  can0  068   [8]  00 4E D0 0B 3F 00 00 00
 (123.682115)  can0  067   [8]  05 F1 08 01 76 08 01 00
 (123.682916)  can0  068   [8]  05 DB 00 01 45 01 01 00
 (123.722155)  can0  067   [8]  0B 94 55 06 BF 00 00 00
 (123.722793)  can0  068   [8]  0B 74 26 06 3F 00 00 00
 (123.782145)  can0  067   [8]  00 72 02 09 BF 00 00 00
 (123.782942)  can0  068   [8]  00 18 DB 06 3F 00 00 00
 (123.802140)  can0  067   [8]  05 FE 0D 01 F2 0D 01 00
 (123.802829)  can0  068   [8]  05 37 03 00 EA 02 00 00
 (123.842140)  can0  067   [8]  0B D7 F2 FE BE 00 00 00
 (123.842845)  can0  068   [8]  0B E0 9A FE 3E 00 00 00
 (123.902116)  can0  067   [8]  00 0A C8 01 BF 00 00 00
 (123.902820)  can0  068   [8]  00 7C 9C FF 3E 00 00 00
 (123.922104)  can0  067   [8]  05 3D 14 01 EB 12 01 00
 (123.922904)  can0  068   [8]  05 BB 07 00 47 07 00 00
 (123.962130)  can0  067   [8]  0B 86 3A F1 BE 00 00 00
 (123.962793)  can0  068   [8]  0B FC EB F0 3E 00 00 00
 (124.022138)  can0  067   [8]  00 45 55 F2 BE 00 00 00
 (124.022933)  can0  068   [8]  00 34 C6 EE 3E 00 00 00
 (124.042167)  can0  067   [8]  05 4E 09 01 26 09 01 00
 (124.042191)  can0  067   [8]  12 80 67 00 01 01 00 00
 (124.042193)  can0  067   [8]  0C 02 A1 A4 FF 00 00 7E
 (124.042879)  can0  068   [8]  05 D4 00 01 A1 01 01 00
 (124.042897)  can0  068   [8]  12 80 67 00 01 01 00 00
 (124.042978)  can0  068   [8]  0C 02 A1 9B FF 00 00 7E
 (124.082118)  can0  067   [8]  0B 36 82 E3 BE 00 00 00
 (124.082814)  can0  068   [8]  0B F4 39 E3 3E 00 00 00
 (124.142110)  can0  067   [8]  00 64 B9 E8 BE 00 00 00
 (124.142895)  can0  068   [8]  00 8E 51 E4 3E 00 00 00
 (124.162012)  can0  067   [8]  05 07 0B 01 2E 0B 01 00
 (124.162034)  can0  067   [8]  11 06 00 00 00 00 09 01
 (124.162832)  can0  068   [8]  05 17 00 01 B7 00 01 00
 (124.162847)  can0  068   [8]  11 06 00 00 00 00 09 01
 (124.202132)  can0  067   [8]  0B E5 C9 D5 BE 00 00 00
 (124.202839)  can0  068   [8]  0B EC 87 D5 3E 00 00 00
 (124.262149)  can0  067   [8]  00 5F F1 DA BE 00 00 00
 (124.262820)  can0  068   [8]  00 3A C5 D6 3E 00 00 00
 (124.282133)  can0  067   [8]  05 21 14 01 43 15 01 00
 (124.282933)  can0  068   [8]  05 02 07 00 C0 06 00 00
 (124.322155)  can0  067   [8]  0B 95 11 C8 BE 00 00 00
 (124.322935)  can0  068   [8]  0B E4 D5 C7 3E 00 00 00
 (124.382161)  can0  067   [8]  00 26 81 C9 BE 00 00 00
 (124.382858)  can0  068   [8]  00 A6 FE C5 3E 00 00 00
 (124.402109)  can0  067   [8]  05 F3 09 01 80 09 01 00
 (124.402915)  can0  068   [8]  05 F5 00 01 CE 01 01 00
 (124.442114)  can0  067   [8]  0B 45 59 BA BE 00 00 00
 (124.442821)  can0  068   [8]  0B 01 27 BA 3E 00 00 00
 (124.502077)  can0  067   [8]  00 AA E3 BE BE 00 00 00
 (124.502908)  can0  068   [8]  00 AB A4 BA 3E 00 00 00
 (124.522118)  can0  067   [8]  05 9A 07 01 8E 07 01 00
 (124.522807)  can0  068   [8]  05 C6 03 01 4F 03 01 00
 (124.562110)  can0  067   [8]  0B F4 A0 AC BE 00 00 00
 (124.562951)  can0  068   [8]  0B F9 74 AC 3E 00 00 00
 (124.622163)  can0  067   [8]  00 41 1D B2 BE 00 00 00
 (124.622986)  can0  068   [8]  00 D7 BE AD 3E 00 00 00
 (124.642095)  can0  067   [8]  05 B6 13 01 FE 12 01 00
 (124.642919)  can0  068   [8]  05 FB 05 00 1E 05 00 00
 (124.682157)  can0  067   [8]  0B 80 E5 9E BE 00 00 00
 (124.682871)  can0  068   [8]  0B F1 C2 9E 3E 00 00 00
 (124.742144)  can0  067   [8]  00 08 AD A0 BE 00 00 00
 (124.742947)  can0  068   [8]  00 AA 43 9D 3E 00 00 00
 (124.762168)  can0  067   [8]  05 C1 0A 01 FD 09 01 00
 (124.762964)  can0  068   [8]  05 9B 00 01 E5 01 01 00
 (124.802177)  can0  067   [8]  0B E9 10 91 BE 00 00 00
 (124.802939)  can0  068   [8]  0B A2 F4 90 3E 00 00 00
 (124.861976)  can0  067   [8]  00 81 04 95 BE 00 00 00
 (124.862909)  can0  068   [8]  00 7C 07 91 3E 00 00 00
 (124.882090)  can0  067   [8]  05 B3 04 01 71 04 01 00
 (124.882936)  can0  068   [8]  05 CF 06 01 FD 05 01 00
 (124.922166)  can0  067   [8]  0B 03 78 83 BE 00 00 00
 (124.922904)  can0  068   [8]  0B 2A 65 83 3E 00 00 00
 (124.982062)  can0  067   [8]  00 6C 39 89 BE 00 00 00
 (124.982903)  can0  068   [8]  00 01 F1 84 3E 00 00 00
 (125.002117)  can0  067   [8]  05 97 12 01 82 11 01 00
 (125.002837)  can0  068   [8]  05 F7 04 00 77 04 00 00
 (125.042145)  can0  067   [8]  0B CB CA 6B BE 00 00 00
 (125.042166)  can0  067   [8]  12 80 67 00 01 01 00 00
 (125.042167)  can0  067   [8]  0C 02 A1 AD FF 00 00 7E
 (125.042983)  can0  068   [8]  0B 61 AB 6B 3E 00 00 00
 (125.043006)  can0  068   [8]  12 80 67 00 01 01 00 00
 (125.043008)  can0  068   [8]  0C 02 A1 92 FF 00 00 7E
 (125.102104)  can0  067   [8]  00 91 CC 70 BE 00 00 00
 (125.102929)  can0  068   [8]  00 22 D4 69 3E 00 00 00
 (125.122133)  can0  067   [8]  05 77 0A 01 DE 09 01 00
 (125.122935)  can0  068   [8]  05 8A 01 01 86 02 01 00
 (125.162166)  can0  067   [8]  0B 14 36 51 BE 00 00 00
 (125.162190)  can0  067   [8]  11 06 00 00 00 00 09 01
 (125.162833)  can0  068   [8]  0B 83 29 51 3E 00 00 00
 (125.162851)  can0  068   [8]  11 06 00 00 00 00 09 01
 (125.222088)  can0  067   [8]  00 59 BA 59 BE 00 00 00
 (125.222915)  can0  068   [8]  00 A0 6E 51 3E 00 00 00
 (125.242082)  can0  067   [8]  05 21 03 01 E7 02 01 00
 (125.242822)  can0  068   [8]  05 1C 09 01 C6 09 01 00
 (125.282133)  can0  067   [8]  0B 20 90 37 BE 00 00 00
 (125.282921)  can0  068   [8]  0B D7 89 37 3E 00 00 00
 (125.342146)  can0  067   [8]  00 B1 2D 44 BE 00 00 00
 (125.342928)  can0  068   [8]  00 06 5E 3B 3E 00 00 00
 (125.362115)  can0  067   [8]  05 AF 10 01 F4 10 01 00
 (125.362944)  can0  068   [8]  05 D8 02 00 06 03 00 00
 (125.402128)  can0  067   [8]  0B 55 24 1F BE 00 00 00
 (125.402804)  can0  068   [8]  0B 55 24 1F 3E 00 00 00
 (125.462151)  can0  067   [8]  00 83 F8 22 BE 00 00 00
 (125.462945)  can0  068   [8]  00 19 D4 1B 3E 00 00 00
 (125.482112)  can0  067   [8]  05 72 03 01 E5 02 01 00
 (125.482906)  can0  068   [8]  05 C3 07 01 31 08 01 00
 (125.522141)  can0  067   [8]  0B A9 4A 08 BE 00 00 00
 (125.522918)  can0  068   [8]  0B F2 50 08 3E 00 00 00
 (125.582120)  can0  067   [8]  00 01 24 17 BE 00 00 00
 (125.582944)  can0  068   [8]  00 38 0F 0E 3E 00 00 00
 (125.602117)  can0  067   [8]  05 71 0D 01 4C 0D 01 00
 (125.602827)  can0  068   [8]  05 40 01 01 37 02 01 00
 (125.642129)  can0  067   [8]  0B 9B A9 E6 BD 00 00 00
 (125.642910)  can0  068   [8]  0B BD C2 E6 3D 00 00 00
 (125.702126)  can0  067   [8]  00 A9 7C F5 BD 00 00 00
 (125.702932)  can0  068   [8]  00 D5 33 E7 3D 00 00 00
 (125.722124)  can0  067   [8]  05 AB 05 01 C6 04 01 00
 (125.722818)  can0  068   [8]  05 C4 05 01 67 06 01 00
 (125.762151)  can0  067   [8]  0B 06 EA C0 BD 00 00 00
 (125.762936)  can0  068   [8]  0B B9 0F C1 3D 00 00 00
 (125.822086)  can0  067   [8]  00 AD F4 DE BD 00 00 00
 (125.822858)  can0  068   [8]  00 C3 48 CD 3D 00 00 00
 (125.842093)  can0  067   [8]  05 E0 09 01 7A 09 01 00
 (125.842925)  can0  068   [8]  05 1B 04 01 4E 05 01 00
 (125.882130)  can0  067   [8]  0B BB 6F 9F BD 00 00 00
 (125.882837)  can0  068   [8]  0B 6E 95 9F 3D 00 00 00
 (125.942092)  can0  067   [8]  00 1F C5 AD BD 00 00 00
 (125.942894)  can0  068   [8]  00 BB 6F 9F 3D 00 00 00
 (125.962104)  can0  067   [8]  05 FB 00 01 9F 00 01 00
 (125.962896)  can0  068   [8]  05 AF 0A 01 F1 0A 01 00
 (126.002147)  can0  067   [8]  0B 25 2E 82 BD 00 00 00
 (126.002925)  can0  068   [8]  0B D8 53 82 3D 00 00 00
 (126.042126)  can0  067   [8]  12 80 67 00 01 01 00 00
 (126.042146)  can0  067   [8]  0C 02 A1 89 FF 00 00 7E
 (126.042934)  can0  068   [8]  12 80 67 00 01 01 00 00
 (126.042953)  can0  068   [8]  0C 02 A1 9B FF 00 00 7E
 (126.062105)  can0  067   [8]  00 CB 38 A0 BD 00 00 00
 (126.062851)  can0  068   [8]  00 DD 7E 91 3D 00 00 00
 (126.082121)  can0  067   [8]  05 F9 08 01 F4 07 01 00
 (126.082835)  can0  068   [8]  05 2F 04 01 6B 05 01 00
 (126.122079)  can0  067   [8]  0B 01 E6 51 BD 00 00 00
 (126.122845)  can0  068   [8]  0B 68 31 52 3D 00 00 00
 (126.162120)  can0  067   [8]  11 06 00 00 00 00 09 01
 (126.162916)  can0  068   [8]  11 06 00 00 00 00 09 01
 (126.182143)  can0  067   [8]  00 8B 79 82 BD 00 00 00
 (126.182942)  can0  068   [8]  00 9B A4 5F 3D 00 00 00
 (126.202088)  can0  067   [8]  05 6B 02 01 5C 02 01 00
 (126.202921)  can0  068   [8]  05 14 0D 01 4E 0D 01 00
 (126.242116)  can0  067   [8]  0B 37 AA 28 BD 00 00 00
 (126.242927)  can0  068   [8]  0B 9D F5 28 3D 00 00 00
 (126.302113)  can0  067   [8]  00 5E 8E 59 BD 00 00 00
 (126.302901)  can0  068   [8]  00 58 CD 36 3D 00 00 00
 (126.322110)  can0  067   [8]  05 13 01 01 D5 00 01 00
 (126.322894)  can0  068   [8]  05 82 0C 01 AF 0C 01 00
 (126.362087)  can0  067   [8]  0B 73 94 07 BD 00 00 00
 (126.362906)  can0  068   [8]  0B D9 DF 07 3D 00 00 00
 (126.422119)  can0  067   [8]  00 97 6A 3B BD 00 00 00
 (126.422802)  can0  068   [8]  00 24 C9 1C 3D 00 00 00
 (126.442124)  can0  067   [8]  05 BD 00 01 46 00 01 00
 (126.442717)  can0  068   [8]  05 53 0B 01 C8 0A 01 00
 (126.482137)  can0  067   [8]  0B F2 AD DD BC 00 00 00
 (126.482936)  can0  068   [8]  0B 7B 12 DE 3C 00 00 00
 (126.542117)  can0  067   [8]  00 59 C3 28 BD 00 00 00
 (126.542909)  can0  068   [8]  00 5D 36 0B 3D 00 00 00
 (126.562121)  can0  067   [8]  05 91 01 01 41 01 01 00
 (126.562907)  can0  068   [8]  05 12 0A 01 02 0A 01 00
 (126.602128)  can0  067   [8]  0B ED EC BA BC 00 00 00
 (126.602925)  can0  068   [8]  0B 31 1F BB 3C 00 00 00
 (126.662086)  can0  067   [8]  00 A2 F9 17 BD 00 00 00
 (126.662898)  can0  068   [8]  00 2C 47 F3 3C 00 00 00
 (126.682109)  can0  067   [8]  05 E8 00 01 B5 00 01 00
 (126.682907)  can0  068   [8]  05 37 0C 01 53 0C 01 00
 (126.722130)  can0  067   [8]  0B 1B 26 A4 BC 00 00 00
 (126.722907)  can0  068   [8]  0B 5F 58 A4 3C 00 00 00
 (126.782130)  can0  067   [8]  00 E3 13 0D BD 00 00 00
 (126.782820)  can0  068   [8]  00 FE D7 D4 3C 00 00 00
 (126.802136)  can0  067   [8]  05 7D 00 01 E1 00 01 00
 (126.802908)  can0  068   [8]  05 74 0D 01 4C 0D 01 00
 (126.842131)  can0  067   [8]  0B 92 30 97 BC 00 00 00
 (126.842924)  can0  068   [8]  0B 92 30 97 3C 00 00 00
 (126.902134)  can0  067   [8]  00 55 89 04 BD 00 00 00
 (126.902824)  can0  068   [8]  00 01 55 C5 3C 00 00 00
 (126.922123)  can0  067   [8]  05 C1 00 00 96 00 00 00
 (126.922918)  can0  068   [8]  05 27 0E 01 CE 0D 01 00
 (126.962116)  can0  067   [8]  0B 11 E8 90 BC 00 00 00
 (126.962827)  can0  068   [8]  0B 55 1A 91 3C 00 00 00
 (127.022145)  can0  067   [8]  00 35 F7 02 BD 00 00 00
 (127.022952)  can0  068   [8]  00 8D C7 C2 3C 00 00 00
 (127.042150)  can0  067   [8]  05 09 00 00 02 00 01 00
 (127.042174)  can0  067   [8]  12 80 67 00 01 01 00 00
 (127.042176)  can0  067   [8]  0C 02 A1 B6 51 00 00 7E
 (127.042911)  can0  068   [8]  05 7B 0D 01 76 0D 01 00
 (127.042928)  can0  068   [8]  12 80 67 00 01 01 00 00
 (127.042930)  can0  068   [8]  0C 02 A1 A4 51 00 00 7E
 (127.082112)  can0  067   [8]  0B AE 23 8F BC 00 00 00
 (127.082842)  can0  068   [8]  0B AE 23 8F 3C 00 00 00
 (127.142136)  can0  067   [8]  00 35 F7 02 BD 00 00 00
 (127.142945)  can0  068   [8]  00 49 95 C2 3C 00 00 00
 (127.162115)  can0  067   [8]  05 0B 00 01 83 00 01 00
 (127.162138)  can0  067   [8]  11 06 00 00 00 00 29 01
 (127.162936)  can0  068   [8]  05 3C 0D 01 10 0D 01 00
 (127.162960)  can0  068   [8]  11 06 00 00 00 00 29 01
 (127.202106)  can0  067   [8]  0B 6A F1 8E BC 00 00 00
 (127.202936)  can0  068   [8]  0B 6A F1 8E 3C 00 00 00
 (127.262077)  can0  067   [8]  00 35 F7 02 BD 00 00 00
 (127.262879)  can0  068   [8]  00 49 95 C2 3C 00 00 00
 (127.282116)  can0  067   [8]  05 48 0B 00 49 0B 00 00
 (127.282958)  can0  068   [8]  05 B8 18 01 5C 18 01 00
 (127.321928)  can0  067   [8]  0B 6A F1 8E BC 00 00 00
 (127.322788)  can0  068   [8]  0B 6A F1 8E 3C 00 00 00
 (127.382150)  can0  067   [8]  00 57 10 03 BD 00 00 00
 (127.382924)  can0  068   [8]  00 49 95 C2 3C 00 00 00
 (127.402129)  can0  067   [8]  05 47 0B 00 37 0B 00 00
 (127.402845)  can0  068   [8]  05 B8 18 01 B8 18 01 00
 (127.442151)  can0  067   [8]  0B 6A F1 8E BC 00 00 00
 (127.442829)  can0  068   [8]  0B 6A F1 8E 3C 00 00 00
 (127.502123)  can0  067   [8]  00 35 F7 02 BD 00 00 00
 (127.502911)  can0  068   [8]  00 8D C7 C2 3C 00 00 00
 (127.522137)  can0  067   [8]  05 46 0B 00 37 0B 00 00
 (127.522916)  can0  068   [8]  05 B7 18 01 B8 18 01 00
 (127.562105)  can0  067   [8]  0B 6A F1 8E BC 00 00 00
 (127.562945)  can0  068   [8]  0B 6A F1 8E 3C 00 00 00
 (127.622093)  can0  067   [8]  00 35 F7 02 BD 00 00 00
 (127.622911)  can0  068   [8]  00 8D C7 C2 3C 00 00 00
 (127.642103)  can0  067   [8]  05 46 0B 00 49 0B 00 00
 (127.642907)  can0  068   [8]  05 B7 18 01 D3 18 01 00
 (127.682106)  can0  067   [8]  0B 6A F1 8E BC 00 00 00
 (127.682901)  can0  068   [8]  0B 6A F1 8E 3C 00 00 00
 (127.742144)  can0  067   [8]  00 57 10 03 BD 00 00 00
 (127.742805)  can0  068   [8]  00 8D C7 C2 3C 00 00 00
 (127.762132)  can0  067   [8]  05 4F 0B 00 77 0B 00 00
 (127.762920)  can0  068   [8]  05 AD 18 01 49 18 01 00
 (127.802133)  can0  067   [8]  0B 6A F1 8E BC 00 00 00
 (127.802808)  can0  068   [8]  0B 6A F1 8E 3C 00 00 00
 (127.862118)  can0  067   [8]  00 57 10 03 BD 00 00 00
 (127.862956)  can0  068   [8]  00 D1 F9 C2 3C 00 00 00
 (127.882118)  can0  067   [8]  05 3A 0B 00 37 0B 00 00
 (127.882828)  can0  068   [8]  05 C0 18 01 14 19 01 00
 (127.922123)  can0  067   [8]  0B 6A F1 8E BC 00 00 00
 (127.922904)  can0  068   [8]  0B 6A F1 8E 3C 00 00 00
 (127.982113)  can0  067   [8]  00 F1 C4 02 BD 00 00 00
 (127.982910)  can0  068   [8]  00 8D C7 C2 3C 00 00 00
 (128.002110)  can0  067   [8]  05 4E 0B 00 49 0B 00 00
 (128.002906)  can0  068   [8]  05 AC 18 01 B8 18 01 00
 (128.042126)  can0  067   [8]  0B 6A F1 8E BC 00 00 00
 (128.042145)  can0  067   [8]  12 80 67 00 01 01 00 00
 (128.042147)  can0  067   [8]  0C 02 A1 B6 00 00 80 40
 (128.042830)  can0  068   [8]  0B 6A F1 8E 3C 00 00 00
 (128.042842)  can0  068   [8]  12 80 67 00 01 01 00 00
 (128.043050)  can0  068   [8]  0C 02 A1 A4 00 00 70 10
 (128.102126)  can0  067   [8]  00 35 F7 02 BD 00 00 00
 (128.102932)  can0  068   [8]  00 8D C7 C2 3C 00 00 00
 (128.122120)  can0  067   [8]  05 4D 0B 00 49 0B 00 00
 (128.122921)  can0  068   [8]  05 AC 18 01 80 18 01 00
 (128.162128)  can0  067   [8]  0B 6A F1 8E BC 00 00 00
 (128.162146)  can0  067   [8]  11 06 00 00 00 00 29 01
 (128.162921)  can0  068   [8]  0B 6A F1 8E 3C 00 00 00
 (128.162940)  can0  068   [8]  11 06 00 00 00 00 29 01
 (128.222148)  can0  067   [8]  00 35 F7 02 BD 00 00 00
 (128.222933)  can0  068   [8]  00 49 95 C2 3C 00 00 00
 (128.242124)  can0  067   [8]  05 42 0B 00 40 0B 00 00
 (128.242828)  can0  068   [8]  05 BF 18 01 93 18 01 00
 (128.282123)  can0  067   [8]  0B 6A F1 8E BC 00 00 00
 (128.282927)  can0  068   [8]  0B 6A F1 8E 3C 00 00 00
 (128.342156)  can0  067   [8]  00 35 F7 02 BD 00 00 00
 (128.342950)  can0  068   [8]  00 8D C7 C2 3C 00 00 00
 (128.362154)  can0  067   [8]  05 41 0B 00 40 0B 00 00
 (128.362855)  can0  068   [8]  05 BF 18 01 DD 18 01 00
 (128.402132)  can0  067   [8]  0B 6A F1 8E BC 00 00 00
 (128.402944)  can0  068   [8]  0B 6A F1 8E 3C 00 00 00
 (128.462169)  can0  067   [8]  00 35 F7 02 BD 00 00 00
 (128.462862)  can0  068   [8]  00 49 95 C2 3C 00 00 00
 (128.482113)  can0  067   [8]  05 37 0B 00 40 0B 00 00
 (128.482941)  can0  068   [8]  05 B5 18 01 02 19 01 00
 (128.522091)  can0  067   [8]  0B 6A F1 8E BC 00 00 00
 (128.522934)  can0  068   [8]  0B 6A F1 8E 3C 00 00 00
 (128.582118)  can0  067   [8]  00 57 10 03 BD 00 00 00
 (128.582946)  can0  068   [8]  00 49 95 C2 3C 00 00 00
 (128.602100)  can0  067   [8]  05 4A 0B 00 40 0B 00 00
 (128.602945)  can0  068   [8]  05 B4 18 01 77 18 01 00
 (128.642063)  can0  067   [8]  0B 6A F1 8E BC 00 00 00
 (128.642938)  can0  068   [8]  0B 6A F1 8E 3C 00 00 00
 (128.702154)  can0  067   [8]  00 57 10 03 BD 00 00 00
 (128.702951)  can0  068   [8]  00 D1 F9 C2 3C 00 00 00
 (128.722155)  can0  067   [8]  05 3F 0B 00 2E 0B 00 00
 (128.722950)  can0  068   [8]  05 B4 18 01 CA 18 01 00
 (128.762160)  can0  067   [8]  0B 6A F1 8E BC 00 00 00
 (128.762951)  can0  068   [8]  0B 6A F1 8E 3C 00 00 00
 (128.822108)  can0  067   [8]  00 35 F7 02 BD 00 00 00
 (128.822955)  can0  068   [8]  00 8D C7 C2 3C 00 00 00
 (128.842076)  can0  067   [8]  05 3E 0B 00 24 0B 00 00
 (128.842852)  can0  068   [8]  05 B4 18 01 9C 18 01 00
 (128.882129)  can0  067   [8]  0B 6A F1 8E BC 00 00 00
 (128.882912)  can0  068   [8]  0B 6A F1 8E 3C 00 00 00
 (128.942115)  can0  067   [8]  00 F1 C4 02 BD 00 00 00
 (128.942962)  can0  068   [8]  00 8D C7 C2 3C 00 00 00
 (128.962113)  can0  067   [8]  05 70 0B 00 65 0B 00 00
 (128.962912)  can0  068   [8]  05 B3 18 01 24 18 01 00
 (129.002112)  can0  067   [8]  0B 6A F1 8E BC 00 00 00
 (129.002818)  can0  068   [8]  0B 6A F1 8E 3C 00 00 00
 (129.042154)  can0  067   [8]  12 80 67 00 01 01 00 00
 (129.042177)  can0  067   [8]  0C 02 A1 B6 00 00 70 40
 (129.042856)  can0  068   [8]  12 80 67 00 01 01 00 00
 (129.042874)  can0  068   [8]  0C 02 A1 A4 00 00 70 10
 (129.062107)  can0  067   [8]  00 35 F7 02 BD 00 00 00
 (129.062836)  can0  068   [8]  00 49 95 C2 3C 00 00 00
 (129.082128)  can0  067   [8]  05 3D 0B 00 25 0B 00 00
 (129.082835)  can0  068   [8]  05 B3 18 01 01 19 01 00
 (129.122145)  can0  067   [8]  0B 6A F1 8E BC 00 00 00
 (129.122963)  can0  068   [8]  0B 6A F1 8E 3C 00 00 00
 (129.162118)  can0  067   [8]  11 06 00 00 00 00 29 01
 (129.162908)  can0  068   [8]  11 06 00 00 00 00 29 01
 (129.182120)  can0  067   [8]  00 35 F7 02 BD 00 00 00
 (129.182820)  can0  068   [8]  00 8D C7 C2 3C 00 00 00
 (129.202113)  can0  067   [8]  05 3C 0B 00 40 0B 00 00
 (129.202906)  can0  068   [8]  05 A9 18 01 89 18 01 00
 (129.242099)  can0  067   [8]  0B 6A F1 8E BC 00 00 00
 (129.242937)  can0  068   [8]  0B 6A F1 8E 3C 00 00 00
 (129.302148)  can0  067   [8]  00 35 F7 02 BD 00 00 00
 (129.302902)  can0  068   [8]  00 8D C7 C2 3C 00 00 00
 (129.322127)  can0  067   [8]  05 46 0B 00 40 0B 00 00
 (129.322820)  can0  068   [8]  05 B3 18 01 93 18 01 00
 (129.362079)  can0  067   [8]  0B 6A F1 8E BC 00 00 00
 (129.362963)  can0  068   [8]  0B 6A F1 8E 3C 00 00 00
 (129.422108)  can0  067   [8]  00 35 F7 02 BD 00 00 00
 (129.422963)  can0  068   [8]  00 8D C7 C2 3C 00 00 00
 (129.442126)  can0  067   [8]  05 3B 0B 00 49 0B 00 00
 (129.442995)  can0  068   [8]  05 A8 18 01 DD 18 01 00
 (129.482139)  can0  067   [8]  0B 6A F1 8E BC 00 00 00
 (129.482817)  can0  068   [8]  0B 6A F1 8E 3C 00 00 00
 (129.542172)  can0  067   [8]  00 57 10 03 BD 00 00 00
 (129.542953)  can0  068   [8]  00 05 63 C2 3C 00 00 00
 (129.562149)  can0  067   [8]  05 4E 0B 00 49 0B 00 00
 (129.562853)  can0  068   [8]  05 B2 18 01 80 18 01 00
 (129.602131)  can0  067   [8]  0B 6A F1 8E BC 00 00 00
 (129.602827)  can0  068   [8]  0B 6A F1 8E 3C 00 00 00
 (129.662115)  can0  067   [8]  00 57 10 03 BD 00 00 00
 (129.662917)  can0  068   [8]  00 8D C7 C2 3C 00 00 00
 (129.682122)  can0  067   [8]  05 2F 0B 00 40 0B 00 00
 (129.682935)  can0  068   [8]  05 B2 18 01 0B 19 01 00
 (129.722151)  can0  067   [8]  0B 6A F1 8E BC 00 00 00
 (129.722938)  can0  068   [8]  0B 6A F1 8E 3C 00 00 00
 (129.782176)  can0  067   [8]  00 35 F7 02 BD 00 00 00
 (129.782942)  can0  068   [8]  00 8D C7 C2 3C 00 00 00
 (129.802111)  can0  067   [8]  05 25 0B 00 21 0A 00 00
 (129.802828)  can0  068   [8]  05 A7 18 01 B8 18 01 00
 (129.842113)  can0  067   [8]  0B 6A F1 8E BC 00 00 00
 (129.842943)  can0  068   [8]  0B 6A F1 8E 3C 00 00 00
 (129.902090)  can0  067   [8]  00 13 DE 02 BD 00 00 00
 (129.902841)  can0  068   [8]  00 D1 F9 C2 3C 00 00 00
 (129.922121)  can0  067   [8]  05 42 0B 00 40 0B 00 00
 (129.922838)  can0  068   [8]  05 B1 18 01 C1 18 01 00
 (129.962083)  can0  067   [8]  0B 6A F1 8E BC 00 00 00
 (129.962926)  can0  068   [8]  0B 6A F1 8E 3C 00 00 00
 (130.022155)  can0  067   [8]  00 57 10 03 BD 00 00 00
 (130.022896)  can0  068   [8]  00 49 95 C2 3C 00 00 00
 (130.042135)  can0  067   [8]  05 4B 0B 00 2E 0B 00 00
 (130.042153)  can0  067   [8]  12 80 67 00 01 01 00 00
 (130.042155)  can0  067   [8]  0C 02 A1 B6 00 00 80 40
 (130.042849)  can0  068   [8]  05 B1 18 01 B8 18 01 00
 (130.042861)  can0  068   [8]  12 80 67 00 01 01 00 00
 (130.042958)  can0  068   [8]  0C 02 A1 A4 00 00 70 10
 (130.082110)  can0  067   [8]  0B 6A F1 8E BC 00 00 00
 (130.082915)  can0  068   [8]  0B 6A F1 8E 3C 00 00 00
 (130.142099)  can0  067   [8]  00 57 10 03 BD 00 00 00
 (130.142913)  can0  068   [8]  00 8D C7 C2 3C 00 00 00
 (130.162092)  can0  067   [8]  05 22 0B 00 09 0B 00 00
 (130.162113)  can0  067   [8]  11 06 00 00 00 00 29 01
 (130.162936)  can0  068   [8]  05 A6 18 01 02 19 01 00
 (130.162956)  can0  068   [8]  11 06 00 00 00 00 29 01
 (130.171851)  can0  064   [8]  67 01 92 0A 86 BF 06 00
 (130.174211)  can0  064   [8]  68 01 92 0A 86 3F 06 00
 (130.181962)  can0  067   [8]  11 06 00 00 00 00 09 01
 (130.182848)  can0  068   [8]  11 06 00 00 00 00 09 01
 (130.202021)  can0  067   [8]  0B 13 DE 02 BD 00 00 00
 (130.202873)  can0  068   [8]  0B D1 F9 C2 3C 00 00 00
 (130.262109)  can0  067   [8]  00 86 6B 05 BD 00 00 00
 (130.262948)  can0  068   [8]  00 05 63 C2 3C 00 00 00
 (130.282109)  can0  067   [8]  05 6C 2E 00 6E 2E 00 00
 (130.282830)  can0  068   [8]  05 7B 2F 01 73 2F 01 00
 (130.322094)  can0  067   [8]  0B DF 74 03 BD 00 00 00
 (130.322922)  can0  068   [8]  0B 69 27 C4 3C 00 00 00
 (130.382112)  can0  067   [8]  00 61 44 08 BD 00 00 00
 (130.382943)  can0  068   [8]  00 E1 C2 C3 3C 00 00 00
 (130.402120)  can0  067   [8]  05 BF 2E 00 A2 2E 00 00
 (130.402918)  can0  068   [8]  05 D3 30 01 CA 30 01 00
 (130.442158)  can0  067   [8]  0B 1F 99 06 BD 00 00 00
 (130.442973)  can0  068   [8]  0B EA 6F CA 3C 00 00 00
 (130.502151)  can0  067   [8]  00 81 D6 09 BD 00 00 00
 (130.502862)  can0  068   [8]  00 69 27 C4 3C 00 00 00
 (130.522108)  can0  067   [8]  05 FB 30 00 EA 30 00 00
 (130.522904)  can0  068   [8]  05 EE 33 01 C8 33 01 00
 (130.562163)  can0  067   [8]  0B 7C 41 0E BD 00 00 00
 (130.562912)  can0  068   [8]  0B A2 C0 D9 3C 00 00 00
 (130.622127)  can0  067   [8]  00 D5 D1 0A BD 00 00 00
 (130.622846)  can0  068   [8]  00 9D 90 C3 3C 00 00 00
 (130.642112)  can0  067   [8]  05 72 35 00 6A 35 00 00
 (130.642937)  can0  068   [8]  05 B6 38 01 94 38 01 00
 (130.682075)  can0  067   [8]  0B BE 7D 1C BD 00 00 00
 (130.682932)  can0  068   [8]  0B 29 39 F6 3C 00 00 00
 (130.742131)  can0  067   [8]  00 8F 18 0C BD 00 00 00
 (130.742955)  can0  068   [8]  00 79 F0 C4 3C 00 00 00
 (130.762121)  can0  067   [8]  05 96 3D 00 21 3B 00 00
 (130.762870)  can0  068   [8]  05 03 41 01 32 41 01 00
 (130.802135)  can0  067   [8]  0B 90 44 33 BD 00 00 00
 (130.802936)  can0  068   [8]  0B 65 E3 11 3D 00 00 00
 (130.862127)  can0  067   [8]  00 12 AF 52 BD 00 00 00
 (130.862819)  can0  068   [8]  00 4F 2A 3E 3D 00 00 00
 (130.882134)  can0  067   [8]  05 1C 1C 00 AB 1B 00 00
 (130.882933)  can0  068   [8]  05 28 1A 01 CB 19 01 00
 (130.922101)  can0  067   [8]  0B 98 8C 54 BD 00 00 00
 (130.922926)  can0  068   [8]  0B B2 5D 33 3D 00 00 00
 (130.982131)  can0  067   [8]  00 EC C0 93 BD 00 00 00
 (130.982968)  can0  068   [8]  00 48 CE 80 3D 00 00 00
 (131.002092)  can0  067   [8]  05 B2 1B 00 33 1B 00 00
 (131.002973)  can0  068   [8]  05 F8 1D 01 12 1F 01 00
 (131.042148)  can0  067   [8]  0B E2 82 80 BD 00 00 00
 (131.042172)  can0  067   [8]  12 80 67 00 01 01 00 00
 (131.042174)  can0  067   [8]  0C 02 A1 AD 40 00 50 7E
 (131.043023)  can0  068   [8]  0B 23 09 60 3D 00 00 00
 (131.043049)  can0  068   [8]  12 80 67 00 01 01 00 00
 (131.043051)  can0  068   [8]  0C 02 A1 89 3E 00 50 7E
 (131.102076)  can0  067   [8]  00 F0 5F 9D BD 00 00 00
 (131.102940)  can0  068   [8]  00 46 4C 89 3D 00 00 00
 (131.122120)  can0  067   [8]  05 11 26 00 02 27 00 00
 (131.122925)  can0  068   [8]  05 DB 26 01 19 28 01 00
 (131.162099)  can0  067   [8]  0B 0B 58 9C BD 00 00 00
 (131.162951)  can0  068   [8]  0B FE 0B 8C 3D 00 00 00
 (131.182073)  can0  067   [8]  11 06 00 00 00 00 09 01
 (131.182943)  can0  068   [8]  11 06 00 00 00 00 09 01
 (131.222121)  can0  067   [8]  00 73 5B C9 BD 00 00 00
 (131.222957)  can0  068   [8]  00 68 96 B7 3D 00 00 00
 (131.242109)  can0  067   [8]  05 4B 1B 00 B6 1A 00 00
 (131.242861)  can0  068   [8]  05 84 1C 01 9F 1C 01 00
 (131.281994)  can0  067   [8]  0B 57 D2 BD BD 00 00 00
 (131.282863)  can0  068   [8]  0B FD AB AD 3D 00 00 00
 (131.342070)  can0  067   [8]  00 D3 A7 E1 BD 00 00 00
 (131.342841)  can0  068   [8]  00 41 7E CF 3D 00 00 00
 (131.362084)  can0  067   [8]  05 52 25 00 DA 25 00 00
 (131.362933)  can0  068   [8]  05 C9 28 01 67 27 01 00
 (131.402145)  can0  067   [8]  0B BE 49 E5 BD 00 00 00
 (131.402963)  can0  068   [8]  0B 39 62 D5 3D 00 00 00
 (131.462134)  can0  067   [8]  00 47 12 0C BE 00 00 00
 (131.462943)  can0  068   [8]  00 57 10 03 3E 00 00 00
 (131.482119)  can0  067   [8]  05 E4 18 00 38 18 00 00
 (131.482943)  can0  068   [8]  05 EA 1A 01 3B 1B 01 00
 (131.522148)  can0  067   [8]  0B 9C CE 08 BE 00 00 00
 (131.522841)  can0  068   [8]  0B 8C 00 01 3E 00 00 00
 (131.582144)  can0  067   [8]  00 95 43 1B BE 00 00 00
 (131.582969)  can0  068   [8]  00 08 40 11 3E 00 00 00
 (131.602129)  can0  067   [8]  05 90 29 00 77 28 00 00
 (131.602867)  can0  068   [8]  05 CE 2C 01 C2 2B 01 00
 (131.642059)  can0  067   [8]  0B 7B D7 21 BE 00 00 00
 (131.642886)  can0  068   [8]  0B 68 35 1A 3E 00 00 00
 (131.702131)  can0  067   [8]  00 F6 5A 3D BE 00 00 00
 (131.702972)  can0  068   [8]  00 45 B7 34 3E 00 00 00
 (131.722138)  can0  067   [8]  05 07 1C 00 48 1C 00 00
 (131.722876)  can0  068   [8]  05 4C 1E 01 AE 1D 01 00
 (131.762122)  can0  067   [8]  0B 21 1C 3D BE 00 00 00
 (131.762849)  can0  068   [8]  0B 51 AC 35 3E 00 00 00
 (131.822118)  can0  067   [8]  00 2F 2E 50 BE 00 00 00
 (131.822957)  can0  068   [8]  00 71 0E 48 3E 00 00 00
 (131.842123)  can0  067   [8]  05 8C 21 00 27 21 00 00
 (131.842807)  can0  068   [8]  05 63 23 01 EA 22 01 00
 (131.882132)  can0  067   [8]  0B E2 1E 5A BE 00 00 00
 (131.882965)  can0  068   [8]  0B 56 E1 52 3E 00 00 00
 (131.942121)  can0  067   [8]  00 8F 7F 6F BE 00 00 00
 (131.942921)  can0  068   [8]  00 27 E2 66 3E 00 00 00
 (131.961998)  can0  067   [8]  05 6F 27 00 5B 26 00 00
 (131.962898)  can0  068   [8]  05 F6 28 01 CA 29 01 00
 (132.002143)  can0  067   [8]  0B 83 55 78 BE 00 00 00
 (132.002677)  can0  068   [8]  0B CC 56 71 3E 00 00 00
 (132.042129)  can0  067   [8]  12 80 67 00 01 01 00 00
 (132.042151)  can0  067   [8]  0C 02 A1 92 FF 00 00 7E
 (132.042860)  can0  068   [8]  12 80 67 00 01 01 00 00
 (132.042873)  can0  068   [8]  0C 02 A1 A4 FF 00 00 7E
 (132.062132)  can0  067   [8]  00 9C CE 88 BE 00 00 00
 (132.062858)  can0  068   [8]  00 EA 69 84 3E 00 00 00
 (132.082095)  can0  067   [8]  05 47 22 00 53 21 00 00
 (132.082956)  can0  068   [8]  05 35 26 01 CA 24 01 00
 (132.122074)  can0  067   [8]  0B 52 A4 8B BE 00 00 00
 (132.122927)  can0  068   [8]  0B 61 44 88 3E 00 00 00
 (132.182121)  can0  067   [8]  00 EB 62 99 BE 00 00 00
 (132.182141)  can0  067   [8]  11 06 00 00 00 00 09 01
 (132.182957)  can0  068   [8]  00 15 FB 94 3E 00 00 00
 (132.182976)  can0  068   [8]  11 06 00 00 00 00 09 01
 (132.202122)  can0  067   [8]  05 3C 1B 00 E5 1A 00 00
 (132.202832)  can0  068   [8]  05 A5 1E 01 30 1E 01 00
 (132.242115)  can0  067   [8]  0B 4D 3D 9B BE 00 00 00
 (132.242924)  can0  068   [8]  0B C6 FC 97 3E 00 00 00
 (132.302108)  can0  067   [8]  00 76 42 A6 BE 00 00 00
 (132.302912)  can0  068   [8]  00 91 74 A2 3E 00 00 00
 (132.322097)  can0  067   [8]  05 0A 1C 00 AE 1B 00 00
 (132.322924)  can0  068   [8]  05 C5 1F 01 7E 1F 01 00
 (132.362098)  can0  067   [8]  0B 48 D6 AA BE 00 00 00
 (132.362941)  can0  068   [8]  0B 2C B5 A7 3E 00 00 00
 (132.422132)  can0  067   [8]  00 CF 05 B5 BE 00 00 00
 (132.422926)  can0  068   [8]  00 34 28 B1 3E 00 00 00
 (132.442086)  can0  067   [8]  05 A4 24 00 6E 24 00 00
 (132.442930)  can0  068   [8]  05 0A 27 01 11 26 01 00
 (132.482126)  can0  067   [8]  0B 1E 6C BA BE 00 00 00
 (132.482844)  can0  068   [8]  0B 91 6D B7 3E 00 00 00
 (132.542106)  can0  067   [8]  00 97 98 C6 BE 00 00 00
 (132.542842)  can0  068   [8]  00 C7 EE C1 3E 00 00 00
 (132.562027)  can0  067   [8]  05 34 22 00 2C 21 00 00
 (132.562880)  can0  068   [8]  05 4C 26 01 D9 25 01 00
 (132.602095)  can0  067   [8]  0B 19 05 CA BE 00 00 00
 (132.602930)  can0  068   [8]  0B F6 25 C7 3E 00 00 00
 (132.662090)  can0  067   [8]  00 FA C9 D7 BE 00 00 00
 (132.662923)  can0  068   [8]  00 66 AA D3 3E 00 00 00
 (132.682109)  can0  067   [8]  05 1E 1B 00 CA 1A 00 00
 (132.682827)  can0  068   [8]  05 02 20 01 D6 1F 01 00
 (132.722130)  can0  067   [8]  0B 7E BD D9 BE 00 00 00
 (132.722968)  can0  068   [8]  0B C6 FD D6 3E 00 00 00
 (132.782091)  can0  067   [8]  00 B6 04 E7 BE 00 00 00
 (132.782941)  can0  068   [8]  00 FB F7 E2 3E 00 00 00
 (132.802115)  can0  067   [8]  05 1C 17 00 E5 16 00 00
 (132.802935)  can0  068   [8]  05 E3 1B 01 08 1C 01 00
 (132.842124)  can0  067   [8]  0B EA 33 E9 BE 00 00 00
 (132.842942)  can0  068   [8]  0B 9D 93 E6 3E 00 00 00
 (132.902103)  can0  067   [8]  00 92 92 F3 BE 00 00 00
 (132.902857)  can0  068   [8]  00 62 D4 EF 3E 00 00 00
 (132.922119)  can0  067   [8]  05 EB 1D 00 3A 1D 00 00
 (132.922941)  can0  068   [8]  05 D5 21 01 56 21 01 00
 (132.962120)  can0  067   [8]  0B E5 CC F8 BE 00 00 00
 (132.962850)  can0  068   [8]  0B 02 4C F6 3E 00 00 00
 (133.022104)  can0  067   [8]  00 DF 11 02 BF 00 00 00
 (133.022939)  can0  068   [8]  00 A3 24 00 3F 00 00 00
 (133.042123)  can0  067   [8]  05 A1 21 00 2F 21 00 00
 (133.042141)  can0  067   [8]  12 80 67 00 01 01 00 00
 (133.042143)  can0  067   [8]  0C 02 A1 9B FF 00 00 7E
 (133.042849)  can0  068   [8]  05 8C 25 01 BD 24 01 00
 (133.042859)  can0  068   [8]  12 80 67 00 01 01 00 00
 (133.042995)  can0  068   [8]  0C 02 A1 AD FF 00 00 7E
 (133.082088)  can0  067   [8]  0B F0 32 04 BF 00 00 00
 (133.082945)  can0  068   [8]  0B 34 02 03 3F 00 00 00
 (133.142100)  can0  067   [8]  00 F9 DF 0A BF 00 00 00
 (133.142855)  can0  068   [8]  00 51 DE 08 3F 00 00 00
 (133.162093)  can0  067   [8]  05 66 1B 00 DE 1A 00 00
 (133.162856)  can0  068   [8]  05 C5 21 01 A3 20 01 00
 (133.182096)  can0  067   [8]  11 06 00 00 00 00 09 01
 (133.182941)  can0  068   [8]  11 06 00 00 00 00 09 01
 (133.202115)  can0  067   [8]  0B 6D FF 0B BF 00 00 00
 (133.202955)  can0  068   [8]  0B 66 DE 0A 3F 00 00 00
 (133.262130)  can0  067   [8]  00 68 30 13 BF 00 00 00
 (133.262966)  can0  068   [8]  00 31 17 11 3F 00 00 00
 (133.282123)  can0  067   [8]  05 93 15 00 1A 15 00 00
 (133.282942)  can0  068   [8]  05 1E 1B 01 50 1B 01 00
 (133.321996)  can0  067   [8]  0B 59 CA 13 BF 00 00 00
 (133.322881)  can0  068   [8]  0B 99 BA 12 3F 00 00 00
 (133.382044)  can0  067   [8]  00 28 D7 19 BF 00 00 00
 (133.382884)  can0  068   [8]  00 32 11 18 3F 00 00 00
 (133.402111)  can0  067   [8]  05 ED 14 00 D4 14 00 00
 (133.402946)  can0  068   [8]  05 07 1B 01 7C 1A 01 00
 (133.442096)  can0  067   [8]  0B 1D A8 1B BF 00 00 00
 (133.442787)  can0  068   [8]  0B 13 A8 1A 3F 00 00 00
 (133.502136)  can0  067   [8]  00 91 06 21 BF 00 00 00
 (133.502954)  can0  068   [8]  00 2E 37 1F 3F 00 00 00
 (133.522105)  can0  067   [8]  05 32 1E 00 43 1D 00 00
 (133.522919)  can0  068   [8]  05 58 23 01 EA 22 01 00
 (133.562099)  can0  067   [8]  0B 53 63 23 BF 00 00 00
 (133.562871)  can0  068   [8]  0B FE 72 22 3F 00 00 00
 (133.622122)  can0  067   [8]  00 AF A8 29 BF 00 00 00
 (133.622971)  can0  068   [8]  00 2D AA 27 3F 00 00 00
 (133.642159)  can0  067   [8]  05 AF 1B 00 19 1B 00 00
 (133.642936)  can0  068   [8]  05 DE 21 01 DE 20 01 00
 (133.682118)  can0  067   [8]  0B 3F 2E 2B BF 00 00 00
 (133.682861)  can0  068   [8]  0B 31 4F 2A 3F 00 00 00
 (133.742083)  can0  067   [8]  00 19 3B 32 BF 00 00 00
 (133.742858)  can0  068   [8]  00 22 75 30 3F 00 00 00
 (133.762111)  can0  067   [8]  05 81 15 00 FD 14 00 00
 (133.762936)  can0  068   [8]  05 20 1C 01 1A 1B 01 00
 (133.802111)  can0  067   [8]  0B BC FA 32 BF 00 00 00
 (133.802921)  can0  068   [8]  0B 64 2B 32 3F 00 00 00
 (133.862104)  can0  067   [8]  00 78 C2 39 BF 00 00 00
 (133.862819)  can0  068   [8]  00 3E CA 37 3F 00 00 00
 (133.882075)  can0  067   [8]  05 09 11 00 39 11 00 00
 (133.882924)  can0  068   [8]  05 9B 18 01 87 18 01 00
 (133.922099)  can0  067   [8]  0B 3A C7 3A BF 00 00 00
 (133.922933)  can0  068   [8]  0B 97 07 3A 3F 00 00 00
 (133.982130)  can0  067   [8]  00 67 09 40 BF 00 00 00
 (133.982961)  can0  068   [8]  00 6F 59 3E 3F 00 00 00
 (134.002091)  can0  067   [8]  05 90 17 00 83 17 00 00
 (134.002953)  can0  068   [8]  05 10 1E 01 01 1E 01 00
 (134.042119)  can0  067   [8]  0B B7 93 42 BF 00 00 00
 (134.042142)  can0  067   [8]  12 80 67 00 01 01 00 00
 (134.042144)  can0  067   [8]  0C 02 A1 89 FF 00 00 7E
 (134.042853)  can0  068   [8]  0B C8 E3 41 3F 00 00 00
 (134.042869)  can0  068   [8]  12 80 67 00 01 01 00 00
 (134.043040)  can0  068   [8]  0C 02 A1 92 FF 00 00 7E
 (134.102154)  can0  067   [8]  00 66 71 48 BF 00 00 00
 (134.102999)  can0  068   [8]  00 95 AE 46 3F 00 00 00
 (134.122116)  can0  067   [8]  05 C6 1A 00 57 1A 00 00
 (134.122865)  can0  068   [8]  05 A3 21 01 67 21 01 00
 (134.162125)  can0  067   [8]  0B A2 5E 4A BF 00 00 00
 (134.162949)  can0  068   [8]  0B 69 BE 49 3F 00 00 00
 (134.182106)  can0  067   [8]  11 06 00 00 00 00 09 01
 (134.182943)  can0  068   [8]  11 06 00 00 00 00 09 01
 (134.222109)  can0  067   [8]  00 3C 0D 51 BF 00 00 00
 (134.222934)  can0  068   [8]  00 FB 61 4F 3F 00 00 00
 (134.242104)  can0  067   [8]  05 88 14 00 51 14 00 00
 (134.242941)  can0  068   [8]  05 95 1C 01 AB 1B 01 00
 (134.282100)  can0  067   [8]  0B 69 26 52 BF 00 00 00
 (134.282931)  can0  068   [8]  0B 77 97 51 3F 00 00 00
 (134.342130)  can0  067   [8]  00 D3 4A 59 BF 00 00 00
 (134.342964)  can0  068   [8]  00 00 93 57 3F 00 00 00
 (134.362145)  can0  067   [8]  05 76 0E 00 49 0E 00 00
 (134.362853)  can0  068   [8]  05 D7 14 01 2B 15 01 00
 (134.402101)  can0  067   [8]  0B E9 D1 59 BF 00 00 00
 (134.402941)  can0  068   [8]  0B AD 52 59 3F 00 00 00
 (134.462111)  can0  067   [8]  00 85 12 5F BF 00 00 00
 (134.462935)  can0  068   [8]  00 3C A9 5D 3F 00 00 00
 (134.482103)  can0  067   [8]  05 5F 10 00 37 10 00 00
 (134.482934)  can0  068   [8]  05 6B 17 01 42 17 01 00
 (134.522103)  can0  067   [8]  0B 95 3E 61 BF 00 00 00
 (134.522847)  can0  068   [8]  0B 0E CF 60 3F 00 00 00
 (134.581869)  can0  067   [8]  00 7B 7A 66 BF 00 00 00
 (134.582952)  can0  068   [8]  00 EA FF 64 3F 00 00 00
 (134.602075)  can0  067   [8]  05 D3 16 00 4A 16 00 00
 (134.602934)  can0  068   [8]  05 62 1E 01 F6 1D 01 00
 (134.642103)  can0  067   [8]  0B 94 4E 68 BF 00 00 00
 (134.642939)  can0  068   [8]  0B C2 EE 67 3F 00 00 00
 (134.702096)  can0  067   [8]  00 3D 6E 6E BF 00 00 00
 (134.702961)  can0  068   [8]  00 5B 45 6D 3F 00 00 00
 (134.722137)  can0  067   [8]  05 1E 10 00 57 0F 00 00
 (134.722970)  can0  068   [8]  05 84 15 01 BE 14 01 00
 (134.762138)  can0  067   [8]  0B E7 EB 6E BF 00 00 00
 (134.762861)  can0  068   [8]  0B CB 9B 6E 3F 00 00 00
 (134.822087)  can0  067   [8]  00 F5 FE 73 BF 00 00 00
 (134.822976)  can0  068   [8]  00 F8 7A 72 3F 00 00 00
 (134.842105)  can0  067   [8]  05 CC 09 00 7B 09 00 00
 (134.842950)  can0  068   [8]  05 E6 10 01 CE 10 01 00
 (134.882114)  can0  067   [8]  0B 71 D1 74 BF 00 00 00
 (134.882930)  can0  068   [8]  0B 78 8F 74 3F 00 00 00
 (134.942107)  can0  067   [8]  00 4A 23 79 BF 00 00 00
 (134.942852)  can0  068   [8]  00 AD 21 78 3F 00 00 00
 (134.962087)  can0  067   [8]  05 09 13 00 FD 12 00 00
 (134.962922)  can0  068   [8]  05 57 19 01 0C 19 01 00
 (135.002023)  can0  067   [8]  0B 0D 12 7A BF 00 00 00
 (135.002885)  can0  068   [8]  0B A4 DC 79 3F 00 00 00
 (135.042119)  can0  067   [8]  12 80 67 00 01 01 00 00
 (135.042143)  can0  067   [8]  0C 02 A1 89 FF 00 00 7E
 (135.042937)  can0  068   [8]  12 80 67 00 01 01 00 00
 (135.042961)  can0  068   [8]  0C 02 A1 92 FF 00 00 7E
 (135.062143)  can0  067   [8]  00 53 C5 7F BF 00 00 00
 (135.062945)  can0  068   [8]  00 BD 8C 7E 3F 00 00 00
 (135.082134)  can0  067   [8]  05 66 05 00 B3 05 00 00
 (135.082843)  can0  068   [8]  05 FD 0A 01 54 0B 01 00
 (135.122065)  can0  067   [8]  0B 04 9E 7E BF 00 00 00
 (135.122934)  can0  068   [8]  0B 2D 75 7E 3F 00 00 00
 (135.181916)  can0  067   [8]  00 2B 35 81 BF 00 00 00
 (135.181955)  can0  067   [8]  11 06 00 00 00 00 09 01
 (135.182959)  can0  068   [8]  00 5C BF 80 3F 00 00 00
 (135.182983)  can0  068   [8]  11 06 00 00 00 00 09 01
 (135.202117)  can0  067   [8]  05 BE 0F 00 4A 10 00 00
 (135.202934)  can0  068   [8]  05 84 16 01 F7 16 01 00
 (135.242059)  can0  067   [8]  0B 74 3B 81 BF 00 00 00
 (135.242927)  can0  068   [8]  0B BF 2B 81 3F 00 00 00
 (135.302086)  can0  067   [8]  00 BF 45 83 BF 00 00 00
 (135.302933)  can0  068   [8]  00 81 DC 82 3F 00 00 00
 (135.322082)  can0  067   [8]  05 4E 08 00 7D 08 00 00
 (135.322849)  can0  068   [8]  05 A8 0B 01 CD 0B 01 00
 (135.362131)  can0  067   [8]  0B 5E CE 82 BF 00 00 00
 (135.362936)  can0  068   [8]  0B 96 C2 82 3F 00 00 00
 (135.422084)  can0  067   [8]  00 65 9B 84 BF 00 00 00
 (135.422931)  can0  068   [8]  00 E9 74 84 3F 00 00 00
 (135.442108)  can0  067   [8]  05 3F 0C 00 FC 0B 00 00
 (135.442858)  can0  068   [8]  05 E9 0F 01 A0 0F 01 00
 (135.482175)  can0  067   [8]  0B F4 06 84 BF 00 00 00
 (135.482929)  can0  068   [8]  0B 1A FF 83 3F 00 00 00
 (135.542086)  can0  067   [8]  00 8F CA 85 BF 00 00 00
 (135.542840)  can0  068   [8]  00 AF 42 85 3F 00 00 00
 (135.562121)  can0  067   [8]  05 F5 09 00 1F 0A 00 00
 (135.562833)  can0  068   [8]  05 DA 0E 01 99 0F 01 00
 (135.602104)  can0  067   [8]  0B CB E6 84 BF 00 00 00
 (135.602844)  can0  068   [8]  0B DE E2 84 3F 00 00 00
 (135.662078)  can0  067   [8]  00 D4 A8 86 BF 00 00 00
 (135.662944)  can0  068   [8]  00 DC 5B 86 3F 00 00 00
 (135.682115)  can0  067   [8]  05 49 08 00 36 08 00 00
 (135.682952)  can0  068   [8]  05 C0 0B 01 C4 0B 01 00
 (135.722136)  can0  067   [8]  0B 73 7A 85 BF 00 00 00
 (135.722959)  can0  068   [8]  0B 17 78 85 3F 00 00 00
 (135.782095)  can0  067   [8]  00 EC 24 87 BF 00 00 00
 (135.782917)  can0  068   [8]  00 BB EE 86 3F 00 00 00
 (135.802089)  can0  067   [8]  05 6D 08 00 56 08 00 00
 (135.802833)  can0  068   [8]  05 D1 0A 01 EE 0A 01 00
 (135.842111)  can0  067   [8]  0B D7 D0 85 BF 00 00 00
 (135.842944)  can0  068   [8]  0B 0E D0 85 3F 00 00 00
 (135.902106)  can0  067   [8]  00 3D 8A 87 BF 00 00 00
 (135.902964)  can0  068   [8]  00 B2 46 87 3F 00 00 00
 (135.922085)  can0  067   [8]  05 D2 06 00 05 03 00 00
 (135.922953)  can0  068   [8]  05 41 0A 01 41 0A 01 00
 (135.962122)  can0  067   [8]  0B 41 FB 85 BF 00 00 00
 (135.962843)  can0  068   [8]  0B 78 FA 85 3F 00 00 00
 (136.022143)  can0  067   [8]  00 E0 9D 87 BF 00 00 00
 (136.022961)  can0  068   [8]  00 66 61 87 3F 00 00 00
 (136.042031)  can0  067   [8]  05 E1 07 00 EB 07 00 00
 (136.042056)  can0  067   [8]  12 80 67 00 01 01 00 00
 (136.042184)  can0  067   [8]  0C 02 A1 B6 69 00 00 7E
 (136.042882)  can0  068   [8]  05 09 0B 01 13 0B 01 00
 (136.042897)  can0  068   [8]  12 80 67 00 01 01 00 00
 (136.043058)  can0  068   [8]  0C 02 A1 89 70 00 00 7E
 (136.082154)  can0  067   [8]  0B 9C 08 86 BF 00 00 00
 (136.082976)  can0  068   [8]  0B 9C 08 86 3F 00 00 00
 (136.142066)  can0  067   [8]  00 72 9F 87 BF 00 00 00
 (136.142870)  can0  068   [8]  00 2F 62 87 3F 00 00 00
 (136.162080)  can0  067   [8]  05 6D 08 00 38 08 00 00
 (136.162955)  can0  068   [8]  05 B6 0B 01 BA 0B 01 00
 (136.182114)  can0  067   [8]  11 06 00 00 00 00 29 01
 (136.182860)  can0  068   [8]  11 06 00 00 00 00 29 01
 (136.202115)  can0  067   [8]  0B 2E 0A 86 BF 00 00 00
 (136.202981)  can0  068   [8]  0B 2E 0A 86 3F 00 00 00
 (136.262080)  can0  067   [8]  00 A7 B4 87 BF 00 00 00
 (136.262881)  can0  068   [8]  00 66 61 87 3F 00 00 00
 (136.282099)  can0  067   [8]  05 28 04 01 3B 04 01 00
 (136.282969)  can0  068   [8]  05 16 00 01 0A 00 01 00
 (136.322136)  can0  067   [8]  0B 2E 0A 86 BF 00 00 00
 (136.322960)  can0  068   [8]  0B 2E 0A 86 3F 00 00 00
 (136.382091)  can0  067   [8]  00 02 B7 87 BF 00 00 00
 (136.382962)  can0  068   [8]  00 66 61 87 3F 00 00 00
 (136.402127)  can0  067   [8]  05 15 04 01 47 04 01 00
 (136.402968)  can0  068   [8]  05 16 00 01 1C 00 01 00
 (136.442085)  can0  067   [8]  0B 2E 0A 86 BF 00 00 00
 (136.442981)  can0  068   [8]  0B 2E 0A 86 3F 00 00 00
 (136.502126)  can0  067   [8]  00 CB B7 87 BF 00 00 00
 (136.502996)  can0  068   [8]  00 66 61 87 3F 00 00 00
 (136.522100)  can0  067   [8]  05 2A 04 01 6C 04 01 00
 (136.522979)  can0  068   [8]  05 1F 00 01 38 00 01 00
 (136.562059)  can0  067   [8]  0B 2E 0A 86 BF 00 00 00
 (136.562976)  can0  068   [8]  0B 2E 0A 86 3F 00 00 00
 (136.622257)  can0  067   [8]  00 A7 B4 87 BF 00 00 00
 (136.622884)  can0  068   [8]  00 2F 62 87 3F 00 00 00
 (136.642092)  can0  067   [8]  05 2A 04 01 51 04 01 00
 (136.642978)  can0  068   [8]  05 1F 00 01 25 00 01 00
 (136.682099)  can0  067   [8]  0B 2E 0A 86 BF 00 00 00
 (136.682895)  can0  068   [8]  0B 2E 0A 86 3F 00 00 00
 (136.742122)  can0  067   [8]  00 A7 B4 87 BF 00 00 00
 (136.742974)  can0  068   [8]  00 9D 60 87 3F 00 00 00
 (136.762062)  can0  067   [8]  05 2B 04 01 D8 03 01 00
 (136.762976)  can0  068   [8]  05 28 00 01 2F 00 01 00
 (136.802125)  can0  067   [8]  0B 2E 0A 86 BF 00 00 00
 (136.802988)  can0  068   [8]  0B 2E 0A 86 3F 00 00 00
 (136.862097)  can0  067   [8]  00 39 B6 87 BF 00 00 00
 (136.862897)  can0  068   [8]  00 9D 60 87 3F 00 00 00
 (136.882130)  can0  067   [8]  05 22 04 01 47 04 01 00
 (136.883005)  can0  068   [8]  05 1E 00 01 26 00 01 00
 (136.922123)  can0  067   [8]  0B 2E 0A 86 BF 00 00 00
 (136.922989)  can0  068   [8]  0B 2E 0A 86 3F 00 00 00
 (136.982141)  can0  067   [8]  00 39 B6 87 BF 00 00 00
 (136.983010)  can0  068   [8]  00 9D 60 87 3F 00 00 00
 (137.002143)  can0  067   [8]  05 22 04 01 BF 04 01 00
 (137.002902)  can0  068   [8]  05 27 00 01 25 00 01 00
 (137.042139)  can0  067   [8]  0B 2E 0A 86 BF 00 00 00
 (137.042162)  can0  067   [8]  12 80 67 00 01 01 00 00
 (137.042164)  can0  067   [8]  0C 02 A1 92 01 00 60 44
 (137.042934)  can0  068   [8]  0B 2E 0A 86 3F 00 00 00
 (137.042966)  can0  068   [8]  12 80 67 00 01 01 00 00
 (137.042978)  can0  068   [8]  0C 02 A1 89 00 00 70 02
 (137.102099)  can0  067   [8]  00 70 B5 87 BF 00 00 00
 (137.103007)  can0  068   [8]  00 D4 5F 87 3F 00 00 00
 (137.122122)  can0  067   [8]  05 23 04 01 10 04 01 00
 (137.123001)  can0  068   [8]  05 1C 00 01 25 00 01 00
 (137.162045)  can0  067   [8]  0B 2E 0A 86 BF 00 00 00
 (137.162981)  can0  068   [8]  0B 2E 0A 86 3F 00 00 00
 (137.182026)  can0  067   [8]  11 06 00 00 00 00 29 01
 (137.183014)  can0  068   [8]  11 06 00 00 00 00 29 01
 (137.222091)  can0  067   [8]  00 A7 B4 87 BF 00 00 00
 (137.223016)  can0  068   [8]  00 D4 5F 87 3F 00 00 00
 (137.242059)  can0  067   [8]  05 2E 04 01 47 04 01 00
 (137.243010)  can0  068   [8]  05 26 00 01 2F 00 01 00
 (137.282086)  can0  067   [8]  0B 2E 0A 86 BF 00 00 00
 (137.282994)  can0  068   [8]  0B 2E 0A 86 3F 00 00 00
 (137.342116)  can0  067   [8]  00 A7 B4 87 BF 00 00 00
 (137.343001)  can0  068   [8]  00 D4 5F 87 3F 00 00 00
 (137.362122)  can0  067   [8]  05 39 04 01 D8 03 01 00
 (137.362899)  can0  068   [8]  05 2F 00 01 82 00 01 00
 (137.402152)  can0  067   [8]  0B 2E 0A 86 BF 00 00 00
 (137.402991)  can0  068   [8]  0B 2E 0A 86 3F 00 00 00
 (137.462079)  can0  067   [8]  00 A7 B4 87 BF 00 00 00
 (137.463000)  can0  068   [8]  00 66 61 87 3F 00 00 00
 (137.482099)  can0  067   [8]  05 3A 04 01 6C 04 01 00
 (137.482929)  can0  068   [8]  05 25 00 01 2F 00 01 00
 (137.522146)  can0  067   [8]  0B 2E 0A 86 BF 00 00 00
 (137.523007)  can0  068   [8]  0B 2E 0A 86 3F 00 00 00
 (137.582055)  can0  067   [8]  00 70 B5 87 BF 00 00 00
 (137.583005)  can0  068   [8]  00 9D 60 87 3F 00 00 00
 (137.602073)  can0  067   [8]  05 25 04 01 6C 04 01 00
 (137.602900)  can0  068   [8]  05 2E 00 01 53 00 01 00
 (137.642057)  can0  067   [8]  0B 2E 0A 86 BF 00 00 00
 (137.643003)  can0  068   [8]  0B 2E 0A 86 3F 00 00 00
 (137.702129)  can0  067   [8]  00 02 B7 87 BF 00 00 00
 (137.703016)  can0  068   [8]  00 9D 60 87 3F 00 00 00
 (137.722097)  can0  067   [8]  05 3B 04 01 63 04 01 00
 (137.723025)  can0  068   [8]  05 24 00 01 2F 00 01 00
 (137.762110)  can0  067   [8]  0B 2E 0A 86 BF 00 00 00
 (137.762956)  can0  068   [8]  0B 2E 0A 86 3F 00 00 00
 (137.822085)  can0  067   [8]  00 70 B5 87 BF 00 00 00
 (137.823005)  can0  068   [8]  00 D4 5F 87 3F 00 00 00
 (137.842092)  can0  067   [8]  05 31 04 01 51 04 01 00
 (137.843012)  can0  068   [8]  05 2D 00 01 2F 00 01 00
 (137.882096)  can0  067   [8]  0B 2E 0A 86 BF 00 00 00
 (137.883018)  can0  068   [8]  0B 2E 0A 86 3F 00 00 00
 (137.942117)  can0  067   [8]  00 39 B6 87 BF 00 00 00
 (137.942844)  can0  068   [8]  00 9D 60 87 3F 00 00 00
 (137.962109)  can0  067   [8]  05 3C 04 01 2C 04 01 00
 (137.962830)  can0  068   [8]  05 2D 00 01 38 00 01 00
 (138.002117)  can0  067   [8]  0B 2E 0A 86 BF 00 00 00
 (138.003023)  can0  068   [8]  0B 2E 0A 86 3F 00 00 00
 (138.042127)  can0  067   [8]  12 80 67 00 01 01 00 00
 (138.042149)  can0  067   [8]  0C 02 A1 92 00 00 70 04
 (138.043021)  can0  068   [8]  12 80 67 00 01 01 00 00
 (138.043042)  can0  068   [8]  0C 02 A1 89 00 00 70 02
 (138.062110)  can0  067   [8]  00 A7 B4 87 BF 00 00 00
 (138.063031)  can0  068   [8]  00 D4 5F 87 3F 00 00 00
 (138.082124)  can0  067   [8]  05 3D 04 01 07 04 01 00
 (138.082968)  can0  068   [8]  05 2C 00 01 2E 00 01 00
 (138.122124)  can0  067   [8]  0B 2E 0A 86 BF 00 00 00
 (138.123023)  can0  068   [8]  0B 2E 0A 86 3F 00 00 00
 (138.182152)  can0  067   [8]  00 A7 B4 87 BF 00 00 00
 (138.182176)  can0  067   [8]  11 06 00 00 00 00 29 01
 (138.183037)  can0  068   [8]  00 9D 60 87 3F 00 00 00
 (138.183059)  can0  068   [8]  11 06 00 00 00 00 29 01
 (138.202113)  can0  067   [8]  05 33 04 01 88 04 01 00
 (138.202958)  can0  068   [8]  05 2C 00 01 24 00 00 00
 (138.242123)  can0  067   [8]  0B 2E 0A 86 BF 00 00 00
 (138.242843)  can0  068   [8]  0B 2E 0A 86 3F 00 00 00
 (138.302117)  can0  067   [8]  00 39 B6 87 BF 00 00 00
 (138.302964)  can0  068   [8]  00 D4 5F 87 3F 00 00 00
 (138.322107)  can0  067   [8]  05 33 04 01 47 04 01 00
 (138.322952)  can0  068   [8]  05 2B 00 01 38 00 01 00
 (138.362114)  can0  067   [8]  0B 2E 0A 86 BF 00 00 00
 (138.362947)  can0  068   [8]  0B 2E 0A 86 3F 00 00 00
 (138.422078)  can0  067   [8]  00 02 B7 87 BF 00 00 00
 (138.422954)  can0  068   [8]  00 D4 5F 87 3F 00 00 00
 (138.442114)  can0  067   [8]  05 34 04 01 19 04 01 00
 (138.442975)  can0  068   [8]  05 35 00 01 1C 00 01 00
 (138.482117)  can0  067   [8]  0B 2E 0A 86 BF 00 00 00
 (138.482947)  can0  068   [8]  0B 2E 0A 86 3F 00 00 00
 (138.542041)  can0  067   [8]  00 39 B6 87 BF 00 00 00
 (138.542952)  can0  068   [8]  00 D4 5F 87 3F 00 00 00
 (138.562069)  can0  067   [8]  05 35 04 01 EB 03 01 00
 (138.562955)  can0  068   [8]  05 2A 00 01 25 00 01 00
 (138.602049)  can0  067   [8]  0B 2E 0A 86 BF 00 00 00
 (138.602854)  can0  068   [8]  0B 2E 0A 86 3F 00 00 00
 (138.662145)  can0  067   [8]  00 39 B6 87 BF 00 00 00
 (138.662867)  can0  068   [8]  00 0B 5F 87 3F 00 00 00
 (138.682120)  can0  067   [8]  05 35 04 01 22 04 01 00
 (138.682969)  can0  068   [8]  05 2A 00 01 25 00 01 00
 (138.722121)  can0  067   [8]  0B 2E 0A 86 BF 00 00 00
 (138.722858)  can0  068   [8]  0B 2E 0A 86 3F 00 00 00
 (138.782090)  can0  067   [8]  00 A7 B4 87 BF 00 00 00
 (138.782983)  can0  068   [8]  00 D4 5F 87 3F 00 00 00
 (138.802080)  can0  067   [8]  05 36 04 01 10 04 01 00
 (138.802955)  can0  068   [8]  05 29 00 01 26 00 01 00
 (138.842091)  can0  067   [8]  0B 2E 0A 86 BF 00 00 00
 (138.842973)  can0  068   [8]  0B 2E 0A 86 3F 00 00 00
 (138.902093)  can0  067   [8]  00 39 B6 87 BF 00 00 00
 (138.902969)  can0  068   [8]  00 D4 5F 87 3F 00 00 00
 (138.922072)  can0  067   [8]  05 37 04 01 10 04 01 00
 (138.922984)  can0  068   [8]  05 29 00 01 25 00 01 00
 (138.962118)  can0  067   [8]  0B 2E 0A 86 BF 00 00 00
 (138.962985)  can0  068   [8]  0B 2E 0A 86 3F 00 00 00
 (139.022089)  can0  067   [8]  00 70 B5 87 BF 00 00 00
 (139.023010)  can0  068   [8]  00 0B 5F 87 3F 00 00 00
 (139.042140)  can0  067   [8]  05 42 04 01 35 04 01 00
 (139.042164)  can0  067   [8]  12 80 67 00 01 01 00 00
 (139.042166)  can0  067   [8]  0C 02 A1 92 00 00 70 04
 (139.043013)  can0  068   [8]  05 28 00 01 1C 00 01 00
 (139.043040)  can0  068   [8]  12 80 67 00 01 01 00 00
 (139.043042)  can0  068   [8]  0C 02 A1 89 00 00 60 02
 (139.082095)  can0  067   [8]  0B 2E 0A 86 BF 00 00 00
 (139.082979)  can0  068   [8]  0B 2E 0A 86 3F 00 00 00
 (139.142097)  can0  067   [8]  00 39 B6 87 BF 00 00 00
 (139.142953)  can0  068   [8]  00 0B 5F 87 3F 00 00 00
 (139.162084)  can0  067   [8]  05 2E 04 01 3E 04 01 00
 (139.162967)  can0  068   [8]  05 32 00 01 53 00 01 00
 (139.182088)  can0  067   [8]  11 06 00 00 00 00 29 01
 (139.182976)  can0  068   [8]  11 06 00 00 00 00 29 01
 (139.202089)  can0  067   [8]  0B 2E 0A 86 BF 00 00 00
 (139.202976)  can0  068   [8]  0B 2E 0A 86 3F 00 00 00
 (139.262034)  can0  067   [8]  00 70 B5 87 BF 00 00 00
 (139.262912)  can0  068   [8]  00 9D 60 87 3F 00 00 00
 (139.282097)  can0  067   [8]  05 2F 04 01 51 04 01 00
 (139.282999)  can0  068   [8]  05 31 00 01 38 00 01 00
 (139.321911)  can0  067   [8]  0B 2E 0A 86 BF 00 00 00
 (139.322841)  can0  068   [8]  0B 2E 0A 86 3F 00 00 00
 (139.382116)  can0  067   [8]  00 70 B5 87 BF 00 00 00
 (139.382993)  can0  068   [8]  00 D4 5F 87 3F 00 00 00
 (139.402094)  can0  067   [8]  05 39 04 01 7F 04 01 00
 (139.402995)  can0  068   [8]  05 31 00 01 1C 00 01 00
 (139.442118)  can0  067   [8]  0B 2E 0A 86 BF 00 00 00
 (139.442973)  can0  068   [8]  0B 2E 0A 86 3F 00 00 00
 (139.502116)  can0  067   [8]  00 39 B6 87 BF 00 00 00
 (139.502881)  can0  068   [8]  00 D4 5F 87 3F 00 00 00
 (139.522104)  can0  067   [8]  05 45 04 01 88 04 01 00
 (139.522852)  can0  068   [8]  05 26 00 01 1C 00 01 00
 (139.562099)  can0  067   [8]  0B 2E 0A 86 BF 00 00 00
 (139.562884)  can0  068   [8]  0B 2E 0A 86 3F 00 00 00
 (139.622120)  can0  067   [8]  00 70 B5 87 BF 00 00 00
 (139.622982)  can0  068   [8]  00 0B 5F 87 3F 00 00 00
 (139.642102)  can0  067   [8]  05 3B 04 01 2C 04 01 00
 (139.642991)  can0  068   [8]  05 26 00 01 38 00 01 00
 (139.682043)  can0  067   [8]  0B 2E 0A 86 BF 00 00 00
 (139.682973)  can0  068   [8]  0B 2E 0A 86 3F 00 00 00
 (139.742071)  can0  067   [8]  00 70 B5 87 BF 00 00 00
 (139.742939)  can0  068   [8]  00 D4 5F 87 3F 00 00 00
 (139.762093)  can0  067   [8]  05 50 04 01 2C 04 01 00
 (139.762932)  can0  068   [8]  05 2F 00 01 38 00 01 00
 (139.802100)  can0  067   [8]  0B 2E 0A 86 BF 00 00 00
 (139.802847)  can0  068   [8]  0B 2E 0A 86 3F 00 00 00
 (139.862155)  can0  067   [8]  00 39 B6 87 BF 00 00 00
 (139.862960)  can0  068   [8]  00 D4 5F 87 3F 00 00 00
 (139.882099)  can0  067   [8]  05 47 04 01 35 04 01 00
 (139.882848)  can0  068   [8]  05 2E 00 01 2F 00 01 00
 (139.922158)  can0  067   [8]  0B 2E 0A 86 BF 00 00 00
 (139.922967)  can0  068   [8]  0B 2E 0A 86 3F 00 00 00
 (139.982134)  can0  067   [8]  00 39 B6 87 BF 00 00 00
 (139.983005)  can0  068   [8]  00 0B 5F 87 3F 00 00 00
 (140.002112)  can0  067   [8]  05 3D 04 01 47 04 01 00
 (140.002838)  can0  068   [8]  05 2E 00 01 25 00 01 00
 (140.042135)  can0  067   [8]  0B 2E 0A 86 BF 00 00 00
 (140.042158)  can0  067   [8]  12 80 67 00 01 01 00 00
 (140.042159)  can0  067   [8]  0C 02 A1 92 00 00 60 04
 (140.043049)  can0  068   [8]  0B 2E 0A 86 3F 00 00 00
 (140.043070)  can0  068   [8]  12 80 67 00 01 01 00 00
 (140.043072)  can0  068   [8]  0C 02 A1 89 00 00 70 02
 (140.102115)  can0  067   [8]  00 39 B6 87 BF 00 00 00
 (140.102950)  can0  068   [8]  00 D4 5F 87 3F 00 00 00
 (140.122113)  can0  067   [8]  05 48 04 01 5A 04 01 00
 (140.122961)  can0  068   [8]  05 23 00 01 1C 00 01 00
 (140.162115)  can0  067   [8]  0B 2E 0A 86 BF 00 00 00
 (140.162842)  can0  068   [8]  0B 2E 0A 86 3F 00 00 00
 (140.181912)  can0  067   [8]  11 06 00 00 00 00 29 01
 (140.183015)  can0  068   [8]  11 06 00 00 00 00 29 01
 (140.185685)  can0  064   [8]  67 01 35 FA 8E BC 07 00
 (140.188198)  can0  064   [8]  68 01 35 FA 8E 3C 07 00
 (140.202008)  can0  067   [8]  11 06 00 00 00 00 09 01
 (140.202873)  can0  068   [8]  11 06 00 00 00 00 09 01
 (140.222000)  can0  067   [8]  00 49 C8 87 BF 00 00 00
 (140.222884)  can0  068   [8]  00 66 61 87 3F 00 00 00
 (140.242122)  can0  067   [8]  05 42 04 00 29 04 00 00
 (140.242971)  can0  068   [8]  05 10 05 01 0E 05 01 00
 (140.282101)  can0  067   [8]  0B 39 B6 87 BF 00 00 00
 (140.282984)  can0  068   [8]  0B 0B 5F 87 3F 00 00 00
 (140.342182)  can0  067   [8]  00 DB C9 87 BF 00 00 00
 (140.342932)  can0  068   [8]  00 E5 66 87 3F 00 00 00
 (140.362138)  can0  067   [8]  05 B5 03 00 BD 03 00 00
 (140.363002)  can0  068   [8]  05 78 04 01 67 04 01 00
 (140.402144)  can0  067   [8]  0B 95 AD 87 BF 00 00 00
 (140.402845)  can0  068   [8]  0B 67 56 87 3F 00 00 00
 (140.462133)  can0  067   [8]  00 6D CB 87 BF 00 00 00
 (140.462904)  can0  068   [8]  00 E5 66 87 3F 00 00 00
 (140.482129)  can0  067   [8]  05 49 02 00 4C 02 00 00
 (140.482966)  can0  068   [8]  05 18 03 01 1B 03 01 00
 (140.522133)  can0  067   [8]  0B 4F 91 87 BF 00 00 00
 (140.522862)  can0  068   [8]  0B EA 3A 87 3F 00 00 00
 (140.582160)  can0  067   [8]  00 6D CB 87 BF 00 00 00
 (140.583009)  can0  068   [8]  00 1C 66 87 3F 00 00 00
 (140.602146)  can0  067   [8]  05 61 00 01 AA 00 01 00
 (140.602991)  can0  068   [8]  05 78 00 01 A7 00 01 00
 (140.642156)  can0  067   [8]  0B C2 58 87 BF 00 00 00
 (140.643004)  can0  068   [8]  0B 5E 02 87 3F 00 00 00
 (140.702111)  can0  067   [8]  00 6D CB 87 BF 00 00 00
 (140.702986)  can0  068   [8]  00 53 65 87 3F 00 00 00
 (140.722139)  can0  067   [8]  05 E3 04 01 7D 04 01 00
 (140.722906)  can0  068   [8]  05 FF 03 00 EE 03 00 00
 (140.762156)  can0  067   [8]  0B 5F F7 86 BF 00 00 00
 (140.762998)  can0  068   [8]  0B 8C A2 86 3F 00 00 00
 (140.822142)  can0  067   [8]  00 00 CD 87 BF 00 00 00
 (140.822990)  can0  068   [8]  00 B1 51 87 3F 00 00 00
 (140.842144)  can0  067   [8]  05 91 0B 01 6A 0B 01 00
 (140.842864)  can0  068   [8]  05 C5 09 00 99 09 00 00
 (140.882123)  can0  067   [8]  0B 80 64 86 BF 00 00 00
 (140.882996)  can0  068   [8]  0B 76 10 86 3F 00 00 00
 (140.942139)  can0  067   [8]  00 4A BD 87 BF 00 00 00
 (140.942981)  can0  068   [8]  00 1F 50 87 3F 00 00 00
 (140.962148)  can0  067   [8]  05 84 14 01 A7 14 01 00
 (140.962998)  can0  068   [8]  05 1E 12 00 81 11 00 00
 (141.002157)  can0  067   [8]  0B 27 95 85 BF 00 00 00
 (141.003000)  can0  068   [8]  0B AF 42 85 3F 00 00 00
 (141.042145)  can0  067   [8]  12 80 67 00 01 01 00 00
 (141.042167)  can0  067   [8]  0C 02 A1 89 06 00 60 7E
 (141.042954)  can0  068   [8]  12 80 67 00 01 01 00 00
 (141.042977)  can0  068   [8]  0C 02 A1 AD 13 00 60 7E
 (141.062119)  can0  067   [8]  00 E0 E6 86 BF 00 00 00
 (141.062987)  can0  068   [8]  00 D7 D0 85 3F 00 00 00
 (141.082147)  can0  067   [8]  05 30 11 01 CC 10 01 00
 (141.082995)  can0  068   [8]  05 DC 09 00 12 09 00 00
 (141.122144)  can0  067   [8]  0B 0C 83 84 BF 00 00 00
 (141.122978)  can0  068   [8]  0B 5E 31 84 3F 00 00 00
 (141.182129)  can0  067   [8]  00 B4 16 85 BF 00 00 00
 (141.182953)  can0  068   [8]  00 EF 3D 84 3F 00 00 00
 (141.202154)  can0  067   [8]  05 C1 0C 01 6A 0C 01 00
 (141.202177)  can0  067   [8]  11 06 00 00 00 00 09 01
 (141.202942)  can0  068   [8]  05 62 06 00 3C 06 00 00
 (141.202964)  can0  068   [8]  11 06 00 00 00 00 09 01
 (141.242060)  can0  067   [8]  0B 9D 2C 83 BF 00 00 00
 (141.242970)  can0  068   [8]  0B 4A DD 82 3F 00 00 00
 (141.301943)  can0  067   [8]  00 1F C8 83 BF 00 00 00
 (141.303026)  can0  068   [8]  00 9F 16 83 3F 00 00 00
 (141.322183)  can0  067   [8]  05 5B 0D 01 56 0D 01 00
 (141.322979)  can0  068   [8]  05 A8 08 00 54 08 00 00
 (141.362008)  can0  067   [8]  0B B4 8E 81 BF 00 00 00
 (141.362896)  can0  068   [8]  0B F3 40 81 3F 00 00 00
 (141.422078)  can0  067   [8]  00 9B 8B 82 BF 00 00 00
 (141.422996)  can0  068   [8]  00 AD DB 81 3F 00 00 00
 (141.442076)  can0  067   [8]  05 42 14 01 00 13 01 00
 (141.442997)  can0  068   [8]  05 C6 0D 00 E3 0D 00 00
 (141.482098)  can0  067   [8]  0B A6 68 7F BF 00 00 00
 (141.482980)  can0  068   [8]  0B DA D1 7E 3F 00 00 00
 (141.542126)  can0  067   [8]  00 FD 31 80 BF 00 00 00
 (141.542979)  can0  068   [8]  00 72 9C 7E 3F 00 00 00
 (141.562091)  can0  067   [8]  05 51 0B 01 C0 0B 01 00
 (141.562982)  can0  068   [8]  05 99 04 00 8B 04 00 00
 (141.602115)  can0  067   [8]  0B F1 24 7B BF 00 00 00
 (141.602986)  can0  068   [8]  0B DC 92 7A 3F 00 00 00
 (141.662083)  can0  067   [8]  00 84 7E 7C BF 00 00 00
 (141.662977)  can0  068   [8]  00 CD 21 7B 3F 00 00 00
 (141.682049)  can0  067   [8]  05 F9 13 01 54 13 01 00
 (141.682988)  can0  068   [8]  05 9C 0E 00 04 0F 00 00
 (141.722110)  can0  067   [8]  0B 25 5A 76 BF 00 00 00
 (141.722857)  can0  068   [8]  0B C5 CC 75 3F 00 00 00
 (141.782054)  can0  067   [8]  00 66 10 78 BF 00 00 00
 (141.782974)  can0  068   [8]  00 98 2C 76 3F 00 00 00
 (141.802101)  can0  067   [8]  05 81 11 01 90 11 01 00
 (141.802985)  can0  068   [8]  05 C6 08 00 0B 09 00 00
 (141.842088)  can0  067   [8]  0B D4 09 71 BF 00 00 00
 (141.842970)  can0  068   [8]  0B 2B 81 70 3F 00 00 00
 (141.902111)  can0  067   [8]  00 05 F7 71 BF 00 00 00
 (141.902992)  can0  068   [8]  00 02 AA 70 3F 00 00 00
 (141.922127)  can0  067   [8]  05 92 14 01 00 14 01 00
 (141.922956)  can0  068   [8]  05 94 0F 00 53 0F 00 00
 (141.962107)  can0  067   [8]  0B 22 42 6B BF 00 00 00
 (141.962987)  can0  068   [8]  0B C2 BF 6A 3F 00 00 00
 (142.022197)  can0  067   [8]  00 6A B6 6C BF 00 00 00
 (142.023037)  can0  068   [8]  00 9D C7 6A 3F 00 00 00
 (142.042115)  can0  067   [8]  05 05 0D 01 43 0C 01 00
 (142.042139)  can0  067   [8]  12 80 67 00 01 01 00 00
 (142.042141)  can0  067   [8]  0C 02 A1 92 D4 00 00 7E
 (142.043024)  can0  068   [8]  05 7E 05 00 51 05 00 00
 (142.043048)  can0  068   [8]  12 80 67 00 01 01 00 00
 (142.043050)  can0  068   [8]  0C 02 A1 A4 CD 00 00 7E
 (142.082087)  can0  067   [8]  0B 9E 1A 65 BF 00 00 00
 (142.082858)  can0  068   [8]  0B F4 9C 64 3F 00 00 00
 (142.142108)  can0  067   [8]  00 95 E0 66 BF 00 00 00
 (142.142983)  can0  068   [8]  00 BC 5F 65 3F 00 00 00
 (142.162103)  can0  067   [8]  05 9B 19 01 38 1A 01 00
 (142.162980)  can0  068   [8]  05 F8 10 00 75 11 00 00
 (142.202110)  can0  067   [8]  0B 23 A6 5E BF 00 00 00
 (142.202132)  can0  067   [8]  11 06 00 00 00 00 09 01
 (142.202996)  can0  068   [8]  0B 2F 2D 5E 3F 00 00 00
 (142.203018)  can0  068   [8]  11 06 00 00 00 00 09 01
 (142.262057)  can0  067   [8]  00 9C 36 5E BF 00 00 00
 (142.262982)  can0  068   [8]  00 32 A9 5C 3F 00 00 00
 (142.282111)  can0  067   [8]  05 4A 0A 01 85 09 01 00
 (142.283010)  can0  068   [8]  05 A6 03 00 90 03 00 00
 (142.322123)  can0  067   [8]  0B AC FA 57 BF 00 00 00
 (142.322995)  can0  068   [8]  0B 6F 86 57 3F 00 00 00
 (142.382071)  can0  067   [8]  00 01 59 5A BF 00 00 00
 (142.382980)  can0  068   [8]  00 34 5F 58 3F 00 00 00
 (142.402098)  can0  067   [8]  05 5E 17 01 99 17 01 00
 (142.402993)  can0  068   [8]  05 8F 0C 00 68 0C 00 00
 (142.442117)  can0  067   [8]  0B 15 2B 51 BF 00 00 00
 (142.442874)  can0  068   [8]  0B 20 BD 50 3F 00 00 00
 (142.502092)  can0  067   [8]  00 A8 8F 52 BF 00 00 00
 (142.502983)  can0  068   [8]  00 65 E4 50 3F 00 00 00
 (142.522099)  can0  067   [8]  05 8E 16 01 AC 16 01 00
 (142.522987)  can0  068   [8]  05 95 0C 00 CF 0B 00 00
 (142.562102)  can0  067   [8]  0B ED 4E 4A BF 00 00 00
 (142.562986)  can0  068   [8]  0B 1C E4 49 3F 00 00 00
 (142.622077)  can0  067   [8]  00 7E 5B 4A BF 00 00 00
 (142.623023)  can0  068   [8]  00 85 AB 48 3F 00 00 00
 (142.642140)  can0  067   [8]  05 75 0A 01 26 0A 01 00
 (142.643017)  can0  068   [8]  05 B6 02 00 FF 02 00 00
 (142.682128)  can0  067   [8]  0B 0F 63 43 BF 00 00 00
 (142.683018)  can0  068   [8]  0B F5 FC 42 3F 00 00 00
 (142.742103)  can0  067   [8]  00 84 E5 45 BF 00 00 00
 (142.742967)  can0  068   [8]  00 04 D1 43 3F 00 00 00
 (142.762087)  can0  067   [8]  05 6D 14 01 0C 14 01 00
 (142.762871)  can0  068   [8]  05 B5 09 00 42 09 00 00
 (142.802088)  can0  067   [8]  0B 78 93 3C BF 00 00 00
 (142.802971)  can0  068   [8]  0B 14 32 3C 3F 00 00 00
 (142.862093)  can0  067   [8]  00 B8 54 3E BF 00 00 00
 (142.862974)  can0  068   [8]  00 E7 86 3C 3F 00 00 00
 (142.882081)  can0  067   [8]  05 71 16 01 94 15 01 00
 (142.882965)  can0  068   [8]  05 A7 0B 00 44 0B 00 00
 (142.922103)  can0  067   [8]  0B 4F B7 35 BF 00 00 00
 (142.922982)  can0  068   [8]  0B A2 5A 35 3F 00 00 00
 (142.982097)  can0  067   [8]  00 93 E9 35 BF 00 00 00
 (142.982869)  can0  068   [8]  00 E6 29 34 3F 00 00 00
 (143.001979)  can0  067   [8]  05 91 0A 01 B9 0A 01 00
 (143.002913)  can0  068   [8]  05 20 02 00 26 01 00 00
 (143.042115)  can0  067   [8]  0B 96 D9 2E BF 00 00 00
 (143.042135)  can0  067   [8]  12 80 67 00 01 01 00 00
 (143.042137)  can0  067   [8]  0C 02 A1 AD FF 00 00 7E
 (143.043031)  can0  068   [8]  0B 9F 81 2E 3F 00 00 00
 (143.043050)  can0  068   [8]  12 80 67 00 01 01 00 00
 (143.043052)  can0  068   [8]  0C 02 A1 89 FF 00 00 7E
 (143.102104)  can0  067   [8]  00 09 67 31 BF 00 00 00
 (143.102984)  can0  068   [8]  00 B0 3F 2F 3F 00 00 00
 (143.122093)  can0  067   [8]  05 FA 10 01 15 11 01 00
 (143.122985)  can0  068   [8]  05 C1 06 00 74 06 00 00
 (143.162062)  can0  067   [8]  0B DB FB 27 BF 00 00 00
 (143.162970)  can0  068   [8]  0B 9B A8 27 3F 00 00 00
 (143.202118)  can0  067   [8]  11 06 00 00 00 00 09 01
 (143.202980)  can0  068   [8]  11 06 00 00 00 00 09 01
 (143.222106)  can0  067   [8]  00 5C 10 2A BF 00 00 00
 (143.222998)  can0  068   [8]  00 FD 14 28 3F 00 00 00
 (143.242111)  can0  067   [8]  05 18 16 01 49 14 01 00
 (143.243013)  can0  068   [8]  05 9C 0A 00 31 0A 00 00
 (143.281998)  can0  067   [8]  0B 21 1E 21 BF 00 00 00
 (143.282913)  can0  068   [8]  0B 96 CF 20 3F 00 00 00
 (143.342078)  can0  067   [8]  00 60 7C 21 BF 00 00 00
 (143.342967)  can0  068   [8]  00 69 C1 1F 3F 00 00 00
 (143.362097)  can0  067   [8]  05 28 0B 01 4A 0A 01 00
 (143.362970)  can0  068   [8]  05 87 02 00 6F 00 00 00
 (143.402074)  can0  067   [8]  0B 44 32 1A BF 00 00 00
 (143.403012)  can0  068   [8]  0B 6F E8 19 3F 00 00 00
 (143.462115)  can0  067   [8]  00 93 BC 1C BF 00 00 00
 (143.462996)  can0  068   [8]  00 A8 93 1A 3F 00 00 00
 (143.482093)  can0  067   [8]  05 1D 0D 01 6B 0C 01 00
 (143.482988)  can0  068   [8]  05 2F 03 00 DB 02 00 00
 (143.522096)  can0  067   [8]  0B 3F 64 13 BF 00 00 00
 (143.522867)  can0  068   [8]  0B 8F 1D 13 3F 00 00 00
 (143.582122)  can0  067   [8]  00 B7 C5 15 BF 00 00 00
 (143.582978)  can0  068   [8]  00 ED B5 13 3F 00 00 00
 (143.602073)  can0  067   [8]  05 CC 15 01 05 16 01 00
 (143.602991)  can0  068   [8]  05 78 09 00 BC 08 00 00
 (143.642103)  can0  067   [8]  0B 84 86 0C BF 00 00 00
 (143.642976)  can0  068   [8]  0B 8B 44 0C 3F 00 00 00
 (143.702078)  can0  067   [8]  00 2C 1A 0D BF 00 00 00
 (143.703024)  can0  068   [8]  00 10 5C 0B 3F 00 00 00
 (143.722096)  can0  067   [8]  05 57 0B 01 CE 0A 01 00
 (143.722898)  can0  068   [8]  05 D2 01 00 4B 00 01 00
 (143.762120)  can0  067   [8]  0B C9 A8 05 BF 00 00 00
 (143.762908)  can0  068   [8]  0B 86 6B 05 3F 00 00 00
 (143.821959)  can0  067   [8]  00 FD E2 07 BF 00 00 00
 (143.822883)  can0  068   [8]  00 57 D6 05 3F 00 00 00
 (143.842081)  can0  067   [8]  05 7B 09 01 45 09 01 00
 (143.843002)  can0  068   [8]  05 1D 00 01 C6 00 01 00
 (143.882091)  can0  067   [8]  0B 1E 96 FD BE 00 00 00
 (143.883003)  can0  068   [8]  0B 05 25 FD 3E 00 00 00
 (143.942095)  can0  067   [8]  00 A6 66 01 BF 00 00 00
 (143.943004)  can0  068   [8]  00 28 A1 FE 3E 00 00 00
 (143.962117)  can0  067   [8]  05 F2 14 01 14 14 01 00
 (143.963012)  can0  068   [8]  05 7A 08 00 DC 07 00 00
 (144.002120)  can0  067   [8]  0B CE DD EF BE 00 00 00
 (144.002902)  can0  068   [8]  0B FE 72 EF 3E 00 00 00
 (144.042093)  can0  067   [8]  12 80 67 00 01 01 00 00
 (144.042114)  can0  067   [8]  0C 02 A1 9B FF 00 00 7E
 (144.042914)  can0  068   [8]  12 80 67 00 01 01 00 00
 (144.042928)  can0  068   [8]  0C 02 A1 A4 FF 00 00 7E
 (144.062121)  can0  067   [8]  00 A3 7F F1 BE 00 00 00
 (144.062917)  can0  068   [8]  00 B5 09 EE 3E 00 00 00
 (144.082085)  can0  067   [8]  05 D4 0B 01 2E 0B 01 00
 (144.082973)  can0  068   [8]  05 B1 01 00 4F 00 01 00
 (144.122112)  can0  067   [8]  0B 5A 22 E2 BE 00 00 00
 (144.122906)  can0  068   [8]  0B F5 C0 E1 3E 00 00 00
 (144.182072)  can0  067   [8]  00 AE E3 E5 BE 00 00 00
 (144.182971)  can0  068   [8]  00 5E F6 E1 3E 00 00 00
 (144.202094)  can0  067   [8]  05 7D 06 01 46 06 01 00
 (144.202114)  can0  067   [8]  11 06 00 00 00 00 09 01
 (144.203027)  can0  068   [8]  05 A4 03 01 EF 03 01 00
 (144.203049)  can0  068   [8]  11 06 00 00 00 00 09 01
 (144.242091)  can0  067   [8]  0B E5 66 D4 BE 00 00 00
 (144.242975)  can0  068   [8]  0B EE 0E D4 3E 00 00 00
 (144.301892)  can0  067   [8]  00 79 E9 D9 BE 00 00 00
 (144.303009)  can0  068   [8]  00 32 A4 D5 3E 00 00 00
 (144.322074)  can0  067   [8]  05 5E 14 01 AB 13 01 00
 (144.322948)  can0  068   [8]  05 54 07 00 2B 06 00 00
 (144.362084)  can0  067   [8]  0B 71 AB C6 BE 00 00 00
 (144.362889)  can0  068   [8]  0B E6 5C C6 3E 00 00 00
 (144.422136)  can0  067   [8]  00 A5 DA C8 BE 00 00 00
 (144.422955)  can0  068   [8]  00 6D 5E C5 3E 00 00 00
 (144.442106)  can0  067   [8]  05 6F 0C 01 7C 0B 01 00
 (144.442985)  can0  068   [8]  05 36 01 00 1E 00 01 00
 (144.482098)  can0  067   [8]  0B 20 F3 B8 BE 00 00 00
 (144.482961)  can0  068   [8]  0B 02 AE B8 3E 00 00 00
 (144.542097)  can0  067   [8]  00 1C E5 BB BE 00 00 00
 (144.542949)  can0  068   [8]  00 F0 FA B7 3E 00 00 00
 (144.562102)  can0  067   [8]  05 C9 03 01 8F 03 01 00
 (144.562893)  can0  068   [8]  05 FF 06 01 A2 07 01 00
 (144.602095)  can0  067   [8]  0B AB 37 AB BE 00 00 00
 (144.602868)  can0  068   [8]  0B FB FB AA 3E 00 00 00
 (144.662087)  can0  067   [8]  00 12 0F B1 BE 00 00 00
 (144.662973)  can0  068   [8]  00 16 BA AC 3E 00 00 00
 (144.682105)  can0  067   [8]  05 DF 13 01 F9 12 01 00
 (144.682928)  can0  068   [8]  05 9E 06 00 8B 05 00 00
 (144.722081)  can0  067   [8]  0B F0 5F 9D BE 00 00 00
 (144.723001)  can0  068   [8]  0B 88 2A 9D 3E 00 00 00
 (144.782112)  can0  067   [8]  00 3A 2C A0 BE 00 00 00
 (144.782898)  can0  068   [8]  00 2B 87 9C 3E 00 00 00
 (144.802081)  can0  067   [8]  05 16 0D 01 6A 0C 01 00
 (144.802960)  can0  068   [8]  05 D2 00 00 BA 00 01 00
 (144.842115)  can0  067   [8]  0B C2 C0 8F BE 00 00 00
 (144.842967)  can0  068   [8]  0B EB 97 8F 3E 00 00 00
 (144.902106)  can0  067   [8]  00 65 E3 91 BE 00 00 00
 (144.902998)  can0  068   [8]  00 C4 47 8E 3E 00 00 00
 (144.922070)  can0  067   [8]  05 51 02 01 34 02 01 00
 (144.922994)  can0  068   [8]  05 C2 08 01 B2 08 01 00
 (144.962069)  can0  067   [8]  0B 96 0B 82 BE 00 00 00
 (144.962966)  can0  068   [8]  0B 07 E9 81 3E 00 00 00
 (145.022097)  can0  067   [8]  00 8A 1B 88 BE 00 00 00
 (145.022978)  can0  068   [8]  00 21 BD 83 3E 00 00 00
 (145.042108)  can0  067   [8]  05 E5 11 01 BE 11 01 00
 (145.042127)  can0  067   [8]  12 80 67 00 01 01 00 00
 (145.042129)  can0  067   [8]  0C 02 A1 AD FF 00 00 7E
 (145.043022)  can0  068   [8]  05 3B 04 00 D9 03 00 00
 (145.043041)  can0  068   [8]  12 80 67 00 01 01 00 00
 (145.043042)  can0  068   [8]  0C 02 A1 92 FF 00 00 7E
 (145.082073)  can0  067   [8]  0B 39 F8 68 BE 00 00 00
 (145.082903)  can0  068   [8]  0B F5 C5 68 3E 00 00 00
 (145.142071)  can0  067   [8]  00 64 BE 6F BE 00 00 00
 (145.142982)  can0  068   [8]  00 72 35 68 3E 00 00 00
 (145.162059)  can0  067   [8]  05 FE 0C 01 97 0C 01 00
 (145.162906)  can0  068   [8]  05 20 00 00 EC 00 01 00
 (145.202053)  can0  067   [8]  0B 5C 76 4E BE 00 00 00
 (145.202072)  can0  067   [8]  11 06 00 00 00 00 09 01
 (145.202999)  can0  068   [8]  0B A9 50 4E 3E 00 00 00
 (145.203019)  can0  068   [8]  11 06 00 00 00 00 09 01
 (145.262044)  can0  067   [8]  00 1E A4 53 BE 00 00 00
 (145.262969)  can0  068   [8]  00 30 EF 4B 3E 00 00 00
 (145.282090)  can0  067   [8]  05 70 00 01 39 00 01 00
 (145.282965)  can0  068   [8]  05 21 0B 01 79 0A 01 00
 (145.321928)  can0  067   [8]  0B 89 E9 34 BE 00 00 00
 (145.322917)  can0  068   [8]  0B 67 D0 34 3E 00 00 00
 (145.382143)  can0  067   [8]  00 9F 17 42 BE 00 00 00
 (145.383018)  can0  068   [8]  00 EE 73 39 3E 00 00 00
 (145.402057)  can0  067   [8]  05 B5 10 01 4E 10 01 00
 (145.402877)  can0  068   [8]  05 DE 02 00 64 02 00 00
 (145.442051)  can0  067   [8]  0B 71 A3 1C BE 00 00 00
 (145.442975)  can0  068   [8]  0B E0 96 1C 3E 00 00 00
 (145.502105)  can0  067   [8]  00 33 D1 21 BE 00 00 00
 (145.502995)  can0  068   [8]  00 EC C5 1A 3E 00 00 00
 (145.522107)  can0  067   [8]  05 0E 06 01 81 05 01 00
 (145.522995)  can0  068   [8]  05 94 05 01 1E 06 01 00
 (145.562123)  can0  067   [8]  0B C1 F5 05 BE 00 00 00
 (145.562999)  can0  068   [8]  0B C1 F5 05 3E 00 00 00
 (145.622085)  can0  067   [8]  00 2B 1F 14 BE 00 00 00
 (145.622984)  can0  068   [8]  00 3B 1D 0B 3E 00 00 00
 (145.642105)  can0  067   [8]  05 3F 0A 01 6A 0A 01 00
 (145.642983)  can0  068   [8]  05 71 04 01 E1 03 01 00
 (145.682099)  can0  067   [8]  0B E4 70 E2 BD 00 00 00
 (145.682981)  can0  068   [8]  0B E4 70 E2 3D 00 00 00
 (145.742112)  can0  067   [8]  00 E6 8D F4 BD 00 00 00
 (145.742962)  can0  068   [8]  00 C6 6A E6 3D 00 00 00
 (145.762083)  can0  067   [8]  05 EF 07 01 A4 07 01 00
 (145.762982)  can0  068   [8]  05 44 03 01 7E 03 01 00
 (145.802105)  can0  067   [8]  0B 69 22 BD BD 00 00 00
 (145.802900)  can0  068   [8]  0B FA 2E BD 3D 00 00 00
 (145.862094)  can0  067   [8]  00 89 4F D9 BD 00 00 00
 (145.862983)  can0  068   [8]  00 97 FB C7 3D 00 00 00
 (145.882089)  can0  067   [8]  05 8F 07 01 9B 07 01 00
 (145.882972)  can0  068   [8]  05 1F 07 01 E6 07 01 00
 (145.922127)  can0  067   [8]  0B 36 19 9C BD 00 00 00
 (145.922916)  can0  068   [8]  0B 58 32 9C 3D 00 00 00
 (145.982114)  can0  067   [8]  00 06 54 AD BD 00 00 00
 (145.983016)  can0  068   [8]  00 A2 FE 9E 3D 00 00 00
 (146.002100)  can0  067   [8]  05 3F 03 01 A1 02 01 00
 (146.002917)  can0  068   [8]  05 57 08 01 41 09 01 00
 (146.042125)  can0  067   [8]  0B C9 13 7E BD 00 00 00
 (146.042145)  can0  067   [8]  12 80 67 00 01 01 00 00
 (146.042147)  can0  067   [8]  0C 02 A1 B6 FF 00 00 7E
 (146.042912)  can0  068   [8]  0B 2F 5F 7E 3D 00 00 00
 (146.043039)  can0  068   [8]  12 80 67 00 01 01 00 00
 (146.043155)  can0  068   [8]  0C 02 A1 A4 FF 00 00 7E
 (146.102122)  can0  067   [8]  00 E7 B7 9D BD 00 00 00
 (146.103006)  can0  068   [8]  00 62 D0 8D 3D 00 00 00
 (146.122065)  can0  067   [8]  05 76 08 01 0F 08 01 00
 (146.122997)  can0  068   [8]  05 6F 05 01 E2 04 01 00
 (146.162064)  can0  067   [8]  0B E5 61 4D BD 00 00 00
 (146.162999)  can0  068   [8]  0B 4B AD 4D 3D 00 00 00
 (146.202126)  can0  067   [8]  11 06 00 00 00 00 09 01
 (146.203000)  can0  068   [8]  11 06 00 00 00 00 09 01
 (146.222033)  can0  067   [8]  00 95 AA 7E BD 00 00 00
 (146.222990)  can0  068   [8]  00 C6 60 58 3D 00 00 00
 (146.242085)  can0  067   [8]  05 ED 00 01 C1 00 01 00
 (146.242992)  can0  068   [8]  05 AB 0D 01 2B 0E 01 00
 (146.281963)  can0  067   [8]  0B E7 BC 24 BD 00 00 00
 (146.282922)  can0  068   [8]  0B 2B EF 24 3D 00 00 00
 (146.342071)  can0  067   [8]  00 1F 6A 56 BD 00 00 00
 (146.343006)  can0  068   [8]  00 6C A4 34 3D 00 00 00
 (146.362063)  can0  067   [8]  05 FE 00 01 B0 00 01 00
 (146.363027)  can0  068   [8]  05 64 0C 01 80 0C 01 00
 (146.402079)  can0  067   [8]  0B 55 89 04 BD 00 00 00
 (146.403006)  can0  068   [8]  0B 99 BB 04 3D 00 00 00
 (146.462058)  can0  067   [8]  00 DE AA 38 BD 00 00 00
 (146.463026)  can0  068   [8]  00 39 A0 1A 3D 00 00 00
 (146.482112)  can0  067   [8]  05 02 01 01 A9 00 01 00
 (146.483002)  can0  068   [8]  05 F9 0A 01 B1 0A 01 00
 (146.522065)  can0  067   [8]  0B D6 29 D9 BC 00 00 00
 (146.522973)  can0  068   [8]  0B 5E 8E D9 3C 00 00 00
 (146.582093)  can0  067   [8]  00 8F B3 26 BD 00 00 00
 (146.582973)  can0  068   [8]  00 1B 8B 09 3D 00 00 00
 (146.602084)  can0  067   [8]  05 68 01 01 55 01 01 00
 (146.602924)  can0  068   [8]  05 F4 09 01 3D 0A 01 00
 (146.642096)  can0  067   [8]  0B AC C8 B7 BC 00 00 00
 (146.642983)  can0  068   [8]  0B 34 2D B8 3C 00 00 00
 (146.702084)  can0  067   [8]  00 1C 1C 16 BD 00 00 00
 (146.702904)  can0  068   [8]  00 67 CC EC 3C 00 00 00
 (146.722159)  can0  067   [8]  05 CA 00 01 98 00 01 00
 (146.723003)  can0  068   [8]  05 11 0D 01 67 0D 01 00
 (146.762107)  can0  067   [8]  0B B7 61 A2 BC 00 00 00
 (146.762881)  can0  068   [8]  0B FB 93 A2 3C 00 00 00
 (146.822076)  can0  067   [8]  00 F5 63 0C BD 00 00 00
 (146.823015)  can0  068   [8]  00 12 AF D2 3C 00 00 00
 (146.842059)  can0  067   [8]  05 73 00 01 85 00 01 00
 (146.843025)  can0  068   [8]  05 A7 0D 01 DF 0D 01 00
 (146.882061)  can0  067   [8]  0B 3E 35 96 BC 00 00 00
 (146.882983)  can0  068   [8]  0B 3E 35 96 3C 00 00 00
 (146.942108)  can0  067   [8]  00 EF 3D 04 BD 00 00 00
 (146.942984)  can0  068   [8]  00 BD 22 C5 3C 00 00 00
 (146.962093)  can0  067   [8]  05 A3 00 00 C5 00 00 00
 (146.962984)  can0  068   [8]  05 13 0E 01 DF 0D 01 00
 (147.002099)  can0  067   [8]  0B CD B5 90 BC 00 00 00
 (147.002982)  can0  068   [8]  0B CD B5 90 3C 00 00 00
 (147.042072)  can0  067   [8]  12 80 67 00 01 01 00 00
 (147.042094)  can0  067   [8]  0C 02 A1 B6 54 00 00 7E
 (147.042925)  can0  068   [8]  12 80 67 00 01 01 00 00
 (147.042940)  can0  068   [8]  0C 02 A1 A4 54 00 00 7E
 (147.062084)  can0  067   [8]  00 35 F7 02 BD 00 00 00
 (147.062986)  can0  068   [8]  00 D1 F9 C2 3C 00 00 00
 (147.082106)  can0  067   [8]  05 0A 00 01 15 00 01 00
 (147.082983)  can0  068   [8]  05 6F 0D 01 4B 0B 01 00
 (147.122065)  can0  067   [8]  0B AE 23 8F BC 00 00 00
 (147.122896)  can0  068   [8]  0B AE 23 8F 3C 00 00 00
 (147.182059)  can0  067   [8]  00 13 DE 02 BD 00 00 00
 (147.182979)  can0  068   [8]  00 49 95 C2 3C 00 00 00
 (147.202086)  can0  067   [8]  05 65 03 00 18 03 00 00
 (147.202107)  can0  067   [8]  11 06 00 00 00 00 29 01
 (147.202982)  can0  068   [8]  05 52 10 01 2B 10 01 00
 (147.203004)  can0  068   [8]  11 06 00 00 00 00 29 01
 (147.242070)  can0  067   [8]  0B 6A F1 8E BC 00 00 00
 (147.242891)  can0  068   [8]  0B 6A F1 8E 3C 00 00 00
 (147.302087)  can0  067   [8]  00 79 29 03 BD 00 00 00
 (147.303012)  can0  068   [8]  00 49 95 C2 3C 00 00 00
 (147.322046)  can0  067   [8]  05 34 0B 00 2D 0B 00 00
 (147.322905)  can0  068   [8]  05 C2 18 01 A5 18 01 00
 (147.362096)  can0  067   [8]  0B 6A F1 8E BC 00 00 00
 (147.362980)  can0  068   [8]  0B 6A F1 8E 3C 00 00 00
 (147.422082)  can0  067   [8]  00 13 DE 02 BD 00 00 00
 (147.422990)  can0  068   [8]  00 49 95 C2 3C 00 00 00
 (147.442066)  can0  067   [8]  05 51 0B 00 59 0A 00 00
 (147.443002)  can0  068   [8]  05 C1 18 01 B8 18 01 00
 (147.482080)  can0  067   [8]  0B 6A F1 8E BC 00 00 00
 (147.482999)  can0  068   [8]  0B 6A F1 8E 3C 00 00 00
 (147.542066)  can0  067   [8]  00 57 10 03 BD 00 00 00
 (147.543006)  can0  068   [8]  00 8D C7 C2 3C 00 00 00
 (147.562059)  can0  067   [8]  05 47 0B 00 52 0B 00 00
 (147.562999)  can0  068   [8]  05 C1 18 01 9C 18 01 00
 (147.602058)  can0  067   [8]  0B 6A F1 8E BC 00 00 00
 (147.602922)  can0  068   [8]  0B 6A F1 8E 3C 00 00 00
 (147.662091)  can0  067   [8]  00 35 F7 02 BD 00 00 00
 (147.663023)  can0  068   [8]  00 8D C7 C2 3C 00 00 00
 (147.682072)  can0  067   [8]  05 46 0B 00 37 0B 00 00
 (147.683004)  can0  068   [8]  05 C1 18 01 AE 18 01 00
 (147.722079)  can0  067   [8]  0B 6A F1 8E BC 00 00 00
 (147.723009)  can0  068   [8]  0B 6A F1 8E 3C 00 00 00
 (147.782112)  can0  067   [8]  00 35 F7 02 BD 00 00 00
 (147.783004)  can0  068   [8]  00 8D C7 C2 3C 00 00 00
 (147.802082)  can0  067   [8]  05 3B 0B 00 2D 0B 00 00
 (147.803016)  can0  068   [8]  05 B6 18 01 CA 18 01 00
 (147.842086)  can0  067   [8]  0B 6A F1 8E BC 00 00 00
 (147.843030)  can0  068   [8]  0B 6A F1 8E 3C 00 00 00
 (147.902097)  can0  067   [8]  00 79 29 03 BD 00 00 00
 (147.902899)  can0  068   [8]  00 8D C7 C2 3C 00 00 00
 (147.922003)  can0  067   [8]  05 45 0B 00 52 0B 00 00
 (147.922970)  can0  068   [8]  05 B6 18 01 77 18 01 00
 (147.962104)  can0  067   [8]  0B 6A F1 8E BC 00 00 00
 (147.963024)  can0  068   [8]  0B 6A F1 8E 3C 00 00 00
 (148.022081)  can0  067   [8]  00 57 10 03 BD 00 00 00
 (148.023029)  can0  068   [8]  00 49 95 C2 3C 00 00 00
 (148.042120)  can0  067   [8]  05 4E 0B 00 49 0B 00 00
 (148.042141)  can0  067   [8]  12 80 67 00 01 01 00 00
 (148.042143)  can0  067   [8]  0C 02 A1 B6 00 00 80 40
 (148.042900)  can0  068   [8]  05 C0 18 01 CA 18 01 00
 (148.043012)  can0  068   [8]  12 80 67 00 01 01 00 00
 (148.043137)  can0  068   [8]  0C 02 A1 A4 00 00 70 10
 (148.082073)  can0  067   [8]  0B 6A F1 8E BC 00 00 00
 (148.083012)  can0  068   [8]  0B 6A F1 8E 3C 00 00 00
 (148.142090)  can0  067   [8]  00 57 10 03 BD 00 00 00
 (148.143047)  can0  068   [8]  00 8D C7 C2 3C 00 00 00
 (148.162070)  can0  067   [8]  05 25 0B 00 40 0B 00 00
 (148.162912)  can0  068   [8]  05 B5 18 01 CA 18 01 00
 (148.202104)  can0  067   [8]  0B 6A F1 8E BC 00 00 00
 (148.202125)  can0  067   [8]  11 06 00 00 00 00 29 01
 (148.202900)  can0  068   [8]  0B 6A F1 8E 3C 00 00 00
 (148.202915)  can0  068   [8]  11 06 00 00 00 00 29 01
 (148.262061)  can0  067   [8]  00 35 F7 02 BD 00 00 00
 (148.263031)  can0  068   [8]  00 D1 F9 C2 3C 00 00 00
 (148.282087)  can0  067   [8]  05 42 0B 00 40 0B 00 00
 (148.283009)  can0  068   [8]  05 BF 18 01 D3 18 01 00
 (148.322074)  can0  067   [8]  0B 6A F1 8E BC 00 00 00
 (148.323010)  can0  068   [8]  0B 6A F1 8E 3C 00 00 00
 (148.382093)  can0  067   [8]  00 57 10 03 BD 00 00 00
 (148.382875)  can0  068   [8]  00 8D C7 C2 3C 00 00 00
 (148.402089)  can0  067   [8]  05 38 0B 00 37 0B 00 00
 (148.402875)  can0  068   [8]  05 B5 18 01 A5 18 01 00
 (148.442120)  can0  067   [8]  0B 6A F1 8E BC 00 00 00
 (148.442989)  can0  068   [8]  0B 6A F1 8E 3C 00 00 00
 (148.502120)  can0  067   [8]  00 35 F7 02 BD 00 00 00
 (148.502991)  can0  068   [8]  00 8D C7 C2 3C 00 00 00
 (148.522095)  can0  067   [8]  05 41 0B 00 49 0B 00 00
 (148.522986)  can0  068   [8]  05 AA 18 01 80 18 01 00
 (148.562110)  can0  067   [8]  0B 6A F1 8E BC 00 00 00
 (148.562989)  can0  068   [8]  0B 6A F1 8E 3C 00 00 00
 (148.622139)  can0  067   [8]  00 13 DE 02 BD 00 00 00
 (148.623016)  can0  068   [8]  00 8D C7 C2 3C 00 00 00
 (148.642106)  can0  067   [8]  05 40 0B 00 49 0B 00 00
 (148.642992)  can0  068   [8]  05 96 18 01 1B 18 01 00
 (148.682159)  can0  067   [8]  0B 6A F1 8E BC 00 00 00
 (148.683051)  can0  068   [8]  0B 6A F1 8E 3C 00 00 00
 (148.742028)  can0  067   [8]  00 F1 C4 02 BD 00 00 00
 (148.742935)  can0  068   [8]  00 8D C7 C2 3C 00 00 00
 (148.762070)  can0  067   [8]  05 49 0B 00 49 0B 00 00
 (148.763013)  can0  068   [8]  05 B4 18 01 57 1A 01 00
 (148.802095)  can0  067   [8]  0B 6A F1 8E BC 00 00 00
 (148.802999)  can0  068   [8]  0B 6A F1 8E 3C 00 00 00
 (148.862073)  can0  067   [8]  00 35 F7 02 BD 00 00 00
 (148.863007)  can0  068   [8]  00 8D C7 C2 3C 00 00 00
 (148.882008)  can0  067   [8]  05 49 0B 00 78 0B 00 00
 (148.883038)  can0  068   [8]  05 BE 18 01 CA 18 01 00
 (148.922075)  can0  067   [8]  0B 6A F1 8E BC 00 00 00
 (148.922997)  can0  068   [8]  0B 6A F1 8E 3C 00 00 00
 (148.982103)  can0  067   [8]  00 35 F7 02 BD 00 00 00
 (148.983001)  can0  068   [8]  00 D1 F9 C2 3C 00 00 00
 (149.002073)  can0  067   [8]  05 48 0B 00 40 0B 00 00
 (149.002999)  can0  068   [8]  05 A9 18 01 80 18 01 00
 (149.042068)  can0  067   [8]  0B 6A F1 8E BC 00 00 00
 (149.042089)  can0  067   [8]  12 80 67 00 01 01 00 00
 (149.042090)  can0  067   [8]  0C 02 A1 B6 00 00 70 40
 (149.043021)  can0  068   [8]  0B 6A F1 8E 3C 00 00 00
 (149.043044)  can0  068   [8]  12 80 67 00 01 01 00 00
 (149.043046)  can0  068   [8]  0C 02 A1 A4 00 00 70 10
 (149.102042)  can0  067   [8]  00 13 DE 02 BD 00 00 00
 (149.103007)  can0  068   [8]  00 49 95 C2 3C 00 00 00
 (149.122081)  can0  067   [8]  05 3D 0B 00 40 0B 00 00
 (149.122994)  can0  068   [8]  05 B3 18 01 9C 18 01 00
 (149.162061)  can0  067   [8]  0B 6A F1 8E BC 00 00 00
 (149.162917)  can0  068   [8]  0B 6A F1 8E 3C 00 00 00
 (149.202058)  can0  067   [8]  11 06 00 00 00 00 29 01
 (149.203021)  can0  068   [8]  11 06 00 00 00 00 29 01
 (149.222053)  can0  067   [8]  00 35 F7 02 BD 00 00 00
 (149.223014)  can0  068   [8]  00 D1 F9 C2 3C 00 00 00
 (149.242089)  can0  067   [8]  05 47 0B 00 8A 0B 00 00
 (149.243039)  can0  068   [8]  05 B3 18 01 D3 18 01 00
 (149.281994)  can0  067   [8]  0B 6A F1 8E BC 00 00 00
 (149.282954)  can0  068   [8]  0B 6A F1 8E 3C 00 00 00
 (149.342116)  can0  067   [8]  00 F1 C4 02 BD 00 00 00
 (149.343013)  can0  068   [8]  00 D1 F9 C2 3C 00 00 00
 (149.362073)  can0  067   [8]  05 3C 0B 00 37 0B 00 00
 (149.363009)  can0  068   [8]  05 A8 18 01 A5 18 01 00
 (149.402104)  can0  067   [8]  0B 6A F1 8E BC 00 00 00
 (149.403006)  can0  068   [8]  0B 6A F1 8E 3C 00 00 00
 (149.462073)  can0  067   [8]  00 13 DE 02 BD 00 00 00
 (149.463005)  can0  068   [8]  00 15 2C C3 3C 00 00 00
 (149.482063)  can0  067   [8]  05 3B 0B 00 37 0B 00 00
 (149.483008)  can0  068   [8]  05 B2 18 01 B8 18 01 00
 (149.522067)  can0  067   [8]  0B 6A F1 8E BC 00 00 00
 (149.523032)  can0  068   [8]  0B 6A F1 8E 3C 00 00 00
 (149.582086)  can0  067   [8]  00 57 10 03 BD 00 00 00
 (149.582962)  can0  068   [8]  00 D1 F9 C2 3C 00 00 00
 (149.602076)  can0  067   [8]  05 30 0B 00 93 0B 00 00
 (149.602978)  can0  068   [8]  05 A8 18 01 AF 18 01 00
 (149.642098)  can0  067   [8]  0B 6A F1 8E BC 00 00 00
 (149.642893)  can0  068   [8]  0B 6A F1 8E 3C 00 00 00
 (149.702079)  can0  067   [8]  00 57 10 03 BD 00 00 00
 (149.702857)  can0  068   [8]  00 8D C7 C2 3C 00 00 00
 (149.722090)  can0  067   [8]  05 4E 0B 00 49 0B 00 00
 (149.722874)  can0  068   [8]  05 B1 18 01 A5 18 01 00
 (149.762028)  can0  067   [8]  0B 6A F1 8E BC 00 00 00
 (149.762989)  can0  068   [8]  0B 6A F1 8E 3C 00 00 00
 (149.822125)  can0  067   [8]  00 35 F7 02 BD 00 00 00
 (149.823013)  can0  068   [8]  00 D1 F9 C2 3C 00 00 00
 (149.842114)  can0  067   [8]  05 2F 0B 00 40 0B 00 00
 (149.843004)  can0  068   [8]  05 A7 18 01 E6 18 01 00
 (149.882069)  can0  067   [8]  0B 6A F1 8E BC 00 00 00
 (149.883038)  can0  068   [8]  0B 6A F1 8E 3C 00 00 00
 (149.942143)  can0  067   [8]  00 13 DE 02 BD 00 00 00
 (149.943059)  can0  068   [8]  00 D1 F9 C2 3C 00 00 00
 (149.962135)  can0  067   [8]  05 42 0B 00 37 0B 00 00
 (149.963011)  can0  068   [8]  05 9D 18 01 C1 18 01 00
 (150.002137)  can0  067   [8]  0B 6A F1 8E BC 00 00 00
 (150.002957)  can0  068   [8]  0B 6A F1 8E 3C 00 00 00
 (150.042141)  can0  067   [8]  12 80 67 00 01 01 00 00
 (150.042162)  can0  067   [8]  0C 02 A1 B6 00 00 70 40
 (150.043069)  can0  068   [8]  12 80 67 00 01 01 00 00
 (150.043092)  can0  068   [8]  0C 02 A1 A4 00 00 70 10
 (150.062077)  can0  067   [8]  00 13 DE 02 BD 00 00 00
 (150.063044)  can0  068   [8]  00 D1 F9 C2 3C 00 00 00
 (150.082062)  can0  067   [8]  05 2D 0B 00 24 0B 00 00
 (150.083016)  can0  068   [8]  05 B0 18 01 D3 18 01 00
 (150.122117)  can0  067   [8]  0B 6A F1 8E BC 00 00 00
 (150.122833)  can0  068   [8]  0B 6A F1 8E 3C 00 00 00
 (150.182109)  can0  067   [8]  00 35 F7 02 BD 00 00 00
 (150.183023)  can0  068   [8]  00 8D C7 C2 3C 00 00 00
 (150.199457)  can0  064   [8]  67 01 92 0A 86 BF 06 00
 (150.201950)  can0  067   [8]  05 9C 23 00 1E 21 00 00
 (150.201980)  can0  067   [8]  11 06 00 00 00 00 09 01
 (150.202304)  can0  064   [8]  68 01 92 0A 86 3F 06 00
 (150.202922)  can0  068   [8]  05 A6 18 01 DD 18 01 00
 (150.202953)  can0  068   [8]  11 06 00 00 00 00 09 01
 (150.241994)  can0  067   [8]  0B 35 F7 02 BD 00 00 00
 (150.242954)  can0  068   [8]  0B D1 F9 C2 3C 00 00 00
 (150.302071)  can0  067   [8]  00 A8 84 05 BD 00 00 00
 (150.302997)  can0  068   [8]  00 C1 30 C2 3C 00 00 00
 (150.322074)  can0  067   [8]  05 7B 2E 00 78 2E 00 00
 (150.323007)  can0  068   [8]  05 8A 2F 01 C6 2F 01 00
 (150.362071)  can0  067   [8]  0B 45 C0 03 BD 00 00 00
 (150.363016)  can0  068   [8]  0B F1 8B C4 3C 00 00 00
 (150.422014)  can0  067   [8]  00 3F 2B 08 BD 00 00 00
 (150.422961)  can0  068   [8]  00 59 5E C3 3C 00 00 00
 (150.442089)  can0  067   [8]  05 0A 2F 00 BD 2E 00 00
 (150.442950)  can0  068   [8]  05 00 31 01 AE 30 01 00
 (150.482103)  can0  067   [8]  0B 0D 49 07 BD 00 00 00
 (150.483059)  can0  068   [8]  0B 3E 6B CB 3C 00 00 00
 (150.542134)  can0  067   [8]  00 5F BD 09 BD 00 00 00
 (150.543062)  can0  068   [8]  00 15 2C C3 3C 00 00 00
 (150.562122)  can0  067   [8]  05 50 31 00 79 2F 00 00
 (150.563047)  can0  068   [8]  05 F2 33 01 F6 33 01 00
 (150.602098)  can0  067   [8]  0B 36 88 0F BD 00 00 00
 (150.603078)  can0  068   [8]  0B 8F E9 DB 3C 00 00 00
 (150.662142)  can0  067   [8]  00 29 CD 0B BD 00 00 00
 (150.663073)  can0  068   [8]  00 F1 8B C4 3C 00 00 00
 (150.682133)  can0  067   [8]  05 4A 36 00 19 36 00 00
 (150.683073)  can0  068   [8]  05 65 39 01 87 3E 01 00
 (150.722114)  can0  067   [8]  0B 89 8D 1E BD 00 00 00
 (150.723056)  can0  068   [8]  0B 34 F4 F9 3C 00 00 00
 (150.782132)  can0  067   [8]  00 6D FF 0B BD 00 00 00
 (150.783050)  can0  068   [8]  00 CD EB C5 3C 00 00 00
 (150.802116)  can0  067   [8]  05 12 3E 00 0A 3E 00 00
 (150.803059)  can0  068   [8]  05 B0 41 01 8F 41 01 00
 (150.842125)  can0  067   [8]  0B AE 4F 36 BD 00 00 00
 (150.843059)  can0  068   [8]  0B 40 BC 14 3D 00 00 00
 (150.902129)  can0  067   [8]  00 22 13 6E BD 00 00 00
 (150.902954)  can0  068   [8]  00 2B 25 5A 3D 00 00 00
 (150.922117)  can0  067   [8]  05 CF 15 00 CA 17 00 00
 (150.923051)  can0  068   [8]  05 70 16 01 D6 16 01 00
 (150.962100)  can0  067   [8]  0B 4E C5 58 BD 00 00 00
 (150.963060)  can0  068   [8]  0B 02 4B 37 3D 00 00 00
 (151.022066)  can0  067   [8]  00 27 4B 94 BD 00 00 00
 (151.022957)  can0  068   [8]  00 36 7E 81 3D 00 00 00
 (151.042142)  can0  067   [8]  05 2E 1D 00 0C 1D 00 00
 (151.042178)  can0  067   [8]  12 80 67 00 01 01 00 00
 (151.042180)  can0  067   [8]  0C 02 A1 9B 3E 00 60 7E
 (151.043076)  can0  068   [8]  05 92 1F 01 72 1F 01 00
 (151.043115)  can0  068   [8]  12 80 67 00 01 01 00 00
 (151.043118)  can0  068   [8]  0C 02 A1 89 40 00 50 7E
 (151.082082)  can0  067   [8]  0B 0A 36 83 BD 00 00 00
 (151.082956)  can0  068   [8]  0B 0B 24 65 3D 00 00 00
 (151.142154)  can0  067   [8]  00 1B 21 9D BD 00 00 00
 (151.143045)  can0  068   [8]  00 D7 58 89 3D 00 00 00
 (151.162099)  can0  067   [8]  05 C8 27 00 2E 2A 00 00
 (151.163039)  can0  068   [8]  05 7B 27 01 DF 27 01 00
 (151.202076)  can0  067   [8]  0B FF A1 9F BD 00 00 00
 (151.202103)  can0  067   [8]  11 06 00 00 00 00 09 01
 (151.202945)  can0  068   [8]  0B AE 23 8F 3D 00 00 00
 (151.202965)  can0  068   [8]  11 06 00 00 00 00 09 01
 (151.262045)  can0  067   [8]  00 3A 5D CE BD 00 00 00
 (151.263008)  can0  068   [8]  00 BF A4 BC 3D 00 00 00
 (151.282099)  can0  067   [8]  05 EA 1B 00 6C 1B 00 00
 (151.283052)  can0  068   [8]  05 E7 1C 01 9A 1C 01 00
 (151.321987)  can0  067   [8]  0B 7C FE C1 BD 00 00 00
 (151.322920)  can0  068   [8]  0B DE A5 B1 3D 00 00 00
 (151.382069)  can0  067   [8]  00 7C 9E E3 BD 00 00 00
 (151.382905)  can0  068   [8]  00 FB C4 D0 3D 00 00 00
 (151.401970)  can0  067   [8]  05 27 27 00 5B 26 00 00
 (151.402939)  can0  068   [8]  05 4E 2A 01 7D 29 01 00
 (151.442009)  can0  067   [8]  0B C1 5C E9 BD 00 00 00
 (151.443039)  can0  068   [8]  0B F8 42 D9 3D 00 00 00
 (151.501996)  can0  067   [8]  00 A0 A7 0F BE 00 00 00
 (151.502980)  can0  068   [8]  00 DB 66 06 3E 00 00 00
 (151.522141)  can0  067   [8]  05 AA 19 00 20 19 00 00
 (151.523059)  can0  068   [8]  05 22 1B 01 4A 1B 01 00
 (151.562120)  can0  067   [8]  0B 7F 4F 0B BE 00 00 00
 (151.563049)  can0  068   [8]  0B 4E 68 03 3E 00 00 00
 (151.622157)  can0  067   [8]  00 4B B6 1C BE 00 00 00
 (151.623087)  can0  068   [8]  00 76 AC 12 3E 00 00 00
 (151.642124)  can0  067   [8]  05 F0 2A 00 54 2A 00 00
 (151.643078)  can0  068   [8]  05 AE 2D 01 88 2E 01 00
 (151.682141)  can0  067   [8]  0B 34 97 24 BE 00 00 00
 (151.683055)  can0  068   [8]  0B FE DB 1C 3E 00 00 00
 (151.742140)  can0  067   [8]  00 B7 C2 3F BE 00 00 00
 (151.742958)  can0  068   [8]  00 C3 EC 36 3E 00 00 00
 (151.762098)  can0  067   [8]  05 E9 1D 00 05 1E 00 00
 (151.762940)  can0  068   [8]  05 B2 20 01 3B 20 01 00
 (151.802129)  can0  067   [8]  0B 66 14 40 BE 00 00 00
 (151.802937)  can0  068   [8]  0B 2B 85 38 3E 00 00 00
 (151.862132)  can0  067   [8]  00 12 75 55 BE 00 00 00
 (151.862934)  can0  068   [8]  00 C3 48 4D 3E 00 00 00
 (151.882123)  can0  067   [8]  05 77 1D 00 66 1D 00 00
 (151.882957)  can0  068   [8]  05 40 20 01 59 20 01 00
 (151.922122)  can0  067   [8]  0B 91 36 5D BE 00 00 00
 (151.922991)  can0  068   [8]  0B E3 DF 55 3E 00 00 00
 (151.982202)  can0  067   [8]  00 EE 6F 71 BE 00 00 00
 (151.983045)  can0  068   [8]  00 9F 43 69 3E 00 00 00
 (152.002134)  can0  067   [8]  05 62 27 00 6B 26 00 00
 (152.002967)  can0  068   [8]  05 B7 28 01 CA 27 01 00
 (152.042149)  can0  067   [8]  0B 9D 8C 7B BE 00 00 00
 (152.042184)  can0  067   [8]  12 80 67 00 01 01 00 00
 (152.042187)  can0  067   [8]  0C 02 A1 92 FF 00 00 7E
 (152.043083)  can0  068   [8]  0B 7C 6E 74 3E 00 00 00
 (152.043123)  can0  068   [8]  12 80 67 00 01 01 00 00
 (152.043126)  can0  068   [8]  0C 02 A1 A4 FF 00 00 7E
 (152.102194)  can0  067   [8]  00 A7 C3 89 BE 00 00 00
 (152.103079)  can0  068   [8]  00 D8 19 85 3E 00 00 00
 (152.122153)  can0  067   [8]  05 47 24 00 44 23 00 00
 (152.123078)  can0  068   [8]  05 4E 27 01 47 26 01 00
 (152.162173)  can0  067   [8]  0B 27 46 8D BE 00 00 00
 (152.162990)  can0  068   [8]  0B 81 D6 89 3E 00 00 00
 (152.202156)  can0  067   [8]  11 06 00 00 00 00 09 01
 (152.203077)  can0  068   [8]  11 06 00 00 00 00 09 01
 (152.222123)  can0  067   [8]  00 7A E8 9A BE 00 00 00
 (152.223071)  can0  068   [8]  00 0F A0 96 3E 00 00 00
 (152.242135)  can0  067   [8]  05 BB 1C 00 85 1C 00 00
 (152.242978)  can0  068   [8]  05 25 20 01 00 20 01 00
 (152.282104)  can0  067   [8]  0B FE DB 9C BE 00 00 00
 (152.283055)  can0  068   [8]  0B E6 8E 99 3E 00 00 00
 (152.342103)  can0  067   [8]  00 72 34 A9 BE 00 00 00
 (152.343084)  can0  068   [8]  00 DB 2A A5 3E 00 00 00
 (152.362115)  can0  067   [8]  05 1D 1A 00 C3 19 00 00
 (152.362941)  can0  068   [8]  05 ED 1D 01 C0 1D 01 00
 (152.402140)  can0  067   [8]  0B F9 74 AC BE 00 00 00
 (152.403103)  can0  068   [8]  0B 27 44 A9 3E 00 00 00
 (152.462073)  can0  067   [8]  00 86 78 B6 BE 00 00 00
 (152.463021)  can0  068   [8]  00 EB 9A B2 3E 00 00 00
 (152.482122)  can0  067   [8]  05 38 21 00 D8 20 00 00
 (152.483096)  can0  068   [8]  05 94 23 01 86 22 01 00
 (152.522120)  can0  067   [8]  0B F3 0D BC BE 00 00 00
 (152.523102)  can0  068   [8]  0B 8C FC B8 3E 00 00 00
 (152.582175)  can0  067   [8]  00 14 6B C7 BE 00 00 00
 (152.583072)  can0  068   [8]  00 AB 0C C3 3E 00 00 00
 (152.602119)  can0  067   [8]  05 F9 23 00 BE 23 00 00
 (152.603061)  can0  068   [8]  05 52 27 01 33 27 01 00
 (152.642161)  can0  067   [8]  0B 59 C6 CB BE 00 00 00
 (152.643089)  can0  068   [8]  0B 81 D7 C8 3E 00 00 00
 (152.702191)  can0  067   [8]  00 FF 00 D9 BE 00 00 00
 (152.703097)  can0  068   [8]  00 6D CB D4 3E 00 00 00
 (152.722133)  can0  067   [8]  05 1E 1D 00 A7 1C 00 00
 (152.723121)  can0  068   [8]  05 5F 22 01 48 21 01 00
 (152.762191)  can0  067   [8]  0B C5 3C DB BE 00 00 00
 (152.763045)  can0  068   [8]  0B 57 6D D8 3E 00 00 00
 (152.822154)  can0  067   [8]  00 2E 66 E9 BE 00 00 00
 (152.823080)  can0  068   [8]  00 7A 17 E5 3E 00 00 00
 (152.842100)  can0  067   [8]  05 89 17 00 4F 17 00 00
 (152.842983)  can0  068   [8]  05 E1 1B 01 76 1B 01 00
 (152.882123)  can0  067   [8]  0B C0 D5 EA BE 00 00 00
 (152.883109)  can0  068   [8]  0B BD 25 E8 3E 00 00 00
 (152.942098)  can0  067   [8]  00 C2 ED F5 BE 00 00 00
 (152.942977)  can0  068   [8]  00 69 58 F2 3E 00 00 00
 (152.962118)  can0  067   [8]  05 91 19 00 7B 19 00 00
 (152.962994)  can0  068   [8]  05 32 1E 01 EF 1D 01 00
 (153.002115)  can0  067   [8]  0B BB 6E FA BE 00 00 00
 (153.002959)  can0  068   [8]  0B 22 DE F7 3E 00 00 00
 (153.042143)  can0  067   [8]  12 80 67 00 01 01 00 00
 (153.042179)  can0  067   [8]  0C 02 A1 AD FF 00 00 7E
 (153.043117)  can0  068   [8]  12 80 67 00 01 01 00 00
 (153.043157)  can0  068   [8]  0C 02 A1 92 FF 00 00 7E
 (153.062122)  can0  067   [8]  00 1A 9C 02 BF 00 00 00
 (153.063120)  can0  068   [8]  00 49 C3 00 3F 00 00 00
 (153.082104)  can0  067   [8]  05 02 22 00 E9 20 00 00
 (153.082984)  can0  068   [8]  05 56 25 01 17 25 01 00
 (153.122158)  can0  067   [8]  0B 48 02 05 BF 00 00 00
 (153.123086)  can0  068   [8]  0B 44 CB 03 3F 00 00 00
 (153.182117)  can0  067   [8]  00 10 5C 0B BF 00 00 00
 (153.183058)  can0  068   [8]  00 FE 3A 09 3F 00 00 00
 (153.202096)  can0  067   [8]  05 07 1E 00 CE 1D 00 00
 (153.202128)  can0  067   [8]  11 06 00 00 00 00 09 01
 (153.203031)  can0  068   [8]  05 4B 23 01 F7 21 01 00
 (153.203054)  can0  068   [8]  11 06 00 00 00 00 09 01
 (153.242160)  can0  067   [8]  0B C6 CE 0C BF 00 00 00
 (153.243084)  can0  068   [8]  0B 76 A7 0B 3F 00 00 00
 (153.302141)  can0  067   [8]  00 E8 E1 13 BF 00 00 00
 (153.303065)  can0  068   [8]  00 64 EE 11 3F 00 00 00
 (153.322187)  can0  067   [8]  05 72 17 00 78 16 00 00
 (153.323032)  can0  068   [8]  05 44 1D 01 29 1C 01 00
 (153.362169)  can0  067   [8]  0B F8 AA 14 BF 00 00 00
 (153.363127)  can0  068   [8]  0B 5E 93 13 3F 00 00 00
 (153.422139)  can0  067   [8]  00 DF 3E 1B BF 00 00 00
 (153.423113)  can0  068   [8]  00 58 61 19 3F 00 00 00
 (153.442120)  can0  067   [8]  05 2B 13 00 ED 12 00 00
 (153.442973)  can0  068   [8]  05 82 19 01 BF 19 01 00
 (153.482120)  can0  067   [8]  0B 2E 66 1C BF 00 00 00
 (153.483042)  can0  068   [8]  0B DC 5F 1B 3F 00 00 00
 (153.542147)  can0  067   [8]  00 81 A0 21 BF 00 00 00
 (153.543066)  can0  068   [8]  00 1C E7 1F 3F 00 00 00
 (153.562124)  can0  067   [8]  05 3E 1B 00 35 1A 00 00
 (153.563058)  can0  068   [8]  05 3C 20 01 41 1F 01 00
 (153.602130)  can0  067   [8]  0B AC 32 24 BF 00 00 00
 (153.603119)  can0  068   [8]  0B 0E 3C 23 3F 00 00 00
 (153.662103)  can0  067   [8]  00 5C 10 2A BF 00 00 00
 (153.663109)  can0  068   [8]  00 69 29 28 3F 00 00 00
 (153.682144)  can0  067   [8]  05 29 1D 00 5E 1C 00 00
 (153.683064)  can0  068   [8]  05 FD 22 01 33 22 01 00
 (153.722161)  can0  067   [8]  0B 29 FF 2B BF 00 00 00
 (153.723089)  can0  068   [8]  0B 41 18 2B 3F 00 00 00
 (153.782181)  can0  067   [8]  00 E6 C6 32 BF 00 00 00
 (153.783085)  can0  068   [8]  00 15 F9 30 3F 00 00 00
 (153.802131)  can0  067   [8]  05 37 17 00 C9 16 00 00
 (153.802985)  can0  068   [8]  05 6F 1E 01 75 1D 01 00
 (153.842173)  can0  067   [8]  0B 15 CA 33 BF 00 00 00
 (153.843121)  can0  068   [8]  0B E2 F2 32 3F 00 00 00
 (153.902159)  can0  067   [8]  00 32 14 3B BF 00 00 00
 (153.903018)  can0  068   [8]  00 F7 1B 39 3F 00 00 00
 (153.922136)  can0  067   [8]  05 84 11 00 68 11 00 00
 (153.923070)  can0  068   [8]  05 95 17 01 AE 17 01 00
 (153.962157)  can0  067   [8]  0B 92 96 3B BF 00 00 00
 (153.962961)  can0  068   [8]  0B 14 CF 3A 3F 00 00 00
 (154.022158)  can0  067   [8]  00 D8 49 41 BF 00 00 00
 (154.023095)  can0  068   [8]  00 94 B4 3F 3F 00 00 00
 (154.042169)  can0  067   [8]  05 A6 12 00 87 12 00 00
 (154.042201)  can0  067   [8]  12 80 67 00 01 01 00 00
 (154.042254)  can0  067   [8]  0C 02 A1 89 FF 00 00 7E
 (154.043122)  can0  068   [8]  05 4F 19 01 F5 18 01 00
 (154.043157)  can0  068   [8]  12 80 67 00 01 01 00 00
 (154.043159)  can0  068   [8]  0C 02 A1 9B FF 00 00 7E
 (154.082143)  can0  067   [8]  0B 0F 63 43 BF 00 00 00
 (154.083135)  can0  068   [8]  0B 47 AB 42 3F 00 00 00
 (154.142128)  can0  067   [8]  00 7F E2 48 BF 00 00 00
 (154.143106)  can0  068   [8]  00 62 3A 47 3F 00 00 00
 (154.162153)  can0  067   [8]  05 CF 1B 00 69 1B 00 00
 (154.163082)  can0  068   [8]  05 B8 21 01 8D 20 01 00
 (154.202180)  can0  067   [8]  0B FB 2D 4B BF 00 00 00
 (154.202220)  can0  067   [8]  11 06 00 00 00 00 09 01
 (154.203159)  can0  068   [8]  0B 7A 87 4A 3F 00 00 00
 (154.203206)  can0  068   [8]  11 06 00 00 00 00 09 01
 (154.262112)  can0  067   [8]  00 53 94 51 BF 00 00 00
 (154.263116)  can0  068   [8]  00 A7 C9 4F 3F 00 00 00
 (154.282142)  can0  067   [8]  05 93 16 00 E0 17 00 00
 (154.283122)  can0  068   [8]  05 08 1E 01 BD 1C 01 00
 (154.322148)  can0  067   [8]  0B C2 F5 52 BF 00 00 00
 (154.323056)  can0  068   [8]  0B F6 5E 52 3F 00 00 00
 (154.382137)  can0  067   [8]  00 2E F9 59 BF 00 00 00
 (154.383131)  can0  068   [8]  00 A1 68 58 3F 00 00 00
 (154.402139)  can0  067   [8]  05 44 10 00 7F 0F 00 00
 (154.403114)  can0  068   [8]  05 A6 16 01 B0 16 01 00
 (154.442136)  can0  067   [8]  0B FA 9A 5A BF 00 00 00
 (154.443098)  can0  068   [8]  0B 76 15 5A 3F 00 00 00
 (154.502131)  can0  067   [8]  00 3C 7A 60 BF 00 00 00
 (154.502991)  can0  068   [8]  00 3E 01 5F 3F 00 00 00
 (154.522169)  can0  067   [8]  05 B2 0C 00 C0 0C 00 00
 (154.523098)  can0  068   [8]  05 62 14 01 5C 14 01 00
 (154.562114)  can0  067   [8]  0B CA FF 61 BF 00 00 00
 (154.563122)  can0  068   [8]  0B FB 89 61 3F 00 00 00
 (154.622190)  can0  067   [8]  00 93 F6 66 BF 00 00 00
 (154.623129)  can0  068   [8]  00 4E 61 65 3F 00 00 00
 (154.642193)  can0  067   [8]  05 63 18 00 05 18 00 00
 (154.643176)  can0  068   [8]  05 50 1F 01 F7 1E 01 00
 (154.682180)  can0  067   [8]  0B 5B 11 69 BF 00 00 00
 (154.683029)  can0  068   [8]  0B D3 AC 68 3F 00 00 00
 (154.742188)  can0  067   [8]  00 A0 DA 6E BF 00 00 00
 (154.743125)  can0  068   [8]  00 9C 98 6D 3F 00 00 00
 (154.762178)  can0  067   [8]  05 81 11 00 10 11 00 00
 (154.763039)  can0  068   [8]  05 A0 17 01 D3 16 01 00
 (154.802155)  can0  067   [8]  0B 45 84 6F BF 00 00 00
 (154.802949)  can0  068   [8]  0B 73 2F 6F 3F 00 00 00
 (154.862095)  can0  067   [8]  00 D5 32 75 BF 00 00 00
 (154.863051)  can0  068   [8]  00 F9 D2 73 3F 00 00 00
 (154.882142)  can0  067   [8]  05 8B 07 00 FD 07 00 00
 (154.883098)  can0  068   [8]  05 5E 0E 01 EE 0D 01 00
 (154.922172)  can0  067   [8]  0B 19 65 75 BF 00 00 00
 (154.923095)  can0  068   [8]  0B 69 1E 75 3F 00 00 00
 (154.982170)  can0  067   [8]  00 D1 87 79 BF 00 00 00
 (154.983053)  can0  068   [8]  00 5E 5D 78 3F 00 00 00
 (155.002163)  can0  067   [8]  05 2C 13 00 E7 12 00 00
 (155.003100)  can0  068   [8]  05 FF 19 01 F6 19 01 00
 (155.042150)  can0  067   [8]  0B DC 92 7A BF 00 00 00
 (155.042195)  can0  067   [8]  12 80 67 00 01 01 00 00
 (155.042197)  can0  067   [8]  0C 02 A1 AD FF 00 00 7E
 (155.043128)  can0  068   [8]  0B 4F 5A 7A 3F 00 00 00
 (155.043164)  can0  068   [8]  12 80 67 00 01 01 00 00
 (155.043165)  can0  068   [8]  0C 02 A1 A4 FF 00 00 7E
 (155.102146)  can0  067   [8]  00 6B 30 80 BF 00 00 00
 (155.103131)  can0  068   [8]  00 60 4C 7F 3F 00 00 00
 (155.122167)  can0  067   [8]  05 9E 06 00 67 06 00 00
 (155.123113)  can0  068   [8]  05 B2 0A 01 83 0B 01 00
 (155.162182)  can0  067   [8]  0B F9 0B 7F BF 00 00 00
 (155.163122)  can0  068   [8]  0B FD DF 7E 3F 00 00 00
 (155.202156)  can0  067   [8]  11 06 00 00 00 00 09 01
 (155.203123)  can0  068   [8]  11 06 00 00 00 00 09 01
 (155.222130)  can0  067   [8]  00 5D 6B 81 BF 00 00 00
 (155.223044)  can0  068   [8]  00 A2 DB 80 3F 00 00 00
 (155.242175)  can0  067   [8]  05 8A 0F 00 6F 0F 00 00
 (155.243061)  can0  068   [8]  05 CB 16 01 FA 16 01 00
 (155.282054)  can0  067   [8]  0B 01 69 81 BF 00 00 00
 (155.283041)  can0  068   [8]  0B 83 58 81 3F 00 00 00
 (155.342172)  can0  067   [8]  00 EE 91 83 BF 00 00 00
 (155.343011)  can0  068   [8]  00 F7 39 83 3F 00 00 00
 (155.362125)  can0  067   [8]  05 84 06 00 DF 06 00 00
 (155.363109)  can0  068   [8]  05 AC 09 01 C4 09 01 00
 (155.402181)  can0  067   [8]  0B 7F F2 82 BF 00 00 00
 (155.403117)  can0  068   [8]  0B B7 E6 82 3F 00 00 00
 (155.462158)  can0  067   [8]  00 F6 A7 84 BF 00 00 00
 (155.463140)  can0  068   [8]  00 A2 63 84 3F 00 00 00
 (155.482157)  can0  067   [8]  05 0F 0C 00 10 0C 00 00
 (155.483145)  can0  068   [8]  05 F3 11 01 12 12 01 00
 (155.522043)  can0  067   [8]  0B 71 22 84 BF 00 00 00
 (155.523033)  can0  068   [8]  0B CE 19 84 3F 00 00 00
 (155.582160)  can0  067   [8]  00 AF 04 86 BF 00 00 00
 (155.583147)  can0  068   [8]  00 B9 96 85 3F 00 00 00
 (155.602162)  can0  067   [8]  05 A4 08 00 4C 08 00 00
 (155.603138)  can0  068   [8]  05 FA 0C 01 F6 0C 01 00
 (155.642132)  can0  067   [8]  0B A4 F9 84 BF 00 00 00
 (155.643058)  can0  068   [8]  0B EE F4 84 3F 00 00 00
 (155.702171)  can0  067   [8]  00 D3 B3 86 BF 00 00 00
 (155.703110)  can0  068   [8]  00 DC 5B 86 3F 00 00 00
 (155.722182)  can0  067   [8]  05 69 08 00 4E 08 00 00
 (155.723124)  can0  068   [8]  05 8D 0C 01 A1 0C 01 00
 (155.762170)  can0  067   [8]  0B 3B 86 85 BF 00 00 00
 (155.763151)  can0  068   [8]  0B 16 83 85 3F 00 00 00
 (155.822192)  can0  067   [8]  00 A1 34 87 BF 00 00 00
 (155.823173)  can0  068   [8]  00 DD 07 87 3F 00 00 00
 (155.842187)  can0  067   [8]  05 3D 08 00 16 08 00 00
 (155.843178)  can0  068   [8]  05 1C 0A 01 00 0A 01 00
 (155.882192)  can0  067   [8]  0B 20 D7 85 BF 00 00 00
 (155.883184)  can0  068   [8]  0B 8E D5 85 3F 00 00 00
 (155.942208)  can0  067   [8]  00 2B 8E 87 BF 00 00 00
 (155.943116)  can0  068   [8]  00 FA 4C 87 3F 00 00 00
 (155.962194)  can0  067   [8]  05 14 07 00 E6 06 00 00
 (155.963177)  can0  068   [8]  05 97 0A 01 94 0A 01 00
 (156.002199)  can0  067   [8]  0B 9C FD 85 BF 00 00 00
 (156.003110)  can0  068   [8]  0B 9C FD 85 3F 00 00 00
 (156.042180)  can0  067   [8]  12 80 67 00 01 01 00 00
 (156.042207)  can0  067   [8]  0C 02 A1 A4 73 00 00 7E
 (156.043113)  can0  068   [8]  12 80 67 00 01 01 00 00
 (156.043141)  can0  068   [8]  0C 02 A1 AD 79 00 00 7E
 (156.062182)  can0  067   [8]  00 85 9B 87 BF 00 00 00
 (156.063109)  can0  068   [8]  00 8D 4E 87 3F 00 00 00
 (156.082138)  can0  067   [8]  05 DA 07 00 F6 07 00 00
 (156.083046)  can0  068   [8]  05 1E 0C 01 F2 0B 01 00
 (156.122095)  can0  067   [8]  0B 65 09 86 BF 00 00 00
 (156.123039)  can0  068   [8]  0B 9C 08 86 3F 00 00 00
 (156.182203)  can0  067   [8]  00 93 C3 87 BF 00 00 00
 (156.183124)  can0  068   [8]  00 2F 62 87 3F 00 00 00
 (156.202186)  can0  067   [8]  05 56 06 00 7B 06 00 00
 (156.202223)  can0  067   [8]  11 06 00 00 00 00 29 01
 (156.203054)  can0  068   [8]  05 E2 0B 01 21 0C 01 00
 (156.203081)  can0  068   [8]  11 06 00 00 00 00 09 01
 (156.223158)  can0  068   [8]  11 06 00 00 00 00 29 01
 (156.242175)  can0  067   [8]  0B 2E 0A 86 BF 00 00 00
 (156.243135)  can0  068   [8]  0B 2E 0A 86 3F 00 00 00
 (156.302205)  can0  067   [8]  00 5C C4 87 BF 00 00 00
 (156.303136)  can0  068   [8]  00 D4 5F 87 3F 00 00 00
 (156.322165)  can0  067   [8]  05 EA 04 01 2F 06 01 00
 (156.323062)  can0  068   [8]  05 2A 00 01 2F 00 01 00
 (156.362159)  can0  067   [8]  0B 2E 0A 86 BF 00 00 00
 (156.363139)  can0  068   [8]  0B 2E 0A 86 3F 00 00 00
 (156.422148)  can0  067   [8]  00 5C C4 87 BF 00 00 00
 (156.423142)  can0  068   [8]  00 D4 5F 87 3F 00 00 00
 (156.442140)  can0  067   [8]  05 EB 04 01 D9 04 01 00
 (156.443119)  can0  068   [8]  05 3D 00 01 41 00 01 00
 (156.482148)  can0  067   [8]  0B 2E 0A 86 BF 00 00 00
 (156.483121)  can0  068   [8]  0B 2E 0A 86 3F 00 00 00
 (156.542145)  can0  067   [8]  00 5C C4 87 BF 00 00 00
 (156.543146)  can0  068   [8]  00 D4 5F 87 3F 00 00 00
 (156.562165)  can0  067   [8]  05 E2 04 01 EB 04 01 00
 (156.563126)  can0  068   [8]  05 3D 00 01 25 00 01 00
 (156.602187)  can0  067   [8]  0B 2E 0A 86 BF 00 00 00
 (156.603153)  can0  068   [8]  0B 2E 0A 86 3F 00 00 00
 (156.662221)  can0  067   [8]  00 5C C4 87 BF 00 00 00
 (156.663153)  can0  068   [8]  00 0B 5F 87 3F 00 00 00
 (156.682239)  can0  067   [8]  05 E2 04 01 11 05 01 00
 (156.683157)  can0  068   [8]  05 32 00 01 25 00 01 00
 (156.722187)  can0  067   [8]  0B 2E 0A 86 BF 00 00 00
 (156.723176)  can0  068   [8]  0B 2E 0A 86 3F 00 00 00
 (156.782172)  can0  067   [8]  00 5C C4 87 BF 00 00 00
 (156.783202)  can0  068   [8]  00 D4 5F 87 3F 00 00 00
 (156.802196)  can0  067   [8]  05 F7 04 01 EB 04 01 00
 (156.803159)  can0  068   [8]  05 46 00 01 4A 00 01 00
 (156.842216)  can0  067   [8]  0B 2E 0A 86 BF 00 00 00
 (156.843172)  can0  068   [8]  0B 2E 0A 86 3F 00 00 00
 (156.902193)  can0  067   [8]  00 EE C5 87 BF 00 00 00
 (156.903174)  can0  068   [8]  00 D4 5F 87 3F 00 00 00
 (156.922205)  can0  067   [8]  05 02 05 01 EB 04 01 00
 (156.923202)  can0  068   [8]  05 3B 00 01 E6 00 00 00
 (156.962174)  can0  067   [8]  0B 2E 0A 86 BF 00 00 00
 (156.963092)  can0  068   [8]  0B 2E 0A 86 3F 00 00 00
 (157.022138)  can0  067   [8]  00 5C C4 87 BF 00 00 00
 (157.023204)  can0  068   [8]  00 D4 5F 87 3F 00 00 00
 (157.042242)  can0  067   [8]  05 EE 04 01 E2 04 01 00
 (157.042277)  can0  067   [8]  12 80 67 00 01 01 00 00
 (157.042279)  can0  067   [8]  0C 02 A1 9B 03 00 60 4C
 (157.043181)  can0  068   [8]  05 3B 00 01 41 00 01 00
 (157.043222)  can0  068   [8]  12 80 67 00 01 01 00 00
 (157.043223)  can0  068   [8]  0C 02 A1 89 01 00 70 22
 (157.082182)  can0  067   [8]  0B 2E 0A 86 BF 00 00 00
 (157.083084)  can0  068   [8]  0B 2E 0A 86 3F 00 00 00
 (157.142157)  can0  067   [8]  00 5C C4 87 BF 00 00 00
 (157.143129)  can0  068   [8]  00 0B 5F 87 3F 00 00 00
 (157.162190)  can0  067   [8]  05 EF 04 01 C7 04 01 00
 (157.163100)  can0  068   [8]  05 44 00 01 38 00 01 00
 (157.202182)  can0  067   [8]  0B 2E 0A 86 BF 00 00 00
 (157.202211)  can0  067   [8]  11 06 00 00 00 00 29 01
 (157.202991)  can0  068   [8]  0B 2E 0A 86 3F 00 00 00
 (157.223182)  can0  068   [8]  11 06 00 00 00 00 29 01
 (157.262217)  can0  067   [8]  00 25 C5 87 BF 00 00 00
 (157.263193)  can0  068   [8]  00 0B 5F 87 3F 00 00 00
 (157.282207)  can0  067   [8]  05 FA 04 01 C7 04 01 00
 (157.283190)  can0  068   [8]  05 44 00 01 2F 00 01 00
 (157.322037)  can0  067   [8]  0B 2E 0A 86 BF 00 00 00
 (157.322976)  can0  068   [8]  0B 2E 0A 86 3F 00 00 00
 (157.382193)  can0  067   [8]  00 5C C4 87 BF 00 00 00
 (157.383189)  can0  068   [8]  00 0B 5F 87 3F 00 00 00
 (157.402223)  can0  067   [8]  05 04 05 01 11 05 01 00
 (157.403144)  can0  068   [8]  05 43 00 01 41 00 01 00
 (157.442187)  can0  067   [8]  0B 2E 0A 86 BF 00 00 00
 (157.443117)  can0  068   [8]  0B 2E 0A 86 3F 00 00 00
 (157.502225)  can0  067   [8]  00 93 C3 87 BF 00 00 00
 (157.503147)  can0  068   [8]  00 0B 5F 87 3F 00 00 00
 (157.522211)  can0  067   [8]  05 FB 04 01 FE 04 01 00
 (157.523175)  can0  068   [8]  05 39 00 01 25 00 01 00
 (157.562202)  can0  067   [8]  0B 2E 0A 86 BF 00 00 00
 (157.563066)  can0  068   [8]  0B 2E 0A 86 3F 00 00 00
 (157.622190)  can0  067   [8]  00 25 C5 87 BF 00 00 00
 (157.623153)  can0  068   [8]  00 0B 5F 87 3F 00 00 00
 (157.642186)  can0  067   [8]  05 FC 04 01 6F 06 01 00
 (157.643162)  can0  068   [8]  05 42 00 01 54 00 01 00
 (157.682240)  can0  067   [8]  0B 2E 0A 86 BF 00 00 00
 (157.683075)  can0  068   [8]  0B 2E 0A 86 3F 00 00 00
 (157.742191)  can0  067   [8]  00 25 C5 87 BF 00 00 00
 (157.743157)  can0  068   [8]  00 42 5E 87 3F 00 00 00
 (157.762175)  can0  067   [8]  05 F2 04 01 D0 04 01 00
 (157.763083)  can0  068   [8]  05 42 00 01 4A 00 01 00
 (157.802226)  can0  067   [8]  0B 2E 0A 86 BF 00 00 00
 (157.803155)  can0  068   [8]  0B 2E 0A 86 3F 00 00 00
 (157.862178)  can0  067   [8]  00 EE C5 87 BF 00 00 00
 (157.863157)  can0  068   [8]  00 42 5E 87 3F 00 00 00
 (157.882170)  can0  067   [8]  05 FD 04 01 F5 04 01 00
 (157.883162)  can0  068   [8]  05 41 00 01 4A 00 01 00
 (157.922196)  can0  067   [8]  0B 2E 0A 86 BF 00 00 00
 (157.923088)  can0  068   [8]  0B 2E 0A 86 3F 00 00 00
 (157.982203)  can0  067   [8]  00 25 C5 87 BF 00 00 00
 (157.983174)  can0  068   [8]  00 42 5E 87 3F 00 00 00
 (158.002241)  can0  067   [8]  05 F4 04 01 35 05 01 00
 (158.003185)  can0  068   [8]  05 37 00 01 41 00 01 00
 (158.042207)  can0  067   [8]  0B 2E 0A 86 BF 00 00 00
 (158.042242)  can0  067   [8]  12 80 67 00 01 01 00 00
 (158.042244)  can0  067   [8]  0C 02 A1 9B 00 00 70 08
 (158.043174)  can0  068   [8]  0B 2E 0A 86 3F 00 00 00
 (158.043200)  can0  068   [8]  12 80 67 00 01 01 00 00
 (158.043202)  can0  068   [8]  0C 02 A1 89 00 00 70 02
 (158.102206)  can0  067   [8]  00 B7 C6 87 BF 00 00 00
 (158.103186)  can0  068   [8]  00 42 5E 87 3F 00 00 00
 (158.122179)  can0  067   [8]  05 FF 04 01 8B 06 01 00
 (158.123117)  can0  068   [8]  05 36 00 01 2F 00 01 00
 (158.162167)  can0  067   [8]  0B 2E 0A 86 BF 00 00 00
 (158.163194)  can0  068   [8]  0B 2E 0A 86 3F 00 00 00
 (158.202201)  can0  067   [8]  11 06 00 00 00 00 29 01
 (158.222215)  can0  067   [8]  00 25 C5 87 BF 00 00 00
 (158.223187)  can0  068   [8]  00 42 5E 87 3F 00 00 00
 (158.223227)  can0  068   [8]  11 06 00 00 00 00 29 01
 (158.242197)  can0  067   [8]  05 09 05 01 07 05 01 00
 (158.243178)  can0  068   [8]  05 2C 00 01 38 00 01 00
 (158.282182)  can0  067   [8]  0B 2E 0A 86 BF 00 00 00
 (158.283156)  can0  068   [8]  0B 2E 0A 86 3F 00 00 00
 (158.342193)  can0  067   [8]  00 EE C5 87 BF 00 00 00
 (158.343173)  can0  068   [8]  00 42 5E 87 3F 00 00 00
 (158.362204)  can0  067   [8]  05 00 05 01 D9 04 01 00
 (158.363167)  can0  068   [8]  05 35 00 01 2E 00 01 00
 (158.402194)  can0  067   [8]  0B 2E 0A 86 BF 00 00 00
 (158.403169)  can0  068   [8]  0B 2E 0A 86 3F 00 00 00
 (158.462197)  can0  067   [8]  00 EE C5 87 BF 00 00 00
 (158.463182)  can0  068   [8]  00 42 5E 87 3F 00 00 00
 (158.482198)  can0  067   [8]  05 01 05 01 FE 04 01 00
 (158.483183)  can0  068   [8]  05 3F 00 01 41 00 01 00
 (158.522192)  can0  067   [8]  0B 2E 0A 86 BF 00 00 00
 (158.523219)  can0  068   [8]  0B 2E 0A 86 3F 00 00 00
 (158.582210)  can0  067   [8]  00 25 C5 87 BF 00 00 00
 (158.583210)  can0  068   [8]  00 0B 5F 87 3F 00 00 00
 (158.602238)  can0  067   [8]  05 01 05 01 FE 04 01 00
 (158.603153)  can0  068   [8]  05 3E 00 01 2F 00 01 00
 (158.642229)  can0  067   [8]  0B 2E 0A 86 BF 00 00 00
 (158.643203)  can0  068   [8]  0B 2E 0A 86 3F 00 00 00
 (158.702223)  can0  067   [8]  00 5C C4 87 BF 00 00 00
 (158.703166)  can0  068   [8]  00 79 5D 87 3F 00 00 00
 (158.722226)  can0  067   [8]  05 EE 04 01 BD 04 01 00
 (158.723136)  can0  068   [8]  05 3E 00 01 38 00 01 00
 (158.762242)  can0  067   [8]  0B 2E 0A 86 BF 00 00 00
 (158.763083)  can0  068   [8]  0B 2E 0A 86 3F 00 00 00
 (158.822203)  can0  067   [8]  00 5C C4 87 BF 00 00 00
 (158.823172)  can0  068   [8]  00 42 5E 87 3F 00 00 00
 (158.842188)  can0  067   [8]  05 03 05 01 C7 04 01 00
 (158.843164)  can0  068   [8]  05 3D 00 01 00 00 01 00
 (158.882178)  can0  067   [8]  0B 2E 0A 86 BF 00 00 00
 (158.883184)  can0  068   [8]  0B 2E 0A 86 3F 00 00 00
 (158.942238)  can0  067   [8]  00 EE C5 87 BF 00 00 00
 (158.943208)  can0  068   [8]  00 42 5E 87 3F 00 00 00
 (158.962211)  can0  067   [8]  05 03 05 01 D9 04 01 00
 (158.963204)  can0  068   [8]  05 33 00 01 4A 00 01 00
 (159.002265)  can0  067   [8]  0B 2E 0A 86 BF 00 00 00
 (159.003185)  can0  068   [8]  0B 2E 0A 86 3F 00 00 00
 (159.042216)  can0  067   [8]  12 80 67 00 01 01 00 00
 (159.042253)  can0  067   [8]  0C 02 A1 9B 00 00 70 08
 (159.043190)  can0  068   [8]  12 80 67 00 01 01 00 00
 (159.043231)  can0  068   [8]  0C 02 A1 89 00 00 70 02
 (159.062195)  can0  067   [8]  00 5C C4 87 BF 00 00 00
 (159.063134)  can0  068   [8]  00 42 5E 87 3F 00 00 00
 (159.082179)  can0  067   [8]  05 04 05 01 FE 04 01 00
 (159.083077)  can0  068   [8]  05 32 00 01 41 00 01 00
 (159.122203)  can0  067   [8]  0B 2E 0A 86 BF 00 00 00
 (159.123174)  can0  068   [8]  0B 2E 0A 86 3F 00 00 00
 (159.182170)  can0  067   [8]  00 EE C5 87 BF 00 00 00
 (159.183173)  can0  068   [8]  00 42 5E 87 3F 00 00 00
 (159.202197)  can0  067   [8]  05 0F 05 01 D9 04 01 00
 (159.202227)  can0  067   [8]  11 06 00 00 00 00 29 01
 (159.203159)  can0  068   [8]  05 50 00 01 4A 00 01 00
 (159.223193)  can0  068   [8]  11 06 00 00 00 00 29 01
 (159.242205)  can0  067   [8]  0B 2E 0A 86 BF 00 00 00
 (159.243168)  can0  068   [8]  0B 2E 0A 86 3F 00 00 00
 (159.302220)  can0  067   [8]  00 5C C4 87 BF 00 00 00
 (159.303208)  can0  068   [8]  00 42 5E 87 3F 00 00 00
 (159.322239)  can0  067   [8]  05 FB 04 01 23 05 01 00
 (159.323142)  can0  068   [8]  05 3B 00 01 4A 00 01 00
 (159.362192)  can0  067   [8]  0B 2E 0A 86 BF 00 00 00
 (159.363174)  can0  068   [8]  0B 2E 0A 86 3F 00 00 00
 (159.422225)  can0  067   [8]  00 EE C5 87 BF 00 00 00
 (159.423195)  can0  068   [8]  00 0B 5F 87 3F 00 00 00
 (159.442220)  can0  067   [8]  05 06 05 01 F5 04 01 00
 (159.443131)  can0  068   [8]  05 3A 00 01 38 00 01 00
 (159.482206)  can0  067   [8]  0B 2E 0A 86 BF 00 00 00
 (159.483182)  can0  068   [8]  0B 2E 0A 86 3F 00 00 00
 (159.542238)  can0  067   [8]  00 EE C5 87 BF 00 00 00
 (159.543188)  can0  068   [8]  00 42 5E 87 3F 00 00 00
 (159.562219)  can0  067   [8]  05 07 05 01 C7 04 01 00
 (159.563212)  can0  068   [8]  05 3A 00 01 38 00 01 00
 (159.602241)  can0  067   [8]  0B 2E 0A 86 BF 00 00 00
 (159.603224)  can0  068   [8]  0B 2E 0A 86 3F 00 00 00
 (159.662253)  can0  067   [8]  00 5C C4 87 BF 00 00 00
 (159.663226)  can0  068   [8]  00 42 5E 87 3F 00 00 00
 (159.682244)  can0  067   [8]  05 07 05 01 11 05 01 00
 (159.683231)  can0  068   [8]  05 39 00 01 2F 00 01 00
 (159.722230)  can0  067   [8]  0B 2E 0A 86 BF 00 00 00
 (159.723180)  can0  068   [8]  0B 2E 0A 86 3F 00 00 00
 (159.782251)  can0  067   [8]  00 25 C5 87 BF 00 00 00
 (159.783223)  can0  068   [8]  00 42 5E 87 3F 00 00 00
 (159.802232)  can0  067   [8]  05 08 05 01 3F 05 01 00
 (159.803211)  can0  068   [8]  05 39 00 01 4A 00 01 00
 (159.842234)  can0  067   [8]  0B 2E 0A 86 BF 00 00 00
 (159.843205)  can0  068   [8]  0B 2E 0A 86 3F 00 00 00
 (159.902263)  can0  067   [8]  00 EE C5 87 BF 00 00 00
 (159.903248)  can0  068   [8]  00 42 5E 87 3F 00 00 00
 (159.922268)  can0  067   [8]  05 13 05 01 EB 04 01 00
 (159.923251)  can0  068   [8]  05 43 00 01 54 00 01 00
 (159.962262)  can0  067   [8]  0B 2E 0A 86 BF 00 00 00
 (159.963254)  can0  068   [8]  0B 2E 0A 86 3F 00 00 00
 (160.022236)  can0  067   [8]  00 EE C5 87 BF 00 00 00
 (160.023217)  can0  068   [8]  00 42 5E 87 3F 00 00 00
 (160.042263)  can0  067   [8]  05 FF 04 01 07 05 01 00
 (160.042303)  can0  067   [8]  12 80 67 00 01 01 00 00
 (160.042305)  can0  067   [8]  0C 02 A1 9B 00 00 70 08
 (160.043201)  can0  068   [8]  05 38 00 01 2F 00 01 00
 (160.043231)  can0  068   [8]  12 80 67 00 01 01 00 00
 (160.043234)  can0  068   [8]  0C 02 A1 89 00 00 70 02
 (160.082209)  can0  067   [8]  0B 2E 0A 86 BF 00 00 00
 (160.083137)  can0  068   [8]  0B 2E 0A 86 3F 00 00 00
 (160.142239)  can0  067   [8]  00 EE C5 87 BF 00 00 00
 (160.143202)  can0  068   [8]  00 79 5D 87 3F 00 00 00
 (160.162223)  can0  067   [8]  05 0A 05 01 E2 04 01 00
 (160.163189)  can0  068   [8]  05 42 00 01 2F 00 01 00
 (160.202237)  can0  067   [8]  0B 2E 0A 86 BF 00 00 00
 (160.202278)  can0  067   [8]  11 06 00 00 00 00 29 01
 (160.203200)  can0  068   [8]  0B 2E 0A 86 3F 00 00 00
 (160.216087)  can0  064   [8]  67 01 35 FA 8E BC 07 00
 (160.219318)  can0  064   [8]  68 01 35 FA 8E 3C 07 00
 (160.222042)  can0  067   [8]  11 06 00 00 00 00 09 01
 (160.222980)  can0  068   [8]  11 06 00 00 00 00 09 01
 (160.262179)  can0  067   [8]  00 5A DA 87 BF 00 00 00
 (160.263180)  can0  068   [8]  00 1C 66 87 3F 00 00 00
 (160.282202)  can0  067   [8]  05 38 04 00 51 04 00 00
 (160.283164)  can0  068   [8]  05 D7 04 01 D6 04 01 00
 (160.322222)  can0  067   [8]  0B 25 C5 87 BF 00 00 00
 (160.323196)  can0  068   [8]  0B 79 5D 87 3F 00 00 00
 (160.382200)  can0  067   [8]  00 5A DA 87 BF 00 00 00
 (160.383178)  can0  068   [8]  00 78 68 87 3F 00 00 00
 (160.402190)  can0  067   [8]  05 8B 03 00 C6 04 00 00
 (160.403169)  can0  068   [8]  05 34 04 01 55 04 01 00
 (160.442219)  can0  067   [8]  0B EF BA 87 BF 00 00 00
 (160.443179)  can0  068   [8]  0B 43 53 87 3F 00 00 00
 (160.502199)  can0  067   [8]  00 5A DA 87 BF 00 00 00
 (160.503176)  can0  068   [8]  00 78 68 87 3F 00 00 00
 (160.522209)  can0  067   [8]  05 21 02 00 24 02 00 00
 (160.523199)  can0  068   [8]  05 C0 02 01 DA 02 01 00
 (160.562200)  can0  067   [8]  0B 17 9D 87 BF 00 00 00
 (160.563193)  can0  068   [8]  0B 34 36 87 3F 00 00 00
 (160.622255)  can0  067   [8]  00 C7 D8 87 BF 00 00 00
 (160.623151)  can0  068   [8]  00 AF 67 87 3F 00 00 00
 (160.642267)  can0  067   [8]  05 BD 00 01 87 00 01 00
 (160.643249)  can0  068   [8]  05 13 00 00 1C 00 01 00
 (160.682213)  can0  067   [8]  0B 66 61 87 BF 00 00 00
 (160.683093)  can0  068   [8]  0B 4C FB 86 3F 00 00 00
 (160.742214)  can0  067   [8]  00 91 D9 87 BF 00 00 00
 (160.743084)  can0  068   [8]  00 AF 67 87 3F 00 00 00
 (160.762257)  can0  067   [8]  05 50 05 01 41 05 01 00
 (160.763214)  can0  068   [8]  05 7E 04 00 67 04 00 00
 (160.802212)  can0  067   [8]  0B DE FC 86 BF 00 00 00
 (160.803109)  can0  068   [8]  0B 8D 97 86 3F 00 00 00
 (160.862250)  can0  067   [8]  00 5A DA 87 BF 00 00 00
 (160.863215)  can0  068   [8]  00 0C 54 87 3F 00 00 00
 (160.882205)  can0  067   [8]  05 51 0C 01 26 0C 01 00
 (160.883206)  can0  068   [8]  05 9F 0A 00 7F 0A 00 00
 (160.922266)  can0  067   [8]  0B 49 65 86 BF 00 00 00
 (160.923204)  can0  068   [8]  0B 53 02 86 3F 00 00 00
 (160.982254)  can0  067   [8]  00 DB C9 87 BF 00 00 00
 (160.983220)  can0  068   [8]  00 FC 41 87 3F 00 00 00
 (161.002245)  can0  067   [8]  05 3D 15 01 34 15 01 00
 (161.003102)  can0  068   [8]  05 00 11 00 B0 10 00 00
 (161.042235)  can0  067   [8]  0B 70 90 85 BF 00 00 00
 (161.042253)  can0  067   [8]  12 80 67 00 01 01 00 00
 (161.042255)  can0  067   [8]  0C 02 A1 92 03 00 50 0E
 (161.043193)  can0  068   [8]  0B 0D 2F 85 3F 00 00 00
 (161.043227)  can0  068   [8]  12 80 67 00 01 01 00 00
 (161.043236)  can0  068   [8]  0C 02 A1 AD 0D 00 70 7E
 (161.102249)  can0  067   [8]  00 67 AA 86 BF 00 00 00
 (161.103144)  can0  068   [8]  00 90 BF 85 3F 00 00 00
 (161.122239)  can0  067   [8]  05 CB 0E 01 34 0F 01 00
 (161.123207)  can0  068   [8]  05 C4 08 00 FE 07 00 00
 (161.162200)  can0  067   [8]  0B 0D 78 84 BF 00 00 00
 (161.163131)  can0  068   [8]  0B 05 19 84 3F 00 00 00
 (161.222219)  can0  067   [8]  00 7D 17 85 BF 00 00 00
 (161.222237)  can0  067   [8]  11 06 00 00 00 00 09 01
 (161.223119)  can0  068   [8]  00 81 3F 84 3F 00 00 00
 (161.223131)  can0  068   [8]  11 06 00 00 00 00 09 01
 (161.242247)  can0  067   [8]  05 42 0D 01 0A 0D 01 00
 (161.243206)  can0  068   [8]  05 8D 07 00 41 07 00 00
 (161.282246)  can0  067   [8]  0B FB 18 83 BF 00 00 00
 (161.283220)  can0  068   [8]  0B 4D BC 82 3F 00 00 00
 (161.342268)  can0  067   [8]  00 47 AA 83 BF 00 00 00
 (161.343226)  can0  068   [8]  00 FE F7 82 3F 00 00 00
 (161.362205)  can0  067   [8]  05 93 0D 01 68 0D 01 00
 (161.363228)  can0  068   [8]  05 4E 09 00 F8 08 00 00
 (161.402222)  can0  067   [8]  0B A4 7C 81 BF 00 00 00
 (161.403230)  can0  068   [8]  0B 52 22 81 3F 00 00 00
 (161.462200)  can0  067   [8]  00 54 7A 82 BF 00 00 00
 (161.463231)  can0  068   [8]  00 B0 BA 81 3F 00 00 00
 (161.482220)  can0  067   [8]  05 79 14 01 56 13 01 00
 (161.483245)  can0  068   [8]  05 D1 0D 00 C0 0D 00 00
 (161.522239)  can0  067   [8]  0B AC 31 7F BF 00 00 00
 (161.523228)  can0  068   [8]  0B 50 83 7E 3F 00 00 00
 (161.582250)  can0  067   [8]  00 75 DE 7F BF 00 00 00
 (161.583199)  can0  068   [8]  00 A3 26 7E 3F 00 00 00
 (161.602274)  can0  067   [8]  05 FA 09 01 CF 0B 01 00
 (161.603271)  can0  068   [8]  05 E2 03 00 12 04 00 00
 (161.642226)  can0  067   [8]  0B F8 E2 7A BF 00 00 00
 (161.643210)  can0  068   [8]  0B 52 39 7A 3F 00 00 00
 (161.702221)  can0  067   [8]  00 3F 57 7C BF 00 00 00
 (161.703151)  can0  068   [8]  00 3F F4 7A 3F 00 00 00
 (161.722224)  can0  067   [8]  05 89 14 01 3D 18 01 00
 (161.723200)  can0  068   [8]  05 AE 0F 00 A2 0F 00 00
 (161.762206)  can0  067   [8]  0B 9B 0B 76 BF 00 00 00
 (161.763080)  can0  068   [8]  0B CF 69 75 3F 00 00 00
 (161.822243)  can0  067   [8]  00 72 97 77 BF 00 00 00
 (161.823209)  can0  068   [8]  00 5D 97 75 3F 00 00 00
 (161.842240)  can0  067   [8]  05 E5 0E 01 4E 0F 01 00
 (161.843103)  can0  068   [8]  05 30 07 00 DC 06 00 00
 (161.882253)  can0  067   [8]  0B 4B B0 70 BF 00 00 00
 (161.883212)  can0  068   [8]  0B C9 14 70 3F 00 00 00
 (161.942273)  can0  067   [8]  00 C0 CF 71 BF 00 00 00
 (161.943283)  can0  068   [8]  00 07 7E 70 3F 00 00 00
 (161.962253)  can0  067   [8]  05 0A 16 01 3A 15 01 00
 (161.963199)  can0  068   [8]  05 48 11 00 FC 10 00 00
 (162.002276)  can0  067   [8]  0B BF E0 6A BF 00 00 00
 (162.003207)  can0  068   [8]  0B 85 4B 6A 3F 00 00 00
 (162.042252)  can0  067   [8]  12 80 67 00 01 01 00 00
 (162.042273)  can0  067   [8]  0C 02 A1 AD C9 00 00 7E
 (162.043219)  can0  068   [8]  12 80 67 00 01 01 00 00
 (162.043240)  can0  068   [8]  0C 02 A1 89 C5 00 00 7E
 (162.062245)  can0  067   [8]  00 5D CC 6B BF 00 00 00
 (162.063218)  can0  068   [8]  00 43 F8 69 3F 00 00 00
 (162.082241)  can0  067   [8]  05 76 09 01 0F 0A 01 00
 (162.083109)  can0  068   [8]  05 CC 02 00 D9 02 00 00
 (162.122245)  can0  067   [8]  0B CE AF 64 BF 00 00 00
 (162.123250)  can0  068   [8]  0B 6F 22 64 3F 00 00 00
 (162.182262)  can0  067   [8]  00 2E A0 66 BF 00 00 00
 (162.183223)  can0  068   [8]  00 A0 04 65 3F 00 00 00
 (162.202258)  can0  067   [8]  05 71 1A 01 0A 19 01 00
 (162.203274)  can0  068   [8]  05 5D 11 00 81 11 00 00
 (162.222221)  can0  067   [8]  11 06 00 00 00 00 09 01
 (162.223224)  can0  068   [8]  11 06 00 00 00 00 09 01
 (162.242270)  can0  067   [8]  0B 0A 35 5E BF 00 00 00
 (162.243141)  can0  068   [8]  0B F2 AD 5D 3F 00 00 00
 (162.302247)  can0  067   [8]  00 37 D5 5D BF 00 00 00
 (162.303197)  can0  068   [8]  00 60 49 5C 3F 00 00 00
 (162.322236)  can0  067   [8]  05 CE 0B 01 8B 0B 01 00
 (162.323206)  can0  068   [8]  05 A2 05 00 12 05 00 00
 (162.362260)  can0  067   [8]  0B DD 84 57 BF 00 00 00
 (162.363118)  can0  068   [8]  0B 7D 02 57 3F 00 00 00
 (162.422258)  can0  067   [8]  00 7D C8 59 BF 00 00 00
 (162.423221)  can0  068   [8]  00 B2 C3 57 3F 00 00 00
 (162.442270)  can0  067   [8]  05 12 14 01 A9 14 01 00
 (162.443228)  can0  068   [8]  05 7F 0A 00 E3 09 00 00
 (162.482220)  can0  067   [8]  0B B3 B3 50 BF 00 00 00
 (162.483240)  can0  068   [8]  0B 9B 37 50 3F 00 00 00
 (162.542243)  can0  067   [8]  00 F5 69 52 BF 00 00 00
 (162.543243)  can0  068   [8]  00 24 91 50 3F 00 00 00
 (162.562274)  can0  067   [8]  05 C7 17 01 38 17 01 00
 (162.563172)  can0  068   [8]  05 F5 0D 00 F1 0D 00 00
 (162.602281)  can0  067   [8]  0B D5 C7 49 BF 00 00 00
 (162.603163)  can0  068   [8]  0B 74 50 49 3F 00 00 00
 (162.662097)  can0  067   [8]  00 65 DF 49 BF 00 00 00
 (162.663170)  can0  068   [8]  00 48 37 48 3F 00 00 00
 (162.682254)  can0  067   [8]  05 D6 0B 01 50 0B 01 00
 (162.683258)  can0  068   [8]  05 91 04 00 C1 03 00 00
 (162.722222)  can0  067   [8]  0B 3F F8 42 BF 00 00 00
 (162.723247)  can0  068   [8]  0B 26 87 42 3F 00 00 00
 (162.782303)  can0  067   [8]  00 DC 51 45 BF 00 00 00
 (162.783250)  can0  068   [8]  00 CD 25 43 3F 00 00 00
 (162.802243)  can0  067   [8]  05 F9 10 01 AD 10 01 00
 (162.803260)  can0  068   [8]  05 35 07 00 D1 06 00 00
 (162.842244)  can0  067   [8]  0B 84 1A 3C BF 00 00 00
 (162.843257)  can0  068   [8]  0B 22 AE 3B 3F 00 00 00
 (162.902246)  can0  067   [8]  00 BE 1D 3E BF 00 00 00
 (162.903249)  can0  068   [8]  00 83 25 3C 3F 00 00 00
 (162.922215)  can0  067   [8]  05 30 17 01 53 15 01 00
 (162.923249)  can0  068   [8]  05 65 0C 00 DE 0B 00 00
 (162.962237)  can0  067   [8]  0B CA 3C 35 BF 00 00 00
 (162.963263)  can0  068   [8]  0B 1E D5 34 3F 00 00 00
 (163.022198)  can0  067   [8]  00 C2 89 35 BF 00 00 00
 (163.023248)  can0  068   [8]  00 EF D1 33 3F 00 00 00
 (163.042197)  can0  067   [8]  05 6D 0C 01 43 0C 01 00
 (163.042226)  can0  067   [8]  12 80 67 00 01 01 00 00
 (163.042362)  can0  067   [8]  0C 02 A1 A4 FF 00 00 7E
 (163.043168)  can0  068   [8]  05 37 04 00 92 03 00 00
 (163.043189)  can0  068   [8]  12 80 67 00 01 01 00 00
 (163.043350)  can0  068   [8]  0C 02 A1 9B FF 00 00 7E
 (163.082232)  can0  067   [8]  0B 7E 5D 2E BF 00 00 00
 (163.083254)  can0  068   [8]  0B 19 FC 2D 3F 00 00 00
 (163.142248)  can0  067   [8]  00 1D AC 30 BF 00 00 00
 (163.143156)  can0  068   [8]  00 9E 8C 2E 3F 00 00 00
 (163.162248)  can0  067   [8]  05 A6 0D 01 2B 0D 01 00
 (163.163140)  can0  068   [8]  05 D1 03 00 78 03 00 00
 (163.202258)  can0  067   [8]  0B C3 7F 27 BF 00 00 00
 (163.203215)  can0  068   [8]  0B 16 23 27 3F 00 00 00
 (163.222253)  can0  067   [8]  11 06 00 00 00 00 09 01
 (163.223277)  can0  068   [8]  11 06 00 00 00 00 09 01
 (163.262194)  can0  067   [8]  00 3E CB 29 BF 00 00 00
 (163.263210)  can0  068   [8]  00 E2 B9 27 3F 00 00 00
 (163.282266)  can0  067   [8]  05 1D 17 01 08 17 01 00
 (163.283196)  can0  068   [8]  05 50 0B 00 59 0A 00 00
 (163.322228)  can0  067   [8]  0B 09 A2 20 BF 00 00 00
 (163.323206)  can0  068   [8]  0B EF 3B 20 3F 00 00 00
 (163.382250)  can0  067   [8]  00 1F 29 21 BF 00 00 00
 (163.383218)  can0  068   [8]  00 4C 7C 1F 3F 00 00 00
 (163.402257)  can0  067   [8]  05 B4 0C 01 BF 0C 01 00
 (163.403216)  can0  068   [8]  05 1E 04 00 32 03 00 00
 (163.442237)  can0  067   [8]  0B 4E C4 19 BF 00 00 00
 (163.443239)  can0  068   [8]  0B 0E 71 19 3F 00 00 00
 (163.502292)  can0  067   [8]  00 64 C4 1B BF 00 00 00
 (163.503283)  can0  068   [8]  00 E0 C5 19 3F 00 00 00
 (163.522277)  can0  067   [8]  05 CB 09 01 C0 09 01 00
 (163.523266)  can0  068   [8]  05 75 00 00 40 00 00 00
 (163.562278)  can0  067   [8]  0B 02 E5 12 BF 00 00 00
 (163.563132)  can0  068   [8]  0B 9D 99 12 3F 00 00 00
 (163.622269)  can0  067   [8]  00 08 74 15 BF 00 00 00
 (163.623136)  can0  068   [8]  00 40 59 13 3F 00 00 00
 (163.642284)  can0  067   [8]  05 32 16 01 8E 14 01 00
 (163.643242)  can0  068   [8]  05 D3 09 00 62 09 00 00
 (163.682293)  can0  067   [8]  0B 48 07 0C BF 00 00 00
 (163.683239)  can0  068   [8]  0B 98 C0 0B 3F 00 00 00
 (163.742255)  can0  067   [8]  00 C4 D9 0C BF 00 00 00
 (163.743243)  can0  068   [8]  00 84 23 0B 3F 00 00 00
 (163.762270)  can0  067   [8]  05 33 0D 01 E0 0C 01 00
 (163.763238)  can0  068   [8]  05 AF 03 00 2D 03 00 00
 (163.802273)  can0  067   [8]  0B 8D 29 05 BF 00 00 00
 (163.803133)  can0  068   [8]  0B 94 E7 04 3F 00 00 00
 (163.862294)  can0  067   [8]  00 1B C5 06 BF 00 00 00
 (163.863246)  can0  068   [8]  00 02 E6 04 3F 00 00 00
 (163.882284)  can0  067   [8]  05 86 06 01 04 06 01 00
 (163.883248)  can0  068   [8]  05 08 03 01 C9 02 01 00
 (163.922311)  can0  067   [8]  0B 82 94 FC BE 00 00 00
 (163.923162)  can0  068   [8]  0B 21 1D FC 3E 00 00 00
 (163.982318)  can0  067   [8]  00 FA FE 00 BF 00 00 00
 (163.983269)  can0  068   [8]  00 AB CE FD 3E 00 00 00
 (164.002264)  can0  067   [8]  05 FD 14 01 2B 14 01 00
 (164.003264)  can0  068   [8]  05 8F 08 00 C6 07 00 00
 (164.042292)  can0  067   [8]  0B 0E D9 EE BE 00 00 00
 (164.042316)  can0  067   [8]  12 80 67 00 01 01 00 00
 (164.042318)  can0  067   [8]  0C 02 A1 89 FF 00 00 7E
 (164.043294)  can0  068   [8]  0B 19 6B EE 3E 00 00 00
 (164.043317)  can0  068   [8]  12 80 67 00 01 01 00 00
 (164.043319)  can0  068   [8]  0C 02 A1 9B FF 00 00 7E
 (164.102287)  can0  067   [8]  00 AF 11 F1 BE 00 00 00
 (164.103256)  can0  068   [8]  00 9C 98 ED 3E 00 00 00
 (164.122294)  can0  067   [8]  05 7E 0D 01 53 0C 01 00
 (164.123171)  can0  068   [8]  05 0A 03 00 03 02 00 00
 (164.162253)  can0  067   [8]  0B 99 1D E1 BE 00 00 00
 (164.163219)  can0  068   [8]  0B 11 B9 E0 3E 00 00 00
 (164.222250)  can0  067   [8]  00 C2 BA E3 BE 00 00 00
 (164.222269)  can0  067   [8]  11 06 00 00 00 00 09 01
 (164.223256)  can0  068   [8]  00 47 0C E0 3E 00 00 00
 (164.223274)  can0  068   [8]  11 06 00 00 00 00 09 01
 (164.242246)  can0  067   [8]  05 87 04 01 5F 04 01 00
 (164.243121)  can0  068   [8]  05 5E 05 01 8E 04 01 00
 (164.282238)  can0  067   [8]  0B 24 62 D3 BE 00 00 00
 (164.283248)  can0  068   [8]  0B 09 07 D3 3E 00 00 00
 (164.342280)  can0  067   [8]  00 69 20 D9 BE 00 00 00
 (164.343280)  can0  068   [8]  00 91 CE D4 3E 00 00 00
 (164.362274)  can0  067   [8]  05 FB 13 01 18 16 01 00
 (164.363181)  can0  068   [8]  05 1A 07 00 FC 0A 00 00
 (164.402287)  can0  067   [8]  0B 8B A3 C5 BE 00 00 00
 (164.403276)  can0  068   [8]  0B 01 55 C5 3E 00 00 00
 (164.462255)  can0  067   [8]  00 41 79 C8 BE 00 00 00
 (164.463273)  can0  068   [8]  00 57 D7 C4 3E 00 00 00
 (164.482270)  can0  067   [8]  05 93 0E 01 51 0E 01 00
 (164.483195)  can0  068   [8]  05 68 02 00 9D 00 00 00
 (164.522298)  can0  067   [8]  0B 17 E8 B7 BE 00 00 00
 (164.523133)  can0  068   [8]  0B 1D A6 B7 3E 00 00 00
 (164.582229)  can0  067   [8]  00 E3 E1 B9 BE 00 00 00
 (164.583286)  can0  068   [8]  00 8C 36 B6 3E 00 00 00
 (164.602271)  can0  067   [8]  05 AE 03 01 3E 03 01 00
 (164.603291)  can0  068   [8]  05 2E 07 01 15 08 01 00
 (164.642282)  can0  067   [8]  0B 5C 10 AA BE 00 00 00
 (164.643146)  can0  068   [8]  0B AA D4 A9 3E 00 00 00
 (164.702307)  can0  067   [8]  00 98 26 B0 BE 00 00 00
 (164.703275)  can0  068   [8]  00 9E BB AB 3E 00 00 00
 (164.722242)  can0  067   [8]  05 E8 12 01 F8 11 01 00
 (164.723288)  can0  068   [8]  05 43 05 00 58 04 00 00
 (164.762275)  can0  067   [8]  0B 2D 71 9C BE 00 00 00
 (164.763138)  can0  068   [8]  0B 0D 42 9C 3E 00 00 00
 (164.822286)  can0  067   [8]  00 21 BB 9F BE 00 00 00
 (164.823281)  can0  068   [8]  00 81 09 9C 3E 00 00 00
 (164.842279)  can0  067   [8]  05 26 0F 01 FF 0E 01 00
 (164.843142)  can0  068   [8]  05 DC 01 00 37 00 00 00
 (164.882294)  can0  067   [8]  0B 95 B2 8E BE 00 00 00
 (164.883292)  can0  068   [8]  0B 06 90 8E 3E 00 00 00
 (164.942305)  can0  067   [8]  00 4F F9 8F BE 00 00 00
 (164.943295)  can0  068   [8]  00 66 41 8C 3E 00 00 00
 (164.962300)  can0  067   [8]  05 C7 02 01 BF 02 01 00
 (164.963171)  can0  068   [8]  05 05 08 01 7D 08 01 00
 (165.002298)  can0  067   [8]  0B 68 FD 80 BE 00 00 00
 (165.003253)  can0  068   [8]  0B 46 E4 80 3E 00 00 00
 (165.042294)  can0  067   [8]  12 80 67 00 01 01 00 00
 (165.042317)  can0  067   [8]  0C 02 A1 89 FF 00 00 7E
 (165.043263)  can0  068   [8]  12 80 67 00 01 01 00 00
 (165.043284)  can0  068   [8]  0C 02 A1 89 FF 00 00 7E
 (165.062261)  can0  067   [8]  00 34 36 87 BE 00 00 00
 (165.063166)  can0  068   [8]  00 39 CB 82 3E 00 00 00
 (165.082256)  can0  067   [8]  05 60 11 01 CB 11 01 00
 (165.083269)  can0  068   [8]  05 0D 03 00 0A 02 00 00
 (165.122177)  can0  067   [8]  0B 27 E2 66 BE 00 00 00
 (165.123189)  can0  068   [8]  0B BD C2 66 3E 00 00 00
 (165.182287)  can0  067   [8]  00 A1 CF 6E BE 00 00 00
 (165.183168)  can0  068   [8]  00 B3 1A 67 3E 00 00 00
 (165.202278)  can0  067   [8]  05 A3 0E 01 93 0D 01 00
 (165.203150)  can0  068   [8]  05 CA 00 00 B0 00 01 00
 (165.222275)  can0  067   [8]  11 06 00 00 00 00 09 01
 (165.223296)  can0  068   [8]  11 06 00 00 00 00 09 01
 (165.242271)  can0  067   [8]  0B DA 6C 4C BE 00 00 00
 (165.243188)  can0  068   [8]  0B 49 60 4C 3E 00 00 00
 (165.302305)  can0  067   [8]  00 33 02 50 BE 00 00 00
 (165.303277)  can0  068   [8]  00 68 66 48 3E 00 00 00
 (165.322260)  can0  067   [8]  05 1A 01 01 A9 00 01 00
 (165.323261)  can0  068   [8]  05 4D 0A 01 6A 09 01 00
 (165.362321)  can0  067   [8]  0B 2A F9 32 BE 00 00 00
 (165.363274)  can0  068   [8]  0B E2 F2 32 3E 00 00 00
 (165.422268)  can0  067   [8]  00 C7 8B 40 BE 00 00 00
 (165.423260)  can0  068   [8]  00 86 DB 37 3E 00 00 00
 (165.442242)  can0  067   [8]  05 45 10 01 E5 0F 01 00
 (165.443271)  can0  068   [8]  05 33 02 00 58 00 00 00
 (165.482313)  can0  067   [8]  0B 34 CC 1A BE 00 00 00
 (165.483196)  can0  068   [8]  0B 7D D2 1A 3E 00 00 00
 (165.542277)  can0  067   [8]  00 AF 40 21 BE 00 00 00
 (165.543299)  can0  068   [8]  00 8A 4E 1A 3E 00 00 00
 (165.562283)  can0  067   [8]  05 0F 08 01 38 07 01 00
 (165.563194)  can0  068   [8]  05 01 04 01 B7 04 01 00
 (165.602284)  can0  067   [8]  0B EF 3D 04 BE 00 00 00
 (165.603298)  can0  068   [8]  0B C8 50 04 3E 00 00 00
 (165.662297)  can0  067   [8]  00 FB C3 11 BE 00 00 00
 (165.663290)  can0  068   [8]  00 36 83 08 3E 00 00 00
 (165.682278)  can0  067   [8]  05 CB 06 01 D2 06 01 00
 (165.683197)  can0  068   [8]  05 08 07 01 B0 06 01 00
 (165.722269)  can0  067   [8]  0B A4 4C DF BD 00 00 00
 (165.723321)  can0  068   [8]  0B E8 7E DF 3D 00 00 00
 (165.782295)  can0  067   [8]  00 89 EA F3 BD 00 00 00
 (165.783306)  can0  068   [8]  00 68 C7 E5 3D 00 00 00
 (165.802306)  can0  067   [8]  05 74 09 01 2A 09 01 00
 (165.803314)  can0  068   [8]  05 FB 01 01 8F 02 01 00
 (165.842319)  can0  067   [8]  0B B2 62 BA BD 00 00 00
 (165.843322)  can0  068   [8]  0B F6 94 BA 3D 00 00 00
 (165.902303)  can0  067   [8]  00 86 3C D5 BD 00 00 00
 (165.903207)  can0  068   [8]  00 E1 C2 C3 3D 00 00 00
 (165.922364)  can0  067   [8]  05 AD 05 01 CE 05 01 00
 (165.923311)  can0  068   [8]  05 ED 08 01 F0 09 01 00
 (165.962260)  can0  067   [8]  0B 0F 66 99 BD 00 00 00
 (165.963306)  can0  068   [8]  0B E4 A4 99 3D 00 00 00
 (166.022349)  can0  067   [8]  00 7E EF AC BD 00 00 00
 (166.023289)  can0  068   [8]  00 B4 4E 9E 3D 00 00 00
 (166.042344)  can0  067   [8]  05 61 04 01 53 04 01 00
 (166.042384)  can0  067   [8]  12 80 67 00 01 01 00 00
 (166.042386)  can0  067   [8]  0C 02 A1 9B FF 00 00 7E
 (166.043341)  can0  068   [8]  05 49 07 01 50 07 01 00
 (166.043381)  can0  068   [8]  12 80 67 00 01 01 00 00
 (166.043384)  can0  068   [8]  0C 02 A1 89 FF 00 00 7E
 (166.082313)  can0  067   [8]  0B BD 58 7A BD 00 00 00
 (166.083279)  can0  068   [8]  0B 67 D6 7A 3D 00 00 00
 (166.142314)  can0  067   [8]  00 8C 9B 9B BD 00 00 00
 (166.143282)  can0  068   [8]  00 5D 36 8B 3D 00 00 00
 (166.162296)  can0  067   [8]  05 93 08 01 3E 08 01 00
 (166.163161)  can0  068   [8]  05 0F 06 01 84 06 01 00
 (166.202279)  can0  067   [8]  0B 1D D9 49 BD 00 00 00
 (166.203284)  can0  068   [8]  0B C8 56 4A 3D 00 00 00
 (166.222328)  can0  067   [8]  11 06 00 00 00 00 09 01
 (166.223213)  can0  068   [8]  11 06 00 00 00 00 09 01
 (166.262292)  can0  067   [8]  00 57 0D 7A BD 00 00 00
 (166.263278)  can0  068   [8]  00 22 78 53 3D 00 00 00
 (166.282306)  can0  067   [8]  05 61 00 01 66 00 01 00
 (166.283277)  can0  068   [8]  05 19 0E 01 AA 0D 01 00
 (166.322279)  can0  067   [8]  0B EA CA 21 BD 00 00 00
 (166.323279)  can0  068   [8]  0B 95 48 22 3D 00 00 00
 (166.382287)  can0  067   [8]  00 BA A5 54 BD 00 00 00
 (166.383289)  can0  068   [8]  00 C4 AD 32 3D 00 00 00
 (166.402322)  can0  067   [8]  05 30 01 01 1A 01 01 00
 (166.403286)  can0  068   [8]  05 3B 0C 01 7C 0C 01 00
 (166.442305)  can0  067   [8]  0B 47 47 02 BD 00 00 00
 (166.443221)  can0  068   [8]  0B CF AB 02 3D 00 00 00
 (166.502300)  can0  067   [8]  00 24 64 37 BD 00 00 00
 (166.503311)  can0  068   [8]  00 18 0E 19 3D 00 00 00
 (166.522285)  can0  067   [8]  05 3B 01 01 22 01 01 00
 (166.523312)  can0  068   [8]  05 D4 0A 01 0E 0B 01 00
 (166.562325)  can0  067   [8]  0B 97 05 D6 BC 00 00 00
 (166.563297)  can0  068   [8]  0B 63 9C D6 3C 00 00 00
 (166.622270)  can0  067   [8]  00 91 3A 25 BD 00 00 00
 (166.623334)  can0  068   [8]  00 A5 76 08 3D 00 00 00
 (166.642309)  can0  067   [8]  05 84 01 01 66 01 01 00
 (166.643294)  can0  068   [8]  05 15 0A 01 09 0A 01 00
 (166.682308)  can0  067   [8]  0B 04 D2 B5 BC 00 00 00
 (166.683295)  can0  068   [8]  0B 8C 36 B6 3C 00 00 00
 (166.742308)  can0  067   [8]  00 93 B7 15 BD 00 00 00
 (166.743295)  can0  068   [8]  00 07 16 E8 3C 00 00 00
 (166.762239)  can0  067   [8]  05 DB 00 01 B9 00 01 00
 (166.763241)  can0  068   [8]  05 01 0D 01 20 0D 01 00
 (166.802237)  can0  067   [8]  0B 1E 34 A1 BC 00 00 00
 (166.803299)  can0  068   [8]  0B 62 66 A1 3C 00 00 00
 (166.862307)  can0  067   [8]  00 C3 81 0B BD 00 00 00
 (166.863316)  can0  068   [8]  00 8A 4A D2 3C 00 00 00
 (166.882303)  can0  067   [8]  05 52 00 01 47 00 01 00
 (166.883317)  can0  068   [8]  05 6E 0D 01 7F 0D 01 00
 (166.922315)  can0  067   [8]  0B 71 9E 95 BC 00 00 00
 (166.923319)  can0  068   [8]  0B 71 9E 95 3C 00 00 00
 (166.982304)  can0  067   [8]  00 01 8E 03 BD 00 00 00
 (166.983323)  can0  068   [8]  00 69 27 C4 3C 00 00 00
 (167.002315)  can0  067   [8]  05 B9 00 00 4C 00 00 00
 (167.003323)  can0  068   [8]  05 1F 0E 01 36 0E 01 00
 (167.042322)  can0  067   [8]  0B 45 51 90 BC 00 00 00
 (167.042375)  can0  067   [8]  12 80 67 00 01 01 00 00
 (167.042379)  can0  067   [8]  0C 02 A1 B6 56 00 00 7E
 (167.043371)  can0  068   [8]  0B 89 83 90 3C 00 00 00
 (167.043414)  can0  068   [8]  12 80 67 00 01 01 00 00
 (167.043417)  can0  068   [8]  0C 02 A1 A4 56 00 00 7E
 (167.102315)  can0  067   [8]  00 35 F7 02 BD 00 00 00
 (167.103334)  can0  068   [8]  00 D1 F9 C2 3C 00 00 00
 (167.122320)  can0  067   [8]  05 11 00 01 0B 00 01 00
 (167.123105)  can0  068   [8]  05 55 0D 01 9C 11 01 00
 (167.162314)  can0  067   [8]  0B AE 23 8F BC 00 00 00
 (167.163311)  can0  068   [8]  0B AE 23 8F 3C 00 00 00
 (167.222311)  can0  067   [8]  00 F1 C4 02 BD 00 00 00
 (167.222349)  can0  067   [8]  11 06 00 00 00 00 29 01
 (167.223325)  can0  068   [8]  00 D1 F9 C2 3C 00 00 00
 (167.223361)  can0  068   [8]  11 06 00 00 00 00 29 01
 (167.242324)  can0  067   [8]  05 81 05 00 68 05 00 00
 (167.243192)  can0  068   [8]  05 64 12 01 42 12 01 00
 (167.282204)  can0  067   [8]  0B 6A F1 8E BC 00 00 00
 (167.283241)  can0  068   [8]  0B 6A F1 8E 3C 00 00 00
 (167.342299)  can0  067   [8]  00 13 DE 02 BD 00 00 00
 (167.343145)  can0  068   [8]  00 49 95 C2 3C 00 00 00
 (167.362285)  can0  067   [8]  05 5C 0B 00 49 0B 00 00
 (167.363303)  can0  068   [8]  05 B8 18 01 01 19 01 00
 (167.402318)  can0  067   [8]  0B 6A F1 8E BC 00 00 00
 (167.403323)  can0  068   [8]  0B 6A F1 8E 3C 00 00 00
 (167.462333)  can0  067   [8]  00 35 F7 02 BD 00 00 00
 (167.463325)  can0  068   [8]  00 49 95 C2 3C 00 00 00
 (167.482286)  can0  067   [8]  05 47 0B 00 40 0B 00 00
 (167.483323)  can0  068   [8]  05 B7 18 01 0B 19 01 00
 (167.522299)  can0  067   [8]  0B 6A F1 8E BC 00 00 00
 (167.523339)  can0  068   [8]  0B 6A F1 8E 3C 00 00 00
 (167.582255)  can0  067   [8]  00 35 F7 02 BD 00 00 00
 (167.583260)  can0  068   [8]  00 49 95 C2 3C 00 00 00
 (167.602268)  can0  067   [8]  05 47 0B 00 49 0B 00 00
 (167.603289)  can0  068   [8]  05 C1 18 01 A5 18 01 00
 (167.642290)  can0  067   [8]  0B 6A F1 8E BC 00 00 00
 (167.643324)  can0  068   [8]  0B 6A F1 8E 3C 00 00 00
 (167.702304)  can0  067   [8]  00 13 DE 02 BD 00 00 00
 (167.703347)  can0  068   [8]  00 05 63 C2 3C 00 00 00
 (167.722290)  can0  067   [8]  05 50 0B 00 6E 0B 00 00
 (167.723184)  can0  068   [8]  05 B7 18 01 77 18 01 00
 (167.762274)  can0  067   [8]  0B 6A F1 8E BC 00 00 00
 (167.763284)  can0  068   [8]  0B 6A F1 8E 3C 00 00 00
 (167.822207)  can0  067   [8]  00 57 10 03 BD 00 00 00
 (167.823304)  can0  068   [8]  00 8D C7 C2 3C 00 00 00
 (167.842251)  can0  067   [8]  05 45 0B 00 49 0B 00 00
 (167.843295)  can0  068   [8]  05 B6 18 01 01 19 01 00
 (167.882308)  can0  067   [8]  0B 6A F1 8E BC 00 00 00
 (167.883185)  can0  068   [8]  0B 6A F1 8E 3C 00 00 00
 (167.942352)  can0  067   [8]  00 13 DE 02 BD 00 00 00
 (167.943364)  can0  068   [8]  00 8D C7 C2 3C 00 00 00
 (167.962315)  can0  067   [8]  05 4F 0B 00 B8 0B 00 00
 (167.963196)  can0  068   [8]  05 AC 18 01 93 18 01 00
 (168.002296)  can0  067   [8]  0B 6A F1 8E BC 00 00 00
 (168.003315)  can0  068   [8]  0B 6A F1 8E 3C 00 00 00
 (168.042304)  can0  067   [8]  12 80 67 00 01 01 00 00
 (168.042338)  can0  067   [8]  0C 02 A1 B6 00 00 70 40
 (168.043321)  can0  068   [8]  12 80 67 00 01 01 00 00
 (168.043355)  can0  068   [8]  0C 02 A1 A4 00 00 70 10
 (168.062289)  can0  067   [8]  00 57 10 03 BD 00 00 00
 (168.063299)  can0  068   [8]  00 D1 F9 C2 3C 00 00 00
 (168.082294)  can0  067   [8]  05 44 0B 00 2D 0B 00 00
 (168.083182)  can0  068   [8]  05 B6 18 01 43 19 01 00
 (168.122297)  can0  067   [8]  0B 6A F1 8E BC 00 00 00
 (168.123323)  can0  068   [8]  0B 6A F1 8E 3C 00 00 00
 (168.182204)  can0  067   [8]  00 13 DE 02 BD 00 00 00
 (168.183329)  can0  068   [8]  00 D1 F9 C2 3C 00 00 00
 (168.202298)  can0  067   [8]  05 4D 0B 00 40 0B 00 00
 (168.203317)  can0  068   [8]  05 B5 18 01 AF 18 01 00
 (168.222310)  can0  067   [8]  11 06 00 00 00 00 29 01
 (168.223188)  can0  068   [8]  11 06 00 00 00 00 29 01
 (168.242302)  can0  067   [8]  0B 6A F1 8E BC 00 00 00
 (168.243321)  can0  068   [8]  0B 6A F1 8E 3C 00 00 00
 (168.302273)  can0  067   [8]  00 35 F7 02 BD 00 00 00
 (168.303310)  can0  068   [8]  00 8D C7 C2 3C 00 00 00
 (168.322284)  can0  067   [8]  05 4C 0B 00 93 0B 00 00
 (168.323310)  can0  068   [8]  05 B5 18 01 C1 18 01 00
 (168.362218)  can0  067   [8]  0B 6A F1 8E BC 00 00 00
 (168.363149)  can0  068   [8]  0B 6A F1 8E 3C 00 00 00
 (168.422324)  can0  067   [8]  00 35 F7 02 BD 00 00 00
 (168.423334)  can0  068   [8]  00 8D C7 C2 3C 00 00 00
 (168.442322)  can0  067   [8]  05 42 0B 00 52 0B 00 00
 (168.443339)  can0  068   [8]  05 B5 18 01 A9 16 01 00
 (168.482347)  can0  067   [8]  0B 6A F1 8E BC 00 00 00
 (168.483341)  can0  068   [8]  0B 6A F1 8E 3C 00 00 00
 (168.542341)  can0  067   [8]  00 13 DE 02 BD 00 00 00
 (168.543336)  can0  068   [8]  00 8D C7 C2 3C 00 00 00
 (168.562324)  can0  067   [8]  05 55 0B 00 5C 0B 00 00
 (168.563134)  can0  068   [8]  05 B4 18 01 D3 18 01 00
 (168.602308)  can0  067   [8]  0B 6A F1 8E BC 00 00 00
 (168.603325)  can0  068   [8]  0B 6A F1 8E 3C 00 00 00
 (168.662334)  can0  067   [8]  00 F1 C4 02 BD 00 00 00
 (168.663335)  can0  068   [8]  00 8D C7 C2 3C 00 00 00
 (168.682350)  can0  067   [8]  05 40 0B 00 49 0B 00 00
 (168.683341)  can0  068   [8]  05 B4 18 01 01 19 01 00
 (168.722304)  can0  067   [8]  0B 6A F1 8E BC 00 00 00
 (168.723345)  can0  068   [8]  0B 6A F1 8E 3C 00 00 00
 (168.782348)  can0  067   [8]  00 13 DE 02 BD 00 00 00
 (168.783364)  can0  068   [8]  00 8D C7 C2 3C 00 00 00
 (168.802331)  can0  067   [8]  05 3F 0B 00 49 0B 00 00
 (168.803347)  can0  068   [8]  05 AA 18 01 C8 17 01 00
 (168.842351)  can0  067   [8]  0B 6A F1 8E BC 00 00 00
 (168.843311)  can0  068   [8]  0B 6A F1 8E 3C 00 00 00
 (168.902277)  can0  067   [8]  00 13 DE 02 BD 00 00 00
 (168.903261)  can0  068   [8]  00 D1 F9 C2 3C 00 00 00
 (168.922332)  can0  067   [8]  05 53 0B 00 6E 0B 00 00
 (168.923311)  can0  068   [8]  05 B3 18 01 A5 18 01 00
 (168.962349)  can0  067   [8]  0B 6A F1 8E BC 00 00 00
 (168.963319)  can0  068   [8]  0B 6A F1 8E 3C 00 00 00
 (169.022365)  can0  067   [8]  00 35 F7 02 BD 00 00 00
 (169.023353)  can0  068   [8]  00 8D C7 C2 3C 00 00 00
 (169.042364)  can0  067   [8]  05 3E 0B 00 49 0B 00 00
 (169.042400)  can0  067   [8]  12 80 67 00 01 01 00 00
 (169.042403)  can0  067   [8]  0C 02 A1 B6 00 00 80 40
 (169.043360)  can0  068   [8]  05 B3 18 01 AF 18 01 00
 (169.043396)  can0  068   [8]  12 80 67 00 01 01 00 00
 (169.043399)  can0  068   [8]  0C 02 A1 A4 00 00 70 10
 (169.082374)  can0  067   [8]  0B 6A F1 8E BC 00 00 00
 (169.083327)  can0  068   [8]  0B 6A F1 8E 3C 00 00 00
 (169.142296)  can0  067   [8]  00 13 DE 02 BD 00 00 00
 (169.143266)  can0  068   [8]  00 8D C7 C2 3C 00 00 00
 (169.162361)  can0  067   [8]  05 3D 0B 00 37 0B 00 00
 (169.163333)  can0  068   [8]  05 B3 18 01 EF 18 01 00
 (169.202351)  can0  067   [8]  0B 6A F1 8E BC 00 00 00
 (169.203331)  can0  068   [8]  0B 6A F1 8E 3C 00 00 00
 (169.222351)  can0  067   [8]  11 06 00 00 00 00 29 01
 (169.223371)  can0  068   [8]  11 06 00 00 00 00 29 01
 (169.262335)  can0  067   [8]  00 35 F7 02 BD 00 00 00
 (169.263203)  can0  068   [8]  00 8D C7 C2 3C 00 00 00
 (169.282352)  can0  067   [8]  05 51 0B 00 49 0B 00 00
 (169.283370)  can0  068   [8]  05 BC 18 01 A5 18 01 00
 (169.322227)  can0  067   [8]  0B 6A F1 8E BC 00 00 00
 (169.323237)  can0  068   [8]  0B 6A F1 8E 3C 00 00 00
 (169.382336)  can0  067   [8]  00 CF AB 02 BD 00 00 00
 (169.383346)  can0  068   [8]  00 D1 F9 C2 3C 00 00 00
 (169.402373)  can0  067   [8]  05 46 0B 00 49 0B 00 00
 (169.403326)  can0  068   [8]  05 A8 18 01 C1 18 01 00
 (169.442341)  can0  067   [8]  0B 6A F1 8E BC 00 00 00
 (169.443335)  can0  068   [8]  0B 6A F1 8E 3C 00 00 00
 (169.502347)  can0  067   [8]  00 35 F7 02 BD 00 00 00
 (169.503343)  can0  068   [8]  00 D1 F9 C2 3C 00 00 00
 (169.522372)  can0  067   [8]  05 31 0B 00 40 0B 00 00
 (169.523345)  can0  068   [8]  05 B2 18 01 B8 18 01 00
 (169.562390)  can0  067   [8]  0B 6A F1 8E BC 00 00 00
 (169.563375)  can0  068   [8]  0B 6A F1 8E 3C 00 00 00
 (169.622390)  can0  067   [8]  00 13 DE 02 BD 00 00 00
 (169.623328)  can0  068   [8]  00 8D C7 C2 3C 00 00 00
 (169.642358)  can0  067   [8]  05 3A 0B 00 40 0B 00 00
 (169.643331)  can0  068   [8]  05 A8 18 01 B8 18 01 00
 (169.682394)  can0  067   [8]  0B 6A F1 8E BC 00 00 00
 (169.683170)  can0  068   [8]  0B 6A F1 8E 3C 00 00 00
 (169.742374)  can0  067   [8]  00 13 DE 02 BD 00 00 00
 (169.743343)  can0  068   [8]  00 D1 F9 C2 3C 00 00 00
 (169.762383)  can0  067   [8]  05 3A 0B 00 1B 0B 00 00
 (169.763168)  can0  068   [8]  05 A7 18 01 AF 18 01 00
 (169.802394)  can0  067   [8]  0B 6A F1 8E BC 00 00 00
 (169.803171)  can0  068   [8]  0B 6A F1 8E 3C 00 00 00
 (169.862405)  can0  067   [8]  00 35 F7 02 BD 00 00 00
 (169.863358)  can0  068   [8]  00 D1 F9 C2 3C 00 00 00
 (169.882386)  can0  067   [8]  05 39 0B 00 53 0B 00 00
 (169.883361)  can0  068   [8]  05 B1 18 01 CA 18 01 00
 (169.922382)  can0  067   [8]  0B 6A F1 8E BC 00 00 00
 (169.923360)  can0  068   [8]  0B 6A F1 8E 3C 00 00 00
 (169.982344)  can0  067   [8]  00 13 DE 02 BD 00 00 00
 (169.983265)  can0  068   [8]  00 8D C7 C2 3C 00 00 00
 (170.002378)  can0  067   [8]  05 38 0B 00 37 0B 00 00
 (170.003349)  can0  068   [8]  05 A7 18 01 93 18 01 00
 (170.042383)  can0  067   [8]  0B 6A F1 8E BC 00 00 00
 (170.042419)  can0  067   [8]  12 80 67 00 01 01 00 00
 (170.042421)  can0  067   [8]  0C 02 A1 B6 00 00 70 40
 (170.043177)  can0  068   [8]  0B 6A F1 8E 3C 00 00 00
 (170.043253)  can0  068   [8]  12 80 67 00 01 01 00 00
 (170.043460)  can0  068   [8]  0C 02 A1 A4 00 00 70 10
 (170.102311)  can0  067   [8]  00 35 F7 02 BD 00 00 00
 (170.103375)  can0  068   [8]  00 8D C7 C2 3C 00 00 00
 (170.122400)  can0  067   [8]  05 41 0B 00 49 0B 00 00
 (170.123378)  can0  068   [8]  05 A6 18 01 C1 18 01 00
 (170.162414)  can0  067   [8]  0B 6A F1 8E BC 00 00 00
 (170.163317)  can0  068   [8]  0B 6A F1 8E 3C 00 00 00
 (170.222391)  can0  067   [8]  00 13 DE 02 BD 00 00 00
 (170.222428)  can0  067   [8]  11 06 00 00 00 00 29 01
 (170.223388)  can0  068   [8]  00 D1 F9 C2 3C 00 00 00
 (170.223425)  can0  068   [8]  11 06 00 00 00 00 29 01
 (170.233530)  can0  064   [8]  67 01 92 0A 86 BF 06 00
 (170.236155)  can0  064   [8]  68 01 92 0A 86 3F 06 00
 (170.242085)  can0  067   [8]  05 0B 25 00 F8 23 00 00
 (170.242199)  can0  067   [8]  11 06 00 00 00 00 09 01
 (170.243184)  can0  068   [8]  05 93 24 01 B3 24 01 00
 (170.243284)  can0  068   [8]  11 06 00 00 00 00 09 01
 (170.282312)  can0  067   [8]  0B 13 DE 02 BD 00 00 00
 (170.283212)  can0  068   [8]  0B 49 95 C2 3C 00 00 00
 (170.342324)  can0  067   [8]  00 CA 9D 05 BD 00 00 00
 (170.343376)  can0  068   [8]  00 D1 F9 C2 3C 00 00 00
 (170.362325)  can0  067   [8]  05 82 2E 00 1B 2E 00 00
 (170.363365)  can0  068   [8]  05 74 2F 01 29 2F 01 00
 (170.402394)  can0  067   [8]  0B 45 C0 03 BD 00 00 00
 (170.403366)  can0  068   [8]  0B AD 59 C4 3C 00 00 00
 (170.462336)  can0  067   [8]  00 1D 12 08 BD 00 00 00
 (170.463387)  can0  068   [8]  00 E1 C2 C3 3C 00 00 00
 (170.482307)  can0  067   [8]  05 25 2F 00 07 2F 00 00
 (170.483385)  can0  068   [8]  05 F4 30 01 DC 30 01 00
 (170.522432)  can0  067   [8]  0B 51 7B 07 BD 00 00 00
 (170.523397)  can0  068   [8]  0B 82 9D CB 3C 00 00 00
 (170.582394)  can0  067   [8]  00 81 D6 09 BD 00 00 00
 (170.583397)  can0  068   [8]  00 59 5E C3 3C 00 00 00
 (170.602429)  can0  067   [8]  05 8A 31 00 22 31 00 00
 (170.603324)  can0  068   [8]  05 0F 34 01 12 34 01 00
 (170.642373)  can0  067   [8]  0B DF 05 10 BD 00 00 00
 (170.643420)  can0  068   [8]  0B 9E B2 DC 3C 00 00 00
 (170.702371)  can0  067   [8]  00 07 B4 0B BD 00 00 00
 (170.703422)  can0  068   [8]  00 79 F0 C4 3C 00 00 00
 (170.722359)  can0  067   [8]  05 82 36 00 64 36 00 00
 (170.723399)  can0  068   [8]  05 A8 39 01 D3 38 01 00
 (170.762348)  can0  067   [8]  0B BB 6F 1F BD 00 00 00
 (170.763400)  can0  068   [8]  0B 55 86 FB 3C 00 00 00
 (170.822337)  can0  067   [8]  00 F5 63 0C BD 00 00 00
 (170.823392)  can0  068   [8]  00 12 1E C6 3C 00 00 00
 (170.842345)  can0  067   [8]  05 BF 3D 00 F0 3D 00 00
 (170.843392)  can0  068   [8]  05 D6 41 01 FB 40 01 00
 (170.882358)  can0  067   [8]  0B 8A AF 37 BD 00 00 00
 (170.883243)  can0  068   [8]  0B 1C 1C 16 3D 00 00 00
 (170.942368)  can0  067   [8]  00 E2 7F 77 BD 00 00 00
 (170.943422)  can0  068   [8]  00 DD 4F 61 3D 00 00 00
 (170.962350)  can0  067   [8]  05 85 14 00 0B 17 00 00
 (170.963404)  can0  068   [8]  05 B2 15 01 90 15 01 00
 (171.002334)  can0  067   [8]  0B F7 BB 5A BD 00 00 00
 (171.003429)  can0  068   [8]  0B AA 41 39 3D 00 00 00
 (171.042379)  can0  067   [8]  12 80 67 00 01 01 00 00
 (171.042402)  can0  067   [8]  0C 02 A1 9B 3E 00 60 7E
 (171.043346)  can0  068   [8]  12 80 67 00 01 01 00 00
 (171.043366)  can0  068   [8]  0C 02 A1 89 40 00 50 7E
 (171.062368)  can0  067   [8]  00 62 D5 94 BD 00 00 00
 (171.063405)  can0  068   [8]  00 58 97 81 3D 00 00 00
 (171.082349)  can0  067   [8]  05 B0 1D 00 C1 1D 00 00
 (171.083288)  can0  068   [8]  05 82 20 01 41 20 01 00
 (171.122325)  can0  067   [8]  0B 33 70 84 BD 00 00 00
 (171.123405)  can0  068   [8]  0B 7F B1 67 3D 00 00 00
 (171.182353)  can0  067   [8]  00 DD 88 9F BD 00 00 00
 (171.183434)  can0  068   [8]  00 2F 67 8E 3D 00 00 00
 (171.202372)  can0  067   [8]  05 73 26 00 A2 27 00 00
 (171.203439)  can0  068   [8]  05 8A 26 01 E1 25 01 00
 (171.242371)  can0  067   [8]  0B F3 72 A1 BD 00 00 00
 (171.242395)  can0  067   [8]  11 06 00 00 00 00 09 01
 (171.243438)  can0  068   [8]  0B 33 01 91 3D 00 00 00
 (171.243462)  can0  068   [8]  11 06 00 00 00 00 09 01
 (171.302400)  can0  067   [8]  00 53 CE CE BD 00 00 00
 (171.303297)  can0  068   [8]  00 25 F0 BC 3D 00 00 00
 (171.322228)  can0  067   [8]  05 52 1D 00 EE 16 00 00
 (171.323381)  can0  068   [8]  05 77 1E 01 9B 1E 01 00
 (171.362353)  can0  067   [8]  0B 0C 84 C3 BD 00 00 00
 (171.363420)  can0  068   [8]  0B 90 44 B3 3D 00 00 00
 (171.422384)  can0  067   [8]  00 71 6F E5 BD 00 00 00
 (171.423431)  can0  068   [8]  00 01 E6 D1 3D 00 00 00
 (171.442375)  can0  067   [8]  05 26 27 00 C9 26 00 00
 (171.443433)  can0  068   [8]  05 F3 29 01 47 2A 01 00
 (171.482365)  can0  067   [8]  0B 1D 79 EB BD 00 00 00
 (171.483311)  can0  068   [8]  0B 76 78 DB 3D 00 00 00
 (171.542379)  can0  067   [8]  00 5E C2 10 BE 00 00 00
 (171.543287)  can0  068   [8]  00 DE B3 07 3E 00 00 00
 (171.562372)  can0  067   [8]  05 8F 1A 00 3A 1A 00 00
 (171.563433)  can0  068   [8]  05 12 1C 01 A1 1B 01 00
 (171.602384)  can0  067   [8]  0B 60 83 0C BE 00 00 00
 (171.603437)  can0  068   [8]  0B BF A8 04 3E 00 00 00
 (171.662350)  can0  067   [8]  00 5B 7F 1D BE 00 00 00
 (171.663438)  can0  068   [8]  00 C5 D3 13 3E 00 00 00
 (171.682355)  can0  067   [8]  05 42 2B 00 31 2B 00 00
 (171.683382)  can0  068   [8]  05 BD 2C 01 09 2C 01 00
 (171.722362)  can0  067   [8]  0B C7 F0 25 BE 00 00 00
 (171.723294)  can0  068   [8]  0B 23 42 1E 3E 00 00 00
 (171.782328)  can0  067   [8]  00 32 AB 40 BE 00 00 00
 (171.783448)  can0  068   [8]  00 AC C8 37 3E 00 00 00
 (171.802359)  can0  067   [8]  05 03 1F 00 A0 1E 00 00
 (171.803450)  can0  068   [8]  05 43 22 01 AD 21 01 00
 (171.842403)  can0  067   [8]  0B D2 80 41 BE 00 00 00
 (171.843439)  can0  068   [8]  0B 72 04 3A 3E 00 00 00
 (171.902406)  can0  067   [8]  00 ED 4D 58 BE 00 00 00
 (171.903352)  can0  068   [8]  00 A2 F5 4F 3E 00 00 00
 (171.922389)  can0  067   [8]  05 CA 1C 00 65 1C 00 00
 (171.923465)  can0  068   [8]  05 EE 1F 01 01 1F 01 00
 (171.962375)  can0  067   [8]  0B 21 BC 5E BE 00 00 00
 (171.963475)  can0  068   [8]  0B 4C 78 57 3E 00 00 00
 (172.022381)  can0  067   [8]  00 F6 90 72 BE 00 00 00
 (172.023383)  can0  068   [8]  00 C4 A9 6A 3E 00 00 00
 (172.042430)  can0  067   [8]  05 9F 25 00 BE 25 00 00
 (172.042453)  can0  067   [8]  12 80 67 00 01 01 00 00
 (172.042455)  can0  067   [8]  0C 02 A1 AD FF 00 00 7E
 (172.043207)  can0  068   [8]  05 EA 26 01 B4 26 01 00
 (172.043321)  can0  068   [8]  12 80 67 00 01 01 00 00
 (172.043472)  can0  068   [8]  0C 02 A1 92 FF 00 00 7E
 (172.082365)  can0  067   [8]  0B BD 1E 7D BE 00 00 00
 (172.083384)  can0  068   [8]  0B 76 13 76 3E 00 00 00
 (172.142287)  can0  067   [8]  00 0A 3B 8A BE 00 00 00
 (172.143412)  can0  068   [8]  00 F1 8A 85 3E 00 00 00
 (172.162370)  can0  067   [8]  05 38 25 00 A1 23 00 00
 (172.163466)  can0  068   [8]  05 9D 27 01 8F 26 01 00
 (172.202380)  can0  067   [8]  0B 38 0F 8E BE 00 00 00
 (172.203260)  can0  068   [8]  0B 22 AC 8A 3E 00 00 00
 (172.242391)  can0  067   [8]  11 06 00 00 00 00 09 01
 (172.243420)  can0  068   [8]  11 06 00 00 00 00 09 01
 (172.262233)  can0  067   [8]  00 68 98 9B BE 00 00 00
 (172.263331)  can0  068   [8]  00 FD 4F 97 3E 00 00 00
 (172.282373)  can0  067   [8]  05 81 1D 00 1C 1D 00 00
 (172.283221)  can0  068   [8]  05 8B 21 01 23 21 01 00
 (172.322313)  can0  067   [8]  0B 32 A8 9D BE 00 00 00
 (172.323241)  can0  068   [8]  0B 88 64 9A 3E 00 00 00
 (172.382395)  can0  067   [8]  00 28 A7 AA BE 00 00 00
 (172.383403)  can0  068   [8]  00 4E 6B A6 3E 00 00 00
 (172.402380)  can0  067   [8]  05 04 1A 00 FE 19 00 00
 (172.403409)  can0  068   [8]  05 A2 1D 01 94 1D 01 00
 (172.442377)  can0  067   [8]  0B 2D 41 AD BE 00 00 00
 (172.443228)  can0  068   [8]  0B ED 1C AA 3E 00 00 00
 (172.502259)  can0  067   [8]  00 FB 8C B7 BE 00 00 00
 (172.503330)  can0  068   [8]  00 CB CE B3 3E 00 00 00
 (172.522384)  can0  067   [8]  05 D6 1E 00 3C 1E 00 00
 (172.523399)  can0  068   [8]  05 D4 21 01 A0 20 01 00
 (172.562393)  can0  067   [8]  0B 92 F9 BC BE 00 00 00
 (172.563424)  can0  068   [8]  0B BC F4 B9 3E 00 00 00
 (172.622406)  can0  067   [8]  00 2D DC C7 BE 00 00 00
 (172.623422)  can0  068   [8]  00 BF A9 C3 3E 00 00 00
 (172.642390)  can0  067   [8]  05 A9 24 00 0C 24 00 00
 (172.643238)  can0  068   [8]  05 E4 27 01 73 28 01 00
 (172.682412)  can0  067   [8]  0B FE 6F CC BE 00 00 00
 (172.683442)  can0  068   [8]  0B B7 8D C9 3E 00 00 00
 (172.742270)  can0  067   [8]  00 3A 8B D9 BE 00 00 00
 (172.743430)  can0  068   [8]  00 3B 4C D5 3E 00 00 00
 (172.762316)  can0  067   [8]  05 33 1E 00 BB 1D 00 00
 (172.763406)  can0  068   [8]  05 4B 23 01 7E 22 01 00
 (172.802365)  can0  067   [8]  0B F9 08 DC BE 00 00 00
 (172.803447)  can0  068   [8]  0B F8 42 D9 3E 00 00 00
 (172.862382)  can0  067   [8]  00 87 35 EA BE 00 00 00
 (172.863436)  can0  068   [8]  00 CF 12 E6 3E 00 00 00
 (172.882411)  can0  067   [8]  05 10 18 00 DC 17 00 00
 (172.883425)  can0  068   [8]  05 90 1C 01 4F 1C 01 00
 (172.922345)  can0  067   [8]  0B D0 9E EB BE 00 00 00
 (172.923436)  can0  068   [8]  0B 5D FB E8 3E 00 00 00
 (172.982421)  can0  067   [8]  00 E7 53 F7 BE 00 00 00
 (172.983426)  can0  068   [8]  00 FF 9B F3 3E 00 00 00
 (173.002391)  can0  067   [8]  05 EC 17 00 EA 17 00 00
 (173.003432)  can0  068   [8]  05 E8 1C 01 E2 1C 01 00
 (173.042428)  can0  067   [8]  0B CB 37 FB BE 00 00 00
 (173.042451)  can0  067   [8]  12 80 67 00 01 01 00 00
 (173.042453)  can0  067   [8]  0C 02 A1 A4 FF 00 00 7E
 (173.043489)  can0  068   [8]  0B C3 B3 F8 3E 00 00 00
 (173.043515)  can0  068   [8]  12 80 67 00 01 01 00 00
 (173.043516)  can0  068   [8]  0C 02 A1 A4 FF 00 00 7E
 (173.102360)  can0  067   [8]  00 EE E5 02 BF 00 00 00
 (173.103425)  can0  068   [8]  00 8A 16 01 3F 00 00 00
 (173.122368)  can0  067   [8]  05 EB 20 00 33 20 00 00
 (173.123267)  can0  068   [8]  05 48 24 01 EC 23 01 00
 (173.162393)  can0  067   [8]  0B 62 68 05 BF 00 00 00
 (173.163249)  can0  068   [8]  0B 14 36 04 3F 00 00 00
 (173.222354)  can0  067   [8]  00 E5 9A 0B BF 00 00 00
 (173.223421)  can0  068   [8]  00 67 70 09 3F 00 00 00
 (173.242411)  can0  067   [8]  05 4C 1F 00 7B 1E 00 00
 (173.242433)  can0  067   [8]  11 06 00 00 00 00 09 01
 (173.243457)  can0  068   [8]  05 7C 24 01 B0 23 01 00
 (173.243481)  can0  068   [8]  11 06 00 00 00 00 09 01
 (173.282406)  can0  067   [8]  0B 95 44 0D BF 00 00 00
 (173.283436)  can0  068   [8]  0B 8E 23 0C 3F 00 00 00
 (173.342396)  can0  067   [8]  00 BB 36 14 BF 00 00 00
 (173.343259)  can0  068   [8]  00 EE 47 12 3F 00 00 00
 (173.362372)  can0  067   [8]  05 03 18 00 9B 17 00 00
 (173.363430)  can0  068   [8]  05 1C 1E 01 BC 1D 01 00
 (173.402378)  can0  067   [8]  0B CB FF 14 BF 00 00 00
 (173.403443)  can0  068   [8]  0B 79 EE 13 3F 00 00 00
 (173.462378)  can0  067   [8]  00 5F F0 1B BF 00 00 00
 (173.463425)  can0  068   [8]  00 92 01 1A 3F 00 00 00
 (173.482395)  can0  067   [8]  05 41 13 00 4F 13 00 00
 (173.483409)  can0  068   [8]  05 1F 19 01 FD 18 01 00
 (173.522383)  can0  067   [8]  0B 48 CC 1C BF 00 00 00
 (173.523471)  can0  068   [8]  0B AC CA 1B 3F 00 00 00
 (173.582395)  can0  067   [8]  00 9A 1C 22 BF 00 00 00
 (173.583365)  can0  068   [8]  00 EA 67 20 3F 00 00 00
 (173.602389)  can0  067   [8]  05 08 19 00 77 18 00 00
 (173.603405)  can0  068   [8]  05 BD 1E 01 27 1E 01 00
 (173.642371)  can0  067   [8]  0B C6 98 24 BF 00 00 00
 (173.643455)  can0  068   [8]  0B DF A6 23 3F 00 00 00
 (173.702384)  can0  067   [8]  00 9F 4D 2A BF 00 00 00
 (173.703441)  can0  068   [8]  00 61 76 28 3F 00 00 00
 (173.722359)  can0  067   [8]  05 13 1E 00 6A 1D 00 00
 (173.723406)  can0  068   [8]  05 AA 23 01 CC 23 01 00
 (173.762399)  can0  067   [8]  0B B1 63 2C BF 00 00 00
 (173.763422)  can0  068   [8]  0B 11 83 2B 3F 00 00 00
 (173.822416)  can0  067   [8]  00 04 0C 33 BF 00 00 00
 (173.823436)  can0  068   [8]  00 0E 3B 31 3F 00 00 00
 (173.842416)  can0  067   [8]  05 40 18 00 CD 17 00 00
 (173.843298)  can0  068   [8]  05 77 1F 01 28 1C 01 00
 (173.882425)  can0  067   [8]  0B 2F 30 34 BF 00 00 00
 (173.883455)  can0  068   [8]  0B 44 5F 33 3F 00 00 00
 (173.942428)  can0  067   [8]  00 03 74 3B BF 00 00 00
 (173.943443)  can0  068   [8]  00 7D 96 39 3F 00 00 00
 (173.962414)  can0  067   [8]  05 27 12 00 70 11 00 00
 (173.963440)  can0  068   [8]  05 75 18 01 7D 18 01 00
 (174.002477)  can0  067   [8]  0B AC FC 3B BF 00 00 00
 (174.003443)  can0  068   [8]  0B 77 3B 3B 3F 00 00 00
 (174.042395)  can0  067   [8]  12 80 67 00 01 01 00 00
 (174.042419)  can0  067   [8]  0C 02 A1 A4 FF 00 00 7E
 (174.043364)  can0  068   [8]  12 80 67 00 01 01 00 00
 (174.043382)  can0  068   [8]  0C 02 A1 B6 FF 00 00 7E
 (174.062385)  can0  067   [8]  00 58 06 42 BF 00 00 00
 (174.063266)  can0  068   [8]  00 5E 61 40 3F 00 00 00
 (174.082410)  can0  067   [8]  05 F2 10 00 E4 10 00 00
 (174.083425)  can0  068   [8]  05 EC 17 01 90 17 01 00
 (174.122389)  can0  067   [8]  0B 29 C9 43 BF 00 00 00
 (174.123266)  can0  068   [8]  0B A9 17 43 3F 00 00 00
 (174.182414)  can0  067   [8]  00 0A 31 49 BF 00 00 00
 (174.183283)  can0  068   [8]  00 A3 8D 47 3F 00 00 00
 (174.202371)  can0  067   [8]  05 EF 1A 00 69 1A 00 00
 (174.203446)  can0  068   [8]  05 F7 20 01 22 20 01 00
 (174.242387)  can0  067   [8]  0B 15 94 4B BF 00 00 00
 (174.242411)  can0  067   [8]  11 06 00 00 00 00 09 01
 (174.243447)  can0  068   [8]  0B DC F3 4A 3F 00 00 00
 (174.243471)  can0  068   [8]  11 06 00 00 00 00 09 01
 (174.302178)  can0  067   [8]  00 72 CE 51 BF 00 00 00
 (174.303465)  can0  068   [8]  00 A1 00 50 3F 00 00 00
 (174.322395)  can0  067   [8]  05 93 17 00 67 17 00 00
 (174.323465)  can0  068   [8]  05 EA 1E 01 D8 1D 01 00
 (174.362391)  can0  067   [8]  0B 4A 5A 53 BF 00 00 00
 (174.363447)  can0  068   [8]  0B C6 C9 52 3F 00 00 00
 (174.422394)  can0  067   [8]  00 DE 4A 5A BF 00 00 00
 (174.423466)  can0  068   [8]  00 2A C2 58 3F 00 00 00
 (174.442382)  can0  067   [8]  05 07 11 00 81 10 00 00
 (174.443268)  can0  068   [8]  05 BA 17 01 C9 17 01 00
 (174.482388)  can0  067   [8]  0B F0 FD 5A BF 00 00 00
 (174.483475)  can0  068   [8]  0B 22 7D 5A 3F 00 00 00
 (174.542410)  can0  067   [8]  00 96 33 61 BF 00 00 00
 (174.543479)  can0  068   [8]  00 74 B7 5F 3F 00 00 00
 (174.562437)  can0  067   [8]  05 C8 0B 00 79 0B 00 00
 (174.563466)  can0  068   [8]  05 06 14 01 45 13 01 00
 (174.602450)  can0  067   [8]  0B C0 6D 62 BF 00 00 00
 (174.603443)  can0  068   [8]  0B 38 FE 61 3F 00 00 00
 (174.662409)  can0  067   [8]  00 F9 41 67 BF 00 00 00
 (174.663460)  can0  068   [8]  00 21 AB 65 3F 00 00 00
 (174.682399)  can0  067   [8]  05 A7 17 00 92 17 00 00
 (174.683444)  can0  068   [8]  05 42 1E 01 B0 1D 01 00
 (174.722394)  can0  067   [8]  0B 2F 5B 69 BF 00 00 00
 (174.723355)  can0  068   [8]  0B F0 FC 68 3F 00 00 00
 (174.782402)  can0  067   [8]  00 77 03 6F BF 00 00 00
 (174.783477)  can0  068   [8]  00 BC BC 6D 3F 00 00 00
 (174.802392)  can0  067   [8]  05 6F 12 00 A7 11 00 00
 (174.803447)  can0  068   [8]  05 BF 18 01 72 18 01 00
 (174.842408)  can0  067   [8]  0B F4 D5 6F BF 00 00 00
 (174.843340)  can0  068   [8]  0B D7 85 6F 3F 00 00 00
 (174.902426)  can0  067   [8]  00 A1 C9 75 BF 00 00 00
 (174.903468)  can0  068   [8]  00 A0 71 74 3F 00 00 00
 (174.922400)  can0  067   [8]  05 DF 06 00 70 06 00 00
 (174.923480)  can0  068   [8]  05 DB 0D 01 5C 0D 01 00
 (174.962406)  can0  067   [8]  0B 5B AD 75 BF 00 00 00
 (174.963481)  can0  068   [8]  0B 61 6B 75 3F 00 00 00
 (175.022406)  can0  067   [8]  00 82 C3 79 BF 00 00 00
 (175.023505)  can0  068   [8]  00 7E 8C 78 3F 00 00 00
 (175.042414)  can0  067   [8]  05 62 13 00 13 13 00 00
 (175.042436)  can0  067   [8]  12 80 67 00 01 01 00 00
 (175.042438)  can0  067   [8]  0C 02 A1 AD FF 00 00 7E
 (175.043452)  can0  068   [8]  05 2A 1A 01 BA 1A 01 00
 (175.043475)  can0  068   [8]  12 80 67 00 01 01 00 00
 (175.043477)  can0  068   [8]  0C 02 A1 89 FF 00 00 7E
 (175.082406)  can0  067   [8]  0B B0 D1 7A BF 00 00 00
 (175.083343)  can0  068   [8]  0B DA 9D 7A 3F 00 00 00
 (175.142355)  can0  067   [8]  00 31 52 80 BF 00 00 00
 (175.143457)  can0  068   [8]  00 0F 93 7F 3F 00 00 00
 (175.162400)  can0  067   [8]  05 4F 07 00 40 07 00 00
 (175.163481)  can0  068   [8]  05 25 0B 01 23 0B 01 00
 (175.202438)  can0  067   [8]  0B F3 42 7F BF 00 00 00
 (175.203376)  can0  068   [8]  0B 1C 1A 7F 3F 00 00 00
 (175.242443)  can0  067   [8]  11 06 00 00 00 00 09 01
 (175.243515)  can0  068   [8]  11 06 00 00 00 00 09 01
 (175.262368)  can0  067   [8]  00 5A 81 81 BF 00 00 00
 (175.263413)  can0  068   [8]  00 B3 ED 80 3F 00 00 00
 (175.282390)  can0  067   [8]  05 70 0F 00 6E 0F 00 00
 (175.283451)  can0  068   [8]  05 EE 16 01 97 16 01 00
 (175.322222)  can0  067   [8]  0B C8 7F 81 BF 00 00 00
 (175.323333)  can0  068   [8]  0B 13 70 81 3F 00 00 00
 (175.382451)  can0  067   [8]  00 21 BD 83 BF 00 00 00
 (175.383316)  can0  068   [8]  00 E0 69 83 3F 00 00 00
 (175.402432)  can0  067   [8]  05 D3 05 00 82 06 00 00
 (175.403470)  can0  068   [8]  05 23 09 01 B9 09 01 00
 (175.442399)  can0  067   [8]  0B 8F 04 83 BF 00 00 00
 (175.443471)  can0  068   [8]  0B 90 F9 82 3F 00 00 00
 (175.502451)  can0  067   [8]  00 62 BC 84 BF 00 00 00
 (175.503386)  can0  068   [8]  00 46 61 84 3F 00 00 00
 (175.522436)  can0  067   [8]  05 4A 0B 00 4A 0B 00 00
 (175.523484)  can0  068   [8]  05 A7 12 01 99 12 01 00
 (175.562465)  can0  067   [8]  0B 02 2F 84 BF 00 00 00
 (175.563467)  can0  068   [8]  0B F1 27 84 3F 00 00 00
 (175.622387)  can0  067   [8]  00 F7 0A 86 BF 00 00 00
 (175.623354)  can0  068   [8]  00 C9 A8 85 3F 00 00 00
 (175.642349)  can0  067   [8]  05 B4 08 00 C5 08 00 00
 (175.643444)  can0  068   [8]  05 F5 0C 01 0D 0D 01 00
 (175.682403)  can0  067   [8]  0B 48 02 85 BF 00 00 00
 (175.683458)  can0  068   [8]  0B 5B FE 84 3F 00 00 00
 (175.742380)  can0  067   [8]  00 1C BA 86 BF 00 00 00
 (175.743474)  can0  068   [8]  00 80 64 86 3F 00 00 00
 (175.762389)  can0  067   [8]  05 6F 08 00 45 08 00 00
 (175.763366)  can0  068   [8]  05 56 0C 01 6A 0C 01 00
 (175.802364)  can0  067   [8]  0B BA 8B 85 BF 00 00 00
 (175.803470)  can0  068   [8]  0B 5F 89 85 3F 00 00 00
 (175.862412)  can0  067   [8]  00 58 39 87 BF 00 00 00
 (175.863490)  can0  068   [8]  00 6E 14 87 3F 00 00 00
 (175.882434)  can0  067   [8]  05 59 08 00 5A 08 00 00
 (175.883506)  can0  068   [8]  05 DD 09 01 CB 09 01 00
 (175.922465)  can0  067   [8]  0B 44 DA 85 BF 00 00 00
 (175.923480)  can0  068   [8]  0B 7B D9 85 3F 00 00 00
 (175.982414)  can0  067   [8]  00 BD 8F 87 BF 00 00 00
 (175.983521)  can0  068   [8]  00 8D 4E 87 3F 00 00 00
 (176.002396)  can0  067   [8]  05 4C 07 00 48 07 00 00
 (176.003510)  can0  068   [8]  05 B0 0A 01 B8 0A 01 00
 (176.042449)  can0  067   [8]  0B 65 FE 85 BF 00 00 00
 (176.042472)  can0  067   [8]  12 80 67 00 01 01 00 00
 (176.042474)  can0  067   [8]  0C 02 A1 A4 7F 00 00 7E
 (176.043510)  can0  068   [8]  0B 65 FE 85 3F 00 00 00
 (176.043535)  can0  068   [8]  12 80 67 00 01 01 00 00
 (176.043537)  can0  068   [8]  0C 02 A1 AD 83 00 00 7E
 (176.102406)  can0  067   [8]  00 73 94 87 BF 00 00 00
 (176.103503)  can0  068   [8]  00 C3 4D 87 3F 00 00 00
 (176.122436)  can0  067   [8]  05 8E 08 00 AD 08 00 00
 (176.123499)  can0  068   [8]  05 26 0C 01 3C 0C 01 00
 (176.162444)  can0  067   [8]  0B 65 09 86 BF 00 00 00
 (176.163503)  can0  068   [8]  0B 65 09 86 3F 00 00 00
 (176.222460)  can0  067   [8]  00 CD A1 87 BF 00 00 00
 (176.223470)  can0  068   [8]  00 8A 64 87 3F 00 00 00
 (176.242447)  can0  067   [8]  05 A4 06 00 04 07 00 00
 (176.242474)  can0  067   [8]  11 06 00 00 00 00 29 01
 (176.243494)  can0  068   [8]  05 70 0A 01 DB 09 01 00
 (176.243520)  can0  068   [8]  11 06 00 00 00 00 29 01
 (176.282439)  can0  067   [8]  0B 2E 0A 86 BF 00 00 00
 (176.283490)  can0  068   [8]  0B 2E 0A 86 3F 00 00 00
 (176.342402)  can0  067   [8]  00 5F A3 87 BF 00 00 00
 (176.343493)  can0  068   [8]  00 9D 60 87 3F 00 00 00
 (176.362387)  can0  067   [8]  05 34 03 01 38 03 01 00
 (176.363385)  can0  068   [8]  05 20 00 01 26 00 01 00
 (176.402383)  can0  067   [8]  0B 2E 0A 86 BF 00 00 00
 (176.403492)  can0  068   [8]  0B 2E 0A 86 3F 00 00 00
 (176.462428)  can0  067   [8]  00 5F A3 87 BF 00 00 00
 (176.463504)  can0  068   [8]  00 9D 60 87 3F 00 00 00
 (176.482414)  can0  067   [8]  05 35 03 01 2F 03 01 00
 (176.483523)  can0  068   [8]  05 29 00 01 38 00 01 00
 (176.522442)  can0  067   [8]  0B 2E 0A 86 BF 00 00 00
 (176.523515)  can0  068   [8]  0B 2E 0A 86 3F 00 00 00
 (176.582449)  can0  067   [8]  00 CD A1 87 BF 00 00 00
 (176.583513)  can0  068   [8]  00 66 61 87 3F 00 00 00
 (176.602406)  can0  067   [8]  05 2C 03 01 AE 02 01 00
 (176.603519)  can0  068   [8]  05 29 00 01 2E 00 01 00
 (176.642427)  can0  067   [8]  0B 2E 0A 86 BF 00 00 00
 (176.643380)  can0  068   [8]  0B 2E 0A 86 3F 00 00 00
 (176.702405)  can0  067   [8]  00 96 A2 87 BF 00 00 00
 (176.703518)  can0  068   [8]  00 9D 60 87 3F 00 00 00
 (176.722397)  can0  067   [8]  05 4A 03 01 41 03 01 00
 (176.723411)  can0  068   [8]  05 1E 00 01 25 00 01 00
 (176.762405)  can0  067   [8]  0B 2E 0A 86 BF 00 00 00
 (176.763489)  can0  068   [8]  0B 2E 0A 86 3F 00 00 00
 (176.822434)  can0  067   [8]  00 96 A2 87 BF 00 00 00
 (176.823481)  can0  068   [8]  00 9D 60 87 3F 00 00 00
 (176.842463)  can0  067   [8]  05 37 03 01 41 03 01 00
 (176.843400)  can0  068   [8]  05 3C 00 01 38 00 01 00
 (176.882438)  can0  067   [8]  0B 2E 0A 86 BF 00 00 00
 (176.883500)  can0  068   [8]  0B 2E 0A 86 3F 00 00 00
 (176.942407)  can0  067   [8]  00 96 A2 87 BF 00 00 00
 (176.943500)  can0  068   [8]  00 9D 60 87 3F 00 00 00
 (176.962434)  can0  067   [8]  05 2E 03 01 25 03 01 00
 (176.963380)  can0  068   [8]  05 27 00 01 09 00 00 00
 (177.002380)  can0  067   [8]  0B 2E 0A 86 BF 00 00 00
 (177.003402)  can0  068   [8]  0B 2E 0A 86 3F 00 00 00
 (177.042432)  can0  067   [8]  12 80 67 00 01 01 00 00
 (177.042457)  can0  067   [8]  0C 02 A1 B6 01 00 70 50
 (177.043503)  can0  068   [8]  12 80 67 00 01 01 00 00
 (177.043529)  can0  068   [8]  0C 02 A1 89 01 00 60 22
 (177.062433)  can0  067   [8]  00 28 A4 87 BF 00 00 00
 (177.063509)  can0  068   [8]  00 D4 5F 87 3F 00 00 00
 (177.082433)  can0  067   [8]  05 42 03 01 54 03 01 00
 (177.083520)  can0  068   [8]  05 3B 00 01 38 00 01 00
 (177.122293)  can0  067   [8]  0B 2E 0A 86 BF 00 00 00
 (177.123543)  can0  068   [8]  0B 2E 0A 86 3F 00 00 00
 (177.182433)  can0  067   [8]  00 96 A2 87 BF 00 00 00
 (177.183507)  can0  068   [8]  00 9D 60 87 3F 00 00 00
 (177.202445)  can0  067   [8]  05 43 03 01 54 03 01 00
 (177.203508)  can0  068   [8]  05 30 00 01 38 00 01 00
 (177.242460)  can0  067   [8]  0B 2E 0A 86 BF 00 00 00
 (177.242483)  can0  067   [8]  11 06 00 00 00 00 29 01
 (177.243375)  can0  068   [8]  0B 2E 0A 86 3F 00 00 00
 (177.243390)  can0  068   [8]  11 06 00 00 00 00 29 01
 (177.302473)  can0  067   [8]  00 5F A3 87 BF 00 00 00
 (177.303501)  can0  068   [8]  00 D4 5F 87 3F 00 00 00
 (177.322429)  can0  067   [8]  05 39 03 01 38 03 01 00
 (177.323401)  can0  068   [8]  05 30 00 01 2F 00 01 00
 (177.362480)  can0  067   [8]  0B 2E 0A 86 BF 00 00 00
 (177.363423)  can0  068   [8]  0B 2E 0A 86 3F 00 00 00
 (177.422414)  can0  067   [8]  00 96 A2 87 BF 00 00 00
 (177.423523)  can0  068   [8]  00 9D 60 87 3F 00 00 00
 (177.442427)  can0  067   [8]  05 4E 03 01 41 03 01 00
 (177.443522)  can0  068   [8]  05 39 00 01 4A 00 01 00
 (177.482442)  can0  067   [8]  0B 2E 0A 86 BF 00 00 00
 (177.483519)  can0  068   [8]  0B 2E 0A 86 3F 00 00 00
 (177.542472)  can0  067   [8]  00 28 A4 87 BF 00 00 00
 (177.543525)  can0  068   [8]  00 9D 60 87 3F 00 00 00
 (177.562437)  can0  067   [8]  05 4F 03 01 5D 03 01 00
 (177.563526)  can0  068   [8]  05 25 00 01 1C 00 01 00
 (177.602453)  can0  067   [8]  0B 2E 0A 86 BF 00 00 00
 (177.603455)  can0  068   [8]  0B 2E 0A 86 3F 00 00 00
 (177.662473)  can0  067   [8]  00 96 A2 87 BF 00 00 00
 (177.663538)  can0  068   [8]  00 9D 60 87 3F 00 00 00
 (177.682411)  can0  067   [8]  05 3B 03 01 13 03 01 00
 (177.683518)  can0  068   [8]  05 38 00 01 2F 00 01 00
 (177.722416)  can0  067   [8]  0B 2E 0A 86 BF 00 00 00
 (177.723411)  can0  068   [8]  0B 2E 0A 86 3F 00 00 00
 (177.782429)  can0  067   [8]  00 96 A2 87 BF 00 00 00
 (177.783534)  can0  068   [8]  00 0B 5F 87 3F 00 00 00
 (177.802424)  can0  067   [8]  05 50 03 01 5D 03 01 00
 (177.803531)  can0  068   [8]  05 38 00 01 5D 00 01 00
 (177.842465)  can0  067   [8]  0B 2E 0A 86 BF 00 00 00
 (177.843544)  can0  068   [8]  0B 2E 0A 86 3F 00 00 00
 (177.902455)  can0  067   [8]  00 96 A2 87 BF 00 00 00
 (177.903520)  can0  068   [8]  00 D4 5F 87 3F 00 00 00
 (177.922460)  can0  067   [8]  05 47 03 01 41 03 01 00
 (177.923544)  can0  068   [8]  05 2D 00 01 25 00 01 00
 (177.962409)  can0  067   [8]  0B 2E 0A 86 BF 00 00 00
 (177.963501)  can0  068   [8]  0B 2E 0A 86 3F 00 00 00
 (178.022441)  can0  067   [8]  00 96 A2 87 BF 00 00 00
 (178.023495)  can0  068   [8]  00 0B 5F 87 3F 00 00 00
 (178.042470)  can0  067   [8]  05 47 03 01 5D 03 01 00
 (178.042492)  can0  067   [8]  12 80 67 00 01 01 00 00
 (178.042494)  can0  067   [8]  0C 02 A1 B6 00 00 70 40
 (178.043390)  can0  068   [8]  05 37 00 01 53 00 01 00
 (178.043405)  can0  068   [8]  12 80 67 00 01 01 00 00
 (178.043559)  can0  068   [8]  0C 02 A1 89 00 00 70 02
 (178.082425)  can0  067   [8]  0B 2E 0A 86 BF 00 00 00
 (178.083480)  can0  068   [8]  0B 2E 0A 86 3F 00 00 00
 (178.142418)  can0  067   [8]  00 28 A4 87 BF 00 00 00
 (178.143534)  can0  068   [8]  00 D4 5F 87 3F 00 00 00
 (178.162416)  can0  067   [8]  05 48 03 01 41 03 01 00
 (178.163528)  can0  068   [8]  05 2C 00 01 1C 00 01 00
 (178.202449)  can0  067   [8]  0B 2E 0A 86 BF 00 00 00
 (178.203578)  can0  068   [8]  0B 2E 0A 86 3F 00 00 00
 (178.242426)  can0  067   [8]  11 06 00 00 00 00 29 01
 (178.243523)  can0  068   [8]  11 06 00 00 00 00 29 01
 (178.262407)  can0  067   [8]  00 28 A4 87 BF 00 00 00
 (178.263379)  can0  068   [8]  00 D4 5F 87 3F 00 00 00
 (178.282244)  can0  067   [8]  05 3E 03 01 41 03 01 00
 (178.283447)  can0  068   [8]  05 2C 00 01 0A 00 01 00
 (178.322345)  can0  067   [8]  0B 2E 0A 86 BF 00 00 00
 (178.323526)  can0  068   [8]  0B 2E 0A 86 3F 00 00 00
 (178.382451)  can0  067   [8]  00 CD A1 87 BF 00 00 00
 (178.383513)  can0  068   [8]  00 0B 5F 87 3F 00 00 00
 (178.402450)  can0  067   [8]  05 49 03 01 54 03 01 00
 (178.403494)  can0  068   [8]  05 2B 00 01 25 00 01 00
 (178.442463)  can0  067   [8]  0B 2E 0A 86 BF 00 00 00
 (178.443526)  can0  068   [8]  0B 2E 0A 86 3F 00 00 00
 (178.502451)  can0  067   [8]  00 96 A2 87 BF 00 00 00
 (178.503521)  can0  068   [8]  00 D4 5F 87 3F 00 00 00
 (178.522433)  can0  067   [8]  05 4A 03 01 54 03 01 00
 (178.523527)  can0  068   [8]  05 2B 00 01 38 00 01 00
 (178.562459)  can0  067   [8]  0B 2E 0A 86 BF 00 00 00
 (178.563545)  can0  068   [8]  0B 2E 0A 86 3F 00 00 00
 (178.622434)  can0  067   [8]  00 5F A3 87 BF 00 00 00
 (178.623523)  can0  068   [8]  00 D4 5F 87 3F 00 00 00
 (178.642370)  can0  067   [8]  05 4A 03 01 38 03 01 00
 (178.643409)  can0  068   [8]  05 34 00 01 25 00 01 00
 (178.682389)  can0  067   [8]  0B 2E 0A 86 BF 00 00 00
 (178.683458)  can0  068   [8]  0B 2E 0A 86 3F 00 00 00
 (178.742256)  can0  067   [8]  00 CD A1 87 BF 00 00 00
 (178.743537)  can0  068   [8]  00 D4 5F 87 3F 00 00 00
 (178.762461)  can0  067   [8]  05 41 03 01 54 03 01 00
 (178.763548)  can0  068   [8]  05 29 00 01 25 00 01 00
 (178.802446)  can0  067   [8]  0B 2E 0A 86 BF 00 00 00
 (178.803502)  can0  068   [8]  0B 2E 0A 86 3F 00 00 00
 (178.862482)  can0  067   [8]  00 5F A3 87 BF 00 00 00
 (178.863547)  can0  068   [8]  00 D4 5F 87 3F 00 00 00
 (178.882424)  can0  067   [8]  05 4B 03 01 42 03 01 00
 (178.883538)  can0  068   [8]  05 33 00 01 41 00 01 00
 (178.922474)  can0  067   [8]  0B 2E 0A 86 BF 00 00 00
 (178.923518)  can0  068   [8]  0B 2E 0A 86 3F 00 00 00
 (178.982431)  can0  067   [8]  00 28 A4 87 BF 00 00 00
 (178.983547)  can0  068   [8]  00 42 5E 87 3F 00 00 00
 (179.002449)  can0  067   [8]  05 38 03 01 EE 02 01 00
 (179.003475)  can0  068   [8]  05 28 00 01 25 00 01 00
 (179.042347)  can0  067   [8]  0B 2E 0A 86 BF 00 00 00
 (179.042370)  can0  067   [8]  12 80 67 00 01 01 00 00
 (179.042490)  can0  067   [8]  0C 02 A1 B6 00 00 70 40
 (179.043556)  can0  068   [8]  0B 2E 0A 86 3F 00 00 00
 (179.043580)  can0  068   [8]  12 80 67 00 01 01 00 00
 (179.043582)  can0  068   [8]  0C 02 A1 89 00 00 70 02
 (179.102441)  can0  067   [8]  00 5F A3 87 BF 00 00 00
 (179.103569)  can0  068   [8]  00 D4 5F 87 3F 00 00 00
 (179.122424)  can0  067   [8]  05 4D 03 01 4B 03 01 00
 (179.123546)  can0  068   [8]  05 32 00 01 41 00 01 00
 (179.162423)  can0  067   [8]  0B 2E 0A 86 BF 00 00 00
 (179.163461)  can0  068   [8]  0B 2E 0A 86 3F 00 00 00
 (179.222459)  can0  067   [8]  00 5F A3 87 BF 00 00 00
 (179.223549)  can0  068   [8]  00 0B 5F 87 3F 00 00 00
 (179.242510)  can0  067   [8]  05 57 03 01 66 03 01 00
 (179.242534)  can0  067   [8]  11 06 00 00 00 00 29 01
 (179.243484)  can0  068   [8]  05 27 00 01 38 00 01 00
 (179.243511)  can0  068   [8]  11 06 00 00 00 00 29 01
 (179.282301)  can0  067   [8]  0B 2E 0A 86 BF 00 00 00
 (179.283455)  can0  068   [8]  0B 2E 0A 86 3F 00 00 00
 (179.342462)  can0  067   [8]  00 5F A3 87 BF 00 00 00
 (179.343570)  can0  068   [8]  00 D4 5F 87 3F 00 00 00
 (179.362460)  can0  067   [8]  05 58 03 01 5D 03 01 00
 (179.363549)  can0  068   [8]  05 27 00 01 2F 00 01 00
 (179.402445)  can0  067   [8]  0B 2E 0A 86 BF 00 00 00
 (179.403533)  can0  068   [8]  0B 2E 0A 86 3F 00 00 00
 (179.462350)  can0  067   [8]  00 96 A2 87 BF 00 00 00
 (179.463393)  can0  068   [8]  00 0B 5F 87 3F 00 00 00
 (179.482453)  can0  067   [8]  05 4F 03 01 5D 03 01 00
 (179.483471)  can0  068   [8]  05 26 00 01 25 00 01 00
 (179.522454)  can0  067   [8]  0B 2E 0A 86 BF 00 00 00
 (179.523330)  can0  068   [8]  0B 2E 0A 86 3F 00 00 00
 (179.582482)  can0  067   [8]  00 5F A3 87 BF 00 00 00
 (179.583533)  can0  068   [8]  00 0B 5F 87 3F 00 00 00
 (179.602448)  can0  067   [8]  05 59 03 01 5D 03 01 00
 (179.603410)  can0  068   [8]  05 26 00 01 38 00 01 00
 (179.642470)  can0  067   [8]  0B 2E 0A 86 BF 00 00 00
 (179.643451)  can0  068   [8]  0B 2E 0A 86 3F 00 00 00
 (179.702456)  can0  067   [8]  00 28 A4 87 BF 00 00 00
 (179.703552)  can0  068   [8]  00 0B 5F 87 3F 00 00 00
 (179.722315)  can0  067   [8]  05 6F 03 01 70 03 01 00
 (179.723434)  can0  068   [8]  05 25 00 01 25 00 01 00
 (179.762472)  can0  067   [8]  0B 2E 0A 86 BF 00 00 00
 (179.763543)  can0  068   [8]  0B 2E 0A 86 3F 00 00 00
 (179.822476)  can0  067   [8]  00 28 A4 87 BF 00 00 00
 (179.823551)  can0  068   [8]  00 0B 5F 87 3F 00 00 00
 (179.842481)  can0  067   [8]  05 51 03 01 54 03 01 00
 (179.843454)  can0  068   [8]  05 25 00 01 25 00 01 00
 (179.882445)  can0  067   [8]  0B 2E 0A 86 BF 00 00 00
 (179.883526)  can0  068   [8]  0B 2E 0A 86 3F 00 00 00
 (179.942502)  can0  067   [8]  00 96 A2 87 BF 00 00 00
 (179.943550)  can0  068   [8]  00 0B 5F 87 3F 00 00 00
 (179.962468)  can0  067   [8]  05 51 03 01 4A 03 01 00
 (179.963580)  can0  068   [8]  05 2E 00 01 2E 00 01 00
 (180.002469)  can0  067   [8]  0B 2E 0A 86 BF 00 00 00
 (180.003580)  can0  068   [8]  0B 2E 0A 86 3F 00 00 00
 (180.042518)  can0  067   [8]  12 80 67 00 01 01 00 00
 (180.042541)  can0  067   [8]  0C 02 A1 B6 00 00 70 40
 (180.043553)  can0  068   [8]  12 80 67 00 01 01 00 00
 (180.043579)  can0  068   [8]  0C 02 A1 89 00 00 70 02
 (180.062375)  can0  067   [8]  00 5F A3 87 BF 00 00 00
 (180.063451)  can0  068   [8]  00 0B 5F 87 3F 00 00 00
 (180.082419)  can0  067   [8]  05 5C 03 01 5D 03 01 00
 (180.083557)  can0  068   [8]  05 24 00 01 2F 00 01 00
 (180.122476)  can0  067   [8]  0B 2E 0A 86 BF 00 00 00
 (180.123552)  can0  068   [8]  0B 2E 0A 86 3F 00 00 00
 (180.182480)  can0  067   [8]  00 96 A2 87 BF 00 00 00
 (180.183555)  can0  068   [8]  00 D4 5F 87 3F 00 00 00
 (180.202481)  can0  067   [8]  05 5C 03 01 66 03 01 00
 (180.203482)  can0  068   [8]  05 23 00 01 25 00 01 00
 (180.242430)  can0  067   [8]  0B 2E 0A 86 BF 00 00 00
 (180.242454)  can0  067   [8]  11 06 00 00 00 00 29 01
 (180.243565)  can0  068   [8]  0B 2E 0A 86 3F 00 00 00
 (180.243582)  can0  068   [8]  11 06 00 00 00 00 29 01
 (180.249772)  can0  064   [8]  67 01 35 FA 8E BC 07 00
 (180.251935)  can0  064   [8]  68 01 35 FA 8E 3C 07 00
 (180.262392)  can0  067   [8]  11 06 00 00 00 00 09 01
 (180.263452)  can0  068   [8]  11 06 00 00 00 00 09 01
 (180.302440)  can0  067   [8]  00 DC BE 87 BF 00 00 00
 (180.303552)  can0  068   [8]  00 41 69 87 3F 00 00 00
 (180.322441)  can0  067   [8]  05 EA 03 00 E4 03 00 00
 (180.323551)  can0  068   [8]  05 BC 04 01 B1 04 01 00
 (180.362449)  can0  067   [8]  0B 96 A2 87 BF 00 00 00
 (180.363559)  can0  068   [8]  0B 42 5E 87 3F 00 00 00
 (180.422452)  can0  067   [8]  00 13 BE 87 BF 00 00 00
 (180.423458)  can0  068   [8]  00 0A 6A 87 3F 00 00 00
 (180.442401)  can0  067   [8]  05 47 03 00 83 03 00 00
 (180.443493)  can0  068   [8]  05 24 04 01 27 04 01 00
 (180.482487)  can0  067   [8]  0B 97 97 87 BF 00 00 00
 (180.483459)  can0  068   [8]  0B 43 53 87 3F 00 00 00
 (180.542521)  can0  067   [8]  00 13 BE 87 BF 00 00 00
 (180.543611)  can0  068   [8]  00 0A 6A 87 3F 00 00 00
 (180.562524)  can0  067   [8]  05 9F 01 00 AC 01 00 00
 (180.563562)  can0  068   [8]  05 A5 02 01 99 02 01 00
 (180.602451)  can0  067   [8]  0B 2D 78 87 BF 00 00 00
 (180.603512)  can0  068   [8]  0B A1 34 87 3F 00 00 00
 (180.662435)  can0  067   [8]  00 13 BE 87 BF 00 00 00
 (180.663559)  can0  068   [8]  00 0A 6A 87 3F 00 00 00
 (180.682474)  can0  067   [8]  05 33 01 01 FF 00 01 00
 (180.683558)  can0  068   [8]  05 36 00 00 1B 00 00 00
 (180.722437)  can0  067   [8]  0B 21 3A 87 BF 00 00 00
 (180.723494)  can0  068   [8]  0B 96 F6 86 3F 00 00 00
 (180.782452)  can0  067   [8]  00 13 BE 87 BF 00 00 00
 (180.783561)  can0  068   [8]  00 78 68 87 3F 00 00 00
 (180.802471)  can0  067   [8]  05 EE 05 01 E7 05 01 00
 (180.803553)  can0  068   [8]  05 F2 04 00 A7 04 00 00
 (180.842416)  can0  067   [8]  0B 3E D3 86 BF 00 00 00
 (180.843456)  can0  068   [8]  0B 7C 90 86 3F 00 00 00
 (180.902481)  can0  067   [8]  00 DC BE 87 BF 00 00 00
 (180.903538)  can0  068   [8]  00 30 57 87 3F 00 00 00
 (180.922457)  can0  067   [8]  05 17 0D 01 0C 0D 01 00
 (180.923572)  can0  068   [8]  05 27 0B 00 01 0B 00 00
 (180.962475)  can0  067   [8]  0B 4E 39 86 BF 00 00 00
 (180.963540)  can0  068   [8]  0B 53 F7 85 3F 00 00 00
 (181.022488)  can0  067   [8]  00 DF A8 87 BF 00 00 00
 (181.023534)  can0  068   [8]  00 58 39 87 3F 00 00 00
 (181.042482)  can0  067   [8]  05 12 16 01 DA 15 01 00
 (181.042502)  can0  067   [8]  12 80 67 00 01 01 00 00
 (181.042503)  can0  067   [8]  0C 02 A1 B6 02 00 60 44
 (181.043623)  can0  068   [8]  05 B5 10 00 9B 10 00 00
 (181.043643)  can0  068   [8]  12 80 67 00 01 01 00 00
 (181.043644)  can0  068   [8]  0C 02 A1 9B 05 00 60 7E
 (181.082488)  can0  067   [8]  0B 88 60 85 BF 00 00 00
 (181.083552)  can0  068   [8]  0B 21 20 85 3F 00 00 00
 (181.142507)  can0  067   [8]  00 A3 72 86 BF 00 00 00
 (181.143571)  can0  068   [8]  00 B8 A1 85 3F 00 00 00
 (181.162454)  can0  067   [8]  05 96 0E 01 15 0E 01 00
 (181.163533)  can0  068   [8]  05 AC 07 00 92 07 00 00
 (181.202534)  can0  067   [8]  0B A5 42 84 BF 00 00 00
 (181.203603)  can0  068   [8]  0B 07 03 84 3F 00 00 00
 (181.262520)  can0  067   [8]  00 B7 F5 84 BF 00 00 00
 (181.262544)  can0  067   [8]  11 06 00 00 00 00 09 01
 (181.263585)  can0  068   [8]  00 15 2B 84 3F 00 00 00
 (181.263611)  can0  068   [8]  11 06 00 00 00 00 09 01
 (181.282503)  can0  067   [8]  05 F7 0D 01 20 0E 01 00
 (181.283577)  can0  068   [8]  05 69 07 00 26 07 00 00
 (181.322411)  can0  067   [8]  0B EE E5 82 BF 00 00 00
 (181.323474)  can0  068   [8]  0B E2 A7 82 3F 00 00 00
 (181.382498)  can0  067   [8]  00 26 86 83 BF 00 00 00
 (181.383549)  can0  068   [8]  00 EF DA 82 3F 00 00 00
 (181.402481)  can0  067   [8]  05 B8 0E 01 D8 0E 01 00
 (181.403453)  can0  068   [8]  05 52 09 00 E4 08 00 00
 (181.442425)  can0  067   [8]  0B 85 42 81 BF 00 00 00
 (181.443562)  can0  068   [8]  0B 0C 06 81 3F 00 00 00
 (181.502497)  can0  067   [8]  00 22 4F 82 BF 00 00 00
 (181.503481)  can0  068   [8]  00 11 86 81 3F 00 00 00
 (181.522474)  can0  067   [8]  05 F0 14 01 94 14 01 00
 (181.523565)  can0  068   [8]  05 D6 0C 00 5C 0C 00 00
 (181.562471)  can0  067   [8]  0B B8 B8 7E BF 00 00 00
 (181.563604)  can0  068   [8]  0B 57 41 7E 3F 00 00 00
 (181.622493)  can0  067   [8]  00 CE 4A 7F BF 00 00 00
 (181.623586)  can0  068   [8]  00 D4 A5 7D 3F 00 00 00
 (181.642392)  can0  067   [8]  05 51 0A 01 F3 09 01 00
 (181.643542)  can0  068   [8]  05 55 03 00 92 03 00 00
 (181.682504)  can0  067   [8]  0B 2A 62 7A BF 00 00 00
 (181.683520)  can0  068   [8]  0B 7E EF 79 3F 00 00 00
 (181.742481)  can0  067   [8]  00 23 07 7C BF 00 00 00
 (181.743615)  can0  068   [8]  00 6B AA 7A 3F 00 00 00
 (181.762483)  can0  067   [8]  05 D5 15 01 0F 14 01 00
 (181.763612)  can0  068   [8]  05 9A 0F 00 E0 0C 00 00
 (181.802502)  can0  067   [8]  0B 16 86 75 BF 00 00 00
 (181.803583)  can0  068   [8]  0B 8F 16 75 3F 00 00 00
 (181.862519)  can0  067   [8]  00 F6 C4 76 BF 00 00 00
 (181.863630)  can0  068   [8]  00 70 DC 74 3F 00 00 00
 (181.882532)  can0  067   [8]  05 D1 0C 01 AE 0C 01 00
 (181.883621)  can0  068   [8]  05 B1 04 00 82 04 00 00
 (181.922478)  can0  067   [8]  0B 7E 24 70 BF 00 00 00
 (181.923635)  can0  068   [8]  0B AE B9 6F 3F 00 00 00
 (181.982509)  can0  067   [8]  00 A0 A0 71 BF 00 00 00
 (181.983624)  can0  068   [8]  00 C2 56 70 3F 00 00 00
 (182.002496)  can0  067   [8]  05 C1 17 01 15 18 01 00
 (182.003632)  can0  068   [8]  05 4E 11 00 7C 0E 00 00
 (182.042512)  can0  067   [8]  0B 3B 50 6A BF 00 00 00
 (182.042535)  can0  067   [8]  12 80 67 00 01 01 00 00
 (182.042537)  can0  067   [8]  0C 02 A1 AD BC 00 00 7E
 (182.043623)  can0  068   [8]  0B 8E E8 69 3F 00 00 00
 (182.043649)  can0  068   [8]  12 80 67 00 01 01 00 00
 (182.043652)  can0  068   [8]  0C 02 A1 89 C1 00 00 7E
 (182.102511)  can0  067   [8]  00 58 A0 6A BF 00 00 00
 (182.103596)  can0  068   [8]  00 16 EA 68 3F 00 00 00
 (182.122503)  can0  067   [8]  05 39 08 01 18 09 01 00
 (182.123543)  can0  068   [8]  05 50 00 00 BD 02 00 00
 (182.162506)  can0  067   [8]  0B B8 1D 64 BF 00 00 00
 (182.163611)  can0  068   [8]  0B C2 BA 63 3F 00 00 00
 (182.222522)  can0  067   [8]  00 10 5B 66 BF 00 00 00
 (182.223578)  can0  068   [8]  00 18 A0 64 3F 00 00 00
 (182.242510)  can0  067   [8]  05 48 1B 01 34 19 01 00
 (182.243576)  can0  068   [8]  05 19 11 00 0C 10 00 00
 (182.262491)  can0  067   [8]  11 06 00 00 00 00 09 01
 (182.263571)  can0  068   [8]  11 06 00 00 00 00 09 01
 (182.282471)  can0  067   [8]  0B 61 A1 5D BF 00 00 00
 (182.283581)  can0  068   [8]  0B 90 41 5D 3F 00 00 00
