 (000.000000)  can0  064   [8]  67 08 00 01 01 01 00 00
 (000.002652)  can0  064   [8]  68 08 00 01 01 01 00 00
 (000.006115)  can0  064   [8]  6D 01 00 00 00 00 07 00
 (000.008031)  can0  067   [8]  0C 02 B0 0C 01 06 00 00
 (000.008231)  can0  067   [8]  12 80 66 01 01 01 00 00
 (000.008308)  can0  068   [8]  0C 02 B0 0C 01 06 00 00
 (000.008374)  can0  067   [8]  0C 02 A1 D2 00 00 10 04
 (000.008512)  can0  064   [8]  6E 01 00 00 00 00 07 00
 (000.008521)  can0  068   [8]  12 80 66 01 01 01 00 00
 (000.008792)  can0  068   [8]  0C 02 A1 ED 00 01 10 20
 (000.048298)  can0  067   [8]  00 4D 34 CC BB 00 00 00
 (000.048315)  can0  068   [8]  00 C9 16 87 BB 00 00 00
 (000.068287)  can0  067   [8]  05 00 00 01 00 00 01 00
 (000.068306)  can0  068   [8]  05 00 00 01 00 00 01 00
 (000.108294)  can0  067   [8]  0B 00 00 00 00 00 00 00
 (000.108315)  can0  068   [8]  0B 00 00 00 00 00 00 00
 (000.168306)  can0  067   [8]  00 2E A2 CA BB 00 00 00
 (000.168324)  can0  068   [8]  00 C9 16 87 BB 00 00 00
 (000.188303)  can0  067   [8]  05 00 00 01 00 00 01 00
 (000.188324)  can0  068   [8]  05 00 00 01 00 00 01 00
 (000.228298)  can0  067   [8]  0B 00 00 00 00 00 00 00
 (000.228317)  can0  068   [8]  0B 00 00 00 00 00 00 00
 (000.288255)  can0  067   [8]  00 6D C6 CD BB 00 00 00
 (000.288270)  can0  068   [8]  00 C9 16 87 BB 00 00 00
 (000.308324)  can0  067   [8]  05 00 00 01 00 00 01 00
 (000.308342)  can0  067   [8]  11 00 00 00 00 00 00 00
 (000.308343)  can0  068   [8]  05 00 00 01 00 00 01 00
 (000.308485)  can0  068   [8]  11 00 00 00 00 00 00 00
 (000.348314)  can0  067   [8]  0B 00 00 00 00 00 00 00
 (000.348333)  can0  068   [8]  0B 00 00 00 00 00 00 00
 (000.408282)  can0  067   [8]  00 6D C6 CD BB 00 00 00
 (000.408300)  can0  068   [8]  00 C9 16 87 BB 00 00 00
 (000.428286)  can0  067   [8]  05 00 00 01 00 00 01 00
 (000.428304)  can0  068   [8]  05 00 00 01 00 00 01 00
 (000.468291)  can0  067   [8]  0B 00 00 00 00 00 00 00
 (000.468309)  can0  068   [8]  0B 00 00 00 00 00 00 00
 (000.528287)  can0  067   [8]  00 5D FD CC BB 00 00 00
 (000.528305)  can0  068   [8]  00 C9 16 87 BB 00 00 00
 (000.548292)  can0  067   [8]  05 00 00 01 00 00 01 00
 (000.548312)  can0  068   [8]  05 00 00 01 00 00 01 00
 (000.588292)  can0  067   [8]  0B 00 00 00 00 00 00 00
 (000.588311)  can0  068   [8]  0B 00 00 00 00 00 00 00
 (000.648300)  can0  067   [8]  00 4D 34 CC BB 00 00 00
 (000.648321)  can0  068   [8]  00 D9 DF 87 BB 00 00 00
 (000.668294)  can0  067   [8]  05 00 00 01 00 00 01 00
 (000.668314)  can0  068   [8]  05 00 00 01 00 00 01 00
 (000.708296)  can0  067   [8]  0B 00 00 00 00 00 00 00
 (000.708316)  can0  068   [8]  0B 00 00 00 00 00 00 00
 (000.768284)  can0  067   [8]  00 5D FD CC BB 00 00 00
 (000.768301)  can0  068   [8]  00 C9 16 87 BB 00 00 00
 (000.788291)  can0  067   [8]  05 00 00 01 00 00 01 00
 (000.788309)  can0  068   [8]  05 00 00 01 00 00 01 00
 (000.828034)  can0  067   [8]  0B 00 00 00 00 00 00 00
 (000.828325)  can0  068   [8]  0B 00 00 00 00 00 00 00
 (000.888290)  can0  067   [8]  00 4D 34 CC BB 00 00 00
 (000.888312)  can0  068   [8]  00 C9 16 87 BB 00 00 00
 (000.908296)  can0  067   [8]  05 00 00 01 00 00 01 00
 (000.908316)  can0  068   [8]  05 00 00 01 00 00 01 00
 (000.948312)  can0  067   [8]  0B 00 00 00 00 00 00 00
 (000.948335)  can0  068   [8]  0B 00 00 00 00 00 00 00
 (001.008263)  can0  067   [8]  00 5D FD CC BB 00 00 00
 (001.008281)  can0  067   [8]  12 80 66 01 01 01 00 00
 (001.008282)  can0  068   [8]  00 B9 4D 86 BB 00 00 00
 (001.008445)  can0  068   [8]  12 80 66 01 01 01 00 00
 (001.028252)  can0  067   [8]  05 00 00 01 00 00 01 00
 (001.028270)  can0  068   [8]  05 00 00 01 00 00 01 00
 (001.068268)  can0  067   [8]  0B 00 00 00 00 00 00 00
 (001.068288)  can0  068   [8]  0B 00 00 00 00 00 00 00
 (001.128281)  can0  067   [8]  00 5D FD CC BB 00 00 00
 (001.128305)  can0  068   [8]  00 C9 16 87 BB 00 00 00
 (001.148305)  can0  067   [8]  05 00 00 01 00 00 01 00
 (001.148329)  can0  068   [8]  05 00 00 01 00 00 01 00
 (001.188289)  can0  067   [8]  0B 00 00 00 00 00 00 00
 (001.188313)  can0  068   [8]  0B 00 00 00 00 00 00 00
 (001.248201)  can0  067   [8]  00 4D 34 CC BB 00 00 00
 (001.248289)  can0  068   [8]  00 C9 16 87 BB 00 00 00
 (001.268241)  can0  067   [8]  05 00 00 01 00 00 01 00
 (001.268261)  can0  068   [8]  05 00 00 01 00 00 01 00
 (001.308247)  can0  067   [8]  0B 00 00 00 00 00 00 00
 (001.308266)  can0  067   [8]  11 00 00 00 00 00 00 00
 (001.308267)  can0  068   [8]  0B 00 00 00 00 00 00 00
 (001.308411)  can0  068   [8]  11 00 00 00 00 00 00 00
 (001.368269)  can0  067   [8]  00 4D 34 CC BB 00 00 00
 (001.368289)  can0  068   [8]  00 C9 16 87 BB 00 00 00
 (001.388267)  can0  067   [8]  05 00 00 01 00 00 01 00
 (001.388287)  can0  068   [8]  05 00 00 01 00 00 01 00
 (001.428274)  can0  067   [8]  0B 00 00 00 00 00 00 00
 (001.428296)  can0  068   [8]  0B 00 00 00 00 00 00 00
 (001.488267)  can0  067   [8]  00 6D C6 CD BB 00 00 00
 (001.488288)  can0  068   [8]  00 D9 DF 87 BB 00 00 00
 (001.508265)  can0  067   [8]  05 00 00 01 00 00 01 00
 (001.508284)  can0  068   [8]  05 00 00 01 00 00 01 00
 (001.548272)  can0  067   [8]  0B 00 00 00 00 00 00 00
 (001.548293)  can0  068   [8]  0B 00 00 00 00 00 00 00
 (001.608286)  can0  067   [8]  00 4D 34 CC BB 00 00 00
 (001.608310)  can0  068   [8]  00 C9 16 87 BB 00 00 00
 (001.628296)  can0  067   [8]  05 00 00 01 00 00 01 00
 (001.628327)  can0  068   [8]  05 00 00 01 00 00 01 00
 (001.668278)  can0  067   [8]  0B 00 00 00 00 00 00 00
 (001.668300)  can0  068   [8]  0B 00 00 00 00 00 00 00
 (001.728276)  can0  067   [8]  00 5D FD CC BB 00 00 00
 (001.728297)  can0  068   [8]  00 C9 16 87 BB 00 00 00
 (001.748276)  can0  067   [8]  05 00 00 01 00 00 01 00
 (001.748298)  can0  068   [8]  05 00 00 01 00 00 01 00
 (001.788223)  can0  067   [8]  0B 00 00 00 00 00 00 00
 (001.788241)  can0  068   [8]  0B 00 00 00 00 00 00 00
 (001.848261)  can0  067   [8]  00 6D C6 CD BB 00 00 00
 (001.848281)  can0  068   [8]  00 C9 16 87 BB 00 00 00
 (001.868267)  can0  067   [8]  05 00 00 01 00 00 01 00
 (001.868288)  can0  068   [8]  05 00 00 01 00 00 01 00
 (001.908270)  can0  067   [8]  0B 00 00 00 00 00 00 00
 (001.908292)  can0  068   [8]  0B 00 00 00 00 00 00 00
 (001.968280)  can0  067   [8]  00 6D C6 CD BB 00 00 00
 (001.968303)  can0  068   [8]  00 C9 16 87 BB 00 00 00
 (001.988294)  can0  067   [8]  05 00 00 01 00 00 01 00
 (001.988321)  can0  068   [8]  05 00 00 01 00 00 01 00
 (002.008270)  can0  067   [8]  12 80 66 01 01 01 00 00
 (002.008294)  can0  068   [8]  12 80 66 01 01 01 00 00
 (002.028264)  can0  067   [8]  0B 00 00 00 00 00 00 00
 (002.028287)  can0  068   [8]  0B 00 00 00 00 00 00 00
 (002.088231)  can0  067   [8]  00 5D FD CC BB 00 00 00
 (002.088256)  can0  068   [8]  00 C9 16 87 BB 00 00 00
 (002.108269)  can0  067   [8]  05 00 00 01 00 00 01 00
 (002.108289)  can0  068   [8]  05 00 00 01 00 00 01 00
 (002.148269)  can0  067   [8]  0B 00 00 00 00 00 00 00
 (002.148289)  can0  068   [8]  0B 00 00 00 00 00 00 00
 (002.208229)  can0  067   [8]  00 4D 34 CC BB 00 00 00
 (002.208250)  can0  068   [8]  00 C9 16 87 BB 00 00 00
 (002.228231)  can0  067   [8]  05 00 00 01 00 00 01 00
 (002.228254)  can0  068   [8]  05 00 00 01 00 00 01 00
 (002.268225)  can0  067   [8]  0B 00 00 00 00 00 00 00
 (002.268246)  can0  068   [8]  0B 00 00 00 00 00 00 00
 (002.308253)  can0  067   [8]  11 00 00 00 00 00 00 00
 (002.308275)  can0  068   [8]  11 00 00 00 00 00 00 00
 (002.328152)  can0  067   [8]  00 6D C6 CD BB 00 00 00
 (002.328268)  can0  068   [8]  00 C9 16 87 BB 00 00 00
 (002.348054)  can0  067   [8]  05 00 00 01 00 00 01 00
 (002.348282)  can0  068   [8]  05 00 00 01 00 00 01 00
 (002.388092)  can0  067   [8]  0B 00 00 00 00 00 00 00
 (002.388233)  can0  068   [8]  0B 00 00 00 00 00 00 00
 (002.448226)  can0  067   [8]  00 6D C6 CD BB 00 00 00
 (002.448258)  can0  068   [8]  00 C9 16 87 BB 00 00 00
 (002.468219)  can0  067   [8]  05 00 00 01 00 00 01 00
 (002.468249)  can0  068   [8]  05 00 00 01 00 00 01 00
 (002.508237)  can0  067   [8]  0B 00 00 00 00 00 00 00
 (002.508268)  can0  068   [8]  0B 00 00 00 00 00 00 00
 (002.568237)  can0  067   [8]  00 8E 58 CF BB 00 00 00
 (002.568267)  can0  068   [8]  00 B9 4D 86 BB 00 00 00
 (002.588175)  can0  067   [8]  05 00 00 01 00 00 01 00
 (002.588272)  can0  068   [8]  05 00 00 01 00 00 01 00
 (002.628223)  can0  067   [8]  0B 00 00 00 00 00 00 00
 (002.628252)  can0  068   [8]  0B 00 00 00 00 00 00 00
 (002.688281)  can0  067   [8]  00 5D FD CC BB 00 00 00
 (002.688319)  can0  068   [8]  00 C9 16 87 BB 00 00 00
 (002.708028)  can0  067   [8]  05 00 00 01 00 00 01 00
 (002.708235)  can0  068   [8]  05 00 00 01 00 00 01 00
 (002.748131)  can0  067   [8]  0B 00 00 00 00 00 00 00
 (002.748290)  can0  068   [8]  0B 00 00 00 00 00 00 00
 (002.808247)  can0  067   [8]  00 5D FD CC BB 00 00 00
 (002.808267)  can0  068   [8]  00 C9 16 87 BB 00 00 00
 (002.828254)  can0  067   [8]  05 00 00 01 00 00 01 00
 (002.828276)  can0  068   [8]  05 00 00 01 00 00 01 00
 (002.868264)  can0  067   [8]  0B 00 00 00 00 00 00 00
 (002.868286)  can0  068   [8]  0B 00 00 00 00 00 00 00
 (002.928250)  can0  067   [8]  00 5D FD CC BB 00 00 00
 (002.928270)  can0  068   [8]  00 B9 4D 86 BB 00 00 00
 (002.948220)  can0  067   [8]  05 00 00 01 00 00 01 00
 (002.948238)  can0  068   [8]  05 00 00 01 00 00 01 00
 (002.988230)  can0  067   [8]  0B 00 00 00 00 00 00 00
 (002.988249)  can0  068   [8]  0B 00 00 00 00 00 00 00
 (003.008253)  can0  067   [8]  12 80 66 01 01 01 00 00
 (003.008273)  can0  068   [8]  12 80 66 01 01 01 00 00
 (003.048268)  can0  067   [8]  00 4D 34 CC BB 00 00 00
 (003.048290)  can0  068   [8]  00 C9 16 87 BB 00 00 00
 (003.068256)  can0  067   [8]  05 00 00 01 00 00 01 00
 (003.068278)  can0  068   [8]  05 00 00 01 00 00 01 00
 (003.108178)  can0  067   [8]  0B 00 00 00 00 00 00 00
 (003.108255)  can0  068   [8]  0B 00 00 00 00 00 00 00
 (003.168248)  can0  067   [8]  00 6D C6 CD BB 00 00 00
 (003.168267)  can0  068   [8]  00 B9 4D 86 BB 00 00 00
 (003.188242)  can0  067   [8]  05 00 00 01 00 00 01 00
 (003.188261)  can0  068   [8]  05 00 00 01 00 00 01 00
 (003.228205)  can0  067   [8]  0B 00 00 00 00 00 00 00
 (003.228220)  can0  068   [8]  0B 00 00 00 00 00 00 00
 (003.288229)  can0  067   [8]  00 6D C6 CD BB 00 00 00
 (003.288249)  can0  068   [8]  00 C9 16 87 BB 00 00 00
 (003.308138)  can0  067   [8]  05 00 00 01 00 00 01 00
 (003.308157)  can0  067   [8]  11 00 00 00 00 00 00 00
 (003.308304)  can0  068   [8]  05 00 00 01 00 00 01 00
 (003.308311)  can0  068   [8]  11 00 00 00 00 00 00 00
 (003.348188)  can0  067   [8]  0B 00 00 00 00 00 00 00
 (003.348236)  can0  068   [8]  0B 00 00 00 00 00 00 00
 (003.408241)  can0  067   [8]  00 5D FD CC BB 00 00 00
 (003.408263)  can0  068   [8]  00 C9 16 87 BB 00 00 00
 (003.428230)  can0  067   [8]  05 00 00 01 00 00 01 00
 (003.428252)  can0  068   [8]  05 00 00 01 00 00 01 00
 (003.468230)  can0  067   [8]  0B 00 00 00 00 00 00 00
 (003.468250)  can0  068   [8]  0B 00 00 00 00 00 00 00
 (003.528231)  can0  067   [8]  00 6D C6 CD BB 00 00 00
 (003.528251)  can0  068   [8]  00 B9 4D 86 BB 00 00 00
 (003.548245)  can0  067   [8]  05 00 00 01 00 00 01 00
 (003.548265)  can0  068   [8]  05 00 00 01 00 00 01 00
 (003.588233)  can0  067   [8]  0B 00 00 00 00 00 00 00
 (003.588255)  can0  068   [8]  0B 00 00 00 00 00 00 00
 (003.648229)  can0  067   [8]  00 6D C6 CD BB 00 00 00
 (003.648252)  can0  068   [8]  00 C9 16 87 BB 00 00 00
 (003.668183)  can0  067   [8]  05 00 00 01 00 00 01 00
 (003.668255)  can0  068   [8]  05 00 00 01 00 00 01 00
 (003.708231)  can0  067   [8]  0B 00 00 00 00 00 00 00
 (003.708265)  can0  068   [8]  0B 00 00 00 00 00 00 00
 (003.768185)  can0  067   [8]  00 3E 6B CB BB 00 00 00
 (003.768285)  can0  068   [8]  00 C9 16 87 BB 00 00 00
 (003.788186)  can0  067   [8]  05 00 00 01 00 00 01 00
 (003.788251)  can0  068   [8]  05 00 00 01 00 00 01 00
 (003.828063)  can0  067   [8]  0B 00 00 00 00 00 00 00
 (003.828320)  can0  068   [8]  0B 00 00 00 00 00 00 00
 (003.888226)  can0  067   [8]  00 6D C6 CD BB 00 00 00
 (003.888263)  can0  068   [8]  00 C9 16 87 BB 00 00 00
 (003.908238)  can0  067   [8]  05 00 00 01 00 00 01 00
 (003.908274)  can0  068   [8]  05 00 00 01 00 00 01 00
 (003.948215)  can0  067   [8]  0B 00 00 00 00 00 00 00
 (003.948252)  can0  068   [8]  0B 00 00 00 00 00 00 00
 (004.008277)  can0  067   [8]  00 5D FD CC BB 00 00 00
 (004.008341)  can0  067   [8]  12 80 66 01 01 01 00 00
 (004.008343)  can0  068   [8]  00 C9 16 87 BB 00 00 00
 (004.008408)  can0  068   [8]  12 80 66 01 01 01 00 00
 (004.028164)  can0  067   [8]  05 00 00 01 00 00 01 00
 (004.028235)  can0  068   [8]  05 00 00 01 00 00 01 00
 (004.068251)  can0  067   [8]  0B 00 00 00 00 00 00 00
 (004.068285)  can0  068   [8]  0B 00 00 00 00 00 00 00
 (004.128199)  can0  067   [8]  00 5D FD CC BB 00 00 00
 (004.128228)  can0  068   [8]  00 C9 16 87 BB 00 00 00
 (004.148084)  can0  067   [8]  05 00 00 01 00 00 01 00
 (004.148164)  can0  068   [8]  05 00 00 01 00 00 01 00
 (004.188224)  can0  067   [8]  0B 00 00 00 00 00 00 00
 (004.188256)  can0  068   [8]  0B 00 00 00 00 00 00 00
 (004.248231)  can0  067   [8]  00 5D FD CC BB 00 00 00
 (004.248268)  can0  068   [8]  00 C9 16 87 BB 00 00 00
 (004.268225)  can0  067   [8]  05 00 00 01 00 00 01 00
 (004.268264)  can0  068   [8]  05 00 00 01 00 00 01 00
 (004.308173)  can0  067   [8]  0B 00 00 00 00 00 00 00
 (004.308202)  can0  067   [8]  11 00 00 00 00 00 00 00
 (004.308237)  can0  068   [8]  0B 00 00 00 00 00 00 00
 (004.308320)  can0  068   [8]  11 00 00 00 00 00 00 00
 (004.368195)  can0  067   [8]  00 5D FD CC BB 00 00 00
 (004.368226)  can0  068   [8]  00 C9 16 87 BB 00 00 00
 (004.388191)  can0  067   [8]  05 00 00 01 00 00 01 00
 (004.388220)  can0  068   [8]  05 00 00 01 00 00 01 00
 (004.428192)  can0  067   [8]  0B 00 00 00 00 00 00 00
 (004.428221)  can0  068   [8]  0B 00 00 00 00 00 00 00
 (004.488263)  can0  067   [8]  00 6D C6 CD BB 00 00 00
 (004.488298)  can0  068   [8]  00 C9 16 87 BB 00 00 00
 (004.508211)  can0  067   [8]  05 00 00 01 00 00 01 00
 (004.508247)  can0  068   [8]  05 00 00 01 00 00 01 00
 (004.548206)  can0  067   [8]  0B 00 00 00 00 00 00 00
 (004.548243)  can0  068   [8]  0B 00 00 00 00 00 00 00
 (004.608157)  can0  067   [8]  00 5D FD CC BB 00 00 00
 (004.608186)  can0  068   [8]  00 D9 DF 87 BB 00 00 00
 (004.628154)  can0  067   [8]  05 00 00 01 00 00 01 00
 (004.628183)  can0  068   [8]  05 00 00 01 00 00 01 00
 (004.668157)  can0  067   [8]  0B 00 00 00 00 00 00 00
 (004.668189)  can0  068   [8]  0B 00 00 00 00 00 00 00
 (004.728160)  can0  067   [8]  00 5D FD CC BB 00 00 00
 (004.728194)  can0  068   [8]  00 C9 16 87 BB 00 00 00
 (004.748138)  can0  067   [8]  05 00 00 01 00 00 01 00
 (004.748166)  can0  068   [8]  05 00 00 01 00 00 01 00
 (004.788167)  can0  067   [8]  0B 00 00 00 00 00 00 00
 (004.788199)  can0  068   [8]  0B 00 00 00 00 00 00 00
 (004.848187)  can0  067   [8]  00 5D FD CC BB 00 00 00
 (004.848225)  can0  068   [8]  00 D9 DF 87 BB 00 00 00
 (004.868170)  can0  067   [8]  05 00 00 01 00 00 01 00
 (004.868203)  can0  068   [8]  05 00 00 01 00 00 01 00
 (004.908174)  can0  067   [8]  0B 00 00 00 00 00 00 00
 (004.908216)  can0  068   [8]  0B 00 00 00 00 00 00 00
 (004.968193)  can0  067   [8]  00 4D 34 CC BB 00 00 00
 (004.968222)  can0  068   [8]  00 B9 4D 86 BB 00 00 00
 (004.988165)  can0  067   [8]  05 00 00 01 00 00 01 00
 (004.988197)  can0  068   [8]  05 00 00 01 00 00 01 00
 (005.008149)  can0  067   [8]  12 80 66 01 01 01 00 00
 (005.008177)  can0  068   [8]  12 80 66 01 01 01 00 00
 (005.028179)  can0  067   [8]  0B 00 00 00 00 00 00 00
 (005.028208)  can0  068   [8]  0B 00 00 00 00 00 00 00
 (005.088178)  can0  067   [8]  00 6D C6 CD BB 00 00 00
 (005.088203)  can0  068   [8]  00 C9 16 87 BB 00 00 00
 (005.108159)  can0  067   [8]  05 00 00 01 00 00 01 00
 (005.108187)  can0  068   [8]  05 00 00 01 00 00 01 00
 (005.148180)  can0  067   [8]  0B 00 00 00 00 00 00 00
 (005.148213)  can0  068   [8]  0B 00 00 00 00 00 00 00
 (005.208176)  can0  067   [8]  00 5D FD CC BB 00 00 00
 (005.208203)  can0  068   [8]  00 C9 16 87 BB 00 00 00
 (005.228180)  can0  067   [8]  05 00 00 01 00 00 01 00
 (005.228210)  can0  068   [8]  05 00 00 01 00 00 01 00
 (005.268201)  can0  067   [8]  0B 00 00 00 00 00 00 00
 (005.268234)  can0  068   [8]  0B 00 00 00 00 00 00 00
 (005.308191)  can0  067   [8]  11 00 00 00 00 00 00 00
 (005.308232)  can0  068   [8]  11 00 00 00 00 00 00 00
 (005.328180)  can0  067   [8]  00 6D C6 CD BB 00 00 00
 (005.328212)  can0  068   [8]  00 C9 16 87 BB 00 00 00
 (005.348156)  can0  067   [8]  05 00 00 01 00 00 01 00
 (005.348189)  can0  068   [8]  05 00 00 01 00 00 01 00
 (005.388158)  can0  067   [8]  0B 00 00 00 00 00 00 00
 (005.388190)  can0  068   [8]  0B 00 00 00 00 00 00 00
 (005.448180)  can0  067   [8]  00 6D C6 CD BB 00 00 00
 (005.448209)  can0  068   [8]  00 C9 16 87 BB 00 00 00
 (005.468191)  can0  067   [8]  05 00 00 01 00 00 01 00
 (005.468220)  can0  068   [8]  05 00 00 01 00 00 01 00
 (005.508149)  can0  067   [8]  0B 00 00 00 00 00 00 00
 (005.508178)  can0  068   [8]  0B 00 00 00 00 00 00 00
 (005.568145)  can0  067   [8]  00 4D 34 CC BB 00 00 00
 (005.568178)  can0  068   [8]  00 C9 16 87 BB 00 00 00
 (005.588175)  can0  067   [8]  05 00 00 01 00 00 01 00
 (005.588208)  can0  068   [8]  05 00 00 01 00 00 01 00
 (005.628150)  can0  067   [8]  0B 00 00 00 00 00 00 00
 (005.628184)  can0  068   [8]  0B 00 00 00 00 00 00 00
 (005.688163)  can0  067   [8]  00 7E 8F CE BB 00 00 00
 (005.688195)  can0  068   [8]  00 D9 DF 87 BB 00 00 00
 (005.708170)  can0  067   [8]  05 00 00 01 00 00 01 00
 (005.708205)  can0  068   [8]  05 00 00 01 00 00 01 00
 (005.748159)  can0  067   [8]  0B 00 00 00 00 00 00 00
 (005.748195)  can0  068   [8]  0B 00 00 00 00 00 00 00
 (005.808138)  can0  067   [8]  00 5D FD CC BB 00 00 00
 (005.808169)  can0  068   [8]  00 C9 16 87 BB 00 00 00
 (005.828116)  can0  067   [8]  05 00 00 01 00 00 01 00
 (005.828150)  can0  068   [8]  05 00 00 01 00 00 01 00
 (005.868159)  can0  067   [8]  0B 00 00 00 00 00 00 00
 (005.868195)  can0  068   [8]  0B 00 00 00 00 00 00 00
 (005.928137)  can0  067   [8]  00 6D C6 CD BB 00 00 00
 (005.928167)  can0  068   [8]  00 B9 4D 86 BB 00 00 00
 (005.948120)  can0  067   [8]  05 00 00 01 00 00 01 00
 (005.948148)  can0  068   [8]  05 00 00 01 00 00 01 00
 (005.988149)  can0  067   [8]  0B 00 00 00 00 00 00 00
 (005.988181)  can0  068   [8]  0B 00 00 00 00 00 00 00
 (006.008119)  can0  067   [8]  12 80 66 01 01 01 00 00
 (006.008153)  can0  068   [8]  12 80 66 01 01 01 00 00
 (006.048154)  can0  067   [8]  00 4D 34 CC BB 00 00 00
 (006.048190)  can0  068   [8]  00 C9 16 87 BB 00 00 00
 (006.068135)  can0  067   [8]  05 00 00 01 00 00 01 00
 (006.068171)  can0  068   [8]  05 00 00 01 00 00 01 00
 (006.108163)  can0  067   [8]  0B 00 00 00 00 00 00 00
 (006.108205)  can0  068   [8]  0B 00 00 00 00 00 00 00
 (006.168152)  can0  067   [8]  00 5D FD CC BB 00 00 00
 (006.168180)  can0  068   [8]  00 C9 16 87 BB 00 00 00
 (006.188128)  can0  067   [8]  05 00 00 01 00 00 01 00
 (006.188155)  can0  068   [8]  05 00 00 01 00 00 01 00
 (006.228140)  can0  067   [8]  0B 00 00 00 00 00 00 00
 (006.228171)  can0  068   [8]  0B 00 00 00 00 00 00 00
 (006.288140)  can0  067   [8]  00 4D 34 CC BB 00 00 00
 (006.288171)  can0  068   [8]  00 C9 16 87 BB 00 00 00
 (006.308184)  can0  067   [8]  05 00 00 01 00 00 01 00
 (006.308217)  can0  067   [8]  11 00 00 00 00 00 00 00
 (006.308219)  can0  068   [8]  05 00 00 01 00 00 01 00
 (006.308265)  can0  068   [8]  11 00 00 00 00 00 00 00
 (006.348162)  can0  067   [8]  0B 00 00 00 00 00 00 00
 (006.348191)  can0  068   [8]  0B 00 00 00 00 00 00 00
 (006.408126)  can0  067   [8]  00 6D C6 CD BB 00 00 00
 (006.408158)  can0  068   [8]  00 C9 16 87 BB 00 00 00
 (006.428124)  can0  067   [8]  05 00 00 01 00 00 01 00
 (006.428162)  can0  068   [8]  05 00 00 01 00 00 01 00
 (006.468138)  can0  067   [8]  0B 00 00 00 00 00 00 00
 (006.468166)  can0  068   [8]  0B 00 00 00 00 00 00 00
 (006.527930)  can0  067   [8]  00 6D C6 CD BB 00 00 00
 (006.528100)  can0  068   [8]  00 C9 16 87 BB 00 00 00
 (006.548119)  can0  067   [8]  05 00 00 01 00 00 01 00
 (006.548137)  can0  068   [8]  05 00 00 01 00 00 01 00
 (006.588110)  can0  067   [8]  0B 00 00 00 00 00 00 00
 (006.588129)  can0  068   [8]  0B 00 00 00 00 00 00 00
 (006.648122)  can0  067   [8]  00 5D FD CC BB 00 00 00
 (006.648147)  can0  068   [8]  00 C9 16 87 BB 00 00 00
 (006.668144)  can0  067   [8]  05 00 00 01 00 00 01 00
 (006.668169)  can0  068   [8]  05 00 00 01 00 00 01 00
 (006.708119)  can0  067   [8]  0B 00 00 00 00 00 00 00
 (006.708143)  can0  068   [8]  0B 00 00 00 00 00 00 00
 (006.768153)  can0  067   [8]  00 4D 34 CC BB 00 00 00
 (006.768177)  can0  068   [8]  00 B9 4D 86 BB 00 00 00
 (006.788116)  can0  067   [8]  05 00 00 01 00 00 01 00
 (006.788140)  can0  068   [8]  05 00 00 01 00 00 01 00
 (006.828133)  can0  067   [8]  0B 00 00 00 00 00 00 00
 (006.828153)  can0  068   [8]  0B 00 00 00 00 00 00 00
 (006.888122)  can0  067   [8]  00 8E 58 CF BB 00 00 00
 (006.888144)  can0  068   [8]  00 C9 16 87 BB 00 00 00
 (006.908144)  can0  067   [8]  05 00 00 01 00 00 01 00
 (006.908167)  can0  068   [8]  05 00 00 01 00 00 01 00
 (006.948136)  can0  067   [8]  0B 00 00 00 00 00 00 00
 (006.948158)  can0  068   [8]  0B 00 00 00 00 00 00 00
 (007.008129)  can0  067   [8]  00 5D FD CC BB 00 00 00
 (007.008150)  can0  067   [8]  12 80 66 01 01 01 00 00
 (007.008152)  can0  068   [8]  00 C9 16 87 BB 00 00 00
 (007.008254)  can0  068   [8]  12 80 66 01 01 01 00 00
 (007.028029)  can0  067   [8]  05 00 00 01 00 00 01 00
 (007.028090)  can0  068   [8]  05 00 00 01 00 00 01 00
 (007.068120)  can0  067   [8]  0B 00 00 00 00 00 00 00
 (007.068145)  can0  068   [8]  0B 00 00 00 00 00 00 00
 (007.128178)  can0  067   [8]  00 5D FD CC BB 00 00 00
 (007.128200)  can0  068   [8]  00 C9 16 87 BB 00 00 00
 (007.148115)  can0  067   [8]  05 00 00 01 00 00 01 00
 (007.148137)  can0  068   [8]  05 00 00 01 00 00 01 00
 (007.188103)  can0  067   [8]  0B 00 00 00 00 00 00 00
 (007.188125)  can0  068   [8]  0B 00 00 00 00 00 00 00
 (007.248100)  can0  067   [8]  00 6D C6 CD BB 00 00 00
 (007.248118)  can0  068   [8]  00 C9 16 87 BB 00 00 00
 (007.268101)  can0  067   [8]  05 00 00 01 00 00 01 00
 (007.268119)  can0  068   [8]  05 00 00 01 00 00 01 00
 (007.308102)  can0  067   [8]  0B 00 00 00 00 00 00 00
 (007.308121)  can0  067   [8]  11 00 00 00 00 00 00 00
 (007.308123)  can0  068   [8]  0B 00 00 00 00 00 00 00
 (007.308360)  can0  068   [8]  11 00 00 00 00 00 00 00
 (007.368097)  can0  067   [8]  00 6D C6 CD BB 00 00 00
 (007.368117)  can0  068   [8]  00 C9 16 87 BB 00 00 00
 (007.388085)  can0  067   [8]  05 00 00 01 00 00 01 00
 (007.388104)  can0  068   [8]  05 00 00 01 00 00 01 00
 (007.428085)  can0  067   [8]  0B 00 00 00 00 00 00 00
 (007.428106)  can0  068   [8]  0B 00 00 00 00 00 00 00
 (007.488122)  can0  067   [8]  00 5D FD CC BB 00 00 00
 (007.488143)  can0  068   [8]  00 C9 16 87 BB 00 00 00
 (007.508095)  can0  067   [8]  05 00 00 01 00 00 01 00
 (007.508116)  can0  068   [8]  05 00 00 01 00 00 01 00
 (007.548077)  can0  067   [8]  0B 00 00 00 00 00 00 00
 (007.548097)  can0  068   [8]  0B 00 00 00 00 00 00 00
 (007.608087)  can0  067   [8]  00 6D C6 CD BB 00 00 00
 (007.608109)  can0  068   [8]  00 C9 16 87 BB 00 00 00
 (007.628108)  can0  067   [8]  05 00 00 01 00 00 01 00
 (007.628131)  can0  068   [8]  05 00 00 01 00 00 01 00
 (007.668104)  can0  067   [8]  0B 00 00 00 00 00 00 00
 (007.668126)  can0  068   [8]  0B 00 00 00 00 00 00 00
 (007.728111)  can0  067   [8]  00 6D C6 CD BB 00 00 00
 (007.728132)  can0  068   [8]  00 C9 16 87 BB 00 00 00
 (007.748092)  can0  067   [8]  05 00 00 01 00 00 01 00
 (007.748116)  can0  068   [8]  05 00 00 01 00 00 01 00
 (007.788112)  can0  067   [8]  0B 00 00 00 00 00 00 00
 (007.788138)  can0  068   [8]  0B 00 00 00 00 00 00 00
 (007.848117)  can0  067   [8]  00 6D C6 CD BB 00 00 00
 (007.848133)  can0  068   [8]  00 C9 16 87 BB 00 00 00
 (007.868078)  can0  067   [8]  05 00 00 01 00 00 01 00
 (007.868095)  can0  068   [8]  05 00 00 01 00 00 01 00
 (007.908098)  can0  067   [8]  0B 00 00 00 00 00 00 00
 (007.908118)  can0  068   [8]  0B 00 00 00 00 00 00 00
 (007.968108)  can0  067   [8]  00 6D C6 CD BB 00 00 00
 (007.968129)  can0  068   [8]  00 C9 16 87 BB 00 00 00
 (007.988082)  can0  067   [8]  05 00 00 01 00 00 01 00
 (007.988104)  can0  068   [8]  05 00 00 01 00 00 01 00
 (008.008107)  can0  067   [8]  12 80 66 01 01 01 00 00
 (008.008129)  can0  068   [8]  12 80 66 01 01 01 00 00
 (008.027976)  can0  067   [8]  0B 00 00 00 00 00 00 00
 (008.028167)  can0  068   [8]  0B 00 00 00 00 00 00 00
 (008.088070)  can0  067   [8]  00 5D FD CC BB 00 00 00
 (008.088092)  can0  068   [8]  00 C9 16 87 BB 00 00 00
 (008.108047)  can0  067   [8]  05 00 00 01 00 00 01 00
 (008.108163)  can0  068   [8]  05 00 00 01 00 00 01 00
 (008.148083)  can0  067   [8]  0B 00 00 00 00 00 00 00
 (008.148102)  can0  068   [8]  0B 00 00 00 00 00 00 00
 (008.208104)  can0  067   [8]  00 6D C6 CD BB 00 00 00
 (008.208126)  can0  068   [8]  00 C9 16 87 BB 00 00 00
 (008.228092)  can0  067   [8]  05 00 00 01 00 00 01 00
 (008.228112)  can0  068   [8]  05 00 00 01 00 00 01 00
 (008.268082)  can0  067   [8]  0B 00 00 00 00 00 00 00
 (008.268102)  can0  068   [8]  0B 00 00 00 00 00 00 00
 (008.308084)  can0  067   [8]  11 00 00 00 00 00 00 00
 (008.308106)  can0  068   [8]  11 00 00 00 00 00 00 00
 (008.328096)  can0  067   [8]  00 5D FD CC BB 00 00 00
 (008.328114)  can0  068   [8]  00 B9 4D 86 BB 00 00 00
 (008.348069)  can0  067   [8]  05 00 00 01 00 00 01 00
 (008.348088)  can0  068   [8]  05 00 00 01 00 00 01 00
 (008.388123)  can0  067   [8]  0B 00 00 00 00 00 00 00
 (008.388148)  can0  068   [8]  0B 00 00 00 00 00 00 00
 (008.448151)  can0  067   [8]  00 5D FD CC BB 00 00 00
 (008.448182)  can0  068   [8]  00 C9 16 87 BB 00 00 00
 (008.468119)  can0  067   [8]  05 00 00 01 00 00 01 00
 (008.468147)  can0  068   [8]  05 00 00 01 00 00 01 00
 (008.508090)  can0  067   [8]  0B 00 00 00 00 00 00 00
 (008.508113)  can0  068   [8]  0B 00 00 00 00 00 00 00
 (008.568049)  can0  067   [8]  00 5D FD CC BB 00 00 00
 (008.568071)  can0  068   [8]  00 C9 16 87 BB 00 00 00
 (008.588084)  can0  067   [8]  05 00 00 01 00 00 01 00
 (008.588107)  can0  068   [8]  05 00 00 01 00 00 01 00
 (008.628071)  can0  067   [8]  0B 00 00 00 00 00 00 00
 (008.628093)  can0  068   [8]  0B 00 00 00 00 00 00 00
 (008.688061)  can0  067   [8]  00 5D FD CC BB 00 00 00
 (008.688084)  can0  068   [8]  00 D9 DF 87 BB 00 00 00
 (008.708081)  can0  067   [8]  05 00 00 01 00 00 01 00
 (008.708105)  can0  068   [8]  05 00 00 01 00 00 01 00
 (008.748048)  can0  067   [8]  0B 00 00 00 00 00 00 00
 (008.748072)  can0  068   [8]  0B 00 00 00 00 00 00 00
 (008.808094)  can0  067   [8]  00 7E 8F CE BB 00 00 00
 (008.808118)  can0  068   [8]  00 C9 16 87 BB 00 00 00
 (008.828048)  can0  067   [8]  05 00 00 01 00 00 01 00
 (008.828068)  can0  068   [8]  05 00 00 01 00 00 01 00
 (008.868068)  can0  067   [8]  0B 00 00 00 00 00 00 00
 (008.868089)  can0  068   [8]  0B 00 00 00 00 00 00 00
 (008.928065)  can0  067   [8]  00 7E 8F CE BB 00 00 00
 (008.928088)  can0  068   [8]  00 B9 4D 86 BB 00 00 00
 (008.948046)  can0  067   [8]  05 00 00 01 00 00 01 00
 (008.948066)  can0  068   [8]  05 00 00 01 00 00 01 00
 (008.988044)  can0  067   [8]  0B 00 00 00 00 00 00 00
 (008.988066)  can0  068   [8]  0B 00 00 00 00 00 00 00
 (009.008070)  can0  067   [8]  12 80 66 01 01 01 00 00
 (009.008093)  can0  068   [8]  12 80 66 01 01 01 00 00
 (009.048043)  can0  067   [8]  00 5D FD CC BB 00 00 00
 (009.048065)  can0  068   [8]  00 C9 16 87 BB 00 00 00
 (009.068040)  can0  067   [8]  05 00 00 01 00 00 01 00
 (009.068058)  can0  068   [8]  05 00 00 01 00 00 01 00
 (009.108056)  can0  067   [8]  0B 00 00 00 00 00 00 00
 (009.108076)  can0  068   [8]  0B 00 00 00 00 00 00 00
 (009.168054)  can0  067   [8]  00 6D C6 CD BB 00 00 00
 (009.168072)  can0  068   [8]  00 C9 16 87 BB 00 00 00
 (009.188031)  can0  067   [8]  05 00 00 01 00 00 01 00
 (009.188051)  can0  068   [8]  05 00 00 01 00 00 01 00
 (009.228077)  can0  067   [8]  0B 00 00 00 00 00 00 00
 (009.228098)  can0  068   [8]  0B 00 00 00 00 00 00 00
 (009.288052)  can0  067   [8]  00 6D C6 CD BB 00 00 00
 (009.288075)  can0  068   [8]  00 B9 4D 86 BB 00 00 00
 (009.308045)  can0  067   [8]  05 00 00 01 00 00 01 00
 (009.308069)  can0  067   [8]  11 00 00 00 00 00 00 00
 (009.308071)  can0  068   [8]  05 00 00 01 00 00 01 00
 (009.308233)  can0  068   [8]  11 00 00 00 00 00 00 00
 (009.348074)  can0  067   [8]  0B 00 00 00 00 00 00 00
 (009.348094)  can0  068   [8]  0B 00 00 00 00 00 00 00
 (009.408021)  can0  067   [8]  00 5D FD CC BB 00 00 00
 (009.408043)  can0  068   [8]  00 C9 16 87 BB 00 00 00
 (009.428047)  can0  067   [8]  05 00 00 01 00 00 01 00
 (009.428069)  can0  068   [8]  05 00 00 01 00 00 01 00
 (009.468058)  can0  067   [8]  0B 00 00 00 00 00 00 00
 (009.468082)  can0  068   [8]  0B 00 00 00 00 00 00 00
 (009.528048)  can0  067   [8]  00 6D C6 CD BB 00 00 00
 (009.528071)  can0  068   [8]  00 C9 16 87 BB 00 00 00
 (009.548060)  can0  067   [8]  05 00 00 01 00 00 01 00
 (009.548084)  can0  068   [8]  05 00 00 01 00 00 01 00
 (009.588043)  can0  067   [8]  0B 00 00 00 00 00 00 00
 (009.588063)  can0  068   [8]  0B 00 00 00 00 00 00 00
 (009.648051)  can0  067   [8]  00 5D FD CC BB 00 00 00
 (009.648074)  can0  068   [8]  00 B9 4D 86 BB 00 00 00
 (009.668068)  can0  067   [8]  05 00 00 01 00 00 01 00
 (009.668092)  can0  068   [8]  05 00 00 01 00 00 01 00
 (009.708051)  can0  067   [8]  0B 00 00 00 00 00 00 00
 (009.708076)  can0  068   [8]  0B 00 00 00 00 00 00 00
 (009.768071)  can0  067   [8]  00 5D FD CC BB 00 00 00
 (009.768093)  can0  068   [8]  00 D9 DF 87 BB 00 00 00
 (009.788024)  can0  067   [8]  05 00 00 01 00 00 01 00
 (009.788046)  can0  068   [8]  05 00 00 01 00 00 01 00
 (009.828027)  can0  067   [8]  0B 00 00 00 00 00 00 00
 (009.828051)  can0  068   [8]  0B 00 00 00 00 00 00 00
 (009.888076)  can0  067   [8]  00 5D FD CC BB 00 00 00
 (009.888097)  can0  068   [8]  00 C9 16 87 BB 00 00 00
 (009.908032)  can0  067   [8]  05 00 00 01 00 00 01 00
 (009.908054)  can0  068   [8]  05 00 00 01 00 00 01 00
 (009.948055)  can0  067   [8]  0B 00 00 00 00 00 00 00
 (009.948076)  can0  068   [8]  0B 00 00 00 00 00 00 00
 (010.008087)  can0  067   [8]  00 5D FD CC BB 00 00 00
 (010.008109)  can0  067   [8]  12 80 66 01 01 01 00 00
 (010.008111)  can0  068   [8]  00 C9 16 87 BB 00 00 00
 (010.008220)  can0  068   [8]  12 80 66 01 01 01 00 00
 (010.019456)  can0  064   [8]  67 01 92 0A 86 BF 06 00
 (010.021806)  can0  064   [8]  68 01 92 0A 86 3F 06 00
 (010.027916)  can0  067   [8]  05 00 00 01 00 00 01 00
 (010.027942)  can0  067   [8]  11 00 00 00 00 00 11 01
 (010.028076)  can0  068   [8]  05 00 00 01 00 00 01 00
 (010.028186)  can0  068   [8]  11 00 00 00 00 00 11 01
 (010.047945)  can0  067   [8]  11 06 00 00 00 00 09 01
 (010.047981)  can0  067   [8]  12 80 67 01 01 01 00 00
 (010.048110)  can0  068   [8]  11 06 00 00 00 00 09 01
 (010.048173)  can0  068   [8]  12 80 67 01 01 01 00 00
 (010.068031)  can0  067   [8]  0B 6D C6 CD BB 00 00 00
 (010.068063)  can0  068   [8]  0B C9 16 87 BB 00 00 00
 (010.128028)  can0  067   [8]  00 84 89 2F BC 00 00 00
 (010.128054)  can0  068   [8]  00 70 79 73 BB 00 00 00
 (010.148031)  can0  067   [8]  05 5C 28 00 1B 28 00 00
 (010.148056)  can0  068   [8]  05 BB 2E 01 87 2E 01 00
 (010.188057)  can0  067   [8]  0B BD B3 D1 BB 00 00 00
 (010.188089)  can0  068   [8]  0B 79 29 83 BB 00 00 00
 (010.248065)  can0  067   [8]  00 74 C0 2E BC 00 00 00
 (010.248094)  can0  068   [8]  00 4F E7 71 BB 00 00 00
 (010.268078)  can0  067   [8]  05 90 29 00 5D 29 00 00
 (010.268106)  can0  068   [8]  05 04 30 01 14 30 01 00
 (010.308042)  can0  067   [8]  0B 9F 43 E9 BB 00 00 00
 (010.308069)  can0  068   [8]  0B 0E A1 55 BB 00 00 00
 (010.367992)  can0  067   [8]  00 63 F7 2D BC 00 00 00
 (010.368085)  can0  068   [8]  00 4F E7 71 BB 00 00 00
 (010.387993)  can0  067   [8]  05 90 2C 00 AF 2C 00 00
 (010.388171)  can0  068   [8]  05 F2 32 01 C9 32 01 00
 (010.427981)  can0  067   [8]  0B BA DE 12 BC 00 00 00
 (010.428098)  can0  068   [8]  0B CC 5A B9 BA 00 00 00
 (010.488047)  can0  067   [8]  00 84 89 2F BC 00 00 00
 (010.488068)  can0  068   [8]  00 30 55 70 BB 00 00 00
 (010.508034)  can0  067   [8]  05 71 31 00 7B 31 00 00
 (010.508054)  can0  068   [8]  05 42 38 01 45 38 01 00
 (010.548029)  can0  067   [8]  0B 3E 6B 4B BC 00 00 00
 (010.548052)  can0  068   [8]  0B C9 16 07 3B 00 00 00
 (010.608026)  can0  067   [8]  00 24 64 37 BC 00 00 00
 (010.608046)  can0  068   [8]  00 70 79 73 BB 00 00 00
 (010.628019)  can0  067   [8]  05 40 39 00 3D 39 00 00
 (010.628045)  can0  068   [8]  05 C6 40 01 AD 40 01 00
 (010.668054)  can0  067   [8]  0B 86 75 93 BC 00 00 00
 (010.668077)  can0  068   [8]  0B 30 E6 FC 3B 00 00 00
 (010.728048)  can0  067   [8]  00 FC B5 3B BC 00 00 00
 (010.728072)  can0  068   [8]  00 4F E7 71 BB 00 00 00
 (010.748050)  can0  067   [8]  05 38 45 00 C0 44 00 00
 (010.748073)  can0  068   [8]  05 2F 4D 01 67 4C 01 00
 (010.788052)  can0  067   [8]  0B A6 CE D6 BC 00 00 00
 (010.788075)  can0  068   [8]  0B 45 C0 83 3C 00 00 00
 (010.828397)  can0  068   [8]  0C 02 06 7A 1E 05 00 00
 (010.828421)  can0  068   [8]  0C 02 0B 02 26 0B 01 01
 (010.828422)  can0  068   [8]  11 0B 00 00 20 00 11 01
 (010.828424)  can0  068   [8]  0C 02 0D 22 80 80 26 00
 (010.848027)  can0  067   [8]  00 EE 0E 54 BC 00 00 00
 (010.848045)  can0  068   [8]  00 90 0B 75 BB 00 00 00
 (010.848187)  can0  068   [8]  12 80 66 01 02 01 00 01
 (010.848336)  can0  068   [8]  0C 02 A1 6F 00 01 F5 A0
 (010.868021)  can0  067   [8]  05 34 53 00 12 53 00 00
 (010.868038)  can0  068   [8]  0C 02 0E 07 00 03 00 00
 (010.868193)  can0  068   [8]  05 00 00 01 00 00 01 00
 (010.868347)  can0  068   [8]  11 00 00 00 00 00 11 01
 (010.907983)  can0  067   [8]  0B 90 A9 18 BD 00 00 00
 (010.908083)  can0  068   [8]  0B BF 44 DE 3C 00 00 00
 (010.967992)  can0  067   [8]  00 DE 45 53 BC 00 00 00
 (010.968007)  can0  068   [8]  00 B1 9D 76 BB 00 00 00
 (010.987967)  can0  067   [8]  05 3A 68 00 FF 68 00 00
 (010.988007)  can0  068   [8]  05 00 00 01 00 00 01 00
 (011.027901)  can0  067   [8]  0B 79 81 51 BD 00 00 00
 (011.028062)  can0  068   [8]  0B 15 91 28 3D 00 00 00
 (011.048033)  can0  067   [8]  11 06 00 00 00 00 09 01
 (011.048054)  can0  067   [8]  12 80 67 01 01 01 00 00
 (011.048056)  can0  067   [8]  0C 02 A1 A4 0A 00 F0 7E
 (011.088000)  can0  067   [8]  00 97 96 62 BC 00 00 00
 (011.088050)  can0  068   [8]  00 90 0B 75 BB 00 00 00
 (011.107997)  can0  067   [8]  05 76 77 00 65 77 00 00
 (011.108120)  can0  068   [8]  05 00 00 01 00 00 01 00
 (011.148037)  can0  067   [8]  0B 19 04 8B BD 00 00 00
 (011.148060)  can0  068   [8]  0B 99 AE 6D 3D 00 00 00
 (011.207883)  can0  067   [8]  00 8A 14 1D BD 00 00 00
 (011.208090)  can0  068   [8]  00 30 55 70 BB 00 00 00
 (011.228041)  can0  067   [8]  05 68 51 00 4F 52 00 00
 (011.228059)  can0  068   [8]  05 00 00 01 00 00 01 00
 (011.268016)  can0  067   [8]  0B BB 05 B3 BD 00 00 00
 (011.268036)  can0  068   [8]  0B 77 3D 9F 3D 00 00 00
 (011.288304)  can0  068   [8]  0C 02 00 00 00 00 00 00
 (011.288324)  can0  068   [8]  11 06 00 00 00 00 09 02
 (011.288325)  can0  068   [8]  12 80 67 01 02 01 00 01
 (011.308262)  can0  068   [8]  0C 02 A0 06 03 14 00 C0
 (011.328028)  can0  067   [8]  00 8D F8 F0 BD 00 00 00
 (011.328051)  can0  068   [8]  00 0E A1 D5 39 00 00 00
 (011.348002)  can0  067   [8]  05 3A 1A 00 AE 19 00 00
 (011.348022)  can0  068   [8]  05 81 26 01 BB 25 01 00
 (011.388035)  can0  067   [8]  0B 55 EB E0 BD 00 00 00
 (011.388056)  can0  068   [8]  0B AE 7B 5D BB 00 00 00
 (011.447966)  can0  067   [8]  00 BE 4E EC BD 00 00 00
 (011.448132)  can0  068   [8]  00 4C 12 B3 3A 00 00 00
 (011.468060)  can0  067   [8]  05 9F 43 00 E2 42 00 00
 (011.468084)  can0  068   [8]  05 B8 29 01 7E 29 01 00
 (011.508000)  can0  067   [8]  0B 05 67 0A BE 00 00 00
 (011.508022)  can0  068   [8]  0B CB 38 20 BB 00 00 00
 (011.568043)  can0  067   [8]  00 B4 A6 EC BD 00 00 00
 (011.568065)  can0  068   [8]  00 8B A5 A9 3A 00 00 00
 (011.588015)  can0  067   [8]  05 96 6D 00 56 6D 00 00
 (011.588037)  can0  068   [8]  05 71 2E 01 65 2E 01 00
 (011.628017)  can0  067   [8]  0B E5 35 26 BE 00 00 00
 (011.628039)  can0  068   [8]  0B 0E A1 D5 39 00 00 00
 (011.688004)  can0  067   [8]  00 04 FD 1D BE 00 00 00
 (011.688020)  can0  068   [8]  00 4A F0 99 3A 00 00 00
 (011.708000)  can0  067   [8]  05 FC 3A 00 42 3B 00 00
 (011.708018)  can0  068   [8]  05 78 37 01 6D 37 01 00
 (011.747999)  can0  067   [8]  0B 8F 14 44 BE 00 00 00
 (011.748019)  can0  068   [8]  0B 3E 6B CB 3B 00 00 00
 (011.788308)  can0  068   [8]  0C 02 06 DA 1E 00 00 00
 (011.788328)  can0  068   [8]  0C 02 0B 02 26 0B 01 02
 (011.788330)  can0  068   [8]  11 0B 00 00 20 00 11 02
 (011.788449)  can0  068   [8]  0C 02 0D 22 80 80 26 00
 (011.808018)  can0  067   [8]  00 D1 5A 60 BE 00 00 00
 (011.808039)  can0  068   [8]  00 10 C3 6E 3A 00 00 00
 (011.808225)  can0  068   [8]  12 80 66 01 02 01 00 02
 (011.808233)  can0  068   [8]  0C 02 0F 07 06 05 CD 01
 (011.827966)  can0  067   [8]  05 A9 24 00 D8 23 00 00
 (011.828080)  can0  068   [8]  05 00 00 01 00 00 01 00
 (011.828236)  can0  068   [8]  11 00 00 00 00 00 11 03
 (011.828244)  can0  068   [8]  0C 02 A1 6D 02 06 30 F0
 (011.848318)  can0  068   [8]  0C 02 00 00 00 00 00 00
 (011.848337)  can0  068   [8]  11 06 00 00 00 00 09 03
 (011.848338)  can0  068   [8]  12 80 67 01 02 01 00 02
 (011.868001)  can0  067   [8]  0B AC 33 63 BE 00 00 00
 (011.868020)  can0  068   [8]  0B 11 54 7B 3A 00 00 00
 (011.868195)  can0  068   [8]  0C 02 A0 05 03 00 00 20
 (011.888283)  can0  068   [8]  0C 02 A0 07 00 01 01 80
 (011.928005)  can0  067   [8]  00 7D 5F 5F BE 00 00 00
 (011.928026)  can0  068   [8]  00 90 0B 75 3A 00 00 00
 (011.948008)  can0  067   [8]  05 D9 55 00 69 55 00 00
 (011.948029)  can0  068   [8]  05 79 30 01 83 30 01 00
 (011.988038)  can0  067   [8]  0B C7 8A 81 BE 00 00 00
 (011.988059)  can0  068   [8]  0B 0C EE AF 3A 00 00 00
 (012.048012)  can0  067   [8]  00 27 E2 66 BE 00 00 00
 (012.048031)  can0  067   [8]  11 06 00 00 00 00 09 01
 (012.048033)  can0  067   [8]  12 80 67 00 01 01 00 00
 (012.048148)  can0  068   [8]  00 CA A7 93 3A 00 00 00
 (012.067974)  can0  067   [8]  05 E5 6F 00 4B 6D 00 00
 (012.068003)  can0  067   [8]  0C 02 A1 AD FF 00 50 7E
 (012.068013)  can0  068   [8]  05 4B 34 01 1F 34 01 00
 (012.108070)  can0  067   [8]  0B 23 9B 91 BE 00 00 00
 (012.108093)  can0  068   [8]  0B 2F C4 63 3B 00 00 00
 (012.168035)  can0  067   [8]  00 59 BE A1 BE 00 00 00
 (012.168059)  can0  068   [8]  00 8F 7A 68 3A 00 00 00
 (012.188037)  can0  067   [8]  05 07 10 00 A1 11 00 00
 (012.188060)  can0  068   [8]  05 09 3D 01 24 3D 01 00
 (012.228015)  can0  067   [8]  0B 5C A8 A1 BE 00 00 00
 (012.228040)  can0  068   [8]  0B 99 4C 11 3C 00 00 00
 (012.288061)  can0  067   [8]  00 AF E2 A6 BE 00 00 00
 (012.288085)  can0  068   [8]  00 11 54 7B 3A 00 00 00
 (012.307980)  can0  067   [8]  05 DD 3A 00 9D 3A 00 00
 (012.308004)  can0  068   [8]  05 56 4C 01 0A 4C 01 00
 (012.347979)  can0  067   [8]  0B B8 B8 B1 BE 00 00 00
 (012.348000)  can0  068   [8]  0B F2 E6 9B 3C 00 00 00
 (012.408013)  can0  067   [8]  00 FA 00 B2 BE 00 00 00
 (012.408035)  can0  068   [8]  00 89 F2 83 3A 00 00 00
 (012.427984)  can0  067   [8]  05 C0 45 00 B5 42 00 00
 (012.428004)  can0  068   [8]  05 2F 63 01 06 63 01 00
 (012.468017)  can0  067   [8]  0B 14 C9 C1 BE 00 00 00
 (012.468041)  can0  068   [8]  0B AE 23 0F 3D 00 00 00
 (012.528040)  can0  067   [8]  00 F0 CA C8 BE 00 00 00
 (012.528066)  can0  068   [8]  00 11 54 7B 3A 00 00 00
 (012.548004)  can0  067   [8]  05 5C 30 00 9E 30 00 00
 (012.548026)  can0  068   [8]  05 76 77 01 20 77 01 00
 (012.588010)  can0  067   [8]  0B 70 D9 D1 BE 00 00 00
 (012.588032)  can0  068   [8]  0B 29 2F 68 3D 00 00 00
 (012.608271)  can0  068   [8]  0C 02 06 7A 1E 05 00 00
 (012.608292)  can0  068   [8]  0C 02 0B 02 26 0B 01 03
 (012.608294)  can0  068   [8]  11 0B 00 00 20 00 11 03
 (012.608423)  can0  068   [8]  0C 02 0D 22 80 80 26 00
 (012.628238)  can0  068   [8]  12 80 66 01 02 01 00 03
 (012.628258)  can0  068   [8]  0C 02 A1 6F 00 01 65 A0
 (012.647989)  can0  067   [8]  00 2A 5F D7 BE 00 00 00
 (012.648009)  can0  068   [8]  0C 02 0E 07 00 03 00 00
 (012.648233)  can0  068   [8]  00 11 54 7B 3A 00 00 00
 (012.648241)  can0  068   [8]  11 00 00 00 00 00 11 03
 (012.668002)  can0  067   [8]  05 35 37 00 31 37 00 00
 (012.668021)  can0  068   [8]  05 00 00 01 00 00 01 00
 (012.708013)  can0  067   [8]  0B CD E9 E1 BE 00 00 00
 (012.708033)  can0  068   [8]  0B 87 97 AC 3D 00 00 00
 (012.768005)  can0  067   [8]  00 4E 95 E9 BE 00 00 00
 (012.768024)  can0  068   [8]  00 48 CE 80 3A 00 00 00
 (012.787941)  can0  067   [8]  05 63 2B 00 18 2B 00 00
 (012.788068)  can0  068   [8]  05 00 00 01 00 00 01 00
 (012.827990)  can0  067   [8]  0B B9 1C F2 BE 00 00 00
 (012.828009)  can0  068   [8]  0B 1E 05 F1 3D 00 00 00
 (012.887992)  can0  067   [8]  00 A1 9A F8 BE 00 00 00
 (012.888011)  can0  068   [8]  00 89 F2 83 3A 00 00 00
 (012.908011)  can0  067   [8]  05 6E 2B 00 80 2B 00 00
 (012.908031)  can0  068   [8]  05 00 00 01 00 00 01 00
 (012.947968)  can0  067   [8]  0B 43 05 01 BF 00 00 00
 (012.947984)  can0  068   [8]  0B F6 F9 1F 3E 00 00 00
 (013.007981)  can0  067   [8]  00 11 F4 02 BF 00 00 00
 (013.007999)  can0  068   [8]  00 90 0B 75 3A 00 00 00
 (013.027985)  can0  067   [8]  05 9B 34 00 9A 33 00 00
 (013.028004)  can0  068   [8]  05 00 00 01 00 00 01 00
 (013.047967)  can0  067   [8]  11 06 00 00 00 00 09 01
 (013.047986)  can0  067   [8]  12 80 67 00 01 01 00 00
 (013.047987)  can0  067   [8]  0C 02 A1 AD FF 00 00 7E
 (013.067992)  can0  067   [8]  0B 71 0D 09 BF 00 00 00
 (013.068010)  can0  068   [8]  0B FA 38 4B 3E 00 00 00
 (013.127993)  can0  067   [8]  00 6A 20 0C BF 00 00 00
 (013.128013)  can0  068   [8]  00 11 54 7B 3A 00 00 00
 (013.147998)  can0  067   [8]  05 37 33 00 89 33 00 00
 (013.148020)  can0  068   [8]  05 00 00 01 00 00 01 00
 (013.187949)  can0  067   [8]  0B 9F 15 11 BF 00 00 00
 (013.187998)  can0  068   [8]  0B 7A AD 78 3E 00 00 00
 (013.247942)  can0  067   [8]  00 85 E3 14 BF 00 00 00
 (013.248067)  can0  068   [8]  00 90 0B 75 3A 00 00 00
 (013.267938)  can0  067   [8]  05 F6 2D 00 19 2D 00 00
 (013.268054)  can0  068   [8]  05 00 00 01 00 00 01 00
 (013.307914)  can0  067   [8]  0B CD 1D 19 BF 00 00 00
 (013.307952)  can0  068   [8]  0B 19 6C 93 3E 00 00 00
 (013.367927)  can0  067   [8]  00 34 92 1D BF 00 00 00
 (013.368052)  can0  068   [8]  00 10 C3 6E 3A 00 00 00
 (013.387982)  can0  067   [8]  05 E4 26 00 0E 26 00 00
 (013.388001)  can0  068   [8]  05 00 00 01 00 00 01 00
 (013.427938)  can0  067   [8]  0B FB 25 21 BF 00 00 00
 (013.427977)  can0  068   [8]  0B BE 87 AA 3E 00 00 00
 (013.487988)  can0  067   [8]  00 2B EF 24 BF 00 00 00
 (013.488007)  can0  068   [8]  00 90 0B 75 3A 00 00 00
 (013.508001)  can0  067   [8]  05 52 25 00 BC 24 00 00
 (013.508022)  can0  068   [8]  05 00 00 01 00 00 01 00
 (013.547966)  can0  067   [8]  0B 29 2E 29 BF 00 00 00
 (013.547986)  can0  068   [8]  0B 3D A0 C1 3E 00 00 00
 (013.607910)  can0  067   [8]  00 71 10 2C BF 00 00 00
 (013.608037)  can0  068   [8]  00 90 0B 75 3A 00 00 00
 (013.608175)  can0  068   [8]  0C 02 A0 07 00 32 00 80
 (013.627941)  can0  067   [8]  05 A1 29 00 98 29 00 00
 (013.627983)  can0  068   [8]  05 00 00 01 00 00 01 00
 (013.628192)  can0  068   [8]  12 80 66 01 02 01 00 03
 (013.648252)  can0  068   [8]  11 00 00 00 00 00 11 03
 (013.667936)  can0  067   [8]  0B 58 36 31 BF 00 00 00
 (013.668049)  can0  068   [8]  0B BD B8 D8 3E 00 00 00
 (013.728010)  can0  067   [8]  00 93 86 34 BF 00 00 00
 (013.728030)  can0  068   [8]  00 8F 7A 68 3A 00 00 00
 (013.747922)  can0  067   [8]  05 5C 2D 00 B2 2C 00 00
 (013.748053)  can0  068   [8]  05 00 00 01 00 00 01 00
 (013.787961)  can0  067   [8]  0B 86 3E 39 BF 00 00 00
 (013.787982)  can0  068   [8]  0B 62 D4 EF 3E 00 00 00
 (013.847972)  can0  067   [8]  00 18 74 3D BF 00 00 00
 (013.847993)  can0  068   [8]  00 10 C3 6E 3A 00 00 00
 (013.867925)  can0  067   [8]  05 1C 28 00 7B 28 00 00
 (013.868038)  can0  068   [8]  05 00 00 01 00 00 01 00
 (013.907877)  can0  067   [8]  0B B4 46 41 BF 00 00 00
 (013.908056)  can0  068   [8]  0B 71 76 03 3F 00 00 00
 (013.967940)  can0  067   [8]  00 7E 27 46 BF 00 00 00
 (013.968017)  can0  068   [8]  00 8F 7A 68 3A 00 00 00
 (013.987949)  can0  067   [8]  05 67 21 00 D0 20 00 00
 (013.987996)  can0  068   [8]  05 00 00 01 00 00 01 00
 (014.027951)  can0  067   [8]  0B E2 4E 49 BF 00 00 00
 (014.028026)  can0  068   [8]  0B B1 02 0F 3F 00 00 00
 (014.047962)  can0  067   [8]  11 06 00 00 00 00 09 01
 (014.047981)  can0  067   [8]  12 80 67 00 01 01 00 00
 (014.047982)  can0  067   [8]  0C 02 A1 B6 FF 00 00 7E
 (014.087969)  can0  067   [8]  00 F8 14 4E BF 00 00 00
 (014.087989)  can0  068   [8]  00 90 0B 75 3A 00 00 00
 (014.107958)  can0  067   [8]  05 1C 1D 00 A6 1C 00 00
 (014.107975)  can0  068   [8]  05 00 00 01 00 00 01 00
 (014.147951)  can0  067   [8]  0B A1 63 51 BF 00 00 00
 (014.147970)  can0  068   [8]  0B 83 90 1A 3F 00 00 00
 (014.207987)  can0  067   [8]  00 70 AA 54 BF 00 00 00
 (014.208003)  can0  068   [8]  00 8F 7A 68 3A 00 00 00
 (014.227974)  can0  067   [8]  05 53 21 00 51 21 00 00
 (014.227992)  can0  068   [8]  05 00 00 01 00 00 01 00
 (014.267969)  can0  067   [8]  0B 43 33 59 BF 00 00 00
 (014.267989)  can0  068   [8]  0B C3 1C 26 3F 00 00 00
 (014.327979)  can0  067   [8]  00 C4 AA 5C BF 00 00 00
 (014.328002)  can0  068   [8]  00 8F 7A 68 3A 00 00 00
 (014.347973)  can0  067   [8]  05 76 25 00 82 24 00 00
 (014.347994)  can0  068   [8]  05 00 00 01 00 00 01 00
 (014.387957)  can0  067   [8]  0B C5 D3 60 BF 00 00 00
 (014.387976)  can0  068   [8]  0B 03 A9 31 3F 00 00 00
 (014.447962)  can0  067   [8]  00 BF 3E 65 BF 00 00 00
 (014.447982)  can0  068   [8]  00 0E A1 55 3A 00 00 00
 (014.467939)  can0  067   [8]  05 24 1E 00 80 1D 00 00
 (014.467957)  can0  068   [8]  05 00 00 01 00 00 01 00
 (014.507920)  can0  067   [8]  0B 2D 0E 68 BF 00 00 00
 (014.507997)  can0  068   [8]  0B D5 36 3D 3F 00 00 00
 (014.567916)  can0  067   [8]  00 FD AC 6C BF 00 00 00
 (014.568020)  can0  068   [8]  00 0F 32 62 3A 00 00 00
 (014.587911)  can0  067   [8]  05 4E 15 00 BC 14 00 00
 (014.588033)  can0  068   [8]  05 00 00 01 00 00 01 00
 (014.608201)  can0  068   [8]  0C 02 A0 07 00 32 00 80
 (014.627975)  can0  067   [8]  0B 10 C3 6E BF 00 00 00
 (014.627993)  can0  068   [8]  0B 15 C3 48 3F 00 00 00
 (014.628214)  can0  068   [8]  12 80 66 01 02 01 00 03
 (014.648229)  can0  068   [8]  11 00 00 00 00 00 11 03
 (014.687910)  can0  067   [8]  00 A7 5E 71 BF 00 00 00
 (014.688017)  can0  068   [8]  00 0F 32 62 3A 00 00 00
 (014.707886)  can0  067   [8]  05 82 1E 00 26 1E 00 00
 (014.708014)  can0  068   [8]  05 00 00 01 00 00 01 00
 (014.747949)  can0  067   [8]  0B 71 D1 74 BF 00 00 00
 (014.747969)  can0  068   [8]  0B 32 41 54 3F 00 00 00
 (014.807984)  can0  067   [8]  00 78 C3 78 BF 00 00 00
 (014.807999)  can0  068   [8]  00 0E A1 55 3A 00 00 00
 (014.827984)  can0  067   [8]  05 FD 17 00 4A 17 00 00
 (014.828001)  can0  068   [8]  05 00 00 01 00 00 01 00
 (014.867908)  can0  067   [8]  0B 79 26 7A BF 00 00 00
 (014.868033)  can0  068   [8]  0B 7D 5F 5F 3F 00 00 00
 (014.927977)  can0  067   [8]  00 EC B3 7C BF 00 00 00
 (014.927997)  can0  068   [8]  00 8F E9 5B 3A 00 00 00
 (014.947982)  can0  067   [8]  05 92 15 00 34 16 00 00
 (014.948001)  can0  068   [8]  05 00 00 01 00 00 01 00
 (014.987923)  can0  067   [8]  0B 25 C2 7E BF 00 00 00
 (014.988000)  can0  068   [8]  0B 6E B9 69 3F 00 00 00
 (015.047968)  can0  067   [8]  00 F8 14 81 BF 00 00 00
 (015.047988)  can0  067   [8]  11 06 00 00 00 00 09 01
 (015.047989)  can0  067   [8]  12 80 67 00 01 01 00 00
 (015.048062)  can0  068   [8]  00 8E 58 4F 3A 00 00 00
 (015.067971)  can0  067   [8]  05 D1 14 00 58 14 00 00
 (015.067991)  can0  067   [8]  0C 02 A1 92 FF 00 00 7E
 (015.067992)  can0  068   [8]  05 00 00 01 00 00 01 00
 (015.107927)  can0  067   [8]  0B 72 51 81 BF 00 00 00
 (015.107976)  can0  068   [8]  0B 35 EF 72 3F 00 00 00
 (015.167950)  can0  067   [8]  00 8D 63 82 BF 00 00 00
 (015.167971)  can0  068   [8]  00 8F E9 5B 3A 00 00 00
 (015.187951)  can0  067   [8]  05 CE 16 00 AE 16 00 00
 (015.187969)  can0  068   [8]  05 00 00 01 00 00 01 00
 (015.227888)  can0  067   [8]  0B 24 E5 82 BF 00 00 00
 (015.228017)  can0  068   [8]  0B B4 B0 7A 3F 00 00 00
 (015.287917)  can0  067   [8]  00 A9 CD 84 BF 00 00 00
 (015.287984)  can0  068   [8]  00 8E 58 4F 3A 00 00 00
 (015.307925)  can0  067   [8]  05 78 0B 00 83 0B 00 00
 (015.307967)  can0  068   [8]  05 00 00 01 00 00 01 00
 (015.347920)  can0  067   [8]  0B 29 1C 84 BF 00 00 00
 (015.348027)  can0  068   [8]  0B 08 7B 80 3F 00 00 00
 (015.407953)  can0  067   [8]  00 57 1F 85 BF 00 00 00
 (015.407970)  can0  068   [8]  00 0E A1 55 3A 00 00 00
 (015.427946)  can0  067   [8]  05 F2 11 00 CC 11 00 00
 (015.427964)  can0  068   [8]  05 00 00 01 00 00 01 00
 (015.467965)  can0  067   [8]  0B A4 F9 84 BF 00 00 00
 (015.467984)  can0  068   [8]  0B 4A DD 82 3F 00 00 00
 (015.527964)  can0  067   [8]  00 DE 50 86 BF 00 00 00
 (015.527982)  can0  068   [8]  00 8F E9 5B 3A 00 00 00
 (015.547865)  can0  067   [8]  05 A3 0D 00 F8 0D 00 00
 (015.547997)  can0  068   [8]  05 00 00 01 00 00 01 00
 (015.587875)  can0  067   [8]  0B 3B 86 85 BF 00 00 00
 (015.587997)  can0  068   [8]  0B B1 80 84 3F 00 00 00
 (015.608118)  can0  068   [8]  0C 02 A0 07 00 32 00 80
 (015.628209)  can0  068   [8]  12 80 66 01 02 01 00 03
 (015.647900)  can0  067   [8]  00 9B BF 86 BF 00 00 00
 (015.647945)  can0  068   [8]  00 0E A1 55 3A 00 00 00
 (015.648173)  can0  068   [8]  11 00 00 00 00 00 11 03
 (015.667903)  can0  067   [8]  05 EB 0D 00 0D 0C 00 00
 (015.667937)  can0  068   [8]  05 00 00 01 00 00 01 00
 (015.707945)  can0  067   [8]  0B E9 D7 85 BF 00 00 00
 (015.707967)  can0  068   [8]  0B F3 74 85 3F 00 00 00
 (015.767895)  can0  067   [8]  00 EC 24 87 BF 00 00 00
 (015.768017)  can0  068   [8]  00 8E 58 4F 3A 00 00 00
 (015.787885)  can0  067   [8]  05 1B 0C 00 65 0C 00 00
 (015.787992)  can0  068   [8]  05 00 00 01 00 00 01 00
 (015.827903)  can0  067   [8]  0B 65 FE 85 BF 00 00 00
 (015.828007)  can0  068   [8]  0B 0C E6 85 3F 00 00 00
 (015.887911)  can0  067   [8]  00 7C 3C 87 BF 00 00 00
 (015.887950)  can0  068   [8]  00 0E A1 55 3A 00 00 00
 (015.907882)  can0  067   [8]  05 1A 0D 00 3D 0D 00 00
 (015.907989)  can0  068   [8]  05 00 00 01 00 00 01 00
 (015.947963)  can0  067   [8]  0B 65 09 86 BF 00 00 00
 (015.947982)  can0  068   [8]  0B D3 07 86 3F 00 00 00
 (016.007898)  can0  067   [8]  00 45 3D 87 BF 00 00 00
 (016.008029)  can0  068   [8]  00 8E 58 4F 3A 00 00 00
 (016.027910)  can0  067   [8]  05 EE 0B 00 4F 0C 00 00
 (016.027947)  can0  067   [8]  11 06 00 00 00 00 29 01
 (016.027957)  can0  068   [8]  05 00 00 01 00 00 01 00
 (016.028184)  can0  068   [8]  11 00 00 00 00 00 31 03
 (016.047960)  can0  067   [8]  12 80 67 00 01 01 00 00
 (016.047979)  can0  067   [8]  0C 02 A1 92 4E 00 10 7E
 (016.067892)  can0  067   [8]  0B 2E 0A 86 BF 00 00 00
 (016.067997)  can0  068   [8]  0B 2E 0A 86 3F 00 00 00
 (016.127909)  can0  067   [8]  00 D7 3E 87 BF 00 00 00
 (016.127946)  can0  068   [8]  00 0E A1 55 3A 00 00 00
 (016.147916)  can0  067   [8]  05 00 02 00 D8 01 00 00
 (016.147970)  can0  068   [8]  05 00 00 01 00 00 01 00
 (016.187899)  can0  067   [8]  0B 2E 0A 86 BF 00 00 00
 (016.187940)  can0  068   [8]  0B 2E 0A 86 3F 00 00 00
 (016.247905)  can0  067   [8]  00 D7 3E 87 BF 00 00 00
 (016.248009)  can0  068   [8]  00 8E 58 4F 3A 00 00 00
 (016.267956)  can0  067   [8]  05 F6 01 00 06 02 00 00
 (016.267974)  can0  068   [8]  05 00 00 01 00 00 01 00
 (016.307938)  can0  067   [8]  0B 2E 0A 86 BF 00 00 00
 (016.307958)  can0  068   [8]  0B 2E 0A 86 3F 00 00 00
 (016.367841)  can0  067   [8]  00 D7 3E 87 BF 00 00 00
 (016.368022)  can0  068   [8]  00 8E 58 4F 3A 00 00 00
 (016.387914)  can0  067   [8]  05 F5 01 00 62 02 00 00
 (016.387965)  can0  068   [8]  05 00 00 01 00 00 01 00
 (016.427894)  can0  067   [8]  0B 2E 0A 86 BF 00 00 00
 (016.427979)  can0  068   [8]  0B 2E 0A 86 3F 00 00 00
 (016.487814)  can0  067   [8]  00 D7 3E 87 BF 00 00 00
 (016.487970)  can0  068   [8]  00 0E A1 55 3A 00 00 00
 (016.507897)  can0  067   [8]  05 F5 01 00 22 02 00 00
 (016.508031)  can0  068   [8]  05 00 00 01 00 00 01 00
 (016.547940)  can0  067   [8]  0B 2E 0A 86 BF 00 00 00
 (016.547962)  can0  068   [8]  0B 2E 0A 86 3F 00 00 00
 (016.607950)  can0  067   [8]  00 D7 3E 87 BF 00 00 00
 (016.607969)  can0  068   [8]  00 8E 58 4F 3A 00 00 00
 (016.608103)  can0  068   [8]  0C 02 A0 07 00 32 00 80
 (016.627877)  can0  067   [8]  05 FE 01 00 18 02 00 00
 (016.628025)  can0  068   [8]  05 00 00 01 00 00 01 00
 (016.628031)  can0  068   [8]  12 80 66 01 02 01 00 03
 (016.667931)  can0  067   [8]  0B 2E 0A 86 BF 00 00 00
 (016.667951)  can0  068   [8]  0B 2E 0A 86 3F 00 00 00
 (016.727943)  can0  067   [8]  00 0E 3E 87 BF 00 00 00
 (016.727962)  can0  068   [8]  00 8E 58 4F 3A 00 00 00
 (016.747912)  can0  067   [8]  05 FE 01 00 22 02 00 00
 (016.747931)  can0  068   [8]  05 00 00 01 00 00 01 00
 (016.787924)  can0  067   [8]  0B 2E 0A 86 BF 00 00 00
 (016.787942)  can0  068   [8]  0B 2E 0A 86 3F 00 00 00
 (016.847849)  can0  067   [8]  00 32 41 87 BF 00 00 00
 (016.847978)  can0  068   [8]  00 8E 58 4F 3A 00 00 00
 (016.867883)  can0  067   [8]  05 EA 01 00 18 02 00 00
 (016.867931)  can0  068   [8]  05 00 00 01 00 00 01 00
 (016.907929)  can0  067   [8]  0B 2E 0A 86 BF 00 00 00
 (016.907948)  can0  068   [8]  0B 2E 0A 86 3F 00 00 00
 (016.967845)  can0  067   [8]  00 D7 3E 87 BF 00 00 00
 (016.967979)  can0  068   [8]  00 0E A1 55 3A 00 00 00
 (016.987865)  can0  067   [8]  05 07 02 00 D8 01 00 00
 (016.987983)  can0  068   [8]  05 00 00 01 00 00 01 00
 (017.027873)  can0  067   [8]  0B 2E 0A 86 BF 00 00 00
 (017.027893)  can0  067   [8]  11 06 00 00 00 00 29 01
 (017.027979)  can0  068   [8]  0B 2E 0A 86 3F 00 00 00
 (017.028111)  can0  068   [8]  11 00 00 00 00 00 31 03
 (017.047759)  can0  067   [8]  12 80 67 00 01 01 00 00
 (017.047774)  can0  067   [8]  0C 02 A1 92 00 00 70 04
 (017.087928)  can0  067   [8]  00 69 40 87 BF 00 00 00
 (017.087947)  can0  068   [8]  00 8E 58 4F 3A 00 00 00
 (017.107879)  can0  067   [8]  05 FD 01 00 6C 02 00 00
 (017.108001)  can0  068   [8]  05 00 00 01 00 00 01 00
 (017.147836)  can0  067   [8]  0B 2E 0A 86 BF 00 00 00
 (017.147983)  can0  068   [8]  0B 2E 0A 86 3F 00 00 00
 (017.207940)  can0  067   [8]  00 69 40 87 BF 00 00 00
 (017.207959)  can0  068   [8]  00 0E A1 55 3A 00 00 00
 (017.227882)  can0  067   [8]  05 F2 01 00 D8 01 00 00
 (017.227918)  can0  068   [8]  05 00 00 01 00 00 01 00
 (017.267852)  can0  067   [8]  0B 2E 0A 86 BF 00 00 00
 (017.267980)  can0  068   [8]  0B 2E 0A 86 3F 00 00 00
 (017.327881)  can0  067   [8]  00 A0 3F 87 BF 00 00 00
 (017.327986)  can0  068   [8]  00 0E A1 55 3A 00 00 00
 (017.347885)  can0  067   [8]  05 F2 01 00 E1 01 00 00
 (017.347994)  can0  068   [8]  05 00 00 01 00 00 01 00
 (017.387884)  can0  067   [8]  0B 2E 0A 86 BF 00 00 00
 (017.387917)  can0  068   [8]  0B 2E 0A 86 3F 00 00 00
 (017.447890)  can0  067   [8]  00 D7 3E 87 BF 00 00 00
 (017.447932)  can0  068   [8]  00 0E A1 55 3A 00 00 00
 (017.467876)  can0  067   [8]  05 F1 01 00 06 02 00 00
 (017.467996)  can0  068   [8]  05 00 00 01 00 00 01 00
 (017.507886)  can0  067   [8]  0B 2E 0A 86 BF 00 00 00
 (017.508007)  can0  068   [8]  0B 2E 0A 86 3F 00 00 00
 (017.567925)  can0  067   [8]  00 A0 3F 87 BF 00 00 00
 (017.567943)  can0  068   [8]  00 8E 58 4F 3A 00 00 00
 (017.587870)  can0  067   [8]  05 F1 01 00 0F 02 00 00
 (017.587991)  can0  068   [8]  05 00 00 01 00 00 01 00
 (017.608201)  can0  068   [8]  0C 02 A0 07 00 32 00 80
 (017.627939)  can0  067   [8]  0B 2E 0A 86 BF 00 00 00
 (017.627959)  can0  068   [8]  0B 2E 0A 86 3F 00 00 00
 (017.628081)  can0  068   [8]  12 80 66 01 02 01 00 03
 (017.687919)  can0  067   [8]  00 69 40 87 BF 00 00 00
 (017.687939)  can0  068   [8]  00 0E A1 55 3A 00 00 00
 (017.707882)  can0  067   [8]  05 E6 01 00 06 02 00 00
 (017.707991)  can0  068   [8]  05 00 00 01 00 00 01 00
 (017.747891)  can0  067   [8]  0B 2E 0A 86 BF 00 00 00
 (017.747934)  can0  068   [8]  0B 2E 0A 86 3F 00 00 00
 (017.807864)  can0  067   [8]  00 D7 3E 87 BF 00 00 00
 (017.807992)  can0  068   [8]  00 0E A1 55 3A 00 00 00
 (017.827819)  can0  067   [8]  05 FA 01 00 E1 01 00 00
 (017.827949)  can0  068   [8]  05 00 00 01 00 00 01 00
 (017.867898)  can0  067   [8]  0B 2E 0A 86 BF 00 00 00
 (017.867954)  can0  068   [8]  0B 2E 0A 86 3F 00 00 00
 (017.927829)  can0  067   [8]  00 D7 3E 87 BF 00 00 00
 (017.927956)  can0  068   [8]  00 0E A1 55 3A 00 00 00
 (017.947873)  can0  067   [8]  05 FA 01 00 22 02 00 00
 (017.947987)  can0  068   [8]  05 00 00 01 00 00 01 00
 (017.987873)  can0  067   [8]  0B 2E 0A 86 BF 00 00 00
 (017.987995)  can0  068   [8]  0B 2E 0A 86 3F 00 00 00
 (018.027958)  can0  067   [8]  11 06 00 00 00 00 29 01
 (018.027982)  can0  068   [8]  11 00 00 00 00 00 31 03
 (018.047896)  can0  067   [8]  00 A0 3F 87 BF 00 00 00
 (018.047917)  can0  067   [8]  12 80 67 00 01 01 00 00
 (018.047918)  can0  067   [8]  0C 02 A1 92 00 00 70 04
 (018.048045)  can0  068   [8]  00 0E A1 55 3A 00 00 00
 (018.067874)  can0  067   [8]  05 DC 01 00 0F 02 00 00
 (018.068005)  can0  068   [8]  05 00 00 01 00 00 01 00
 (018.107908)  can0  067   [8]  0B 2E 0A 86 BF 00 00 00
 (018.107928)  can0  068   [8]  0B 2E 0A 86 3F 00 00 00
 (018.167890)  can0  067   [8]  00 A0 3F 87 BF 00 00 00
 (018.167906)  can0  068   [8]  00 8E 58 4F 3A 00 00 00
 (018.187891)  can0  067   [8]  05 E5 01 00 18 02 00 00
 (018.187909)  can0  068   [8]  05 00 00 01 00 00 01 00
 (018.227913)  can0  067   [8]  0B 2E 0A 86 BF 00 00 00
 (018.227932)  can0  068   [8]  0B 2E 0A 86 3F 00 00 00
 (018.287921)  can0  067   [8]  00 A0 3F 87 BF 00 00 00
 (018.287940)  can0  068   [8]  00 8F E9 5B 3A 00 00 00
 (018.307888)  can0  067   [8]  05 EF 01 00 EA 01 00 00
 (018.307906)  can0  068   [8]  05 00 00 01 00 00 01 00
 (018.347895)  can0  067   [8]  0B 2E 0A 86 BF 00 00 00
 (018.347914)  can0  068   [8]  0B 2E 0A 86 3F 00 00 00
 (018.407894)  can0  067   [8]  00 A0 3F 87 BF 00 00 00
 (018.407912)  can0  068   [8]  00 8E 58 4F 3A 00 00 00
 (018.427930)  can0  067   [8]  05 E4 01 00 F3 01 00 00
 (018.427950)  can0  068   [8]  05 00 00 01 00 00 01 00
 (018.467925)  can0  067   [8]  0B 2E 0A 86 BF 00 00 00
 (018.467944)  can0  068   [8]  0B 2E 0A 86 3F 00 00 00
 (018.527825)  can0  067   [8]  00 0E 3E 87 BF 00 00 00
 (018.527934)  can0  068   [8]  00 8F E9 5B 3A 00 00 00
 (018.547835)  can0  067   [8]  05 EE 01 00 22 02 00 00
 (018.547949)  can0  068   [8]  05 00 00 01 00 00 01 00
 (018.587923)  can0  067   [8]  0B 2E 0A 86 BF 00 00 00
 (018.587943)  can0  068   [8]  0B 2E 0A 86 3F 00 00 00
 (018.608157)  can0  068   [8]  0C 02 A0 07 00 32 00 80
 (018.628146)  can0  068   [8]  12 80 66 01 02 01 00 03
 (018.647941)  can0  067   [8]  00 D7 3E 87 BF 00 00 00
 (018.647961)  can0  068   [8]  00 0E A1 55 3A 00 00 00
 (018.667886)  can0  067   [8]  05 E3 01 00 97 01 00 00
 (018.667906)  can0  068   [8]  05 00 00 01 00 00 01 00
 (018.707850)  can0  067   [8]  0B 2E 0A 86 BF 00 00 00
 (018.707885)  can0  068   [8]  0B 2E 0A 86 3F 00 00 00
 (018.767937)  can0  067   [8]  00 D7 3E 87 BF 00 00 00
 (018.767960)  can0  068   [8]  00 0E A1 55 3A 00 00 00
 (018.787900)  can0  067   [8]  05 ED 01 00 E1 01 00 00
 (018.787920)  can0  068   [8]  05 00 00 01 00 00 01 00
 (018.827799)  can0  067   [8]  0B 2E 0A 86 BF 00 00 00
 (018.827954)  can0  068   [8]  0B 2E 0A 86 3F 00 00 00
 (018.887906)  can0  067   [8]  00 A0 3F 87 BF 00 00 00
 (018.887929)  can0  068   [8]  00 8E 58 4F 3A 00 00 00
 (018.907848)  can0  067   [8]  05 D8 01 00 C5 01 00 00
 (018.907974)  can0  068   [8]  05 00 00 01 00 00 01 00
 (018.947838)  can0  067   [8]  0B 2E 0A 86 BF 00 00 00
 (018.947950)  can0  068   [8]  0B 2E 0A 86 3F 00 00 00
 (019.007847)  can0  067   [8]  00 A0 3F 87 BF 00 00 00
 (019.007951)  can0  068   [8]  00 0E A1 55 3A 00 00 00
 (019.027783)  can0  067   [8]  05 F6 01 00 E1 01 00 00
 (019.027807)  can0  067   [8]  11 06 00 00 00 00 29 01
 (019.028034)  can0  068   [8]  05 00 00 01 00 00 01 00
 (019.028047)  can0  068   [8]  11 00 00 00 00 00 31 03
 (019.047865)  can0  067   [8]  12 80 67 00 01 01 00 00
 (019.047887)  can0  067   [8]  0C 02 A1 92 00 00 60 04
 (019.067895)  can0  067   [8]  0B 2E 0A 86 BF 00 00 00
 (019.067915)  can0  068   [8]  0B 2E 0A 86 3F 00 00 00
 (019.127885)  can0  067   [8]  00 D7 3E 87 BF 00 00 00
 (019.127908)  can0  068   [8]  00 0E A1 55 3A 00 00 00
 (019.147840)  can0  067   [8]  05 CD 01 00 FD 01 00 00
 (019.147918)  can0  068   [8]  05 00 00 01 00 00 01 00
 (019.187849)  can0  067   [8]  0B 2E 0A 86 BF 00 00 00
 (019.187887)  can0  068   [8]  0B 2E 0A 86 3F 00 00 00
 (019.247866)  can0  067   [8]  00 69 40 87 BF 00 00 00
 (019.247888)  can0  068   [8]  00 8E 58 4F 3A 00 00 00
 (019.267897)  can0  067   [8]  05 E1 01 00 D8 01 00 00
 (019.267919)  can0  068   [8]  05 00 00 01 00 00 01 00
 (019.307857)  can0  067   [8]  0B 2E 0A 86 BF 00 00 00
 (019.307892)  can0  068   [8]  0B 2E 0A 86 3F 00 00 00
 (019.367905)  can0  067   [8]  00 A0 3F 87 BF 00 00 00
 (019.367926)  can0  068   [8]  00 0E A1 55 3A 00 00 00
 (019.387865)  can0  067   [8]  05 E1 01 00 BC 01 00 00
 (019.387943)  can0  068   [8]  05 00 00 01 00 00 01 00
 (019.427862)  can0  067   [8]  0B 2E 0A 86 BF 00 00 00
 (019.427936)  can0  068   [8]  0B 2E 0A 86 3F 00 00 00
 (019.487913)  can0  067   [8]  00 D7 3E 87 BF 00 00 00
 (019.487936)  can0  068   [8]  00 0E A1 55 3A 00 00 00
 (019.507817)  can0  067   [8]  05 D6 01 00 2B 02 00 00
 (019.507947)  can0  068   [8]  05 00 00 01 00 00 01 00
 (019.547873)  can0  067   [8]  0B 2E 0A 86 BF 00 00 00
 (019.547896)  can0  068   [8]  0B 2E 0A 86 3F 00 00 00
 (019.607874)  can0  067   [8]  00 D7 3E 87 BF 00 00 00
 (019.607893)  can0  068   [8]  00 0E A1 55 3A 00 00 00
 (019.608102)  can0  068   [8]  0C 02 A0 07 00 32 00 80
 (019.627826)  can0  067   [8]  05 EA 01 00 0F 02 00 00
 (019.627959)  can0  068   [8]  05 00 00 01 00 00 01 00
 (019.628042)  can0  068   [8]  12 80 66 01 02 01 00 03
 (019.667879)  can0  067   [8]  0B 2E 0A 86 BF 00 00 00
 (019.667901)  can0  068   [8]  0B 2E 0A 86 3F 00 00 00
 (019.727827)  can0  067   [8]  00 D7 3E 87 BF 00 00 00
 (019.727938)  can0  068   [8]  00 8E 58 4F 3A 00 00 00
 (019.747839)  can0  067   [8]  05 DF 01 00 BC 01 00 00
 (019.747911)  can0  068   [8]  05 00 00 01 00 00 01 00
 (019.787819)  can0  067   [8]  0B 2E 0A 86 BF 00 00 00
 (019.787926)  can0  068   [8]  0B 2E 0A 86 3F 00 00 00
 (019.847837)  can0  067   [8]  00 69 40 87 BF 00 00 00
 (019.847877)  can0  068   [8]  00 0E A1 55 3A 00 00 00
 (019.867824)  can0  067   [8]  05 F3 01 00 FD 01 00 00
 (019.867933)  can0  068   [8]  05 00 00 01 00 00 01 00
 (019.907826)  can0  067   [8]  0B 2E 0A 86 BF 00 00 00
 (019.907919)  can0  068   [8]  0B 2E 0A 86 3F 00 00 00
 (019.967883)  can0  067   [8]  00 0E 3E 87 BF 00 00 00
 (019.967901)  can0  068   [8]  00 0E A1 55 3A 00 00 00
 (019.987867)  can0  067   [8]  05 E8 01 00 FD 01 00 00
 (019.987885)  can0  068   [8]  05 00 00 01 00 00 01 00
 (020.027835)  can0  067   [8]  0B 2E 0A 86 BF 00 00 00
 (020.027853)  can0  067   [8]  11 06 00 00 00 00 29 01
 (020.027946)  can0  068   [8]  0B 2E 0A 86 3F 00 00 00
 (020.028069)  can0  068   [8]  11 00 00 00 00 00 31 03
 (020.032492)  can0  064   [8]  67 01 35 FA 8E BC 07 00
 (020.034471)  can0  064   [8]  68 01 35 FA 8E 3C 07 00
 (020.047759)  can0  067   [8]  11 06 00 00 00 00 09 01
 (020.047785)  can0  067   [8]  12 80 67 00 01 01 00 00
 (020.047836)  can0  067   [8]  0C 02 A1 92 00 00 70 04
 (020.048025)  can0  068   [8]  11 00 00 00 00 00 11 03
 (020.087901)  can0  067   [8]  00 A0 3F 87 BF 00 00 00
 (020.087933)  can0  068   [8]  00 8E 58 4F 3A 00 00 00
 (020.107842)  can0  067   [8]  05 4F 05 00 73 05 00 00
 (020.107928)  can0  068   [8]  05 00 00 01 00 00 01 00
 (020.147818)  can0  067   [8]  0B 0E 3E 87 BF 00 00 00
 (020.147907)  can0  068   [8]  0B 0E A1 55 3A 00 00 00
 (020.207898)  can0  067   [8]  00 69 40 87 BF 00 00 00
 (020.207936)  can0  068   [8]  00 8E 58 4F 3A 00 00 00
 (020.227906)  can0  067   [8]  05 9A 04 00 C4 04 00 00
 (020.227942)  can0  068   [8]  05 00 00 01 00 00 01 00
 (020.267826)  can0  067   [8]  0B 46 32 87 BF 00 00 00
 (020.267908)  can0  068   [8]  0B 0E A1 55 3A 00 00 00
 (020.327834)  can0  067   [8]  00 69 40 87 BF 00 00 00
 (020.327962)  can0  068   [8]  00 0E A1 55 3A 00 00 00
 (020.347827)  can0  067   [8]  05 11 03 00 1B 03 00 00
 (020.347953)  can0  068   [8]  05 00 00 01 00 00 01 00
 (020.387836)  can0  067   [8]  0B DC 12 87 BF 00 00 00
 (020.387944)  can0  068   [8]  0B 0E A1 55 3A 00 00 00
 (020.447824)  can0  067   [8]  00 D7 3E 87 BF 00 00 00
 (020.447975)  can0  068   [8]  00 0E A1 55 3A 00 00 00
 (020.467821)  can0  067   [8]  05 2B 00 00 94 00 00 00
 (020.467932)  can0  068   [8]  05 00 00 01 00 00 01 00
 (020.507869)  can0  067   [8]  0B 07 D4 86 BF 00 00 00
 (020.507890)  can0  068   [8]  0B 0E A1 55 3A 00 00 00
 (020.567830)  can0  067   [8]  00 A0 3F 87 BF 00 00 00
 (020.567943)  can0  068   [8]  00 0E A1 55 3A 00 00 00
 (020.587831)  can0  067   [8]  05 9B 04 01 A6 04 01 00
 (020.587905)  can0  068   [8]  05 00 00 01 00 00 01 00
 (020.608145)  can0  068   [8]  0C 02 A0 07 00 32 00 80
 (020.627792)  can0  067   [8]  0B 5B 6C 86 BF 00 00 00
 (020.627932)  can0  068   [8]  0B 0E A1 55 3A 00 00 00
 (020.628087)  can0  068   [8]  12 80 66 01 02 01 00 03
 (020.687821)  can0  067   [8]  00 20 45 87 BF 00 00 00
 (020.687905)  can0  068   [8]  00 0E A1 55 3A 00 00 00
 (020.707802)  can0  067   [8]  05 AF 0B 01 A6 0B 01 00
 (020.707949)  can0  068   [8]  05 00 00 01 00 00 01 00
 (020.747866)  can0  067   [8]  0B A0 D1 85 BF 00 00 00
 (020.747885)  can0  068   [8]  0B 0E A1 55 3A 00 00 00
 (020.807838)  can0  067   [8]  00 7C 3C 87 BF 00 00 00
 (020.807854)  can0  068   [8]  00 8F E9 5B 3A 00 00 00
 (020.827749)  can0  067   [8]  05 9B 15 01 4B 15 01 00
 (020.827911)  can0  068   [8]  05 00 00 01 00 00 01 00
 (020.867774)  can0  067   [8]  0B DB F8 84 BF 00 00 00
 (020.867908)  can0  068   [8]  0B 0E A1 55 3A 00 00 00
 (020.927813)  can0  067   [8]  00 35 2B 87 BF 00 00 00
 (020.927849)  can0  068   [8]  00 0E A1 55 3A 00 00 00
 (020.947814)  can0  067   [8]  05 BE 21 01 A3 21 01 00
 (020.947849)  can0  068   [8]  05 00 00 01 00 00 01 00
 (020.987799)  can0  067   [8]  0B 8B DC 83 BF 00 00 00
 (020.987837)  can0  068   [8]  0B 0E A1 55 3A 00 00 00
 (021.047821)  can0  067   [8]  00 14 99 85 BF 00 00 00
 (021.047845)  can0  067   [8]  11 06 00 00 00 00 09 01
 (021.047847)  can0  067   [8]  12 80 67 00 01 01 00 00
 (021.047960)  can0  068   [8]  00 0D 10 49 3A 00 00 00
 (021.048094)  can0  068   [8]  11 00 00 00 00 00 11 03
 (021.067862)  can0  067   [8]  05 A4 0A 01 D3 0B 01 00
 (021.067882)  can0  067   [8]  0C 02 A1 92 12 00 70 7E
 (021.067884)  can0  068   [8]  05 00 00 01 00 00 01 00
 (021.107875)  can0  067   [8]  0B AF 7C 82 BF 00 00 00
 (021.107896)  can0  068   [8]  0B 0E A1 55 3A 00 00 00
 (021.167801)  can0  067   [8]  00 C0 8E 82 BF 00 00 00
 (021.167941)  can0  068   [8]  00 8F E9 5B 3A 00 00 00
 (021.187802)  can0  067   [8]  05 8F 09 01 73 09 01 00
 (021.187880)  can0  068   [8]  05 00 00 01 00 00 01 00
 (021.227815)  can0  067   [8]  0B 47 D9 80 BF 00 00 00
 (021.227921)  can0  068   [8]  0B 0E A1 55 3A 00 00 00
 (021.287863)  can0  067   [8]  00 9D BE 81 BF 00 00 00
 (021.287886)  can0  068   [8]  00 0E A1 55 3A 00 00 00
 (021.307818)  can0  067   [8]  05 73 12 01 0C 12 01 00
 (021.307877)  can0  068   [8]  05 00 00 01 00 00 01 00
 (021.347862)  can0  067   [8]  0B A9 E4 7D BF 00 00 00
 (021.347882)  can0  068   [8]  0B 0E A1 55 3A 00 00 00
 (021.407874)  can0  067   [8]  00 4D 36 7D BF 00 00 00
 (021.407891)  can0  068   [8]  00 0E A1 55 3A 00 00 00
 (021.427778)  can0  067   [8]  05 A3 05 01 50 05 01 00
 (021.427921)  can0  068   [8]  05 00 00 01 00 00 01 00
 (021.467790)  can0  067   [8]  0B 3F 86 79 BF 00 00 00
 (021.467918)  can0  068   [8]  0B 0E A1 55 3A 00 00 00
 (021.527858)  can0  067   [8]  00 F3 0E 7B BF 00 00 00
 (021.527878)  can0  068   [8]  00 0E A1 55 3A 00 00 00
 (021.547785)  can0  067   [8]  05 9E 14 01 AA 14 01 00
 (021.547921)  can0  068   [8]  05 00 00 01 00 00 01 00
 (021.587797)  can0  067   [8]  0B 99 B3 74 BF 00 00 00
 (021.587922)  can0  068   [8]  0B 0E A1 55 3A 00 00 00
 (021.608122)  can0  068   [8]  0C 02 A0 07 00 32 00 80
 (021.628124)  can0  068   [8]  12 80 66 01 02 01 00 03
 (021.647793)  can0  067   [8]  00 65 E7 73 BF 00 00 00
 (021.647933)  can0  068   [8]  00 0E A1 55 3A 00 00 00
 (021.667793)  can0  067   [8]  05 DE 01 01 DC 01 01 00
 (021.667927)  can0  068   [8]  05 00 00 01 00 00 01 00
 (021.707801)  can0  067   [8]  0B 93 53 6F BF 00 00 00
 (021.707961)  can0  068   [8]  0B 0E A1 55 3A 00 00 00
 (021.767801)  can0  067   [8]  00 97 95 70 BF 00 00 00
 (021.767945)  can0  068   [8]  00 0E A1 55 3A 00 00 00
 (021.787782)  can0  067   [8]  05 77 15 01 1A 18 01 00
 (021.787926)  can0  068   [8]  05 00 00 01 00 00 01 00
 (021.827818)  can0  067   [8]  0B E2 80 69 BF 00 00 00
 (021.827931)  can0  068   [8]  0B 0E A1 55 3A 00 00 00
 (021.887788)  can0  067   [8]  00 4B 48 68 BF 00 00 00
 (021.887926)  can0  068   [8]  00 0F 32 62 3A 00 00 00
 (021.907783)  can0  067   [8]  05 4F 04 01 DA 03 01 00
 (021.907937)  can0  068   [8]  05 00 00 01 00 00 01 00
 (021.947790)  can0  067   [8]  0B 84 51 63 BF 00 00 00
 (021.947932)  can0  068   [8]  0B 0E A1 55 3A 00 00 00
 (022.007792)  can0  067   [8]  00 83 BF 64 BF 00 00 00
 (022.007930)  can0  068   [8]  00 8F E9 5B 3A 00 00 00
 (022.027798)  can0  067   [8]  05 6F 13 01 A8 12 01 00
 (022.027930)  can0  068   [8]  05 00 00 01 00 00 01 00
 (022.047809)  can0  067   [8]  11 06 00 00 00 00 09 01
 (022.047829)  can0  067   [8]  12 80 67 00 01 01 00 00
 (022.047831)  can0  067   [8]  0C 02 A1 B6 F7 00 00 7E
 (022.047982)  can0  068   [8]  11 00 00 00 00 00 11 03
 (022.067838)  can0  067   [8]  0B 51 D8 5C BF 00 00 00
 (022.067857)  can0  068   [8]  0B 0E A1 55 3A 00 00 00
 (022.127847)  can0  067   [8]  00 C5 9F 5C BF 00 00 00
 (022.127872)  can0  068   [8]  00 8F E9 5B 3A 00 00 00
 (022.147817)  can0  067   [8]  05 54 0D 01 EE 0B 01 00
 (022.147851)  can0  068   [8]  05 00 00 01 00 00 01 00
 (022.187784)  can0  067   [8]  0B 4A 2B 56 BF 00 00 00
 (022.187923)  can0  068   [8]  0B 0E A1 55 3A 00 00 00
 (022.247813)  can0  067   [8]  00 A2 8C 55 BF 00 00 00
 (022.247883)  can0  068   [8]  00 0E A1 55 3A 00 00 00
 (022.267788)  can0  067   [8]  05 C2 02 01 D5 02 01 00
 (022.267931)  can0  068   [8]  05 00 00 01 00 00 01 00
 (022.307687)  can0  067   [8]  0B D6 5E 4F BF 00 00 00
 (022.307831)  can0  068   [8]  0B 0E A1 55 3A 00 00 00
 (022.367796)  can0  067   [8]  00 23 9C 50 BF 00 00 00
 (022.367908)  can0  068   [8]  00 8F E9 5B 3A 00 00 00
 (022.387785)  can0  067   [8]  05 FA 10 01 35 10 01 00
 (022.387818)  can0  068   [8]  05 00 00 01 00 00 01 00
 (022.427788)  can0  067   [8]  0B F6 88 48 BF 00 00 00
 (022.427824)  can0  068   [8]  0B 0E A1 55 3A 00 00 00
 (022.487837)  can0  067   [8]  00 8B 74 48 BF 00 00 00
 (022.487859)  can0  068   [8]  00 8F E9 5B 3A 00 00 00
 (022.507846)  can0  067   [8]  05 D4 0B 01 B1 0B 01 00
 (022.507867)  can0  068   [8]  05 00 00 01 00 00 01 00
 (022.547883)  can0  067   [8]  0B 84 B1 41 BF 00 00 00
 (022.547904)  can0  068   [8]  0B 0E A1 55 3A 00 00 00
 (022.607786)  can0  067   [8]  00 0D A8 40 BF 00 00 00
 (022.607828)  can0  068   [8]  00 8F E9 5B 3A 00 00 00
 (022.608066)  can0  068   [8]  0C 02 A0 07 00 32 00 80
 (022.627837)  can0  067   [8]  05 6F 00 01 CC 03 01 00
 (022.627857)  can0  068   [8]  05 00 00 01 00 00 01 00
 (022.628068)  can0  068   [8]  12 80 66 01 02 01 00 03
 (022.667786)  can0  067   [8]  0B 13 DA 3A BF 00 00 00
 (022.667897)  can0  068   [8]  0B 0E A1 55 3A 00 00 00
 (022.727819)  can0  067   [8]  00 CF 0A 3C BF 00 00 00
 (022.727839)  can0  068   [8]  00 0F 32 62 3A 00 00 00
 (022.747791)  can0  067   [8]  05 99 0D 01 07 0D 01 00
 (022.747830)  can0  068   [8]  05 00 00 01 00 00 01 00
 (022.787825)  can0  067   [8]  0B 7E F4 33 BF 00 00 00
 (022.787847)  can0  068   [8]  0B 0E A1 55 3A 00 00 00
 (022.847754)  can0  067   [8]  00 E8 13 34 BF 00 00 00
 (022.847892)  can0  068   [8]  00 8F E9 5B 3A 00 00 00
 (022.867772)  can0  067   [8]  05 BA 0A 01 E6 09 01 00
 (022.867897)  can0  068   [8]  05 00 00 01 00 00 01 00
 (022.907778)  can0  067   [8]  0B 2F 2B 2D BF 00 00 00
 (022.907953)  can0  068   [8]  0B 0E A1 55 3A 00 00 00
 (022.967776)  can0  067   [8]  00 E5 CC 2B BF 00 00 00
 (022.967907)  can0  068   [8]  00 8F 7A 68 3A 00 00 00
 (022.987768)  can0  067   [8]  05 EA 00 00 91 01 00 00
 (022.987917)  can0  068   [8]  05 00 00 01 00 00 01 00
 (023.027668)  can0  067   [8]  0B 50 55 26 BF 00 00 00
 (023.027927)  can0  068   [8]  0B 0E A1 55 3A 00 00 00
 (023.047676)  can0  067   [8]  11 06 00 00 00 00 09 01
 (023.047691)  can0  067   [8]  12 80 67 00 01 01 00 00
 (023.047810)  can0  067   [8]  0C 02 A1 A4 FF 00 00 7E
 (023.047943)  can0  068   [8]  11 00 00 00 00 00 11 03
 (023.087775)  can0  067   [8]  00 C7 5E 27 BF 00 00 00
 (023.087905)  can0  068   [8]  00 0E A1 55 3A 00 00 00
 (023.107776)  can0  067   [8]  05 C7 07 01 60 07 01 00
 (023.107941)  can0  068   [8]  05 00 00 01 00 00 01 00
 (023.147756)  can0  067   [8]  0B DE 7D 1F BF 00 00 00
 (023.147898)  can0  068   [8]  0B 0E A1 55 3A 00 00 00
 (023.207745)  can0  067   [8]  00 D8 B4 1F BF 00 00 00
 (023.207871)  can0  068   [8]  00 0F 32 62 3A 00 00 00
 (023.227617)  can0  067   [8]  05 51 09 01 EC 08 01 00
 (023.227882)  can0  068   [8]  05 00 00 01 00 00 01 00
 (023.267647)  can0  067   [8]  0B 6C A6 18 BF 00 00 00
 (023.267914)  can0  068   [8]  0B 0E A1 55 3A 00 00 00
 (023.327729)  can0  067   [8]  00 6F 22 17 BF 00 00 00
 (023.327851)  can0  068   [8]  00 0F 32 62 3A 00 00 00
 (023.347719)  can0  067   [8]  05 DA 01 00 57 02 00 00
 (023.347943)  can0  068   [8]  05 00 00 01 00 00 01 00
 (023.387802)  can0  067   [8]  0B FA CE 11 BF 00 00 00
 (023.387821)  can0  068   [8]  0B 0E A1 55 3A 00 00 00
 (023.447712)  can0  067   [8]  00 9D 99 12 BF 00 00 00
 (023.447870)  can0  068   [8]  00 0F 32 62 3A 00 00 00
 (023.467776)  can0  067   [8]  05 B5 01 01 DE 00 01 00
 (023.467810)  can0  068   [8]  05 00 00 01 00 00 01 00
 (023.507772)  can0  067   [8]  0B 88 F7 0A BF 00 00 00
 (023.507814)  can0  068   [8]  0B 0E A1 55 3A 00 00 00
 (023.567775)  can0  067   [8]  00 A7 31 0B BF 00 00 00
 (023.567897)  can0  068   [8]  00 8F 7A 68 3A 00 00 00
 (023.587783)  can0  067   [8]  05 FD 06 01 9A 06 01 00
 (023.587869)  can0  068   [8]  05 00 00 01 00 00 01 00
 (023.608112)  can0  068   [8]  0C 02 A0 07 00 32 00 80
 (023.627778)  can0  067   [8]  0B 16 20 04 BF 00 00 00
 (023.627860)  can0  068   [8]  0B 0E A1 55 3A 00 00 00
 (023.628019)  can0  068   [8]  12 80 66 01 02 01 00 03
 (023.687861)  can0  067   [8]  00 17 B2 02 BF 00 00 00
 (023.687883)  can0  068   [8]  00 10 C3 6E 3A 00 00 00
 (023.707764)  can0  067   [8]  05 EE 01 00 E3 01 00 00
 (023.707873)  can0  068   [8]  05 00 00 01 00 00 01 00
 (023.747759)  can0  067   [8]  0B 6E 94 FA BE 00 00 00
 (023.747795)  can0  068   [8]  0B 0E A1 55 3A 00 00 00
 (023.807809)  can0  067   [8]  00 15 28 FB BE 00 00 00
 (023.807830)  can0  068   [8]  00 8F 7A 68 3A 00 00 00
 (023.827763)  can0  067   [8]  05 96 04 00 80 05 00 00
 (023.827903)  can0  068   [8]  05 00 00 01 00 00 01 00
 (023.867808)  can0  067   [8]  0B 89 E5 EC BE 00 00 00
 (023.867830)  can0  068   [8]  0B 0E A1 55 3A 00 00 00
 (023.927859)  can0  067   [8]  00 55 7C ED BE 00 00 00
 (023.927881)  can0  068   [8]  00 8F 7A 68 3A 00 00 00
 (023.947767)  can0  067   [8]  05 86 05 01 7F 05 01 00
 (023.947820)  can0  068   [8]  05 00 00 01 00 00 01 00
 (023.987738)  can0  067   [8]  0B A6 36 DF BE 00 00 00
 (023.987864)  can0  068   [8]  0B 0E A1 55 3A 00 00 00
 (024.047758)  can0  067   [8]  00 12 7A DC BE 00 00 00
 (024.047776)  can0  067   [8]  11 06 00 00 00 00 09 01
 (024.047778)  can0  067   [8]  12 80 67 00 01 01 00 00
 (024.047928)  can0  068   [8]  00 10 C3 6E 3A 00 00 00
 (024.048069)  can0  068   [8]  11 00 00 00 00 00 11 03
 (024.067770)  can0  067   [8]  05 69 02 00 1C 03 00 00
 (024.067797)  can0  067   [8]  0C 02 A1 B6 FF 00 00 7E
 (024.067821)  can0  068   [8]  05 00 00 01 00 00 01 00
 (024.107824)  can0  067   [8]  0B 7C 6B D1 BE 00 00 00
 (024.107845)  can0  068   [8]  0B 0E A1 55 3A 00 00 00
 (024.167826)  can0  067   [8]  00 BB 66 D0 BE 00 00 00
 (024.167848)  can0  068   [8]  00 10 C3 6E 3A 00 00 00
 (024.187753)  can0  067   [8]  05 27 0A 00 31 0B 00 00
 (024.187870)  can0  068   [8]  05 00 00 01 00 00 01 00
 (024.227833)  can0  067   [8]  0B DF D8 C3 BE 00 00 00
 (024.227854)  can0  068   [8]  0B 0E A1 55 3A 00 00 00
 (024.287786)  can0  067   [8]  00 62 69 C4 BE 00 00 00
 (024.287827)  can0  068   [8]  00 8F 7A 68 3A 00 00 00
 (024.307775)  can0  067   [8]  05 B7 03 01 12 03 01 00
 (024.307881)  can0  068   [8]  05 00 00 01 00 00 01 00
 (024.347785)  can0  067   [8]  0B FB 29 B6 BE 00 00 00
 (024.347872)  can0  068   [8]  0B 0E A1 55 3A 00 00 00
 (024.407823)  can0  067   [8]  00 A9 B5 B3 BE 00 00 00
 (024.407846)  can0  068   [8]  00 10 C3 6E 3A 00 00 00
 (024.427793)  can0  067   [8]  05 1E 03 00 28 03 00 00
 (024.427847)  can0  068   [8]  05 00 00 01 00 00 01 00
 (024.467776)  can0  067   [8]  0B 3B 7E A8 BE 00 00 00
 (024.467831)  can0  068   [8]  0B 0E A1 55 3A 00 00 00
 (024.527868)  can0  067   [8]  00 F0 C7 A5 BE 00 00 00
 (024.527890)  can0  068   [8]  00 10 C3 6E 3A 00 00 00
 (024.547826)  can0  067   [8]  05 69 0D 00 08 0E 00 00
 (024.547846)  can0  068   [8]  05 00 00 01 00 00 01 00
 (024.587795)  can0  067   [8]  0B 58 CF 9A BE 00 00 00
 (024.587876)  can0  068   [8]  0B 0E A1 55 3A 00 00 00
 (024.608091)  can0  068   [8]  0C 02 A0 07 00 32 00 80
 (024.628101)  can0  068   [8]  12 80 66 01 02 01 00 03
 (024.647836)  can0  067   [8]  00 26 50 9B BE 00 00 00
 (024.647858)  can0  068   [8]  00 10 C3 6E 3A 00 00 00
 (024.667797)  can0  067   [8]  05 9A 01 01 90 00 01 00
 (024.667853)  can0  068   [8]  05 00 00 01 00 00 01 00
 (024.707832)  can0  067   [8]  0B 74 20 8D BE 00 00 00
 (024.707852)  can0  068   [8]  0B 0E A1 55 3A 00 00 00
 (024.767820)  can0  067   [8]  00 1C EE 8A BE 00 00 00
 (024.767841)  can0  068   [8]  00 10 C3 6E 3A 00 00 00
 (024.787793)  can0  067   [8]  05 22 03 00 A8 04 00 00
 (024.787815)  can0  068   [8]  05 00 00 01 00 00 01 00
 (024.827816)  can0  067   [8]  0B FB F5 7E BE 00 00 00
 (024.827836)  can0  068   [8]  0B 0E A1 55 3A 00 00 00
 (024.887825)  can0  067   [8]  00 7D 34 77 BE 00 00 00
 (024.887847)  can0  068   [8]  00 90 0B 75 3A 00 00 00
 (024.907779)  can0  067   [8]  05 76 0F 00 63 0E 00 00
 (024.907819)  can0  068   [8]  05 00 00 01 00 00 01 00
 (024.947773)  can0  067   [8]  0B 04 03 64 BE 00 00 00
 (024.947863)  can0  068   [8]  0B 0E A1 55 3A 00 00 00
 (025.007821)  can0  067   [8]  00 28 69 65 BE 00 00 00
 (025.007843)  can0  068   [8]  00 90 0B 75 3A 00 00 00
 (025.027783)  can0  067   [8]  05 E0 00 00 14 02 00 00
 (025.027821)  can0  068   [8]  05 00 00 01 00 00 01 00
 (025.047781)  can0  067   [8]  11 06 00 00 00 00 09 01
 (025.047803)  can0  067   [8]  12 80 67 00 01 01 00 00
 (025.047805)  can0  067   [8]  0C 02 A1 AD FF 00 00 7E
 (025.047867)  can0  068   [8]  11 00 00 00 00 00 11 03
 (025.067837)  can0  067   [8]  0B B2 B9 49 BE 00 00 00
 (025.067859)  can0  068   [8]  0B 0E A1 55 3A 00 00 00
 (025.127821)  can0  067   [8]  00 AB D2 45 BE 00 00 00
 (025.127843)  can0  068   [8]  00 10 C3 6E 3A 00 00 00
 (025.147819)  can0  067   [8]  05 00 06 00 C0 05 00 00
 (025.147841)  can0  068   [8]  05 00 00 01 00 00 01 00
 (025.187803)  can0  067   [8]  0B FE 71 30 BE 00 00 00
 (025.187823)  can0  068   [8]  0B 0E A1 55 3A 00 00 00
 (025.247794)  can0  067   [8]  00 31 4F 2A BE 00 00 00
 (025.247819)  can0  068   [8]  00 11 54 7B 3A 00 00 00
 (025.267797)  can0  067   [8]  05 D6 13 00 28 13 00 00
 (025.267821)  can0  068   [8]  05 00 00 01 00 00 01 00
 (025.307804)  can0  067   [8]  0B 4C 77 18 BE 00 00 00
 (025.307831)  can0  068   [8]  0B 0E A1 55 3A 00 00 00
 (025.367816)  can0  067   [8]  00 5B B9 1A BE 00 00 00
 (025.367838)  can0  068   [8]  00 11 54 7B 3A 00 00 00
 (025.387845)  can0  067   [8]  05 D5 02 00 F2 03 00 00
 (025.387867)  can0  068   [8]  05 00 00 01 00 00 01 00
 (025.427801)  can0  067   [8]  0B E0 FB 01 BE 00 00 00
 (025.427820)  can0  068   [8]  0B 0E A1 55 3A 00 00 00
 (025.487793)  can0  067   [8]  00 AD 8A F2 BD 00 00 00
 (025.487810)  can0  068   [8]  00 89 F2 83 3A 00 00 00
 (025.507815)  can0  067   [8]  05 80 13 00 83 13 00 00
 (025.507834)  can0  068   [8]  05 00 00 01 00 00 01 00
 (025.547704)  can0  067   [8]  0B 29 9E DB BD 00 00 00
 (025.547834)  can0  068   [8]  0B 0E A1 55 3A 00 00 00
 (025.607705)  can0  067   [8]  00 51 DD E3 BD 00 00 00
 (025.607844)  can0  068   [8]  00 11 54 7B 3A 00 00 00
 (025.607981)  can0  068   [8]  0C 02 A0 07 00 32 00 80
 (025.627694)  can0  067   [8]  05 5C 05 00 1C 07 00 00
 (025.627852)  can0  068   [8]  05 00 00 01 00 00 01 00
 (025.627985)  can0  068   [8]  12 80 66 01 02 01 00 03
 (025.667689)  can0  067   [8]  0B 4F 25 B7 BD 00 00 00
 (025.667864)  can0  068   [8]  0B 0E A1 55 3A 00 00 00
 (025.727717)  can0  067   [8]  00 0F F7 A5 BD 00 00 00
 (025.727879)  can0  068   [8]  00 90 0B 75 3A 00 00 00
 (025.747714)  can0  067   [8]  05 A1 16 00 45 16 00 00
 (025.747866)  can0  068   [8]  05 00 00 01 00 00 01 00
 (025.787716)  can0  067   [8]  0B 9B D8 96 BD 00 00 00
 (025.787823)  can0  068   [8]  0B 0E A1 55 3A 00 00 00
 (025.847725)  can0  067   [8]  00 45 5B 9E BD 00 00 00
 (025.847868)  can0  068   [8]  00 90 0B 75 3A 00 00 00
 (025.867716)  can0  067   [8]  05 B5 06 00 0A 09 00 00
 (025.867857)  can0  068   [8]  05 00 00 01 00 00 01 00
 (025.907734)  can0  067   [8]  0B 5C A2 75 BD 00 00 00
 (025.907877)  can0  068   [8]  0B 0E A1 55 3A 00 00 00
 (025.967715)  can0  067   [8]  00 99 AE 6D BD 00 00 00
 (025.967852)  can0  068   [8]  00 10 C3 6E 3A 00 00 00
 (025.987709)  can0  067   [8]  05 10 18 00 71 18 00 00
 (025.987856)  can0  068   [8]  05 00 00 01 00 00 01 00
 (026.027709)  can0  067   [8]  0B F0 04 46 BD 00 00 00
 (026.027856)  can0  068   [8]  0B 0E A1 55 3A 00 00 00
 (026.047723)  can0  067   [8]  11 06 00 00 00 00 09 01
 (026.047742)  can0  067   [8]  12 80 67 00 01 01 00 00
 (026.047744)  can0  067   [8]  0C 02 A1 B6 FA 00 00 7E
 (026.047905)  can0  068   [8]  11 00 00 00 00 00 11 03
 (026.087713)  can0  067   [8]  00 E5 D0 40 BD 00 00 00
 (026.087864)  can0  068   [8]  00 90 0B 75 3A 00 00 00
 (026.107712)  can0  067   [8]  05 83 11 00 E6 12 00 00
 (026.107857)  can0  068   [8]  05 00 00 01 00 00 01 00
 (026.147713)  can0  067   [8]  0B CD BF 1E BD 00 00 00
 (026.147865)  can0  068   [8]  0B 0E A1 55 3A 00 00 00
 (026.207727)  can0  067   [8]  00 8F B3 26 BD 00 00 00
 (026.207782)  can0  068   [8]  00 10 C3 6E 3A 00 00 00
 (026.227701)  can0  067   [8]  05 9A 0F 00 88 0F 00 00
 (026.227867)  can0  068   [8]  05 00 00 01 00 00 01 00
 (026.267772)  can0  067   [8]  0B 38 05 00 BD 00 00 00
 (026.267794)  can0  068   [8]  0B 0E A1 55 3A 00 00 00
 (026.327724)  can0  067   [8]  00 3B 1D 0B BD 00 00 00
 (026.327807)  can0  068   [8]  00 90 0B 75 3A 00 00 00
 (026.347761)  can0  067   [8]  05 04 11 00 74 10 00 00
 (026.347783)  can0  068   [8]  05 00 00 01 00 00 01 00
 (026.387770)  can0  067   [8]  0B 56 E1 D2 BC 00 00 00
 (026.387792)  can0  068   [8]  0B 0E A1 55 3A 00 00 00
 (026.447802)  can0  067   [8]  00 6A 49 DD BC 00 00 00
 (026.447829)  can0  068   [8]  00 10 C3 6E 3A 00 00 00
 (026.467783)  can0  067   [8]  05 B5 13 00 33 14 00 00
 (026.467806)  can0  068   [8]  05 00 00 01 00 00 01 00
 (026.507708)  can0  067   [8]  0B 18 A9 B3 BC 00 00 00
 (026.507851)  can0  068   [8]  0B 0E A1 55 3A 00 00 00
 (026.567685)  can0  067   [8]  00 60 7A BD BC 00 00 00
 (026.567829)  can0  068   [8]  00 10 C3 6E 3A 00 00 00
 (026.587655)  can0  067   [8]  05 9A 14 00 B8 14 00 00
 (026.587886)  can0  068   [8]  05 00 00 01 00 00 01 00
 (026.608033)  can0  068   [8]  0C 02 A0 07 00 32 00 80
 (026.627685)  can0  067   [8]  0B 43 D4 9F BC 00 00 00
 (026.627833)  can0  068   [8]  0B 0E A1 55 3A 00 00 00
 (026.627963)  can0  068   [8]  12 80 66 01 02 01 00 03
 (026.687727)  can0  067   [8]  00 FB 93 A2 BC 00 00 00
 (026.687833)  can0  068   [8]  00 10 C3 6E 3A 00 00 00
 (026.707676)  can0  067   [8]  05 19 17 00 85 17 00 00
 (026.707831)  can0  068   [8]  05 00 00 01 00 00 01 00
 (026.747724)  can0  067   [8]  0B 62 D5 94 BC 00 00 00
 (026.747829)  can0  068   [8]  0B 0E A1 55 3A 00 00 00
 (026.807682)  can0  067   [8]  00 71 9E 95 BC 00 00 00
 (026.807834)  can0  068   [8]  00 8F E9 5B 3A 00 00 00
 (026.827688)  can0  067   [8]  05 21 17 00 30 17 00 00
 (026.827836)  can0  068   [8]  05 00 00 01 00 00 01 00
 (026.867700)  can0  067   [8]  0B 01 1F 90 BC 00 00 00
 (026.867844)  can0  068   [8]  0B 0E A1 55 3A 00 00 00
 (026.927714)  can0  067   [8]  00 EA 39 95 BC 00 00 00
 (026.927823)  can0  068   [8]  00 0E A1 55 3A 00 00 00
 (026.947711)  can0  067   [8]  05 4D 16 00 27 16 00 00
 (026.947811)  can0  068   [8]  05 00 00 01 00 00 01 00
 (026.987690)  can0  067   [8]  0B AE 23 8F BC 00 00 00
 (026.987829)  can0  068   [8]  0B 0E A1 55 3A 00 00 00
 (027.047639)  can0  067   [8]  00 A6 07 95 BC 00 00 00
 (027.047678)  can0  067   [8]  11 06 00 00 00 00 29 01
 (027.047699)  can0  067   [8]  12 80 67 00 01 01 00 00
 (027.048032)  can0  068   [8]  00 0E A1 55 3A 00 00 00
 (027.048047)  can0  068   [8]  11 00 00 00 00 00 11 03
 (027.067704)  can0  067   [8]  05 16 1E 00 A8 1D 00 00
 (027.067725)  can0  067   [8]  0C 02 A1 AD 32 00 20 7E
 (027.067842)  can0  068   [8]  05 00 00 01 00 00 01 00
 (027.107718)  can0  067   [8]  0B 6A F1 8E BC 00 00 00
 (027.107858)  can0  068   [8]  0B 0E A1 55 3A 00 00 00
 (027.167714)  can0  067   [8]  00 2E 6C 95 BC 00 00 00
 (027.167837)  can0  068   [8]  00 8F E9 5B 3A 00 00 00
 (027.187702)  can0  067   [8]  05 D6 21 00 CF 21 00 00
 (027.187843)  can0  068   [8]  05 00 00 01 00 00 01 00
 (027.227681)  can0  067   [8]  0B 6A F1 8E BC 00 00 00
 (027.227835)  can0  068   [8]  0B 0E A1 55 3A 00 00 00
 (027.287717)  can0  067   [8]  00 EA 39 95 BC 00 00 00
 (027.287850)  can0  068   [8]  00 8F E9 5B 3A 00 00 00
 (027.307666)  can0  067   [8]  05 C2 21 00 AA 21 00 00
 (027.307842)  can0  068   [8]  05 00 00 01 00 00 01 00
 (027.347694)  can0  067   [8]  0B 6A F1 8E BC 00 00 00
 (027.347849)  can0  068   [8]  0B 0E A1 55 3A 00 00 00
 (027.407692)  can0  067   [8]  00 EA 39 95 BC 00 00 00
 (027.407838)  can0  068   [8]  00 0E A1 55 3A 00 00 00
 (027.427688)  can0  067   [8]  05 E0 21 00 D8 21 00 00
 (027.427839)  can0  068   [8]  05 00 00 01 00 00 01 00
 (027.467667)  can0  067   [8]  0B 6A F1 8E BC 00 00 00
 (027.467838)  can0  068   [8]  0B 0E A1 55 3A 00 00 00
 (027.527701)  can0  067   [8]  00 A6 07 95 BC 00 00 00
 (027.527839)  can0  068   [8]  00 0E A1 55 3A 00 00 00
 (027.547697)  can0  067   [8]  05 CC 21 00 00 23 00 00
 (027.547841)  can0  068   [8]  05 00 00 01 00 00 01 00
 (027.587711)  can0  067   [8]  0B 6A F1 8E BC 00 00 00
 (027.587849)  can0  068   [8]  0B 0E A1 55 3A 00 00 00
 (027.608058)  can0  068   [8]  0C 02 A0 07 00 32 00 80
 (027.628063)  can0  068   [8]  12 80 66 01 02 01 00 03
 (027.647738)  can0  067   [8]  00 62 D5 94 BC 00 00 00
 (027.647760)  can0  068   [8]  00 8F E9 5B 3A 00 00 00
 (027.667712)  can0  067   [8]  05 C2 21 00 06 22 00 00
 (027.667843)  can0  068   [8]  05 00 00 01 00 00 01 00
 (027.707662)  can0  067   [8]  0B 6A F1 8E BC 00 00 00
 (027.707806)  can0  068   [8]  0B 0E A1 55 3A 00 00 00
 (027.767691)  can0  067   [8]  00 2E 6C 95 BC 00 00 00
 (027.767789)  can0  068   [8]  00 0E A1 55 3A 00 00 00
 (027.787675)  can0  067   [8]  05 C2 21 00 0F 22 00 00
 (027.787806)  can0  068   [8]  05 00 00 01 00 00 01 00
 (027.827589)  can0  067   [8]  0B 6A F1 8E BC 00 00 00
 (027.827841)  can0  068   [8]  0B 0E A1 55 3A 00 00 00
 (027.887712)  can0  067   [8]  00 EA 39 95 BC 00 00 00
 (027.887785)  can0  068   [8]  00 8F E9 5B 3A 00 00 00
 (027.907707)  can0  067   [8]  05 EA 21 00 E1 21 00 00
 (027.907859)  can0  068   [8]  05 00 00 01 00 00 01 00
 (027.947736)  can0  067   [8]  0B 6A F1 8E BC 00 00 00
 (027.947763)  can0  068   [8]  0B 0E A1 55 3A 00 00 00
 (028.007698)  can0  067   [8]  00 A6 07 95 BC 00 00 00
 (028.007741)  can0  068   [8]  00 8E 58 4F 3A 00 00 00
 (028.027706)  can0  067   [8]  05 D6 21 00 F4 21 00 00
 (028.027848)  can0  068   [8]  05 00 00 01 00 00 01 00
 (028.047712)  can0  067   [8]  11 06 00 00 00 00 29 01
 (028.047733)  can0  067   [8]  12 80 67 00 01 01 00 00
 (028.047735)  can0  067   [8]  0C 02 A1 AD 00 00 70 20
 (028.047856)  can0  068   [8]  11 00 00 00 00 00 11 03
 (028.067710)  can0  067   [8]  0B 6A F1 8E BC 00 00 00
 (028.067840)  can0  068   [8]  0B 0E A1 55 3A 00 00 00
 (028.127693)  can0  067   [8]  00 EA 39 95 BC 00 00 00
 (028.127771)  can0  068   [8]  00 0E A1 55 3A 00 00 00
 (028.147653)  can0  067   [8]  05 D6 21 00 C5 21 00 00
 (028.147820)  can0  068   [8]  05 00 00 01 00 00 01 00
 (028.187687)  can0  067   [8]  0B 6A F1 8E BC 00 00 00
 (028.187813)  can0  068   [8]  0B 0E A1 55 3A 00 00 00
 (028.247652)  can0  067   [8]  00 A6 07 95 BC 00 00 00
 (028.247810)  can0  068   [8]  00 0E A1 55 3A 00 00 00
 (028.267653)  can0  067   [8]  05 CC 21 00 CF 21 00 00
 (028.267834)  can0  068   [8]  05 00 00 01 00 00 01 00
 (028.307660)  can0  067   [8]  0B 6A F1 8E BC 00 00 00
 (028.307816)  can0  068   [8]  0B 0E A1 55 3A 00 00 00
 (028.367687)  can0  067   [8]  00 71 9E 95 BC 00 00 00
 (028.367784)  can0  068   [8]  00 0E A1 55 3A 00 00 00
 (028.387672)  can0  067   [8]  05 D6 21 00 C5 21 00 00
 (028.387802)  can0  068   [8]  05 00 00 01 00 00 01 00
 (028.427687)  can0  067   [8]  0B 6A F1 8E BC 00 00 00
 (028.427792)  can0  068   [8]  0B 0E A1 55 3A 00 00 00
 (028.487688)  can0  067   [8]  00 EA 39 95 BC 00 00 00
 (028.487780)  can0  068   [8]  00 0E A1 55 3A 00 00 00
 (028.507691)  can0  067   [8]  05 D6 21 00 D8 21 00 00
 (028.507837)  can0  068   [8]  05 00 00 01 00 00 01 00
 (028.547679)  can0  067   [8]  0B 6A F1 8E BC 00 00 00
 (028.547804)  can0  068   [8]  0B 0E A1 55 3A 00 00 00
 (028.607684)  can0  067   [8]  00 62 D5 94 BC 00 00 00
 (028.607821)  can0  068   [8]  00 0E A1 55 3A 00 00 00
 (028.607945)  can0  068   [8]  0C 02 A0 07 00 32 00 80
 (028.627677)  can0  067   [8]  05 CC 21 00 E1 21 00 00
 (028.627844)  can0  068   [8]  05 00 00 01 00 00 01 00
 (028.627947)  can0  068   [8]  12 80 66 01 02 01 00 03
 (028.667699)  can0  067   [8]  0B 6A F1 8E BC 00 00 00
 (028.667736)  can0  068   [8]  0B 0E A1 55 3A 00 00 00
 (028.727697)  can0  067   [8]  00 A6 07 95 BC 00 00 00
 (028.727790)  can0  068   [8]  00 8F E9 5B 3A 00 00 00
 (028.747674)  can0  067   [8]  05 E0 21 00 AA 21 00 00
 (028.747811)  can0  068   [8]  05 00 00 01 00 00 01 00
 (028.787657)  can0  067   [8]  0B 6A F1 8E BC 00 00 00
 (028.787813)  can0  068   [8]  0B 0E A1 55 3A 00 00 00
 (028.847708)  can0  067   [8]  00 EA 39 95 BC 00 00 00
 (028.847778)  can0  068   [8]  00 0E A1 55 3A 00 00 00
 (028.867684)  can0  067   [8]  05 CC 21 00 A1 21 00 00
 (028.867810)  can0  068   [8]  05 00 00 01 00 00 01 00
 (028.907703)  can0  067   [8]  0B 6A F1 8E BC 00 00 00
 (028.907741)  can0  068   [8]  0B 0E A1 55 3A 00 00 00
 (028.967599)  can0  067   [8]  00 EA 39 95 BC 00 00 00
 (028.967856)  can0  068   [8]  00 8F E9 5B 3A 00 00 00
 (028.987652)  can0  067   [8]  05 D6 21 00 D8 21 00 00
 (028.987823)  can0  068   [8]  05 00 00 01 00 00 01 00
 (029.027633)  can0  067   [8]  0B 6A F1 8E BC 00 00 00
 (029.027783)  can0  068   [8]  0B 0E A1 55 3A 00 00 00
 (029.047683)  can0  067   [8]  11 06 00 00 00 00 29 01
 (029.047703)  can0  067   [8]  12 80 67 00 01 01 00 00
 (029.047704)  can0  067   [8]  0C 02 A1 AD 00 00 70 20
 (029.047828)  can0  068   [8]  11 00 00 00 00 00 11 03
 (029.087672)  can0  067   [8]  00 62 D5 94 BC 00 00 00
 (029.087770)  can0  068   [8]  00 0E A1 55 3A 00 00 00
 (029.107619)  can0  067   [8]  05 D6 21 00 B3 21 00 00
 (029.107792)  can0  068   [8]  05 00 00 01 00 00 01 00
 (029.147673)  can0  067   [8]  0B 6A F1 8E BC 00 00 00
 (029.147773)  can0  068   [8]  0B 0E A1 55 3A 00 00 00
 (029.207660)  can0  067   [8]  00 A6 07 95 BC 00 00 00
 (029.207791)  can0  068   [8]  00 0E A1 55 3A 00 00 00
 (029.227623)  can0  067   [8]  05 C2 21 00 AA 21 00 00
 (029.227779)  can0  068   [8]  05 00 00 01 00 00 01 00
 (029.267639)  can0  067   [8]  0B 6A F1 8E BC 00 00 00
 (029.267766)  can0  068   [8]  0B 0E A1 55 3A 00 00 00
 (029.327647)  can0  067   [8]  00 EA 39 95 BC 00 00 00
 (029.327827)  can0  068   [8]  00 0E A1 55 3A 00 00 00
 (029.347676)  can0  067   [8]  05 D6 21 00 CF 21 00 00
 (029.347820)  can0  068   [8]  05 00 00 01 00 00 01 00
 (029.387648)  can0  067   [8]  0B 6A F1 8E BC 00 00 00
 (029.387776)  can0  068   [8]  0B 0E A1 55 3A 00 00 00
 (029.447631)  can0  067   [8]  00 EA 39 95 BC 00 00 00
 (029.447802)  can0  068   [8]  00 0E A1 55 3A 00 00 00
 (029.467561)  can0  067   [8]  05 D6 21 00 C5 21 00 00
 (029.467819)  can0  068   [8]  05 00 00 01 00 00 01 00
 (029.507656)  can0  067   [8]  0B 6A F1 8E BC 00 00 00
 (029.507791)  can0  068   [8]  0B 0E A1 55 3A 00 00 00
 (029.567656)  can0  067   [8]  00 A6 07 95 BC 00 00 00
 (029.567791)  can0  068   [8]  00 0E A1 55 3A 00 00 00
 (029.587651)  can0  067   [8]  05 CC 21 00 AA 21 00 00
 (029.587802)  can0  068   [8]  05 00 00 01 00 00 01 00
 (029.608002)  can0  068   [8]  0C 02 A0 07 00 32 00 80
 (029.627629)  can0  067   [8]  0B 6A F1 8E BC 00 00 00
 (029.627800)  can0  068   [8]  0B 0E A1 55 3A 00 00 00
 (029.627931)  can0  068   [8]  12 80 66 01 02 01 00 03
 (029.687691)  can0  067   [8]  00 A6 07 95 BC 00 00 00
 (029.687732)  can0  068   [8]  00 0E A1 55 3A 00 00 00
 (029.707660)  can0  067   [8]  05 E0 21 00 FD 21 00 00
 (029.707797)  can0  068   [8]  05 00 00 01 00 00 01 00
 (029.747637)  can0  067   [8]  0B 6A F1 8E BC 00 00 00
 (029.747810)  can0  068   [8]  0B 0E A1 55 3A 00 00 00
 (029.807682)  can0  067   [8]  00 EA 39 95 BC 00 00 00
 (029.807760)  can0  068   [8]  00 8F E9 5B 3A 00 00 00
 (029.827653)  can0  067   [8]  05 CC 21 00 D8 21 00 00
 (029.827810)  can0  068   [8]  05 00 00 01 00 00 01 00
 (029.867675)  can0  067   [8]  0B 6A F1 8E BC 00 00 00
 (029.867799)  can0  068   [8]  0B 0E A1 55 3A 00 00 00
 (029.927681)  can0  067   [8]  00 2E 6C 95 BC 00 00 00
 (029.927750)  can0  068   [8]  00 0E A1 55 3A 00 00 00
 (029.947677)  can0  067   [8]  05 D6 21 00 EA 21 00 00
 (029.947718)  can0  068   [8]  05 00 00 01 00 00 01 00
 (029.987640)  can0  067   [8]  0B 6A F1 8E BC 00 00 00
 (029.987793)  can0  068   [8]  0B 0E A1 55 3A 00 00 00
 (030.043997)  can0  064   [8]  67 01 92 0A 86 BF 06 00
 (030.046037)  can0  064   [8]  68 01 92 0A 86 3F 06 00
 (030.047527)  can0  067   [8]  00 EA 39 95 BC 00 00 00
 (030.047552)  can0  067   [8]  11 06 00 00 00 00 09 01
 (030.047622)  can0  067   [8]  12 80 67 00 01 01 00 00
 (030.047816)  can0  068   [8]  00 0E A1 55 3A 00 00 00
 (030.047872)  can0  068   [8]  11 00 00 00 00 00 11 03
 (030.067585)  can0  067   [8]  05 E2 28 00 69 28 00 00
 (030.067615)  can0  067   [8]  0C 02 A1 AD 00 00 70 20
 (030.067789)  can0  068   [8]  05 00 00 01 00 00 01 00
 (030.107679)  can0  067   [8]  0B EA 39 95 BC 00 00 00
 (030.107770)  can0  068   [8]  0B 0E A1 55 3A 00 00 00
 (030.167652)  can0  067   [8]  00 C6 99 96 BC 00 00 00
 (030.167744)  can0  068   [8]  00 0E A1 55 3A 00 00 00
 (030.187632)  can0  067   [8]  05 7F 2F 00 72 2F 00 00
 (030.187747)  can0  068   [8]  05 00 00 01 00 00 01 00
 (030.227650)  can0  067   [8]  0B 1A 95 97 BC 00 00 00
 (030.227748)  can0  068   [8]  0B 0E A1 55 3A 00 00 00
 (030.287566)  can0  067   [8]  00 82 67 96 BC 00 00 00
 (030.287770)  can0  068   [8]  00 0E A1 55 3A 00 00 00
 (030.307646)  can0  067   [8]  05 3C 31 00 5F 32 00 00
 (030.307754)  can0  068   [8]  05 00 00 01 00 00 01 00
 (030.347716)  can0  067   [8]  0B 87 06 A0 BC 00 00 00
 (030.347763)  can0  068   [8]  0B 0E A1 55 3A 00 00 00
 (030.407696)  can0  067   [8]  00 D6 62 97 BC 00 00 00
 (030.407732)  can0  068   [8]  00 8F E9 5B 3A 00 00 00
 (030.427635)  can0  067   [8]  05 A7 34 00 A5 34 00 00
 (030.427756)  can0  068   [8]  05 00 00 01 00 00 01 00
 (030.467672)  can0  067   [8]  0B 08 E0 B2 BC 00 00 00
 (030.467783)  can0  068   [8]  0B 0E A1 55 3A 00 00 00
 (030.527610)  can0  067   [8]  00 6E 90 98 BC 00 00 00
 (030.527707)  can0  068   [8]  00 8F E9 5B 3A 00 00 00
 (030.547632)  can0  067   [8]  05 7E 3A 00 58 3A 00 00
 (030.547708)  can0  068   [8]  05 00 00 01 00 00 01 00
 (030.587608)  can0  067   [8]  0B EE 0E D4 BC 00 00 00
 (030.587711)  can0  068   [8]  0B 0E A1 55 3A 00 00 00
 (030.607982)  can0  068   [8]  0C 02 A0 07 00 32 00 80
 (030.627960)  can0  068   [8]  12 80 66 01 02 01 00 03
 (030.647634)  can0  067   [8]  00 06 BE 99 BC 00 00 00
 (030.647713)  can0  068   [8]  00 8F 7A 68 3A 00 00 00
 (030.667635)  can0  067   [8]  05 BB 43 00 66 43 00 00
 (030.667712)  can0  068   [8]  05 00 00 01 00 00 01 00
 (030.707604)  can0  067   [8]  0B 89 F2 03 BD 00 00 00
 (030.707712)  can0  068   [8]  0B 0E A1 55 3A 00 00 00
 (030.767654)  can0  067   [8]  00 E2 1D 9B BC 00 00 00
 (030.767868)  can0  068   [8]  00 8F 7A 68 3A 00 00 00
 (030.787622)  can0  067   [8]  05 CB 50 00 A2 57 00 00
 (030.787773)  can0  068   [8]  05 00 00 01 00 00 01 00
 (030.827654)  can0  067   [8]  0B 7B DC 28 BD 00 00 00
 (030.827772)  can0  068   [8]  0B 0E A1 55 3A 00 00 00
 (030.887639)  can0  067   [8]  00 5B 4A A7 BC 00 00 00
 (030.887770)  can0  068   [8]  00 90 0B 75 3A 00 00 00
 (030.907630)  can0  067   [8]  05 12 60 00 D4 5F 00 00
 (030.907770)  can0  068   [8]  05 00 00 01 00 00 01 00
 (030.947640)  can0  067   [8]  0B B4 10 59 BD 00 00 00
 (030.947779)  can0  068   [8]  0B 0E A1 55 3A 00 00 00
 (031.007637)  can0  067   [8]  00 74 C0 AE BC 00 00 00
 (031.007775)  can0  068   [8]  00 90 0B 75 3A 00 00 00
 (031.027464)  can0  067   [8]  05 03 75 00 DF 74 00 00
 (031.027787)  can0  068   [8]  05 00 00 01 00 00 01 00
 (031.047653)  can0  067   [8]  11 06 00 00 00 00 09 01
 (031.047671)  can0  067   [8]  12 80 67 00 01 01 00 00
 (031.047673)  can0  067   [8]  0C 02 A1 92 03 00 70 74
 (031.047760)  can0  068   [8]  11 00 00 00 00 00 11 03
 (031.067646)  can0  067   [8]  0B BD 60 8A BD 00 00 00
 (031.067784)  can0  068   [8]  0B 0E A1 55 3A 00 00 00
 (031.127641)  can0  067   [8]  00 D0 9E EB BC 00 00 00
 (031.127775)  can0  068   [8]  00 0A CC 96 3A 00 00 00
 (031.147630)  can0  067   [8]  05 0A 77 00 42 6E 00 00
 (031.147778)  can0  068   [8]  05 00 00 01 00 00 01 00
 (031.187652)  can0  067   [8]  0B 41 DE AD BD 00 00 00
 (031.187777)  can0  068   [8]  0B 0E A1 55 3A 00 00 00
 (031.247605)  can0  067   [8]  00 38 71 EA BD 00 00 00
 (031.247774)  can0  068   [8]  00 8F 7A 68 3A 00 00 00
 (031.267616)  can0  067   [8]  05 C3 11 00 69 12 00 00
 (031.267777)  can0  068   [8]  05 00 00 01 00 00 01 00
 (031.307557)  can0  067   [8]  0B 7B 0D D7 BD 00 00 00
 (031.307791)  can0  068   [8]  0B 0E A1 55 3A 00 00 00
 (031.367648)  can0  067   [8]  00 19 6B EE BD 00 00 00
 (031.367726)  can0  068   [8]  00 48 CE 80 3A 00 00 00
 (031.387638)  can0  067   [8]  05 0B 38 00 8B 37 00 00
 (031.387776)  can0  068   [8]  05 00 00 01 00 00 01 00
 (031.427670)  can0  067   [8]  0B C1 2F 03 BE 00 00 00
 (031.427708)  can0  068   [8]  0B 0E A1 55 3A 00 00 00
 (031.487615)  can0  067   [8]  00 67 D6 FA BD 00 00 00
 (031.487778)  can0  068   [8]  00 C9 16 87 3A 00 00 00
 (031.507595)  can0  067   [8]  05 88 48 00 34 48 00 00
 (031.507779)  can0  068   [8]  05 00 00 01 00 00 01 00
 (031.547546)  can0  067   [8]  0B F9 07 1D BE 00 00 00
 (031.547787)  can0  068   [8]  0B 0E A1 55 3A 00 00 00
 (031.607603)  can0  067   [8]  00 D2 1F 24 BE 00 00 00
 (031.607826)  can0  068   [8]  00 89 F2 83 3A 00 00 00
 (031.607835)  can0  068   [8]  0C 02 A0 07 00 32 00 80
 (031.627584)  can0  067   [8]  05 CE 35 00 74 35 00 00
 (031.627740)  can0  068   [8]  05 00 00 01 00 00 01 00
 (031.627883)  can0  068   [8]  12 80 66 01 02 01 00 03
 (031.667629)  can0  067   [8]  0B 19 35 39 BE 00 00 00
 (031.667768)  can0  068   [8]  0B 0E A1 55 3A 00 00 00
 (031.727628)  can0  067   [8]  00 91 D5 3F BE 00 00 00
 (031.727786)  can0  068   [8]  00 89 F2 83 3A 00 00 00
 (031.747597)  can0  067   [8]  05 F0 40 00 F9 40 00 00
 (031.747787)  can0  068   [8]  05 00 00 01 00 00 01 00
 (031.787616)  can0  067   [8]  0B EA 00 57 BE 00 00 00
 (031.787746)  can0  068   [8]  0B 0E A1 55 3A 00 00 00
 (031.847631)  can0  067   [8]  00 23 09 60 BE 00 00 00
 (031.847751)  can0  068   [8]  00 48 CE 80 3A 00 00 00
 (031.867618)  can0  067   [8]  05 F0 36 00 37 37 00 00
 (031.867750)  can0  068   [8]  05 00 00 01 00 00 01 00
 (031.907609)  can0  067   [8]  0B 79 E7 75 BE 00 00 00
 (031.907747)  can0  068   [8]  0B 0E A1 55 3A 00 00 00
 (031.967613)  can0  067   [8]  00 F7 1F 81 BE 00 00 00
 (031.967760)  can0  068   [8]  00 48 CE 80 3A 00 00 00
 (031.987639)  can0  067   [8]  05 9A 31 00 44 31 00 00
 (031.987680)  can0  068   [8]  05 00 00 01 00 00 01 00
 (032.027582)  can0  067   [8]  0B 47 AF 8A BE 00 00 00
 (032.027744)  can0  068   [8]  0B 0E A1 55 3A 00 00 00
 (032.047613)  can0  067   [8]  11 06 00 00 00 00 09 01
 (032.047640)  can0  067   [8]  12 80 67 00 01 01 00 00
 (032.047652)  can0  067   [8]  0C 02 A1 B6 FF 00 10 7E
 (032.047794)  can0  068   [8]  11 00 00 00 00 00 11 03
 (032.087642)  can0  067   [8]  00 49 FC 8B BE 00 00 00
 (032.087684)  can0  068   [8]  00 48 CE 80 3A 00 00 00
 (032.107624)  can0  067   [8]  05 EA 42 00 5C 42 00 00
 (032.107711)  can0  068   [8]  05 00 00 01 00 00 01 00
 (032.147494)  can0  067   [8]  0B AA 7D 9A BE 00 00 00
 (032.147783)  can0  068   [8]  0B 0E A1 55 3A 00 00 00
 (032.207605)  can0  067   [8]  00 9B 40 9F BE 00 00 00
 (032.207731)  can0  068   [8]  00 48 CE 80 3A 00 00 00
 (032.227598)  can0  067   [8]  05 F4 39 00 54 3A 00 00
 (032.227748)  can0  068   [8]  05 00 00 01 00 00 01 00
 (032.267635)  can0  067   [8]  0B 0D 4C AA BE 00 00 00
 (032.267740)  can0  068   [8]  0B 0E A1 55 3A 00 00 00
 (032.327605)  can0  067   [8]  00 05 30 B0 BE 00 00 00
 (032.327754)  can0  068   [8]  00 89 F2 83 3A 00 00 00
 (032.347613)  can0  067   [8]  05 E3 36 00 B2 35 00 00
 (032.347748)  can0  068   [8]  05 00 00 01 00 00 01 00
 (032.387625)  can0  067   [8]  0B 70 1A BA BE 00 00 00
 (032.387748)  can0  068   [8]  0B 0E A1 55 3A 00 00 00
 (032.447618)  can0  067   [8]  00 09 D4 C0 BE 00 00 00
 (032.447756)  can0  068   [8]  00 48 CE 80 3A 00 00 00
 (032.467612)  can0  067   [8]  05 9E 2F 00 12 2F 00 00
 (032.467758)  can0  068   [8]  05 00 00 01 00 00 01 00
 (032.507591)  can0  067   [8]  0B D2 E8 C9 BE 00 00 00
 (032.507756)  can0  068   [8]  0B 0E A1 55 3A 00 00 00
 (032.567558)  can0  067   [8]  00 E4 DA CE BE 00 00 00
 (032.567785)  can0  068   [8]  00 11 54 7B 3A 00 00 00
 (032.587558)  can0  067   [8]  05 64 2F 00 BE 2E 00 00
 (032.587749)  can0  068   [8]  05 00 00 01 00 00 01 00
 (032.607947)  can0  068   [8]  0C 02 A0 07 00 32 00 80
 (032.627542)  can0  067   [8]  0B 35 B7 D9 BE 00 00 00
 (032.627795)  can0  068   [8]  0B 0E A1 55 3A 00 00 00
 (032.627803)  can0  068   [8]  12 80 66 01 02 01 00 03
 (032.687621)  can0  067   [8]  00 D9 3C DD BE 00 00 00
 (032.687746)  can0  068   [8]  00 48 CE 80 3A 00 00 00
 (032.707605)  can0  067   [8]  05 16 38 00 52 38 00 00
 (032.707743)  can0  068   [8]  05 00 00 01 00 00 01 00
 (032.747613)  can0  067   [8]  0B 03 A5 E9 BE 00 00 00
 (032.747747)  can0  068   [8]  0B 0E A1 55 3A 00 00 00
 (032.807639)  can0  067   [8]  00 BA 40 EF BE 00 00 00
 (032.807771)  can0  068   [8]  00 90 0B 75 3A 00 00 00
 (032.827621)  can0  067   [8]  05 D6 35 00 15 35 00 00
 (032.827747)  can0  068   [8]  05 00 00 01 00 00 01 00
 (032.867620)  can0  067   [8]  0B FB 53 F9 BE 00 00 00
 (032.867752)  can0  068   [8]  0B 0E A1 55 3A 00 00 00
 (032.927607)  can0  067   [8]  00 56 4A 00 BF 00 00 00
 (032.927758)  can0  068   [8]  00 90 0B 75 3A 00 00 00
 (032.947587)  can0  067   [8]  05 18 2F 00 51 2E 00 00
 (032.947754)  can0  068   [8]  05 00 00 01 00 00 01 00
 (032.987564)  can0  067   [8]  0B 9D 8F 04 BF 00 00 00
 (032.987756)  can0  068   [8]  0B 0E A1 55 3A 00 00 00
 (033.047464)  can0  067   [8]  00 E7 BE 08 BF 00 00 00
 (033.047482)  can0  067   [8]  11 06 00 00 00 00 09 01
 (033.047639)  can0  067   [8]  12 80 67 00 01 01 00 00
 (033.047813)  can0  068   [8]  00 11 54 7B 3A 00 00 00
 (033.047822)  can0  068   [8]  11 00 00 00 00 00 11 03
 (033.067544)  can0  067   [8]  05 DE 28 00 3C 28 00 00
 (033.067562)  can0  067   [8]  0C 02 A1 B6 FF 00 00 7E
 (033.067772)  can0  068   [8]  05 00 00 01 00 00 01 00
 (033.107546)  can0  067   [8]  0B CF 76 0C BF 00 00 00
 (033.107682)  can0  068   [8]  0B 0E A1 55 3A 00 00 00
 (033.167585)  can0  067   [8]  00 41 1A 0F BF 00 00 00
 (033.167706)  can0  068   [8]  00 11 54 7B 3A 00 00 00
 (033.187572)  can0  067   [8]  05 F3 2A 00 63 2A 00 00
 (033.187708)  can0  068   [8]  05 00 00 01 00 00 01 00
 (033.227585)  can0  067   [8]  0B 00 5E 14 BF 00 00 00
 (033.227713)  can0  068   [8]  0B 0E A1 55 3A 00 00 00
 (033.287519)  can0  067   [8]  00 99 EE 16 BF 00 00 00
 (033.287752)  can0  068   [8]  00 11 54 7B 3A 00 00 00
 (033.307483)  can0  067   [8]  05 CB 30 00 CE 30 00 00
 (033.307756)  can0  068   [8]  05 00 00 01 00 00 01 00
 (033.347532)  can0  067   [8]  0B 32 45 1C BF 00 00 00
 (033.347709)  can0  068   [8]  0B 0E A1 55 3A 00 00 00
 (033.407585)  can0  067   [8]  00 B4 B1 1F BF 00 00 00
 (033.407728)  can0  068   [8]  00 90 0B 75 3A 00 00 00
 (033.427578)  can0  067   [8]  05 BB 2F 00 A3 2E 00 00
 (033.427729)  can0  068   [8]  05 00 00 01 00 00 01 00
 (033.467591)  can0  067   [8]  0B 63 2C 24 BF 00 00 00
 (033.467726)  can0  068   [8]  0B 0E A1 55 3A 00 00 00
 (033.527580)  can0  067   [8]  00 A8 87 28 BF 00 00 00
 (033.527728)  can0  068   [8]  00 10 C3 6E 3A 00 00 00
 (033.547584)  can0  067   [8]  05 69 27 00 30 27 00 00
 (033.547729)  can0  068   [8]  05 00 00 01 00 00 01 00
 (033.587598)  can0  067   [8]  0B 95 13 2C BF 00 00 00
 (033.587729)  can0  068   [8]  0B 0E A1 55 3A 00 00 00
 (033.607929)  can0  068   [8]  0C 02 A0 07 00 32 00 80
 (033.627907)  can0  068   [8]  12 80 66 01 02 01 00 03
 (033.647590)  can0  067   [8]  00 87 CB 30 BF 00 00 00
 (033.647732)  can0  068   [8]  00 90 0B 75 3A 00 00 00
 (033.667599)  can0  067   [8]  05 41 22 00 24 22 00 00
 (033.667740)  can0  068   [8]  05 00 00 01 00 00 01 00
 (033.707555)  can0  067   [8]  0B C6 FA 33 BF 00 00 00
 (033.707739)  can0  068   [8]  0B 0E A1 55 3A 00 00 00
 (033.767597)  can0  067   [8]  00 2A 2D 37 BF 00 00 00
 (033.767745)  can0  068   [8]  00 90 0B 75 3A 00 00 00
 (033.787569)  can0  067   [8]  05 70 24 00 38 24 00 00
 (033.787714)  can0  068   [8]  05 00 00 01 00 00 01 00
 (033.827555)  can0  067   [8]  0B F8 E1 3B BF 00 00 00
 (033.827717)  can0  068   [8]  0B 0E A1 55 3A 00 00 00
 (033.887578)  can0  067   [8]  00 81 0C 3F BF 00 00 00
 (033.887719)  can0  068   [8]  00 10 C3 6E 3A 00 00 00
 (033.907569)  can0  067   [8]  05 68 2A 00 FD 29 00 00
 (033.907724)  can0  068   [8]  05 00 00 01 00 00 01 00
 (033.947601)  can0  067   [8]  0B 29 C9 43 BF 00 00 00
 (033.947723)  can0  068   [8]  0B 0E A1 55 3A 00 00 00
 (034.007554)  can0  067   [8]  00 76 D7 47 BF 00 00 00
 (034.007721)  can0  068   [8]  00 8F 7A 68 3A 00 00 00
 (034.027573)  can0  067   [8]  05 64 27 00 06 27 00 00
 (034.027718)  can0  068   [8]  05 00 00 01 00 00 01 00
 (034.047625)  can0  067   [8]  11 06 00 00 00 00 09 01
 (034.047643)  can0  067   [8]  12 80 67 00 01 01 00 00
 (034.047644)  can0  067   [8]  0C 02 A1 AD FF 00 00 7E
 (034.047731)  can0  068   [8]  11 00 00 00 00 00 11 03
 (034.067578)  can0  067   [8]  0B 10 C0 4B BF 00 00 00
 (034.067723)  can0  068   [8]  0B 0E A1 55 3A 00 00 00
 (034.127584)  can0  067   [8]  00 6D 97 50 BF 00 00 00
 (034.127736)  can0  068   [8]  00 0F 32 62 3A 00 00 00
 (034.147552)  can0  067   [8]  05 F1 1F 00 89 1F 00 00
 (034.147743)  can0  068   [8]  05 00 00 01 00 00 01 00
 (034.187550)  can0  067   [8]  0B 20 8E 53 BF 00 00 00
 (034.187785)  can0  068   [8]  0B 0E A1 55 3A 00 00 00
 (034.247529)  can0  067   [8]  00 12 46 58 BF 00 00 00
 (034.247771)  can0  068   [8]  00 8F 7A 68 3A 00 00 00
 (034.267491)  can0  067   [8]  05 F9 1A 00 94 1B 00 00
 (034.267744)  can0  068   [8]  05 00 00 01 00 00 01 00
 (034.307524)  can0  067   [8]  0B A0 44 5B BF 00 00 00
 (034.307760)  can0  068   [8]  0B 0E A1 55 3A 00 00 00
 (034.367560)  can0  067   [8]  00 93 8E 5E BF 00 00 00
 (034.367752)  can0  068   [8]  00 8F 7A 68 3A 00 00 00
 (034.387560)  can0  067   [8]  05 8B 1E 00 56 1E 00 00
 (034.387803)  can0  068   [8]  05 00 00 01 00 00 01 00
 (034.427563)  can0  067   [8]  0B 70 B4 62 BF 00 00 00
 (034.427747)  can0  068   [8]  0B 0E A1 55 3A 00 00 00
 (034.487512)  can0  067   [8]  00 38 3D 66 BF 00 00 00
 (034.487803)  can0  068   [8]  00 0F 32 62 3A 00 00 00
 (034.507562)  can0  067   [8]  05 5F 22 00 49 21 00 00
 (034.507752)  can0  068   [8]  05 00 00 01 00 00 01 00
 (034.547527)  can0  067   [8]  0B 00 BB 69 BF 00 00 00
 (034.547768)  can0  068   [8]  0B 0E A1 55 3A 00 00 00
 (034.607578)  can0  067   [8]  00 D2 59 6E BF 00 00 00
 (034.607771)  can0  068   [8]  00 8F E9 5B 3A 00 00 00
 (034.607782)  can0  068   [8]  0C 02 A0 07 00 32 00 80
 (034.627582)  can0  067   [8]  05 AA 17 00 95 17 00 00
 (034.627793)  can0  068   [8]  05 00 00 01 00 00 01 00
 (034.627804)  can0  068   [8]  12 80 66 01 02 01 00 03
 (034.667579)  can0  067   [8]  0B EA 38 70 BF 00 00 00
 (034.667741)  can0  068   [8]  0B 0E A1 55 3A 00 00 00
 (034.727561)  can0  067   [8]  00 98 5B 73 BF 00 00 00
 (034.727748)  can0  068   [8]  00 8F E9 5B 3A 00 00 00
 (034.747541)  can0  067   [8]  05 BE 16 00 3C 16 00 00
 (034.747803)  can0  068   [8]  05 00 00 01 00 00 01 00
 (034.787556)  can0  067   [8]  0B BF 0E 76 BF 00 00 00
 (034.787825)  can0  068   [8]  0B 0E A1 55 3A 00 00 00
 (034.847536)  can0  067   [8]  00 69 52 79 BF 00 00 00
 (034.847787)  can0  068   [8]  00 8F E9 5B 3A 00 00 00
 (034.867545)  can0  067   [8]  05 AD 1A 00 A5 1A 00 00
 (034.867811)  can0  068   [8]  05 00 00 01 00 00 01 00
 (034.907538)  can0  067   [8]  0B 5E 2E 7B BF 00 00 00
 (034.907799)  can0  068   [8]  0B 0E A1 55 3A 00 00 00
 (034.967575)  can0  067   [8]  00 6F BD 7E BF 00 00 00
 (034.967720)  can0  068   [8]  00 8F E9 5B 3A 00 00 00
 (034.987555)  can0  067   [8]  05 F8 0E 00 FE 0E 00 00
 (034.987751)  can0  068   [8]  05 00 00 01 00 00 01 00
 (035.027553)  can0  067   [8]  0B C6 97 7F BF 00 00 00
 (035.027805)  can0  068   [8]  0B 0E A1 55 3A 00 00 00
 (035.047566)  can0  067   [8]  11 06 00 00 00 00 09 01
 (035.047584)  can0  067   [8]  12 80 67 00 01 01 00 00
 (035.047586)  can0  067   [8]  0C 02 A1 B6 FF 00 00 7E
 (035.047742)  can0  068   [8]  11 00 00 00 00 00 11 03
 (035.087563)  can0  067   [8]  00 CF 3D 81 BF 00 00 00
 (035.087745)  can0  068   [8]  00 0E A1 55 3A 00 00 00
 (035.107515)  can0  067   [8]  05 D2 16 00 49 16 00 00
 (035.107775)  can0  068   [8]  05 00 00 01 00 00 01 00
 (035.147556)  can0  067   [8]  0B 7B A5 81 BF 00 00 00
 (035.147788)  can0  068   [8]  0B 0E A1 55 3A 00 00 00
 (035.207443)  can0  067   [8]  00 04 C1 82 BF 00 00 00
 (035.207764)  can0  068   [8]  00 0E A1 55 3A 00 00 00
 (035.227546)  can0  067   [8]  05 89 14 00 09 14 00 00
 (035.227784)  can0  068   [8]  05 00 00 01 00 00 01 00
 (035.267525)  can0  067   [8]  0B F9 23 83 BF 00 00 00
 (035.267781)  can0  068   [8]  0B 0E A1 55 3A 00 00 00
 (035.327533)  can0  067   [8]  00 13 ED 84 BF 00 00 00
 (035.327794)  can0  068   [8]  00 8E 58 4F 3A 00 00 00
 (035.347521)  can0  067   [8]  05 AC 0D 00 9A 0D 00 00
 (035.347777)  can0  068   [8]  05 00 00 01 00 00 01 00
 (035.387573)  can0  067   [8]  0B B7 49 84 BF 00 00 00
 (035.387758)  can0  068   [8]  0B 0E A1 55 3A 00 00 00
 (035.447541)  can0  067   [8]  00 40 4F 85 BF 00 00 00
 (035.447814)  can0  068   [8]  00 0E A1 55 3A 00 00 00
 (035.467538)  can0  067   [8]  05 18 11 00 C5 10 00 00
 (035.467784)  can0  068   [8]  05 00 00 01 00 00 01 00
 (035.507499)  can0  067   [8]  0B 59 14 85 BF 00 00 00
 (035.507774)  can0  068   [8]  0B 0E A1 55 3A 00 00 00
 (035.567505)  can0  067   [8]  00 00 6A 86 BF 00 00 00
 (035.567794)  can0  068   [8]  00 8E 58 4F 3A 00 00 00
 (035.587526)  can0  067   [8]  05 BD 0D 00 1B 0E 00 00
 (035.587779)  can0  068   [8]  05 00 00 01 00 00 01 00
 (035.607960)  can0  068   [8]  0C 02 A0 07 00 32 00 80
 (035.627527)  can0  067   [8]  0B B9 96 85 BF 00 00 00
 (035.627787)  can0  068   [8]  0B 0E A1 55 3A 00 00 00
 (035.627794)  can0  068   [8]  12 80 66 01 02 01 00 03
 (035.687568)  can0  067   [8]  00 76 C7 86 BF 00 00 00
 (035.687800)  can0  068   [8]  00 8E 58 4F 3A 00 00 00
 (035.707520)  can0  067   [8]  05 1A 0E 00 84 0D 00 00
 (035.707768)  can0  068   [8]  05 00 00 01 00 00 01 00
 (035.747547)  can0  067   [8]  0B C4 DF 85 BF 00 00 00
 (035.747675)  can0  068   [8]  0B 0E A1 55 3A 00 00 00
 (035.807517)  can0  067   [8]  00 B4 30 87 BF 00 00 00
 (035.807688)  can0  068   [8]  00 8E 58 4F 3A 00 00 00
 (035.827517)  can0  067   [8]  05 13 0C 00 ED 0B 00 00
 (035.827761)  can0  068   [8]  05 00 00 01 00 00 01 00
 (035.867528)  can0  067   [8]  0B C1 00 86 BF 00 00 00
 (035.867772)  can0  068   [8]  0B 0E A1 55 3A 00 00 00
 (035.927558)  can0  067   [8]  00 69 40 87 BF 00 00 00
 (035.927811)  can0  068   [8]  00 8E 58 4F 3A 00 00 00
 (035.947519)  can0  067   [8]  05 1A 0D 00 AE 0D 00 00
 (035.947772)  can0  068   [8]  05 00 00 01 00 00 01 00
 (035.987529)  can0  067   [8]  0B 65 09 86 BF 00 00 00
 (035.987782)  can0  068   [8]  0B 0E A1 55 3A 00 00 00
 (036.047543)  can0  067   [8]  00 0E 3E 87 BF 00 00 00
 (036.047562)  can0  067   [8]  11 06 00 00 00 00 29 01
 (036.047564)  can0  067   [8]  12 80 67 00 01 01 00 00
 (036.047814)  can0  068   [8]  00 0E A1 55 3A 00 00 00
 (036.047822)  can0  068   [8]  11 00 00 00 00 00 11 03
 (036.067536)  can0  067   [8]  05 0D 08 00 72 08 00 00
 (036.067554)  can0  067   [8]  0C 02 A1 92 4F 00 10 7E
 (036.067691)  can0  068   [8]  05 00 00 01 00 00 01 00
 (036.107533)  can0  067   [8]  0B 2E 0A 86 BF 00 00 00
 (036.107772)  can0  068   [8]  0B 0E A1 55 3A 00 00 00
 (036.167564)  can0  067   [8]  00 A0 3F 87 BF 00 00 00
 (036.167764)  can0  068   [8]  00 0E A1 55 3A 00 00 00
 (036.187548)  can0  067   [8]  05 F5 01 00 18 02 00 00
 (036.187823)  can0  068   [8]  05 00 00 01 00 00 01 00
 (036.227530)  can0  067   [8]  0B 2E 0A 86 BF 00 00 00
 (036.227783)  can0  068   [8]  0B 0E A1 55 3A 00 00 00
 (036.287556)  can0  067   [8]  00 0E 3E 87 BF 00 00 00
 (036.287681)  can0  068   [8]  00 8E 58 4F 3A 00 00 00
 (036.307570)  can0  067   [8]  05 F4 01 00 60 01 00 00
 (036.307682)  can0  068   [8]  05 00 00 01 00 00 01 00
 (036.347503)  can0  067   [8]  0B 2E 0A 86 BF 00 00 00
 (036.347689)  can0  068   [8]  0B 0E A1 55 3A 00 00 00
 (036.407528)  can0  067   [8]  00 69 40 87 BF 00 00 00
 (036.407691)  can0  068   [8]  00 0D 10 49 3A 00 00 00
 (036.427502)  can0  067   [8]  05 EA 01 00 FD 01 00 00
 (036.427690)  can0  068   [8]  05 00 00 01 00 00 01 00
 (036.467513)  can0  067   [8]  0B 2E 0A 86 BF 00 00 00
 (036.467691)  can0  068   [8]  0B 0E A1 55 3A 00 00 00
 (036.527523)  can0  067   [8]  00 A0 3F 87 BF 00 00 00
 (036.527755)  can0  068   [8]  00 8E 58 4F 3A 00 00 00
 (036.547509)  can0  067   [8]  05 E9 01 00 A0 01 00 00
 (036.547692)  can0  068   [8]  05 00 00 01 00 00 01 00
 (036.587516)  can0  067   [8]  0B 2E 0A 86 BF 00 00 00
 (036.587693)  can0  068   [8]  0B 0E A1 55 3A 00 00 00
 (036.607897)  can0  068   [8]  0C 02 A0 07 00 32 00 80
 (036.627859)  can0  068   [8]  12 80 66 01 02 01 00 03
 (036.647548)  can0  067   [8]  00 D7 3E 87 BF 00 00 00
 (036.647678)  can0  068   [8]  00 8E 58 4F 3A 00 00 00
 (036.667541)  can0  067   [8]  05 E9 01 00 D8 01 00 00
 (036.667679)  can0  068   [8]  05 00 00 01 00 00 01 00
 (036.707567)  can0  067   [8]  0B 2E 0A 86 BF 00 00 00
 (036.707702)  can0  068   [8]  0B 0E A1 55 3A 00 00 00
 (036.767502)  can0  067   [8]  00 32 41 87 BF 00 00 00
 (036.767740)  can0  068   [8]  00 8E 58 4F 3A 00 00 00
 (036.787479)  can0  067   [8]  05 E8 01 00 F3 01 00 00
 (036.787713)  can0  068   [8]  05 00 00 01 00 00 01 00
 (036.827521)  can0  067   [8]  0B 2E 0A 86 BF 00 00 00
 (036.827693)  can0  068   [8]  0B 0E A1 55 3A 00 00 00
 (036.887550)  can0  067   [8]  00 69 40 87 BF 00 00 00
 (036.887700)  can0  068   [8]  00 8E 58 4F 3A 00 00 00
 (036.907525)  can0  067   [8]  05 E8 01 00 C5 01 00 00
 (036.907718)  can0  068   [8]  05 00 00 01 00 00 01 00
 (036.947547)  can0  067   [8]  0B 2E 0A 86 BF 00 00 00
 (036.947706)  can0  068   [8]  0B 0E A1 55 3A 00 00 00
 (037.007536)  can0  067   [8]  00 A0 3F 87 BF 00 00 00
 (037.007731)  can0  068   [8]  00 0E A1 55 3A 00 00 00
 (037.027533)  can0  067   [8]  05 E7 01 00 BC 01 00 00
 (037.027719)  can0  068   [8]  05 00 00 01 00 00 01 00
 (037.047535)  can0  067   [8]  11 06 00 00 00 00 29 01
 (037.047557)  can0  067   [8]  12 80 67 00 01 01 00 00
 (037.047559)  can0  067   [8]  0C 02 A1 92 00 00 70 04
 (037.047669)  can0  068   [8]  11 00 00 00 00 00 11 03
 (037.067522)  can0  067   [8]  0B 2E 0A 86 BF 00 00 00
 (037.067695)  can0  068   [8]  0B 0E A1 55 3A 00 00 00
 (037.127522)  can0  067   [8]  00 A0 3F 87 BF 00 00 00
 (037.127700)  can0  068   [8]  00 8E 58 4F 3A 00 00 00
 (037.147516)  can0  067   [8]  05 F1 01 00 47 02 00 00
 (037.147709)  can0  068   [8]  05 00 00 01 00 00 01 00
 (037.187521)  can0  067   [8]  0B 2E 0A 86 BF 00 00 00
 (037.187668)  can0  068   [8]  0B 0E A1 55 3A 00 00 00
 (037.247537)  can0  067   [8]  00 A0 3F 87 BF 00 00 00
 (037.247690)  can0  068   [8]  00 8E 58 4F 3A 00 00 00
 (037.267508)  can0  067   [8]  05 E6 01 00 EA 01 00 00
 (037.267697)  can0  068   [8]  05 00 00 01 00 00 01 00
 (037.307501)  can0  067   [8]  0B 2E 0A 86 BF 00 00 00
 (037.307697)  can0  068   [8]  0B 0E A1 55 3A 00 00 00
 (037.367506)  can0  067   [8]  00 A0 3F 87 BF 00 00 00
 (037.367696)  can0  068   [8]  00 0E A1 55 3A 00 00 00
 (037.387486)  can0  067   [8]  05 F0 01 00 CF 01 00 00
 (037.387747)  can0  068   [8]  05 00 00 01 00 00 01 00
 (037.427491)  can0  067   [8]  0B 2E 0A 86 BF 00 00 00
 (037.427663)  can0  068   [8]  0B 0E A1 55 3A 00 00 00
 (037.487509)  can0  067   [8]  00 69 40 87 BF 00 00 00
 (037.487663)  can0  068   [8]  00 8E 58 4F 3A 00 00 00
 (037.507527)  can0  067   [8]  05 E6 01 00 50 02 00 00
 (037.507665)  can0  068   [8]  05 00 00 01 00 00 01 00
 (037.547508)  can0  067   [8]  0B 2E 0A 86 BF 00 00 00
 (037.547666)  can0  068   [8]  0B 0E A1 55 3A 00 00 00
 (037.607547)  can0  067   [8]  00 A0 3F 87 BF 00 00 00
 (037.607651)  can0  068   [8]  00 8E 58 4F 3A 00 00 00
 (037.607793)  can0  068   [8]  0C 02 A0 07 00 32 00 80
 (037.627445)  can0  067   [8]  05 DC 01 00 06 02 00 00
 (037.627683)  can0  068   [8]  05 00 00 01 00 00 01 00
 (037.627784)  can0  068   [8]  12 80 66 01 02 01 00 03
 (037.667434)  can0  067   [8]  0B 2E 0A 86 BF 00 00 00
 (037.667688)  can0  068   [8]  0B 0E A1 55 3A 00 00 00
 (037.727487)  can0  067   [8]  00 D7 3E 87 BF 00 00 00
 (037.727755)  can0  068   [8]  00 8E 58 4F 3A 00 00 00
 (037.747446)  can0  067   [8]  05 DC 01 00 CF 01 00 00
 (037.747704)  can0  068   [8]  05 00 00 01 00 00 01 00
 (037.787470)  can0  067   [8]  0B 2E 0A 86 BF 00 00 00
 (037.787712)  can0  068   [8]  0B 0E A1 55 3A 00 00 00
 (037.847504)  can0  067   [8]  00 A0 3F 87 BF 00 00 00
 (037.847680)  can0  068   [8]  00 0E A1 55 3A 00 00 00
 (037.867480)  can0  067   [8]  05 DB 01 00 E1 01 00 00
 (037.867662)  can0  068   [8]  05 00 00 01 00 00 01 00
 (037.907491)  can0  067   [8]  0B 2E 0A 86 BF 00 00 00
 (037.907659)  can0  068   [8]  0B 0E A1 55 3A 00 00 00
 (037.967483)  can0  067   [8]  00 D7 3E 87 BF 00 00 00
 (037.967664)  can0  068   [8]  00 8E 58 4F 3A 00 00 00
 (037.987480)  can0  067   [8]  05 E5 01 00 47 02 00 00
 (037.987666)  can0  068   [8]  05 00 00 01 00 00 01 00
 (038.027520)  can0  067   [8]  0B 2E 0A 86 BF 00 00 00
 (038.027662)  can0  068   [8]  0B 0E A1 55 3A 00 00 00
 (038.047523)  can0  067   [8]  11 06 00 00 00 00 29 01
 (038.047542)  can0  067   [8]  12 80 67 00 01 01 00 00
 (038.047543)  can0  067   [8]  0C 02 A1 92 00 00 70 04
 (038.047669)  can0  068   [8]  11 00 00 00 00 00 11 03
 (038.087487)  can0  067   [8]  00 A0 3F 87 BF 00 00 00
 (038.087742)  can0  068   [8]  00 8E 58 4F 3A 00 00 00
 (038.107472)  can0  067   [8]  05 DA 01 00 E1 01 00 00
 (038.107667)  can0  068   [8]  05 00 00 01 00 00 01 00
 (038.147468)  can0  067   [8]  0B 2E 0A 86 BF 00 00 00
 (038.147714)  can0  068   [8]  0B 0E A1 55 3A 00 00 00
 (038.207510)  can0  067   [8]  00 69 40 87 BF 00 00 00
 (038.207670)  can0  068   [8]  00 0E A1 55 3A 00 00 00
 (038.227487)  can0  067   [8]  05 DA 01 00 97 01 00 00
 (038.227665)  can0  068   [8]  05 00 00 01 00 00 01 00
 (038.267484)  can0  067   [8]  0B 2E 0A 86 BF 00 00 00
 (038.267713)  can0  068   [8]  0B 0E A1 55 3A 00 00 00
 (038.327498)  can0  067   [8]  00 A0 3F 87 BF 00 00 00
 (038.327672)  can0  068   [8]  00 8E 58 4F 3A 00 00 00
 (038.347499)  can0  067   [8]  05 E3 01 00 F3 01 00 00
 (038.347674)  can0  068   [8]  05 00 00 01 00 00 01 00
 (038.387476)  can0  067   [8]  0B 2E 0A 86 BF 00 00 00
 (038.387713)  can0  068   [8]  0B 0E A1 55 3A 00 00 00
 (038.447485)  can0  067   [8]  00 69 40 87 BF 00 00 00
 (038.447663)  can0  068   [8]  00 8E 58 4F 3A 00 00 00
 (038.467469)  can0  067   [8]  05 E3 01 00 18 02 00 00
 (038.467660)  can0  068   [8]  05 00 00 01 00 00 01 00
 (038.507529)  can0  067   [8]  0B 2E 0A 86 BF 00 00 00
 (038.507664)  can0  068   [8]  0B 0E A1 55 3A 00 00 00
 (038.567501)  can0  067   [8]  00 A0 3F 87 BF 00 00 00
 (038.567667)  can0  068   [8]  00 8E 58 4F 3A 00 00 00
 (038.587496)  can0  067   [8]  05 E2 01 00 F3 01 00 00
 (038.587661)  can0  068   [8]  05 00 00 01 00 00 01 00
 (038.607870)  can0  068   [8]  0C 02 A0 07 00 32 00 80
 (038.627493)  can0  067   [8]  0B 2E 0A 86 BF 00 00 00
 (038.627656)  can0  068   [8]  0B 0E A1 55 3A 00 00 00
 (038.627811)  can0  068   [8]  12 80 66 01 02 01 00 03
 (038.687513)  can0  067   [8]  00 69 40 87 BF 00 00 00
 (038.687661)  can0  068   [8]  00 8E 58 4F 3A 00 00 00
 (038.707448)  can0  067   [8]  05 E2 01 00 C3 00 00 00
 (038.707690)  can0  068   [8]  05 00 00 01 00 00 01 00
 (038.747492)  can0  067   [8]  0B 2E 0A 86 BF 00 00 00
 (038.747649)  can0  068   [8]  0B 0E A1 55 3A 00 00 00
 (038.807509)  can0  067   [8]  00 A0 3F 87 BF 00 00 00
 (038.807678)  can0  068   [8]  00 8E 58 4F 3A 00 00 00
 (038.827494)  can0  067   [8]  05 D7 01 00 AA 01 00 00
 (038.827688)  can0  068   [8]  05 00 00 01 00 00 01 00
 (038.867514)  can0  067   [8]  0B 2E 0A 86 BF 00 00 00
 (038.867673)  can0  068   [8]  0B 0E A1 55 3A 00 00 00
 (038.927477)  can0  067   [8]  00 A0 3F 87 BF 00 00 00
 (038.927729)  can0  068   [8]  00 8E 58 4F 3A 00 00 00
 (038.947488)  can0  067   [8]  05 E1 01 00 FD 01 00 00
 (038.947678)  can0  068   [8]  05 00 00 01 00 00 01 00
 (038.987486)  can0  067   [8]  0B 2E 0A 86 BF 00 00 00
 (038.987730)  can0  068   [8]  0B 0E A1 55 3A 00 00 00
 (039.047500)  can0  067   [8]  00 A0 3F 87 BF 00 00 00
 (039.047519)  can0  067   [8]  11 06 00 00 00 00 29 01
 (039.047520)  can0  067   [8]  12 80 67 00 01 01 00 00
 (039.047633)  can0  068   [8]  00 8E 58 4F 3A 00 00 00
 (039.047823)  can0  068   [8]  11 00 00 00 00 00 11 03
 (039.067429)  can0  067   [8]  05 D6 01 00 F3 01 00 00
 (039.067447)  can0  067   [8]  0C 02 A1 92 00 00 60 04
 (039.067691)  can0  068   [8]  05 00 00 01 00 00 01 00
 (039.107471)  can0  067   [8]  0B 2E 0A 86 BF 00 00 00
 (039.107658)  can0  068   [8]  0B 0E A1 55 3A 00 00 00
 (039.167475)  can0  067   [8]  00 69 40 87 BF 00 00 00
 (039.167634)  can0  068   [8]  00 0E A1 55 3A 00 00 00
 (039.187462)  can0  067   [8]  05 E0 01 00 FD 01 00 00
 (039.187653)  can0  068   [8]  05 00 00 01 00 00 01 00
 (039.227419)  can0  067   [8]  0B 2E 0A 86 BF 00 00 00
 (039.227635)  can0  068   [8]  0B 0E A1 55 3A 00 00 00
 (039.287451)  can0  067   [8]  00 A0 3F 87 BF 00 00 00
 (039.287638)  can0  068   [8]  00 0E A1 55 3A 00 00 00
 (039.307347)  can0  067   [8]  05 DF 01 00 C5 01 00 00
 (039.307656)  can0  068   [8]  05 00 00 01 00 00 01 00
 (039.347451)  can0  067   [8]  0B 2E 0A 86 BF 00 00 00
 (039.347661)  can0  068   [8]  0B 0E A1 55 3A 00 00 00
 (039.407502)  can0  067   [8]  00 69 40 87 BF 00 00 00
 (039.407643)  can0  068   [8]  00 8E 58 4F 3A 00 00 00
 (039.427458)  can0  067   [8]  05 CA 01 00 E1 01 00 00
 (039.427697)  can0  068   [8]  05 00 00 01 00 00 01 00
 (039.467471)  can0  067   [8]  0B 2E 0A 86 BF 00 00 00
 (039.467645)  can0  068   [8]  0B 0E A1 55 3A 00 00 00
 (039.527505)  can0  067   [8]  00 A0 3F 87 BF 00 00 00
 (039.527647)  can0  068   [8]  00 0E A1 55 3A 00 00 00
 (039.547465)  can0  067   [8]  05 DE 01 00 06 02 00 00
 (039.547653)  can0  068   [8]  05 00 00 01 00 00 01 00
 (039.587459)  can0  067   [8]  0B 2E 0A 86 BF 00 00 00
 (039.587645)  can0  068   [8]  0B 0E A1 55 3A 00 00 00
 (039.607842)  can0  068   [8]  0C 02 A0 07 00 32 00 80
 (039.627848)  can0  068   [8]  12 80 66 01 02 01 00 03
 (039.647458)  can0  067   [8]  00 69 40 87 BF 00 00 00
 (039.647648)  can0  068   [8]  00 8E 58 4F 3A 00 00 00
 (039.667470)  can0  067   [8]  05 D4 01 00 B3 01 00 00
 (039.667651)  can0  068   [8]  05 00 00 01 00 00 01 00
 (039.707463)  can0  067   [8]  0B 2E 0A 86 BF 00 00 00
 (039.707700)  can0  068   [8]  0B 0E A1 55 3A 00 00 00
 (039.767456)  can0  067   [8]  00 69 40 87 BF 00 00 00
 (039.767648)  can0  068   [8]  00 8E 58 4F 3A 00 00 00
 (039.787447)  can0  067   [8]  05 DE 01 00 BC 01 00 00
 (039.787702)  can0  068   [8]  05 00 00 01 00 00 01 00
 (039.827455)  can0  067   [8]  0B 2E 0A 86 BF 00 00 00
 (039.827696)  can0  068   [8]  0B 0E A1 55 3A 00 00 00
 (039.887476)  can0  067   [8]  00 D7 3E 87 BF 00 00 00
 (039.887665)  can0  068   [8]  00 8E 58 4F 3A 00 00 00
 (039.907460)  can0  067   [8]  05 D3 01 00 AA 01 00 00
 (039.907698)  can0  068   [8]  05 00 00 01 00 00 01 00
 (039.947476)  can0  067   [8]  0B 2E 0A 86 BF 00 00 00
 (039.947653)  can0  068   [8]  0B 0E A1 55 3A 00 00 00
 (040.007477)  can0  067   [8]  00 A0 3F 87 BF 00 00 00
 (040.007662)  can0  068   [8]  00 0E A1 55 3A 00 00 00
 (040.027467)  can0  067   [8]  05 D3 01 00 E1 01 00 00
 (040.027661)  can0  068   [8]  05 00 00 01 00 00 01 00
 (040.047487)  can0  067   [8]  11 06 00 00 00 00 29 01
 (040.047506)  can0  067   [8]  12 80 67 00 01 01 00 00
 (040.047508)  can0  067   [8]  0C 02 A1 92 00 00 70 04
 (040.047670)  can0  068   [8]  11 00 00 00 00 00 11 03
 (040.055902)  can0  064   [8]  67 01 35 FA 8E BC 07 00
 (040.057864)  can0  064   [8]  68 01 35 FA 8E 3C 07 00
 (040.067307)  can0  067   [8]  0B 69 40 87 BF 00 00 00
 (040.067335)  can0  067   [8]  11 06 00 00 00 00 09 01
 (040.067570)  can0  068   [8]  0B 0E A1 55 3A 00 00 00
 (040.127445)  can0  067   [8]  00 69 40 87 BF 00 00 00
 (040.127615)  can0  068   [8]  00 0E A1 55 3A 00 00 00
 (040.147445)  can0  067   [8]  05 57 05 00 86 05 00 00
 (040.147656)  can0  068   [8]  05 00 00 01 00 00 01 00
 (040.187449)  can0  067   [8]  0B D7 3E 87 BF 00 00 00
 (040.187565)  can0  068   [8]  0B 0E A1 55 3A 00 00 00
 (040.247475)  can0  067   [8]  00 69 40 87 BF 00 00 00
 (040.247570)  can0  068   [8]  00 8E 58 4F 3A 00 00 00
 (040.267476)  can0  067   [8]  05 83 04 00 8D 04 00 00
 (040.267570)  can0  068   [8]  05 00 00 01 00 00 01 00
 (040.307471)  can0  067   [8]  0B B4 30 87 BF 00 00 00
 (040.307570)  can0  068   [8]  0B 0E A1 55 3A 00 00 00
 (040.367484)  can0  067   [8]  00 A0 3F 87 BF 00 00 00
 (040.367614)  can0  068   [8]  00 0E A1 55 3A 00 00 00
 (040.387451)  can0  067   [8]  05 D3 02 00 91 02 00 00
 (040.387568)  can0  068   [8]  05 00 00 01 00 00 01 00
 (040.427448)  can0  067   [8]  0B 25 0E 87 BF 00 00 00
 (040.427569)  can0  068   [8]  0B 0E A1 55 3A 00 00 00
 (040.487473)  can0  067   [8]  00 69 40 87 BF 00 00 00
 (040.487588)  can0  068   [8]  00 8E 58 4F 3A 00 00 00
 (040.507465)  can0  067   [8]  05 4F 00 01 36 00 01 00
 (040.507588)  can0  068   [8]  05 00 00 01 00 00 01 00
 (040.547472)  can0  067   [8]  0B 9A CA 86 BF 00 00 00
 (040.547625)  can0  068   [8]  0B 0E A1 55 3A 00 00 00
 (040.607442)  can0  067   [8]  00 69 40 87 BF 00 00 00
 (040.607610)  can0  068   [8]  00 0E A1 55 3A 00 00 00
 (040.607770)  can0  068   [8]  0C 02 A0 07 00 32 00 80
 (040.627414)  can0  067   [8]  05 65 05 01 71 05 01 00
 (040.627631)  can0  068   [8]  05 00 00 01 00 00 01 00
 (040.627717)  can0  068   [8]  12 80 66 01 02 01 00 03
 (040.667460)  can0  067   [8]  0B A5 5C 86 BF 00 00 00
 (040.667584)  can0  068   [8]  0B 0E A1 55 3A 00 00 00
 (040.727442)  can0  067   [8]  00 A0 3F 87 BF 00 00 00
 (040.727576)  can0  068   [8]  00 8E 58 4F 3A 00 00 00
 (040.747489)  can0  067   [8]  05 8C 0C 01 7A 0C 01 00
 (040.747587)  can0  068   [8]  05 00 00 01 00 00 01 00
 (040.787472)  can0  067   [8]  0B 48 B9 85 BF 00 00 00
 (040.787584)  can0  068   [8]  0B 0E A1 55 3A 00 00 00
 (040.847430)  can0  067   [8]  00 B3 3B 87 BF 00 00 00
 (040.847568)  can0  068   [8]  00 8E 58 4F 3A 00 00 00
 (040.867441)  can0  067   [8]  05 D0 16 01 57 16 01 00
 (040.867571)  can0  068   [8]  05 00 00 01 00 00 01 00
 (040.907455)  can0  067   [8]  0B DF D7 84 BF 00 00 00
 (040.907568)  can0  068   [8]  0B 0E A1 55 3A 00 00 00
 (040.967453)  can0  067   [8]  00 6C 2A 87 BF 00 00 00
 (040.967570)  can0  068   [8]  00 0E A1 55 3A 00 00 00
 (040.987429)  can0  067   [8]  05 6B 23 01 39 23 01 00
 (040.987570)  can0  068   [8]  05 00 00 01 00 00 01 00
 (041.027451)  can0  067   [8]  0B 22 B2 83 BF 00 00 00
 (041.027582)  can0  068   [8]  0B 0E A1 55 3A 00 00 00
 (041.047437)  can0  067   [8]  12 80 67 00 01 01 00 00
 (041.047466)  can0  067   [8]  0C 02 A1 B6 07 00 70 7E
 (041.047573)  can0  068   [8]  11 00 00 00 00 00 11 03
 (041.067450)  can0  067   [8]  11 06 00 00 00 00 09 01
 (041.087450)  can0  067   [8]  00 6C 59 84 BF 00 00 00
 (041.087587)  can0  068   [8]  00 0E A1 55 3A 00 00 00
 (041.107458)  can0  067   [8]  05 F7 01 01 87 02 01 00
 (041.107583)  can0  068   [8]  05 00 00 01 00 00 01 00
 (041.147459)  can0  067   [8]  0B A2 49 82 BF 00 00 00
 (041.147581)  can0  068   [8]  0B 0E A1 55 3A 00 00 00
 (041.207359)  can0  067   [8]  00 64 8C 82 BF 00 00 00
 (041.207658)  can0  068   [8]  00 8D C7 42 3A 00 00 00
 (041.227433)  can0  067   [8]  05 88 0C 01 5D 0C 01 00
 (041.227580)  can0  068   [8]  05 00 00 01 00 00 01 00
 (041.267375)  can0  067   [8]  0B CD 9C 80 BF 00 00 00
 (041.267638)  can0  068   [8]  0B 0E A1 55 3A 00 00 00
 (041.327491)  can0  067   [8]  00 ED 82 81 BF 00 00 00
 (041.327624)  can0  068   [8]  00 0E A1 55 3A 00 00 00
 (041.347444)  can0  067   [8]  05 8D 11 01 9C 0F 01 00
 (041.347581)  can0  068   [8]  05 00 00 01 00 00 01 00
 (041.387473)  can0  067   [8]  0B 01 51 7D BF 00 00 00
 (041.387588)  can0  068   [8]  0B 0E A1 55 3A 00 00 00
 (041.447409)  can0  067   [8]  00 7C CB 7C BF 00 00 00
 (041.447586)  can0  068   [8]  00 0E A1 55 3A 00 00 00
 (041.467399)  can0  067   [8]  05 00 08 01 EB 07 01 00
 (041.467640)  can0  068   [8]  05 00 00 01 00 00 01 00
 (041.507420)  can0  067   [8]  0B 98 F2 78 BF 00 00 00
 (041.507547)  can0  068   [8]  0B 0E A1 55 3A 00 00 00
 (041.567447)  can0  067   [8]  00 48 9C 7A BF 00 00 00
 (041.567544)  can0  068   [8]  00 8E 58 4F 3A 00 00 00
 (041.587430)  can0  067   [8]  05 38 15 01 07 15 01 00
 (041.587598)  can0  068   [8]  05 00 00 01 00 00 01 00
 (041.607866)  can0  068   [8]  0C 02 A0 07 00 32 00 80
 (041.627415)  can0  067   [8]  0B AB 03 74 BF 00 00 00
 (041.627546)  can0  068   [8]  0B 0E A1 55 3A 00 00 00
 (041.627843)  can0  068   [8]  12 80 66 01 02 01 00 03
 (041.687431)  can0  067   [8]  00 F2 B1 72 BF 00 00 00
 (041.687591)  can0  068   [8]  00 0F 32 62 3A 00 00 00
 (041.707417)  can0  067   [8]  05 BA 02 01 E3 02 01 00
 (041.707551)  can0  068   [8]  05 00 00 01 00 00 01 00
 (041.747443)  can0  067   [8]  0B F0 93 6E BF 00 00 00
 (041.747547)  can0  068   [8]  0B 0E A1 55 3A 00 00 00
 (041.807461)  can0  067   [8]  00 10 26 70 BF 00 00 00
 (041.807558)  can0  068   [8]  00 8E 58 4F 3A 00 00 00
 (041.827436)  can0  067   [8]  05 71 16 01 CC 14 01 00
 (041.827549)  can0  068   [8]  05 00 00 01 00 00 01 00
 (041.867461)  can0  067   [8]  0B 1C B3 68 BF 00 00 00
 (041.867593)  can0  068   [8]  0B 0E A1 55 3A 00 00 00
 (041.927445)  can0  067   [8]  00 3B 7F 67 BF 00 00 00
 (041.927629)  can0  068   [8]  00 0F 32 62 3A 00 00 00
 (041.947425)  can0  067   [8]  05 EA 06 01 D9 06 01 00
 (041.947621)  can0  068   [8]  05 00 00 01 00 00 01 00
 (041.987434)  can0  067   [8]  0B BF 78 62 BF 00 00 00
 (041.987550)  can0  068   [8]  0B 0E A1 55 3A 00 00 00
 (042.047482)  can0  067   [8]  00 E4 D3 63 BF 00 00 00
 (042.047518)  can0  067   [8]  12 80 67 00 01 01 00 00
 (042.047519)  can0  067   [8]  0C 02 A1 AD F8 00 00 7E
 (042.047580)  can0  068   [8]  00 8E 58 4F 3A 00 00 00
 (042.047689)  can0  068   [8]  11 00 00 00 00 00 11 03
 (042.067436)  can0  067   [8]  05 4E 10 01 DF 0E 01 00
 (042.067472)  can0  067   [8]  11 06 00 00 00 00 09 01
 (042.067580)  can0  068   [8]  05 00 00 01 00 00 01 00
 (042.107442)  can0  067   [8]  0B B2 F7 5B BF 00 00 00
 (042.107536)  can0  068   [8]  0B 0E A1 55 3A 00 00 00
 (042.167390)  can0  067   [8]  00 AC 2E 5C BF 00 00 00
 (042.167548)  can0  068   [8]  00 8F E9 5B 3A 00 00 00
 (042.187411)  can0  067   [8]  05 58 0F 01 0E 0F 01 00
 (042.187596)  can0  068   [8]  05 00 00 01 00 00 01 00
 (042.227449)  can0  067   [8]  0B 60 44 55 BF 00 00 00
 (042.227560)  can0  068   [8]  0B 0E A1 55 3A 00 00 00
 (042.287441)  can0  067   [8]  00 5A 23 54 BF 00 00 00
 (042.287589)  can0  068   [8]  00 0F 32 62 3A 00 00 00
 (042.307391)  can0  067   [8]  05 2A 04 01 CE 03 01 00
 (042.307550)  can0  068   [8]  05 00 00 01 00 00 01 00
 (042.347394)  can0  067   [8]  0B 5C 76 4E BF 00 00 00
 (042.347531)  can0  068   [8]  0B 0E A1 55 3A 00 00 00
 (042.407358)  can0  067   [8]  00 F3 AE 4F BF 00 00 00
 (042.407576)  can0  068   [8]  00 0E A1 55 3A 00 00 00
 (042.427337)  can0  067   [8]  05 32 0D 01 B5 0C 01 00
 (042.427578)  can0  068   [8]  05 00 00 01 00 00 01 00
 (042.467384)  can0  067   [8]  0B EA 9E 47 BF 00 00 00
 (042.467518)  can0  068   [8]  0B 0E A1 55 3A 00 00 00
 (042.527377)  can0  067   [8]  00 73 F8 47 BF 00 00 00
 (042.527513)  can0  068   [8]  00 8F E9 5B 3A 00 00 00
 (042.547316)  can0  067   [8]  05 9A 0D 01 75 0D 01 00
 (042.547557)  can0  068   [8]  05 00 00 01 00 00 01 00
 (042.587320)  can0  067   [8]  0B 78 C7 40 BF 00 00 00
 (042.587544)  can0  068   [8]  0B 0E A1 55 3A 00 00 00
 (042.607775)  can0  068   [8]  0C 02 A0 07 00 32 00 80
 (042.627792)  can0  068   [8]  12 80 66 01 02 01 00 03
 (042.647376)  can0  067   [8]  00 05 92 3F BF 00 00 00
 (042.647495)  can0  068   [8]  00 8F E9 5B 3A 00 00 00
 (042.667346)  can0  067   [8]  05 01 03 01 BC 02 01 00
 (042.667541)  can0  068   [8]  05 00 00 01 00 00 01 00
 (042.707366)  can0  067   [8]  0B E3 E1 39 BF 00 00 00
 (042.707491)  can0  068   [8]  0B 0E A1 55 3A 00 00 00
 (042.767283)  can0  067   [8]  00 C6 FF 3A BF 00 00 00
 (042.767532)  can0  068   [8]  00 0E A1 55 3A 00 00 00
 (042.787292)  can0  067   [8]  05 73 07 01 DE 06 01 00
 (042.787535)  can0  068   [8]  05 00 00 01 00 00 01 00
 (042.827296)  can0  067   [8]  0B 27 1A 33 BF 00 00 00
 (042.827437)  can0  068   [8]  0B 0E A1 55 3A 00 00 00
 (042.887278)  can0  067   [8]  00 F5 9A 33 BF 00 00 00
 (042.887434)  can0  068   [8]  00 0F 32 62 3A 00 00 00
 (042.907279)  can0  067   [8]  05 3B 0C 01 F3 0C 01 00
 (042.907438)  can0  068   [8]  05 00 00 01 00 00 01 00
 (042.947264)  can0  067   [8]  0B B5 42 2C BF 00 00 00
 (042.947421)  can0  068   [8]  0B 0E A1 55 3A 00 00 00
 (043.007257)  can0  067   [8]  00 42 0D 2B BF 00 00 00
 (043.007478)  can0  068   [8]  00 0F 32 62 3A 00 00 00
 (043.027278)  can0  067   [8]  05 4B 02 01 82 00 01 00
 (043.027421)  can0  068   [8]  05 00 00 01 00 00 01 00
 (043.047269)  can0  067   [8]  12 80 67 00 01 01 00 00
 (043.047299)  can0  067   [8]  0C 02 A1 AD FF 00 00 7E
 (043.047448)  can0  068   [8]  11 00 00 00 00 00 11 03
 (043.067195)  can0  067   [8]  0B 42 6B 25 BF 00 00 00
 (043.067232)  can0  067   [8]  11 06 00 00 00 00 09 01
 (043.067444)  can0  068   [8]  0B 0E A1 55 3A 00 00 00
 (043.127286)  can0  067   [8]  00 7D 00 26 BF 00 00 00
 (043.127397)  can0  068   [8]  00 0F 32 62 3A 00 00 00
 (043.147251)  can0  067   [8]  05 A8 00 01 07 00 01 00
 (043.147439)  can0  068   [8]  05 00 00 01 00 00 01 00
 (043.187274)  can0  067   [8]  0B D1 93 1E BF 00 00 00
 (043.187388)  can0  068   [8]  0B 0E A1 55 3A 00 00 00
 (043.247219)  can0  067   [8]  00 C1 2D 1F BF 00 00 00
 (043.247399)  can0  068   [8]  00 0F 32 62 3A 00 00 00
 (043.267241)  can0  067   [8]  05 83 0A 01 80 09 01 00
 (043.267404)  can0  068   [8]  05 00 00 01 00 00 01 00
 (043.307236)  can0  067   [8]  0B 5F BC 17 BF 00 00 00
 (043.307383)  can0  068   [8]  0B 0E A1 55 3A 00 00 00
 (043.367260)  can0  067   [8]  00 A1 A1 16 BF 00 00 00
 (043.367362)  can0  068   [8]  00 8F 7A 68 3A 00 00 00
 (043.387259)  can0  067   [8]  05 1C 02 01 31 00 01 00
 (043.387407)  can0  068   [8]  05 00 00 01 00 00 01 00
 (043.427237)  can0  067   [8]  0B ED E4 10 BF 00 00 00
 (043.427359)  can0  068   [8]  0B 0E A1 55 3A 00 00 00
 (043.487269)  can0  067   [8]  00 17 B1 10 BF 00 00 00
 (043.487357)  can0  068   [8]  00 0F 32 62 3A 00 00 00
 (043.507213)  can0  067   [8]  05 4F 05 00 D6 05 00 00
 (043.507349)  can0  068   [8]  05 00 00 01 00 00 01 00
 (043.547253)  can0  067   [8]  0B 7C 0D 0A BF 00 00 00
 (043.547348)  can0  068   [8]  0B 0E A1 55 3A 00 00 00
 (043.607168)  can0  067   [8]  00 6D 9C 0A BF 00 00 00
 (043.607403)  can0  068   [8]  00 8F E9 5B 3A 00 00 00
 (043.607477)  can0  068   [8]  0C 02 A0 07 00 32 00 80
 (043.627189)  can0  067   [8]  05 07 08 01 C4 07 01 00
 (043.627322)  can0  068   [8]  05 00 00 01 00 00 01 00
 (043.627615)  can0  068   [8]  12 80 66 01 02 01 00 03
 (043.667197)  can0  067   [8]  0B 0A 36 03 BF 00 00 00
 (043.667312)  can0  068   [8]  0B 0E A1 55 3A 00 00 00
 (043.727209)  can0  067   [8]  00 6B 4A 02 BF 00 00 00
 (043.727356)  can0  068   [8]  00 10 C3 6E 3A 00 00 00
 (043.747192)  can0  067   [8]  05 3F 01 01 70 00 00 00
 (043.747303)  can0  068   [8]  05 00 00 01 00 00 01 00
 (043.787136)  can0  067   [8]  0B 2F BD F8 BE 00 00 00
 (043.787364)  can0  068   [8]  0B 0E A1 55 3A 00 00 00
 (043.847128)  can0  067   [8]  00 A5 0B F7 BE 00 00 00
 (043.847343)  can0  068   [8]  00 0F 32 62 3A 00 00 00
 (043.867109)  can0  067   [8]  05 24 09 00 0D 08 00 00
 (043.867366)  can0  068   [8]  05 00 00 01 00 00 01 00
 (043.907132)  can0  067   [8]  0B 4C 0E EB BE 00 00 00
 (043.907303)  can0  068   [8]  0B 0E A1 55 3A 00 00 00
 (043.967144)  can0  067   [8]  00 C4 0C EC BE 00 00 00
 (043.967347)  can0  068   [8]  00 0F 32 62 3A 00 00 00
 (043.987132)  can0  067   [8]  05 A1 05 01 EA 04 01 00
 (043.987290)  can0  068   [8]  05 00 00 01 00 00 01 00
 (044.027173)  can0  067   [8]  0B 22 43 DD BE 00 00 00
 (044.027286)  can0  068   [8]  0B 0E A1 55 3A 00 00 00
 (044.047167)  can0  067   [8]  12 80 67 00 01 01 00 00
 (044.047202)  can0  067   [8]  0C 02 A1 9B FF 00 00 7E
 (044.047289)  can0  068   [8]  11 00 00 00 00 00 11 03
 (044.067103)  can0  067   [8]  11 06 00 00 00 00 09 01
 (044.087056)  can0  067   [8]  00 D9 D9 DB BE 00 00 00
 (044.087271)  can0  068   [8]  00 8F 7A 68 3A 00 00 00
 (044.107096)  can0  067   [8]  05 BB 00 01 F5 00 00 00
 (044.107300)  can0  068   [8]  05 00 00 01 00 00 01 00
 (044.147071)  can0  067   [8]  0B A9 B3 CF BE 00 00 00
 (044.147296)  can0  068   [8]  0B 0E A1 55 3A 00 00 00
 (044.207102)  can0  067   [8]  00 FE 6F CC BE 00 00 00
 (044.207250)  can0  068   [8]  00 10 C3 6E 3A 00 00 00
 (044.227068)  can0  067   [8]  05 C6 0B 00 88 0C 00 00
 (044.227310)  can0  068   [8]  05 00 00 01 00 00 01 00
 (044.267108)  can0  067   [8]  0B C6 04 C2 BE 00 00 00
 (044.267214)  can0  068   [8]  0B 0E A1 55 3A 00 00 00
 (044.327082)  can0  067   [8]  00 64 F0 C2 BE 00 00 00
 (044.327317)  can0  068   [8]  00 8F 7A 68 3A 00 00 00
 (044.347055)  can0  067   [8]  05 B9 02 01 CB 01 01 00
 (044.347286)  can0  068   [8]  05 00 00 01 00 00 01 00
 (044.387069)  can0  067   [8]  0B E2 55 B4 BE 00 00 00
 (044.387197)  can0  068   [8]  0B 0E A1 55 3A 00 00 00
 (044.447085)  can0  067   [8]  00 73 FF B2 BE 00 00 00
 (044.447205)  can0  068   [8]  00 8F 7A 68 3A 00 00 00
 (044.467090)  can0  067   [8]  05 58 00 01 F1 00 00 00
 (044.467237)  can0  068   [8]  05 00 00 01 00 00 01 00
 (044.507084)  can0  067   [8]  0B FE A6 A6 BE 00 00 00
 (044.507196)  can0  068   [8]  0B 0E A1 55 3A 00 00 00
 (044.567082)  can0  067   [8]  00 26 55 A2 BE 00 00 00
 (044.567214)  can0  068   [8]  00 10 C3 6E 3A 00 00 00
 (044.587031)  can0  067   [8]  05 A1 0C 00 B2 0C 00 00
 (044.587175)  can0  068   [8]  05 00 00 01 00 00 01 00
 (044.607360)  can0  068   [8]  0C 02 A0 07 00 32 00 80
 (044.627058)  can0  067   [8]  0B 1A F8 98 BE 00 00 00
 (044.627193)  can0  068   [8]  0B 0E A1 55 3A 00 00 00
 (044.627337)  can0  068   [8]  12 80 66 01 02 01 00 03
 (044.687024)  can0  067   [8]  00 C2 8B 99 BE 00 00 00
 (044.687156)  can0  068   [8]  00 90 0B 75 3A 00 00 00
 (044.707000)  can0  067   [8]  05 81 01 00 80 02 00 00
 (044.707153)  can0  068   [8]  05 00 00 01 00 00 01 00
 (044.747019)  can0  067   [8]  0B 37 49 8B BE 00 00 00
 (044.747147)  can0  068   [8]  0B 0E A1 55 3A 00 00 00
 (044.807026)  can0  067   [8]  00 E5 37 8A BE 00 00 00
 (044.807154)  can0  068   [8]  00 90 0B 75 3A 00 00 00
 (044.826881)  can0  067   [8]  05 6C 00 00 8A 01 00 00
 (044.827306)  can0  068   [8]  05 00 00 01 00 00 01 00
 (044.866956)  can0  067   [8]  0B C8 4D 7B BE 00 00 00
 (044.867140)  can0  068   [8]  0B 0E A1 55 3A 00 00 00
 (044.926864)  can0  067   [8]  00 B6 32 72 BE 00 00 00
 (044.927263)  can0  068   [8]  00 11 54 7B 3A 00 00 00
 (044.946950)  can0  067   [8]  05 38 0D 00 22 0D 00 00
 (044.947135)  can0  068   [8]  05 00 00 01 00 00 01 00
 (044.986932)  can0  067   [8]  0B AB 6D 60 BE 00 00 00
 (044.987176)  can0  068   [8]  0B 0E A1 55 3A 00 00 00
 (045.046968)  can0  067   [8]  00 3E C7 61 BE 00 00 00
 (045.046999)  can0  067   [8]  12 80 67 00 01 01 00 00
 (045.047001)  can0  067   [8]  0C 02 A1 89 FF 00 00 7E
 (045.047173)  can0  068   [8]  00 10 C3 6E 3A 00 00 00
 (045.047317)  can0  068   [8]  11 00 00 00 00 00 11 03
 (045.066911)  can0  067   [8]  05 BC 05 00 B7 06 00 00
 (045.066946)  can0  067   [8]  11 06 00 00 00 00 09 01
 (045.067187)  can0  068   [8]  05 00 00 01 00 00 01 00
 (045.106920)  can0  067   [8]  0B C5 43 46 BE 00 00 00
 (045.107120)  can0  068   [8]  0B 0E A1 55 3A 00 00 00
 (045.166898)  can0  067   [8]  00 60 7F 44 BE 00 00 00
 (045.167159)  can0  068   [8]  00 48 CE 80 3A 00 00 00
 (045.186932)  can0  067   [8]  05 17 03 00 A8 02 00 00
 (045.187153)  can0  068   [8]  05 00 00 01 00 00 01 00
 (045.226933)  can0  067   [8]  0B C2 21 2D BE 00 00 00
 (045.227151)  can0  068   [8]  0B 0E A1 55 3A 00 00 00
 (045.286827)  can0  067   [8]  00 CE 4B 24 BE 00 00 00
 (045.287161)  can0  068   [8]  00 11 54 7B 3A 00 00 00
 (045.306874)  can0  067   [8]  05 C5 12 00 9B 11 00 00
 (045.307112)  can0  068   [8]  05 00 00 01 00 00 01 00
 (045.346955)  can0  067   [8]  0B 59 2D 15 BE 00 00 00
 (045.347085)  can0  068   [8]  0B 0E A1 55 3A 00 00 00
 (045.406935)  can0  067   [8]  00 72 64 18 BE 00 00 00
 (045.407085)  can0  068   [8]  00 90 0B 75 3A 00 00 00
 (045.426847)  can0  067   [8]  05 FA 02 00 90 03 00 00
 (045.427119)  can0  068   [8]  05 00 00 01 00 00 01 00
 (045.466891)  can0  067   [8]  0B 04 9E FE BD 00 00 00
 (045.467083)  can0  068   [8]  0B 0E A1 55 3A 00 00 00
 (045.526928)  can0  067   [8]  00 C1 61 F0 BD 00 00 00
 (045.527088)  can0  068   [8]  00 11 54 7B 3A 00 00 00
 (045.546903)  can0  067   [8]  05 24 10 00 7A 10 00 00
 (045.547103)  can0  068   [8]  05 00 00 01 00 00 01 00
 (045.586867)  can0  067   [8]  0B B0 76 D6 BD 00 00 00
 (045.587102)  can0  068   [8]  0B 0E A1 55 3A 00 00 00
 (045.607312)  can0  068   [8]  0C 02 A0 07 00 32 00 80
 (045.627316)  can0  068   [8]  12 80 66 01 02 01 00 03
 (045.646874)  can0  067   [8]  00 14 C7 DD BD 00 00 00
 (045.646999)  can0  068   [8]  00 10 C3 6E 3A 00 00 00
 (045.666866)  can0  067   [8]  05 0C 07 00 55 08 00 00
 (045.667037)  can0  068   [8]  05 00 00 01 00 00 01 00
 (045.706828)  can0  067   [8]  0B 11 88 B2 BD 00 00 00
 (045.707041)  can0  068   [8]  0B 0E A1 55 3A 00 00 00
 (045.766835)  can0  067   [8]  00 4D 08 A5 BD 00 00 00
 (045.766977)  can0  068   [8]  00 10 C3 6E 3A 00 00 00
 (045.786829)  can0  067   [8]  05 77 13 00 AA 13 00 00
 (045.786991)  can0  068   [8]  05 00 00 01 00 00 01 00
 (045.826841)  can0  067   [8]  0B 29 D2 92 BD 00 00 00
 (045.826977)  can0  068   [8]  0B 0E A1 55 3A 00 00 00
 (045.886854)  can0  067   [8]  00 A5 0C 9C BD 00 00 00
 (045.886974)  can0  068   [8]  00 10 C3 6E 3A 00 00 00
 (045.906841)  can0  067   [8]  05 06 07 00 FB 07 00 00
 (045.906963)  can0  068   [8]  05 00 00 01 00 00 01 00
 (045.946844)  can0  067   [8]  0B 10 C3 6E BD 00 00 00
 (045.946962)  can0  068   [8]  0B 0E A1 55 3A 00 00 00
 (046.006819)  can0  067   [8]  00 8C 62 5D BD 00 00 00
 (046.006962)  can0  068   [8]  00 90 0B 75 3A 00 00 00
 (046.026852)  can0  067   [8]  05 F1 19 00 1B 1A 00 00
 (046.026955)  can0  068   [8]  05 00 00 01 00 00 01 00
 (046.046829)  can0  067   [8]  12 80 67 00 01 01 00 00
 (046.046861)  can0  067   [8]  0C 02 A1 92 FF 00 00 7E
 (046.046946)  can0  068   [8]  11 00 00 00 00 00 11 03
 (046.066818)  can0  067   [8]  0B 19 3A 40 BD 00 00 00
 (046.066858)  can0  067   [8]  11 06 00 00 00 00 09 01
 (046.066963)  can0  068   [8]  0B 0E A1 55 3A 00 00 00
 (046.126772)  can0  067   [8]  00 3B 53 40 BD 00 00 00
 (046.126969)  can0  068   [8]  00 11 54 7B 3A 00 00 00
 (046.146786)  can0  067   [8]  05 75 10 00 32 10 00 00
 (046.147027)  can0  068   [8]  05 00 00 01 00 00 01 00
 (046.186811)  can0  067   [8]  0B 8F 22 1A BD 00 00 00
 (046.186919)  can0  068   [8]  0B 0E A1 55 3A 00 00 00
 (046.246803)  can0  067   [8]  00 A5 11 23 BD 00 00 00
 (046.246921)  can0  068   [8]  00 10 C3 6E 3A 00 00 00
 (046.266802)  can0  067   [8]  05 7D 0F 00 EE 10 00 00
 (046.266908)  can0  068   [8]  05 00 00 01 00 00 01 00
 (046.306809)  can0  067   [8]  0B E0 F8 F8 BC 00 00 00
 (046.306906)  can0  068   [8]  0B 0E A1 55 3A 00 00 00
 (046.366780)  can0  067   [8]  00 53 02 06 BD 00 00 00
 (046.366938)  can0  068   [8]  00 90 0B 75 3A 00 00 00
 (046.386732)  can0  067   [8]  05 24 12 00 D7 11 00 00
 (046.386969)  can0  068   [8]  05 00 00 01 00 00 01 00
 (046.426779)  can0  067   [8]  0B 6D C6 CD BC 00 00 00
 (046.426888)  can0  068   [8]  0B 0E A1 55 3A 00 00 00
 (046.486716)  can0  067   [8]  00 72 65 D7 BC 00 00 00
 (046.486899)  can0  068   [8]  00 90 0B 75 3A 00 00 00
 (046.506748)  can0  067   [8]  05 2C 14 00 D9 13 00 00
 (046.506893)  can0  068   [8]  05 00 00 01 00 00 01 00
 (046.546732)  can0  067   [8]  0B 94 52 B0 BC 00 00 00
 (046.546884)  can0  068   [8]  0B 0E A1 55 3A 00 00 00
 (046.606745)  can0  067   [8]  00 ED EC BA BC 00 00 00
 (046.606878)  can0  068   [8]  00 90 0B 75 3A 00 00 00
 (046.607072)  can0  068   [8]  0C 02 A0 07 00 32 00 80
 (046.626710)  can0  067   [8]  05 8E 14 00 01 14 00 00
 (046.626931)  can0  068   [8]  05 00 00 01 00 00 01 00
 (046.626973)  can0  068   [8]  12 80 66 01 02 01 00 03
 (046.666750)  can0  067   [8]  0B 9A DD 9D BC 00 00 00
 (046.666859)  can0  068   [8]  0B 0E A1 55 3A 00 00 00
 (046.726700)  can0  067   [8]  00 DA 01 A1 BC 00 00 00
 (046.726848)  can0  068   [8]  00 10 C3 6E 3A 00 00 00
 (046.746685)  can0  067   [8]  05 02 17 00 C7 16 00 00
 (046.746846)  can0  068   [8]  05 00 00 01 00 00 01 00
 (046.786683)  can0  067   [8]  0B 52 0C 94 BC 00 00 00
 (046.786840)  can0  068   [8]  0B 0E A1 55 3A 00 00 00
 (046.846673)  can0  067   [8]  00 FA 02 96 BC 00 00 00
 (046.846839)  can0  068   [8]  00 8E 58 4F 3A 00 00 00
 (046.866639)  can0  067   [8]  05 D8 16 00 DD 16 00 00
 (046.866883)  can0  068   [8]  05 00 00 01 00 00 01 00
 (046.906672)  can0  067   [8]  0B BE EC 8F BC 00 00 00
 (046.906826)  can0  068   [8]  0B 0E A1 55 3A 00 00 00
 (046.966644)  can0  067   [8]  00 B5 D0 95 BC 00 00 00
 (046.966829)  can0  068   [8]  00 8E 58 4F 3A 00 00 00
 (046.986667)  can0  067   [8]  05 22 16 00 1E 16 00 00
 (046.986818)  can0  068   [8]  05 00 00 01 00 00 01 00
 (047.026427)  can0  067   [8]  0B AE 23 8F BC 00 00 00
 (047.026891)  can0  068   [8]  0B 0E A1 55 3A 00 00 00
 (047.046660)  can0  067   [8]  12 80 67 00 01 01 00 00
 (047.046695)  can0  067   [8]  0C 02 A1 AD 33 00 10 7E
 (047.046826)  can0  068   [8]  11 00 00 00 00 00 11 03
 (047.066656)  can0  067   [8]  11 06 00 00 00 00 29 01
 (047.086631)  can0  067   [8]  00 FA 02 96 BC 00 00 00
 (047.086883)  can0  068   [8]  00 8E 58 4F 3A 00 00 00
 (047.106647)  can0  067   [8]  05 A4 21 00 B3 21 00 00
 (047.106865)  can0  068   [8]  05 00 00 01 00 00 01 00
 (047.146623)  can0  067   [8]  0B 6A F1 8E BC 00 00 00
 (047.146815)  can0  068   [8]  0B 0E A1 55 3A 00 00 00
 (047.206507)  can0  067   [8]  00 3E 35 96 BC 00 00 00
 (047.206830)  can0  068   [8]  00 8E 58 4F 3A 00 00 00
 (047.226579)  can0  067   [8]  05 A4 21 00 85 21 00 00
 (047.226939)  can0  068   [8]  05 00 00 01 00 00 01 00
 (047.266626)  can0  067   [8]  0B 6A F1 8E BC 00 00 00
 (047.266801)  can0  068   [8]  0B 0E A1 55 3A 00 00 00
 (047.326524)  can0  067   [8]  00 FA 02 96 BC 00 00 00
 (047.326798)  can0  068   [8]  00 8E 58 4F 3A 00 00 00
 (047.346611)  can0  067   [8]  05 A4 21 00 60 21 00 00
 (047.346743)  can0  068   [8]  05 00 00 01 00 00 01 00
 (047.386492)  can0  067   [8]  0B 6A F1 8E BC 00 00 00
 (047.386808)  can0  068   [8]  0B 0E A1 55 3A 00 00 00
 (047.446603)  can0  067   [8]  00 3E 35 96 BC 00 00 00
 (047.446733)  can0  068   [8]  00 8E 58 4F 3A 00 00 00
 (047.466556)  can0  067   [8]  05 A4 21 00 60 21 00 00
 (047.466779)  can0  068   [8]  05 00 00 01 00 00 01 00
 (047.506557)  can0  067   [8]  0B 6A F1 8E BC 00 00 00
 (047.506767)  can0  068   [8]  0B 0E A1 55 3A 00 00 00
 (047.566550)  can0  067   [8]  00 FA 02 96 BC 00 00 00
 (047.566758)  can0  068   [8]  00 8E 58 4F 3A 00 00 00
 (047.586580)  can0  067   [8]  05 9A 21 00 69 21 00 00
 (047.586793)  can0  068   [8]  05 00 00 01 00 00 01 00
 (047.606964)  can0  068   [8]  0C 02 A0 07 00 32 00 80
 (047.626446)  can0  067   [8]  0B 6A F1 8E BC 00 00 00
 (047.626840)  can0  068   [8]  0B 0E A1 55 3A 00 00 00
 (047.626859)  can0  068   [8]  12 80 66 01 02 01 00 03
 (047.686549)  can0  067   [8]  00 FA 02 96 BC 00 00 00
 (047.686732)  can0  068   [8]  00 8E 58 4F 3A 00 00 00
 (047.706501)  can0  067   [8]  05 9A 21 00 60 21 00 00
 (047.706734)  can0  068   [8]  05 00 00 01 00 00 01 00
 (047.746523)  can0  067   [8]  0B 6A F1 8E BC 00 00 00
 (047.746737)  can0  068   [8]  0B 0E A1 55 3A 00 00 00
 (047.806526)  can0  067   [8]  00 FA 02 96 BC 00 00 00
 (047.806670)  can0  068   [8]  00 0E A1 55 3A 00 00 00
 (047.826497)  can0  067   [8]  05 A4 21 00 AA 21 00 00
 (047.826713)  can0  068   [8]  05 00 00 01 00 00 01 00
 (047.866516)  can0  067   [8]  0B 6A F1 8E BC 00 00 00
 (047.866673)  can0  068   [8]  0B 0E A1 55 3A 00 00 00
 (047.926514)  can0  067   [8]  00 FA 02 96 BC 00 00 00
 (047.926655)  can0  068   [8]  00 0D 10 49 3A 00 00 00
 (047.946485)  can0  067   [8]  05 A4 21 00 E1 21 00 00
 (047.946693)  can0  068   [8]  05 00 00 01 00 00 01 00
 (047.986387)  can0  067   [8]  0B 6A F1 8E BC 00 00 00
 (047.986718)  can0  068   [8]  0B 0E A1 55 3A 00 00 00
 (048.046509)  can0  067   [8]  00 3E 35 96 BC 00 00 00
 (048.046545)  can0  067   [8]  12 80 67 00 01 01 00 00
 (048.046547)  can0  067   [8]  0C 02 A1 AD 00 00 80 20
 (048.046704)  can0  068   [8]  00 8E 58 4F 3A 00 00 00
 (048.046867)  can0  068   [8]  11 00 00 00 00 00 11 03
 (048.066467)  can0  067   [8]  05 A4 21 00 A1 21 00 00
 (048.066500)  can0  067   [8]  11 06 00 00 00 00 29 01
 (048.066663)  can0  068   [8]  05 00 00 01 00 00 01 00
 (048.106451)  can0  067   [8]  0B 6A F1 8E BC 00 00 00
 (048.106681)  can0  068   [8]  0B 0E A1 55 3A 00 00 00
 (048.166420)  can0  067   [8]  00 FA 02 96 BC 00 00 00
 (048.166762)  can0  068   [8]  00 8E 58 4F 3A 00 00 00
 (048.186426)  can0  067   [8]  05 9A 21 00 7C 21 00 00
 (048.186764)  can0  068   [8]  05 00 00 01 00 00 01 00
 (048.226446)  can0  067   [8]  0B 6A F1 8E BC 00 00 00
 (048.226630)  can0  068   [8]  0B 0E A1 55 3A 00 00 00
 (048.286454)  can0  067   [8]  00 3E 35 96 BC 00 00 00
 (048.286614)  can0  068   [8]  00 0E A1 55 3A 00 00 00
 (048.306448)  can0  067   [8]  05 A4 21 00 A1 21 00 00
 (048.306673)  can0  068   [8]  05 00 00 01 00 00 01 00
 (048.346467)  can0  067   [8]  0B 6A F1 8E BC 00 00 00
 (048.346657)  can0  068   [8]  0B 0E A1 55 3A 00 00 00
 (048.406445)  can0  067   [8]  00 FA 02 96 BC 00 00 00
 (048.406597)  can0  068   [8]  00 0D 10 49 3A 00 00 00
 (048.426440)  can0  067   [8]  05 A4 21 00 44 21 00 00
 (048.426595)  can0  068   [8]  05 00 00 01 00 00 01 00
 (048.466437)  can0  067   [8]  0B 6A F1 8E BC 00 00 00
 (048.466590)  can0  068   [8]  0B 0E A1 55 3A 00 00 00
 (048.526456)  can0  067   [8]  00 3E 35 96 BC 00 00 00
 (048.526554)  can0  068   [8]  00 8E 58 4F 3A 00 00 00
 (048.546410)  can0  067   [8]  05 A4 21 00 BC 21 00 00
 (048.546599)  can0  068   [8]  05 00 00 01 00 00 01 00
 (048.586384)  can0  067   [8]  0B 6A F1 8E BC 00 00 00
 (048.586599)  can0  068   [8]  0B 0E A1 55 3A 00 00 00
 (048.606822)  can0  068   [8]  0C 02 A0 07 00 32 00 80
 (048.626790)  can0  068   [8]  12 80 66 01 02 01 00 03
 (048.646396)  can0  067   [8]  00 FA 02 96 BC 00 00 00
 (048.646601)  can0  068   [8]  00 0E A1 55 3A 00 00 00
 (048.666426)  can0  067   [8]  05 9A 21 00 BC 21 00 00
 (048.666536)  can0  068   [8]  05 00 00 01 00 00 01 00
 (048.706379)  can0  067   [8]  0B 6A F1 8E BC 00 00 00
 (048.706579)  can0  068   [8]  0B 0E A1 55 3A 00 00 00
 (048.766373)  can0  067   [8]  00 3E 35 96 BC 00 00 00
 (048.766609)  can0  068   [8]  00 8E 58 4F 3A 00 00 00
 (048.786379)  can0  067   [8]  05 A4 21 00 7C 21 00 00
 (048.786631)  can0  068   [8]  05 00 00 01 00 00 01 00
 (048.826387)  can0  067   [8]  0B 6A F1 8E BC 00 00 00
 (048.826551)  can0  068   [8]  0B 0E A1 55 3A 00 00 00
 (048.886391)  can0  067   [8]  00 3E 35 96 BC 00 00 00
 (048.886552)  can0  068   [8]  00 0D 10 49 3A 00 00 00
 (048.906341)  can0  067   [8]  05 A4 21 00 8E 21 00 00
 (048.906590)  can0  068   [8]  05 00 00 01 00 00 01 00
 (048.946271)  can0  067   [8]  0B 6A F1 8E BC 00 00 00
 (048.946568)  can0  068   [8]  0B 0E A1 55 3A 00 00 00
 (049.006370)  can0  067   [8]  00 B5 D0 95 BC 00 00 00
 (049.006500)  can0  068   [8]  00 8E 58 4F 3A 00 00 00
 (049.026328)  can0  067   [8]  05 A4 21 00 D8 21 00 00
 (049.026493)  can0  068   [8]  05 00 00 01 00 00 01 00
 (049.046344)  can0  067   [8]  12 80 67 00 01 01 00 00
 (049.046380)  can0  067   [8]  0C 02 A1 AD 00 00 70 20
 (049.046498)  can0  068   [8]  11 00 00 00 00 00 11 03
 (049.066348)  can0  067   [8]  0B 6A F1 8E BC 00 00 00
 (049.066385)  can0  067   [8]  11 06 00 00 00 00 29 01
 (049.066554)  can0  068   [8]  0B 0E A1 55 3A 00 00 00
 (049.126204)  can0  067   [8]  00 FA 02 96 BC 00 00 00
 (049.126585)  can0  068   [8]  00 8E 58 4F 3A 00 00 00
 (049.146310)  can0  067   [8]  05 A4 21 00 7A 1D 00 00
 (049.146536)  can0  068   [8]  05 00 00 01 00 00 01 00
 (049.186320)  can0  067   [8]  0B 6A F1 8E BC 00 00 00
 (049.186485)  can0  068   [8]  0B 0E A1 55 3A 00 00 00
 (049.246247)  can0  067   [8]  00 FA 02 96 BC 00 00 00
 (049.246570)  can0  068   [8]  00 8E 58 4F 3A 00 00 00
 (049.266246)  can0  067   [8]  05 AE 21 00 E1 21 00 00
 (049.266539)  can0  068   [8]  05 00 00 01 00 00 01 00
 (049.306242)  can0  067   [8]  0B 6A F1 8E BC 00 00 00
 (049.306470)  can0  068   [8]  0B 0E A1 55 3A 00 00 00
 (049.366314)  can0  067   [8]  00 FA 02 96 BC 00 00 00
 (049.366499)  can0  068   [8]  00 8E 58 4F 3A 00 00 00
 (049.386248)  can0  067   [8]  05 A4 21 00 A1 21 00 00
 (049.386619)  can0  068   [8]  05 00 00 01 00 00 01 00
 (049.426256)  can0  067   [8]  0B 6A F1 8E BC 00 00 00
 (049.426435)  can0  068   [8]  0B 0E A1 55 3A 00 00 00
 (049.486259)  can0  067   [8]  00 FA 02 96 BC 00 00 00
 (049.486498)  can0  068   [8]  00 8E 58 4F 3A 00 00 00
 (049.506250)  can0  067   [8]  05 AE 21 00 BC 21 00 00
 (049.506491)  can0  068   [8]  05 00 00 01 00 00 01 00
 (049.546250)  can0  067   [8]  0B 6A F1 8E BC 00 00 00
 (049.546486)  can0  068   [8]  0B 0E A1 55 3A 00 00 00
 (049.606230)  can0  067   [8]  00 FA 02 96 BC 00 00 00
 (049.606470)  can0  068   [8]  00 8E 58 4F 3A 00 00 00
 (049.606523)  can0  068   [8]  0C 02 A0 07 00 32 00 80
 (049.626249)  can0  067   [8]  05 A4 21 00 C5 21 00 00
 (049.626403)  can0  068   [8]  05 00 00 01 00 00 01 00
 (049.626594)  can0  068   [8]  12 80 66 01 02 01 00 03
 (049.666232)  can0  067   [8]  0B 6A F1 8E BC 00 00 00
 (049.666445)  can0  068   [8]  0B 0E A1 55 3A 00 00 00
 (049.726234)  can0  067   [8]  00 FA 02 96 BC 00 00 00
 (049.726396)  can0  068   [8]  00 8E 58 4F 3A 00 00 00
 (049.746240)  can0  067   [8]  05 9A 21 00 6C 22 00 00
 (049.746444)  can0  068   [8]  05 00 00 01 00 00 01 00
 (049.786233)  can0  067   [8]  0B 6A F1 8E BC 00 00 00
 (049.786390)  can0  068   [8]  0B 0E A1 55 3A 00 00 00
 (049.846209)  can0  067   [8]  00 B5 D0 95 BC 00 00 00
 (049.846426)  can0  068   [8]  00 8E 58 4F 3A 00 00 00
 (049.866218)  can0  067   [8]  05 A3 21 00 ED 22 00 00
 (049.866374)  can0  068   [8]  05 00 00 01 00 00 01 00
 (049.906218)  can0  067   [8]  0B 6A F1 8E BC 00 00 00
 (049.906418)  can0  068   [8]  0B 0E A1 55 3A 00 00 00
 (049.966214)  can0  067   [8]  00 FA 02 96 BC 00 00 00
 (049.966425)  can0  068   [8]  00 0E A1 55 3A 00 00 00
 (049.986214)  can0  067   [8]  05 99 21 00 44 21 00 00
 (049.986374)  can0  068   [8]  05 00 00 01 00 00 01 00
 (050.026227)  can0  067   [8]  0B 6A F1 8E BC 00 00 00
 (050.026310)  can0  068   [8]  0B 0E A1 55 3A 00 00 00
 (050.046185)  can0  067   [8]  12 80 67 00 01 01 00 00
 (050.046218)  can0  067   [8]  0C 02 A1 AD 00 00 70 20
 (050.046331)  can0  068   [8]  11 00 00 00 00 00 11 03
 (050.065959)  can0  067   [8]  11 06 00 00 00 00 29 01
 (050.068508)  can0  064   [8]  67 01 92 0A 86 BF 06 00
 (050.070914)  can0  064   [8]  68 01 92 0A 86 3F 06 00
 (050.086063)  can0  067   [8]  00 FA 02 96 BC 00 00 00
 (050.086081)  can0  067   [8]  11 06 00 00 00 00 09 01
 (050.086400)  can0  068   [8]  00 8E 58 4F 3A 00 00 00
 (050.106059)  can0  067   [8]  05 E9 2B 00 BB 2B 00 00
 (050.106425)  can0  068   [8]  05 00 00 01 00 00 01 00
 (050.146082)  can0  067   [8]  0B B5 D0 95 BC 00 00 00
 (050.146437)  can0  068   [8]  0B 8E 58 4F 3A 00 00 00
 (050.206135)  can0  067   [8]  00 D6 62 97 BC 00 00 00
 (050.206365)  can0  068   [8]  00 8E 58 4F 3A 00 00 00
 (050.226128)  can0  067   [8]  05 9A 2F 00 BC 2F 00 00
 (050.226317)  can0  068   [8]  05 00 00 01 00 00 01 00
 (050.266118)  can0  067   [8]  0B B2 C2 98 BC 00 00 00
 (050.266368)  can0  068   [8]  0B 8E 58 4F 3A 00 00 00
 (050.326086)  can0  067   [8]  00 D6 62 97 BC 00 00 00
 (050.326356)  can0  068   [8]  00 0E A1 55 3A 00 00 00
 (050.346096)  can0  067   [8]  05 93 31 00 4A 31 00 00
 (050.346349)  can0  068   [8]  05 00 00 01 00 00 01 00
 (050.386109)  can0  067   [8]  0B 73 2F A2 BC 00 00 00
 (050.386363)  can0  068   [8]  0B 8E 58 4F 3A 00 00 00
 (050.446069)  can0  067   [8]  00 A2 F9 97 BC 00 00 00
 (050.446329)  can0  068   [8]  00 0E A1 55 3A 00 00 00
 (050.466089)  can0  067   [8]  05 26 35 00 F8 34 00 00
 (050.466330)  can0  068   [8]  05 00 00 01 00 00 01 00
 (050.506113)  can0  067   [8]  0B D0 68 B6 BC 00 00 00
 (050.506349)  can0  068   [8]  0B 8E 58 4F 3A 00 00 00
 (050.566099)  can0  067   [8]  00 06 BE 99 BC 00 00 00
 (050.566290)  can0  068   [8]  00 0E A1 55 3A 00 00 00
 (050.586088)  can0  067   [8]  05 4D 3B 00 BE 3A 00 00
 (050.586352)  can0  068   [8]  05 00 00 01 00 00 01 00
 (050.606488)  can0  068   [8]  0C 02 A0 07 00 32 00 80
 (050.626103)  can0  067   [8]  0B A2 C0 D9 BC 00 00 00
 (050.626293)  can0  068   [8]  0B 8E 58 4F 3A 00 00 00
 (050.626420)  can0  068   [8]  12 80 66 01 02 01 00 03
 (050.686061)  can0  067   [8]  00 9E EB 9A BC 00 00 00
 (050.686314)  can0  068   [8]  00 8F E9 5B 3A 00 00 00
 (050.706069)  can0  067   [8]  05 F8 44 00 05 45 00 00
 (050.706320)  can0  068   [8]  05 00 00 01 00 00 01 00
 (050.746064)  can0  067   [8]  0B FB F8 07 BD 00 00 00
 (050.746322)  can0  068   [8]  0B 8E 58 4F 3A 00 00 00
 (050.806050)  can0  067   [8]  00 7A 4B 9C BC 00 00 00
 (050.806318)  can0  068   [8]  00 0F 32 62 3A 00 00 00
 (050.826074)  can0  067   [8]  05 71 50 00 2D 51 00 00
 (050.826342)  can0  068   [8]  05 00 00 01 00 00 01 00
 (050.866083)  can0  067   [8]  0B A8 29 2E BD 00 00 00
 (050.866279)  can0  068   [8]  0B 8E 58 4F 3A 00 00 00
 (050.926045)  can0  067   [8]  00 AF 45 A8 BC 00 00 00
 (050.926280)  can0  068   [8]  00 11 54 7B 3A 00 00 00
 (050.946023)  can0  067   [8]  05 A6 62 00 7F 62 00 00
 (050.946273)  can0  068   [8]  05 00 00 01 00 00 01 00
 (050.985957)  can0  067   [8]  0B BD BD 5F BD 00 00 00
 (050.986359)  can0  068   [8]  0B 8E 58 4F 3A 00 00 00
 (051.045982)  can0  067   [8]  00 1F C5 AD BC 00 00 00
 (051.045997)  can0  067   [8]  12 80 67 00 01 01 00 00
 (051.045998)  can0  067   [8]  0C 02 A1 92 03 00 60 74
 (051.046246)  can0  068   [8]  00 48 CE 80 3A 00 00 00
 (051.046349)  can0  068   [8]  11 00 00 00 00 00 11 03
 (051.065956)  can0  067   [8]  05 76 77 00 6E 77 00 00
 (051.066245)  can0  068   [8]  05 00 00 01 00 00 01 00
 (051.085928)  can0  067   [8]  11 06 00 00 00 00 09 01
 (051.105953)  can0  067   [8]  0B 0D 4E 8E BD 00 00 00
 (051.106239)  can0  068   [8]  0B 8E 58 4F 3A 00 00 00
 (051.165941)  can0  067   [8]  00 A5 11 23 BD 00 00 00
 (051.166334)  can0  068   [8]  00 49 5F 8D 3A 00 00 00
 (051.185947)  can0  067   [8]  05 2E 51 00 69 51 00 00
 (051.186242)  can0  068   [8]  05 00 00 01 00 00 01 00
 (051.225947)  can0  067   [8]  0B 80 7B B2 BD 00 00 00
 (051.226228)  can0  068   [8]  0B 8E 58 4F 3A 00 00 00
 (051.285957)  can0  067   [8]  00 5E 24 ED BD 00 00 00
 (051.286235)  can0  068   [8]  00 0F 32 62 3A 00 00 00
 (051.305998)  can0  067   [8]  05 90 1A 00 17 1A 00 00
 (051.306250)  can0  068   [8]  05 00 00 01 00 00 01 00
 (051.345985)  can0  067   [8]  0B 9E B2 DC BD 00 00 00
 (051.346264)  can0  068   [8]  0B 8E 58 4F 3A 00 00 00
 (051.405971)  can0  067   [8]  00 17 DF E8 BD 00 00 00
 (051.406233)  can0  068   [8]  00 89 F2 83 3A 00 00 00
 (051.425935)  can0  067   [8]  05 8B 40 00 4D 40 00 00
 (051.426232)  can0  068   [8]  05 00 00 01 00 00 01 00
 (051.465918)  can0  067   [8]  0B 79 EF 05 BE 00 00 00
 (051.466198)  can0  068   [8]  0B 8E 58 4F 3A 00 00 00
 (051.525933)  can0  067   [8]  00 43 36 FC BD 00 00 00
 (051.526235)  can0  068   [8]  00 C9 16 87 3A 00 00 00
 (051.545921)  can0  067   [8]  05 2D 48 00 48 47 00 00
 (051.546178)  can0  068   [8]  05 00 00 01 00 00 01 00
 (051.585908)  can0  067   [8]  0B 5C 45 20 BE 00 00 00
 (051.586176)  can0  068   [8]  0B 8E 58 4F 3A 00 00 00
 (051.606357)  can0  068   [8]  0C 02 A0 07 00 32 00 80
 (051.626350)  can0  068   [8]  12 80 66 01 02 01 00 03
 (051.645921)  can0  067   [8]  00 4D D3 2E BE 00 00 00
 (051.646201)  can0  068   [8]  00 89 F2 83 3A 00 00 00
 (051.665899)  can0  067   [8]  05 C1 2B 00 28 2B 00 00
 (051.666183)  can0  068   [8]  05 00 00 01 00 00 01 00
 (051.705905)  can0  067   [8]  0B BF A4 3C BE 00 00 00
 (051.706193)  can0  068   [8]  0B 8E 58 4F 3A 00 00 00
 (051.765916)  can0  067   [8]  00 85 E0 3E BE 00 00 00
 (051.766164)  can0  068   [8]  00 C9 16 87 3A 00 00 00
 (051.785892)  can0  067   [8]  05 48 47 00 73 49 00 00
 (051.786139)  can0  068   [8]  05 00 00 01 00 00 01 00
 (051.825882)  can0  067   [8]  0B 44 96 5A BE 00 00 00
 (051.826122)  can0  068   [8]  0B 8E 58 4F 3A 00 00 00
 (051.885893)  can0  067   [8]  00 6A 4E 64 BE 00 00 00
 (051.886061)  can0  068   [8]  00 48 CE 80 3A 00 00 00
 (051.905877)  can0  067   [8]  05 04 36 00 CE 34 00 00
 (051.906142)  can0  068   [8]  05 00 00 01 00 00 01 00
 (051.945891)  can0  067   [8]  0B F5 95 79 BE 00 00 00
 (051.946140)  can0  068   [8]  0B 8E 58 4F 3A 00 00 00
 (052.005858)  can0  067   [8]  00 82 34 84 BE 00 00 00
 (052.006106)  can0  068   [8]  00 48 CE 80 3A 00 00 00
 (052.025850)  can0  067   [8]  05 D5 32 00 DB 32 00 00
 (052.026102)  can0  068   [8]  05 00 00 01 00 00 01 00
 (052.045855)  can0  067   [8]  12 80 67 00 01 01 00 00
 (052.045877)  can0  067   [8]  0C 02 A1 AD FF 00 10 7E
 (052.046109)  can0  068   [8]  11 00 00 00 00 00 11 03
 (052.065839)  can0  067   [8]  0B CC 8C 8C BE 00 00 00
 (052.066099)  can0  068   [8]  0B 8E 58 4F 3A 00 00 00
 (052.085832)  can0  067   [8]  11 06 00 00 00 00 09 01
 (052.125825)  can0  067   [8]  00 7B DE 8C BE 00 00 00
 (052.126006)  can0  068   [8]  00 89 F2 83 3A 00 00 00
 (052.145823)  can0  067   [8]  05 BE 41 00 7D 41 00 00
 (052.146004)  can0  068   [8]  05 00 00 01 00 00 01 00
 (052.185832)  can0  067   [8]  0B 2F 5B 9C BE 00 00 00
 (052.186067)  can0  068   [8]  0B 8E 58 4F 3A 00 00 00
 (052.245802)  can0  067   [8]  00 01 EF A0 BE 00 00 00
 (052.246043)  can0  068   [8]  00 48 CE 80 3A 00 00 00
 (052.265812)  can0  067   [8]  05 CF 36 00 4E 37 00 00
 (052.266039)  can0  068   [8]  05 00 00 01 00 00 01 00
 (052.305819)  can0  067   [8]  0B 93 29 AC BE 00 00 00
 (052.306067)  can0  068   [8]  0B 8E 58 4F 3A 00 00 00
 (052.365829)  can0  067   [8]  00 CA 08 B1 BE 00 00 00
 (052.366098)  can0  068   [8]  00 89 F2 83 3A 00 00 00
 (052.385794)  can0  067   [8]  05 E5 3A 00 D2 3B 00 00
 (052.386044)  can0  068   [8]  05 00 00 01 00 00 01 00
 (052.425794)  can0  067   [8]  0B D1 F4 BB BE 00 00 00
 (052.426042)  can0  068   [8]  0B 8E 58 4F 3A 00 00 00
 (052.485830)  can0  067   [8]  00 1E D4 C2 BE 00 00 00
 (052.486031)  can0  068   [8]  00 11 54 7B 3A 00 00 00
 (052.505798)  can0  067   [8]  05 5B 30 00 06 30 00 00
 (052.506048)  can0  068   [8]  05 00 00 01 00 00 01 00
 (052.545798)  can0  067   [8]  0B 35 C3 CB BE 00 00 00
 (052.546055)  can0  068   [8]  0B 8E 58 4F 3A 00 00 00
 (052.605799)  can0  067   [8]  00 3D 70 D2 BE 00 00 00
 (052.606104)  can0  068   [8]  00 11 54 7B 3A 00 00 00
 (052.606113)  can0  068   [8]  0C 02 A0 07 00 32 00 80
 (052.625777)  can0  067   [8]  05 47 2E 00 04 2E 00 00
 (052.626038)  can0  068   [8]  05 00 00 01 00 00 01 00
 (052.626046)  can0  068   [8]  12 80 66 01 02 01 00 03
 (052.665782)  can0  067   [8]  0B 26 B4 DB BE 00 00 00
 (052.665918)  can0  068   [8]  0B 8E 58 4F 3A 00 00 00
 (052.725756)  can0  067   [8]  00 64 EE DE BE 00 00 00
 (052.726003)  can0  068   [8]  00 48 CE 80 3A 00 00 00
 (052.745768)  can0  067   [8]  05 EF 33 00 EC 32 00 00
 (052.745999)  can0  068   [8]  05 00 00 01 00 00 01 00
 (052.785798)  can0  067   [8]  0B FB 5F EB BE 00 00 00
 (052.785905)  can0  068   [8]  0B 8E 58 4F 3A 00 00 00
 (052.845751)  can0  067   [8]  00 C1 61 F0 BE 00 00 00
 (052.845997)  can0  068   [8]  00 48 CE 80 3A 00 00 00
 (052.865755)  can0  067   [8]  05 01 37 00 A3 35 00 00
 (052.866000)  can0  068   [8]  05 00 00 01 00 00 01 00
 (052.905726)  can0  067   [8]  0B 5E 2E FB BE 00 00 00
 (052.905961)  can0  068   [8]  0B 8E 58 4F 3A 00 00 00
 (052.965785)  can0  067   [8]  00 FC E8 00 BF 00 00 00
 (052.965936)  can0  068   [8]  00 11 54 7B 3A 00 00 00
 (052.985764)  can0  067   [8]  05 E0 31 00 66 31 00 00
 (052.985930)  can0  068   [8]  05 00 00 01 00 00 01 00
 (053.025753)  can0  067   [8]  0B CE 7C 05 BF 00 00 00
 (053.025919)  can0  068   [8]  0B 8E 58 4F 3A 00 00 00
 (053.045722)  can0  067   [8]  12 80 67 00 01 01 00 00
 (053.045744)  can0  067   [8]  0C 02 A1 A4 FF 00 00 7E
 (053.045979)  can0  068   [8]  11 00 00 00 00 00 11 03
 (053.085764)  can0  067   [8]  00 CF A5 09 BF 00 00 00
 (053.085782)  can0  067   [8]  11 06 00 00 00 00 09 01
 (053.085918)  can0  068   [8]  00 48 CE 80 3A 00 00 00
 (053.105714)  can0  067   [8]  05 39 2A 00 49 2A 00 00
 (053.105888)  can0  068   [8]  05 00 00 01 00 00 01 00
 (053.145722)  can0  067   [8]  0B FF 63 0D BF 00 00 00
 (053.145908)  can0  068   [8]  0B 8E 58 4F 3A 00 00 00
 (053.205610)  can0  067   [8]  00 16 BC 10 BF 00 00 00
 (053.205902)  can0  068   [8]  00 48 CE 80 3A 00 00 00
 (053.225586)  can0  067   [8]  05 63 28 00 C6 27 00 00
 (053.225907)  can0  068   [8]  05 00 00 01 00 00 01 00
 (053.265721)  can0  067   [8]  0B 31 4B 15 BF 00 00 00
 (053.265892)  can0  068   [8]  0B 8E 58 4F 3A 00 00 00
 (053.325719)  can0  067   [8]  00 82 CA 17 BF 00 00 00
 (053.325891)  can0  068   [8]  00 48 CE 80 3A 00 00 00
 (053.345704)  can0  067   [8]  05 08 2E 00 AA 2C 00 00
 (053.345890)  can0  068   [8]  05 00 00 01 00 00 01 00
 (053.385690)  can0  067   [8]  0B 62 32 1D BF 00 00 00
 (053.385869)  can0  068   [8]  0B 8E 58 4F 3A 00 00 00
 (053.445668)  can0  067   [8]  00 C9 43 20 BF 00 00 00
 (053.445899)  can0  068   [8]  00 11 54 7B 3A 00 00 00
 (053.465658)  can0  067   [8]  05 0C 31 00 00 30 00 00
 (053.465908)  can0  068   [8]  05 00 00 01 00 00 01 00
 (053.505669)  can0  067   [8]  0B 94 19 25 BF 00 00 00
 (053.505855)  can0  068   [8]  0B 8E 58 4F 3A 00 00 00
 (053.565649)  can0  067   [8]  00 98 21 29 BF 00 00 00
 (053.565876)  can0  068   [8]  00 10 C3 6E 3A 00 00 00
 (053.585651)  can0  067   [8]  05 57 2A 00 C4 29 00 00
 (053.585889)  can0  068   [8]  05 00 00 01 00 00 01 00
 (053.606042)  can0  068   [8]  0C 02 A0 07 00 32 00 80
 (053.625660)  can0  067   [8]  0B 33 FF 2C BF 00 00 00
 (053.625841)  can0  068   [8]  0B 8E 58 4F 3A 00 00 00
 (053.625969)  can0  068   [8]  12 80 66 01 02 01 00 03
 (053.685637)  can0  067   [8]  00 B9 AD 31 BF 00 00 00
 (053.685869)  can0  068   [8]  00 10 C3 6E 3A 00 00 00
 (053.705559)  can0  067   [8]  05 5C 23 00 3E 23 00 00
 (053.705837)  can0  068   [8]  05 00 00 01 00 00 01 00
 (053.745569)  can0  067   [8]  0B 65 E6 34 BF 00 00 00
 (053.745866)  can0  068   [8]  0B 8E 58 4F 3A 00 00 00
 (053.805568)  can0  067   [8]  00 6A E3 38 BF 00 00 00
 (053.805831)  can0  068   [8]  00 10 C3 6E 3A 00 00 00
 (053.825540)  can0  067   [8]  05 FC 20 00 CC 20 00 00
 (053.825819)  can0  068   [8]  05 00 00 01 00 00 01 00
 (053.865548)  can0  067   [8]  0B 97 CD 3C BF 00 00 00
 (053.865813)  can0  068   [8]  0B 8E 58 4F 3A 00 00 00
 (053.925538)  can0  067   [8]  00 6E C7 3F BF 00 00 00
 (053.925829)  can0  068   [8]  00 90 0B 75 3A 00 00 00
 (053.945539)  can0  067   [8]  05 E7 27 00 9B 26 00 00
 (053.945818)  can0  068   [8]  05 00 00 01 00 00 01 00
 (053.985550)  can0  067   [8]  0B 0F C6 44 BF 00 00 00
 (053.985807)  can0  068   [8]  0B 8E 58 4F 3A 00 00 00
 (054.045550)  can0  067   [8]  00 D4 6F 48 BF 00 00 00
 (054.045571)  can0  067   [8]  12 80 67 00 01 01 00 00
 (054.045573)  can0  067   [8]  0C 02 A1 92 FF 00 00 7E
 (054.045826)  can0  068   [8]  00 10 C3 6E 3A 00 00 00
 (054.045835)  can0  068   [8]  11 00 00 00 00 00 11 03
 (054.065524)  can0  067   [8]  05 ED 28 00 DE 28 00 00
 (054.065829)  can0  068   [8]  05 00 00 01 00 00 01 00
 (054.085515)  can0  067   [8]  11 06 00 00 00 00 09 01
 (054.105512)  can0  067   [8]  0B FA 9B 4C BF 00 00 00
 (054.105781)  can0  068   [8]  0B 8E 58 4F 3A 00 00 00
 (054.165488)  can0  067   [8]  00 EF 32 51 BF 00 00 00
 (054.165881)  can0  068   [8]  00 0F 32 62 3A 00 00 00
 (054.185490)  can0  067   [8]  05 90 22 00 0B 22 00 00
 (054.185768)  can0  068   [8]  05 00 00 01 00 00 01 00
 (054.225496)  can0  067   [8]  0B 9A 76 54 BF 00 00 00
 (054.225753)  can0  068   [8]  0B 8E 58 4F 3A 00 00 00
 (054.285498)  can0  067   [8]  00 61 6D 59 BF 00 00 00
 (054.285749)  can0  068   [8]  00 8F 7A 68 3A 00 00 00
 (054.305496)  can0  067   [8]  05 91 1B 00 34 1B 00 00
 (054.305750)  can0  068   [8]  05 00 00 01 00 00 01 00
 (054.345480)  can0  067   [8]  0B D1 26 5C BF 00 00 00
 (054.345743)  can0  068   [8]  0B 8E 58 4F 3A 00 00 00
 (054.405488)  can0  067   [8]  00 25 F3 5F BF 00 00 00
 (054.405744)  can0  068   [8]  00 8F 7A 68 3A 00 00 00
 (054.425472)  can0  067   [8]  05 38 1A 00 72 19 00 00
 (054.425714)  can0  068   [8]  05 00 00 01 00 00 01 00
 (054.465459)  can0  067   [8]  0B A3 8B 63 BF 00 00 00
 (054.465704)  can0  068   [8]  0B 8E 58 4F 3A 00 00 00
 (054.525431)  can0  067   [8]  00 50 B9 66 BF 00 00 00
 (054.525691)  can0  068   [8]  00 0F 32 62 3A 00 00 00
 (054.545446)  can0  067   [8]  05 9D 23 00 C2 23 00 00
 (054.545690)  can0  068   [8]  05 00 00 01 00 00 01 00
 (054.585449)  can0  067   [8]  0B 11 84 6A BF 00 00 00
 (054.585696)  can0  068   [8]  0B 8E 58 4F 3A 00 00 00
 (054.605888)  can0  068   [8]  0C 02 A0 07 00 32 00 80
 (054.625862)  can0  068   [8]  12 80 66 01 02 01 00 03
 (054.645421)  can0  067   [8]  00 9E F0 6E BF 00 00 00
 (054.645691)  can0  068   [8]  00 8F E9 5B 3A 00 00 00
 (054.665436)  can0  067   [8]  05 EE 19 00 BE 19 00 00
 (054.665687)  can0  068   [8]  05 00 00 01 00 00 01 00
 (054.705416)  can0  067   [8]  0B B2 F0 70 BF 00 00 00
 (054.705683)  can0  068   [8]  0B 8E 58 4F 3A 00 00 00
 (054.765455)  can0  067   [8]  00 BE AB 74 BF 00 00 00
 (054.765665)  can0  068   [8]  00 0F 32 62 3A 00 00 00
 (054.785435)  can0  067   [8]  05 9F 12 00 19 12 00 00
 (054.785684)  can0  068   [8]  05 00 00 01 00 00 01 00
 (054.825364)  can0  067   [8]  0B 8A B0 76 BF 00 00 00
 (054.825654)  can0  068   [8]  0B 8E 58 4F 3A 00 00 00
 (054.885398)  can0  067   [8]  00 AA A5 79 BF 00 00 00
 (054.885660)  can0  068   [8]  00 0E A1 55 3A 00 00 00
 (054.905399)  can0  067   [8]  05 0A 1C 00 D0 1B 00 00
 (054.905648)  can0  068   [8]  05 00 00 01 00 00 01 00
 (054.945422)  can0  067   [8]  0B BD BB 7B BF 00 00 00
 (054.945678)  can0  068   [8]  0B 8E 58 4F 3A 00 00 00
 (055.005403)  can0  067   [8]  00 C0 CE 7F BF 00 00 00
 (055.005660)  can0  068   [8]  00 0E A1 55 3A 00 00 00
 (055.025345)  can0  067   [8]  05 5B 0D 00 09 0D 00 00
 (055.025592)  can0  068   [8]  05 00 00 01 00 00 01 00
 (055.045356)  can0  067   [8]  12 80 67 00 01 01 00 00
 (055.045377)  can0  067   [8]  0C 02 A1 9B FF 00 00 7E
 (055.045636)  can0  068   [8]  11 00 00 00 00 00 11 03
 (055.065364)  can0  067   [8]  0B 94 07 80 BF 00 00 00
 (055.065645)  can0  068   [8]  0B 8E 58 4F 3A 00 00 00
 (055.085333)  can0  067   [8]  11 06 00 00 00 00 09 01
 (055.125375)  can0  067   [8]  00 A7 5B 81 BF 00 00 00
 (055.125638)  can0  068   [8]  00 0E A1 55 3A 00 00 00
 (055.145348)  can0  067   [8]  05 A6 17 00 82 17 00 00
 (055.145627)  can0  068   [8]  05 00 00 01 00 00 01 00
 (055.185291)  can0  067   [8]  0B F6 D6 81 BF 00 00 00
 (055.185697)  can0  068   [8]  0B 8E 58 4F 3A 00 00 00
 (055.245350)  can0  067   [8]  00 6A 0C 83 BF 00 00 00
 (055.245584)  can0  068   [8]  00 0E A1 55 3A 00 00 00
 (055.265307)  can0  067   [8]  05 64 11 00 78 11 00 00
 (055.265588)  can0  068   [8]  05 00 00 01 00 00 01 00
 (055.305347)  can0  067   [8]  0B 9A 4D 83 BF 00 00 00
 (055.305585)  can0  068   [8]  0B 8E 58 4F 3A 00 00 00
 (055.365305)  can0  067   [8]  00 DD ED 84 BF 00 00 00
 (055.365613)  can0  068   [8]  00 0E A1 55 3A 00 00 00
 (055.385298)  can0  067   [8]  05 4F 0F 00 6F 0F 00 00
 (055.385579)  can0  068   [8]  05 00 00 01 00 00 01 00
 (055.425300)  can0  067   [8]  0B A2 63 84 BF 00 00 00
 (055.425574)  can0  068   [8]  0B 8E 58 4F 3A 00 00 00
 (055.485262)  can0  067   [8]  00 62 68 85 BF 00 00 00
 (055.485669)  can0  068   [8]  00 0E A1 55 3A 00 00 00
 (055.505281)  can0  067   [8]  05 DD 10 00 4B 11 00 00
 (055.505562)  can0  068   [8]  05 00 00 01 00 00 01 00
 (055.545290)  can0  067   [8]  0B 69 26 85 BF 00 00 00
 (055.545556)  can0  068   [8]  0B 8E 58 4F 3A 00 00 00
 (055.605273)  can0  067   [8]  00 B5 79 86 BF 00 00 00
 (055.605593)  can0  068   [8]  00 8E 58 4F 3A 00 00 00
 (055.605600)  can0  068   [8]  0C 02 A0 07 00 32 00 80
 (055.625275)  can0  067   [8]  05 DF 0D 00 CA 0D 00 00
 (055.625573)  can0  068   [8]  05 00 00 01 00 00 01 00
 (055.625580)  can0  068   [8]  12 80 66 01 02 01 00 03
 (055.665269)  can0  067   [8]  0B B8 A1 85 BF 00 00 00
 (055.665508)  can0  068   [8]  0B 8E 58 4F 3A 00 00 00
 (055.725268)  can0  067   [8]  00 D0 D4 86 BF 00 00 00
 (055.725510)  can0  068   [8]  00 0E A1 55 3A 00 00 00
 (055.745270)  can0  067   [8]  05 C2 0D 00 C9 0D 00 00
 (055.745529)  can0  068   [8]  05 00 00 01 00 00 01 00
 (055.785245)  can0  067   [8]  0B 43 E5 85 BF 00 00 00
 (055.785523)  can0  068   [8]  0B 8E 58 4F 3A 00 00 00
 (055.845262)  can0  067   [8]  00 C6 37 87 BF 00 00 00
 (055.845500)  can0  068   [8]  00 8E 58 4F 3A 00 00 00
 (055.865242)  can0  067   [8]  05 0E 0C 00 73 0A 00 00
 (055.865520)  can0  068   [8]  05 00 00 01 00 00 01 00
 (055.905232)  can0  067   [8]  0B 1C 03 86 BF 00 00 00
 (055.905482)  can0  068   [8]  0B 8E 58 4F 3A 00 00 00
 (055.965239)  can0  067   [8]  00 A0 3F 87 BF 00 00 00
 (055.965485)  can0  068   [8]  00 0E A1 55 3A 00 00 00
 (055.985226)  can0  067   [8]  05 2B 0D 00 23 0D 00 00
 (055.985477)  can0  068   [8]  05 00 00 01 00 00 01 00
 (056.025229)  can0  067   [8]  0B 65 09 86 BF 00 00 00
 (056.025477)  can0  068   [8]  0B 8E 58 4F 3A 00 00 00
 (056.045224)  can0  067   [8]  12 80 67 00 01 01 00 00
 (056.045244)  can0  067   [8]  0C 02 A1 92 53 00 10 7E
 (056.045476)  can0  068   [8]  11 00 00 00 00 00 11 03
 (056.085168)  can0  067   [8]  00 D7 3E 87 BF 00 00 00
 (056.085188)  can0  067   [8]  11 06 00 00 00 00 29 01
 (056.085423)  can0  068   [8]  00 8E 58 4F 3A 00 00 00
 (056.105197)  can0  067   [8]  05 ED 04 00 4F 05 00 00
 (056.105447)  can0  068   [8]  05 00 00 01 00 00 01 00
 (056.145248)  can0  067   [8]  0B 2E 0A 86 BF 00 00 00
 (056.145511)  can0  068   [8]  0B 8E 58 4F 3A 00 00 00
 (056.205184)  can0  067   [8]  00 A0 3F 87 BF 00 00 00
 (056.205435)  can0  068   [8]  00 0E A1 55 3A 00 00 00
 (056.225195)  can0  067   [8]  05 E1 01 00 06 02 00 00
 (056.225445)  can0  068   [8]  05 00 00 01 00 00 01 00
 (056.265164)  can0  067   [8]  0B 2E 0A 86 BF 00 00 00
 (056.265439)  can0  068   [8]  0B 8E 58 4F 3A 00 00 00
 (056.325170)  can0  067   [8]  00 A0 3F 87 BF 00 00 00
 (056.325418)  can0  068   [8]  00 8E 58 4F 3A 00 00 00
 (056.345154)  can0  067   [8]  05 EA 01 00 F3 01 00 00
 (056.345409)  can0  068   [8]  05 00 00 01 00 00 01 00
 (056.385137)  can0  067   [8]  0B 2E 0A 86 BF 00 00 00
 (056.385411)  can0  068   [8]  0B 8E 58 4F 3A 00 00 00
 (056.445138)  can0  067   [8]  00 A0 3F 87 BF 00 00 00
 (056.445406)  can0  068   [8]  00 8E 58 4F 3A 00 00 00
 (056.465139)  can0  067   [8]  05 E0 01 00 FD 01 00 00
 (056.465403)  can0  068   [8]  05 00 00 01 00 00 01 00
 (056.505065)  can0  067   [8]  0B 2E 0A 86 BF 00 00 00
 (056.505427)  can0  068   [8]  0B 8E 58 4F 3A 00 00 00
 (056.565096)  can0  067   [8]  00 A0 3F 87 BF 00 00 00
 (056.565386)  can0  068   [8]  00 0D 10 49 3A 00 00 00
 (056.585100)  can0  067   [8]  05 E9 01 00 0F 02 00 00
 (056.585381)  can0  068   [8]  05 00 00 01 00 00 01 00
 (056.605566)  can0  068   [8]  0C 02 A0 07 00 32 00 80
 (056.625149)  can0  067   [8]  0B 2E 0A 86 BF 00 00 00
 (056.625407)  can0  068   [8]  0B 8E 58 4F 3A 00 00 00
 (056.625463)  can0  068   [8]  12 80 66 01 02 01 00 03
 (056.685126)  can0  067   [8]  00 69 40 87 BF 00 00 00
 (056.685405)  can0  068   [8]  00 0E A1 55 3A 00 00 00
 (056.704945)  can0  067   [8]  05 DF 01 00 CF 01 00 00
 (056.705448)  can0  068   [8]  05 00 00 01 00 00 01 00
 (056.745066)  can0  067   [8]  0B 2E 0A 86 BF 00 00 00
 (056.745365)  can0  068   [8]  0B 8E 58 4F 3A 00 00 00
 (056.805057)  can0  067   [8]  00 69 40 87 BF 00 00 00
 (056.805370)  can0  068   [8]  00 0E A1 55 3A 00 00 00
 (056.825078)  can0  067   [8]  05 DE 01 00 0F 02 00 00
 (056.825356)  can0  068   [8]  05 00 00 01 00 00 01 00
 (056.865084)  can0  067   [8]  0B 2E 0A 86 BF 00 00 00
 (056.865361)  can0  068   [8]  0B 8E 58 4F 3A 00 00 00
 (056.925086)  can0  067   [8]  00 32 41 87 BF 00 00 00
 (056.925369)  can0  068   [8]  00 8E 58 4F 3A 00 00 00
 (056.945090)  can0  067   [8]  05 D3 01 00 B3 01 00 00
 (056.945360)  can0  068   [8]  05 00 00 01 00 00 01 00
 (056.985090)  can0  067   [8]  0B 2E 0A 86 BF 00 00 00
 (056.985345)  can0  068   [8]  0B 8E 58 4F 3A 00 00 00
 (057.045068)  can0  067   [8]  00 A0 3F 87 BF 00 00 00
 (057.045087)  can0  067   [8]  12 80 67 00 01 01 00 00
 (057.045089)  can0  067   [8]  0C 02 A1 92 00 00 70 04
 (057.045395)  can0  068   [8]  00 8E 58 4F 3A 00 00 00
 (057.045403)  can0  068   [8]  11 00 00 00 00 00 11 03
 (057.065072)  can0  067   [8]  05 C8 01 00 BC 01 00 00
 (057.065318)  can0  068   [8]  05 00 00 01 00 00 01 00
 (057.085081)  can0  067   [8]  11 06 00 00 00 00 29 01
 (057.105043)  can0  067   [8]  0B 2E 0A 86 BF 00 00 00
 (057.105329)  can0  068   [8]  0B 8E 58 4F 3A 00 00 00
 (057.165051)  can0  067   [8]  00 32 41 87 BF 00 00 00
 (057.165315)  can0  068   [8]  00 8E 58 4F 3A 00 00 00
 (057.185034)  can0  067   [8]  05 DD 01 00 A0 01 00 00
 (057.185314)  can0  068   [8]  05 00 00 01 00 00 01 00
 (057.225034)  can0  067   [8]  0B 2E 0A 86 BF 00 00 00
 (057.225274)  can0  068   [8]  0B 8E 58 4F 3A 00 00 00
 (057.285025)  can0  067   [8]  00 32 41 87 BF 00 00 00
 (057.285276)  can0  068   [8]  00 8E 58 4F 3A 00 00 00
 (057.304912)  can0  067   [8]  05 DC 01 00 7E 02 00 00
 (057.305275)  can0  068   [8]  05 00 00 01 00 00 01 00
 (057.345034)  can0  067   [8]  0B 2E 0A 86 BF 00 00 00
 (057.345293)  can0  068   [8]  0B 8E 58 4F 3A 00 00 00
 (057.405034)  can0  067   [8]  00 32 41 87 BF 00 00 00
 (057.405282)  can0  068   [8]  00 8E 58 4F 3A 00 00 00
 (057.424968)  can0  067   [8]  05 D1 01 00 CF 01 00 00
 (057.425260)  can0  068   [8]  05 00 00 01 00 00 01 00
 (057.464954)  can0  067   [8]  0B 2E 0A 86 BF 00 00 00
 (057.465229)  can0  068   [8]  0B 8E 58 4F 3A 00 00 00
 (057.524923)  can0  067   [8]  00 69 40 87 BF 00 00 00
 (057.525229)  can0  068   [8]  00 8E 58 4F 3A 00 00 00
 (057.544955)  can0  067   [8]  05 D1 01 00 CF 01 00 00
 (057.545240)  can0  068   [8]  05 00 00 01 00 00 01 00
 (057.584943)  can0  067   [8]  0B 2E 0A 86 BF 00 00 00
 (057.585230)  can0  068   [8]  0B 8E 58 4F 3A 00 00 00
 (057.605435)  can0  068   [8]  0C 02 A0 07 00 32 00 80
 (057.625405)  can0  068   [8]  12 80 66 01 02 01 00 03
 (057.644960)  can0  067   [8]  00 32 41 87 BF 00 00 00
 (057.645261)  can0  068   [8]  00 8E 58 4F 3A 00 00 00
 (057.664942)  can0  067   [8]  05 D1 01 00 EA 01 00 00
 (057.665226)  can0  068   [8]  05 00 00 01 00 00 01 00
 (057.704955)  can0  067   [8]  0B 2E 0A 86 BF 00 00 00
 (057.705245)  can0  068   [8]  0B 8E 58 4F 3A 00 00 00
 (057.764946)  can0  067   [8]  00 A0 3F 87 BF 00 00 00
 (057.765237)  can0  068   [8]  00 8E 58 4F 3A 00 00 00
 (057.784936)  can0  067   [8]  05 D0 01 00 CF 01 00 00
 (057.785225)  can0  068   [8]  05 00 00 01 00 00 01 00
 (057.824931)  can0  067   [8]  0B 2E 0A 86 BF 00 00 00
 (057.825206)  can0  068   [8]  0B 8E 58 4F 3A 00 00 00
 (057.884930)  can0  067   [8]  00 69 40 87 BF 00 00 00
 (057.885218)  can0  068   [8]  00 8E 58 4F 3A 00 00 00
 (057.904908)  can0  067   [8]  05 BC 01 00 C5 01 00 00
 (057.905206)  can0  068   [8]  05 00 00 01 00 00 01 00
 (057.944948)  can0  067   [8]  0B 2E 0A 86 BF 00 00 00
 (057.945235)  can0  068   [8]  0B 8E 58 4F 3A 00 00 00
 (058.004906)  can0  067   [8]  00 32 41 87 BF 00 00 00
 (058.005175)  can0  068   [8]  00 0E A1 55 3A 00 00 00
 (058.024896)  can0  067   [8]  05 CF 01 00 B3 01 00 00
 (058.025181)  can0  068   [8]  05 00 00 01 00 00 01 00
 (058.044889)  can0  067   [8]  12 80 67 00 01 01 00 00
 (058.044908)  can0  067   [8]  0C 02 A1 92 00 00 60 04
 (058.045178)  can0  068   [8]  11 00 00 00 00 00 11 03
 (058.064909)  can0  067   [8]  0B 2E 0A 86 BF 00 00 00
 (058.065187)  can0  068   [8]  0B 8E 58 4F 3A 00 00 00
 (058.084889)  can0  067   [8]  11 06 00 00 00 00 29 01
 (058.124898)  can0  067   [8]  00 32 41 87 BF 00 00 00
 (058.125183)  can0  068   [8]  00 0D 10 49 3A 00 00 00
 (058.144806)  can0  067   [8]  05 CF 01 00 EA 01 00 00
 (058.145191)  can0  068   [8]  05 00 00 01 00 00 01 00
 (058.184857)  can0  067   [8]  0B 2E 0A 86 BF 00 00 00
 (058.185120)  can0  068   [8]  0B 8E 58 4F 3A 00 00 00
 (058.244858)  can0  067   [8]  00 32 41 87 BF 00 00 00
 (058.245112)  can0  068   [8]  00 8E 58 4F 3A 00 00 00
 (058.264871)  can0  067   [8]  05 D9 01 00 AA 01 00 00
 (058.265181)  can0  068   [8]  05 00 00 01 00 00 01 00
 (058.304849)  can0  067   [8]  0B 2E 0A 86 BF 00 00 00
 (058.305119)  can0  068   [8]  0B 8E 58 4F 3A 00 00 00
 (058.364899)  can0  067   [8]  00 FC 41 87 BF 00 00 00
 (058.365157)  can0  068   [8]  00 8E 58 4F 3A 00 00 00
 (058.384822)  can0  067   [8]  05 CE 01 00 EA 01 00 00
 (058.385107)  can0  068   [8]  05 00 00 01 00 00 01 00
 (058.424810)  can0  067   [8]  0B 2E 0A 86 BF 00 00 00
 (058.425085)  can0  068   [8]  0B 8E 58 4F 3A 00 00 00
 (058.484780)  can0  067   [8]  00 69 40 87 BF 00 00 00
 (058.485095)  can0  068   [8]  00 8E 58 4F 3A 00 00 00
 (058.504846)  can0  067   [8]  05 CE 01 00 0F 02 00 00
 (058.505136)  can0  068   [8]  05 00 00 01 00 00 01 00
 (058.544824)  can0  067   [8]  0B 2E 0A 86 BF 00 00 00
 (058.545085)  can0  068   [8]  0B 8E 58 4F 3A 00 00 00
 (058.604810)  can0  067   [8]  00 69 40 87 BF 00 00 00
 (058.605090)  can0  068   [8]  00 0E A1 55 3A 00 00 00
 (058.605139)  can0  068   [8]  0C 02 A0 07 00 32 00 80
 (058.624843)  can0  067   [8]  05 D8 01 00 D8 01 00 00
 (058.625144)  can0  068   [8]  05 00 00 01 00 00 01 00
 (058.625154)  can0  068   [8]  12 80 66 01 02 01 00 03
 (058.664827)  can0  067   [8]  0B 2E 0A 86 BF 00 00 00
 (058.665115)  can0  068   [8]  0B 8E 58 4F 3A 00 00 00
 (058.724789)  can0  067   [8]  00 32 41 87 BF 00 00 00
 (058.725075)  can0  068   [8]  00 0E A1 55 3A 00 00 00
 (058.744801)  can0  067   [8]  05 D8 01 00 B3 01 00 00
 (058.745090)  can0  068   [8]  05 00 00 01 00 00 01 00
 (058.784755)  can0  067   [8]  0B 2E 0A 86 BF 00 00 00
 (058.785041)  can0  068   [8]  0B 8E 58 4F 3A 00 00 00
 (058.844805)  can0  067   [8]  00 FC 41 87 BF 00 00 00
 (058.845078)  can0  068   [8]  00 0D 10 49 3A 00 00 00
 (058.864724)  can0  067   [8]  05 CC 01 00 BC 01 00 00
 (058.865040)  can0  068   [8]  05 00 00 01 00 00 01 00
 (058.904720)  can0  067   [8]  0B 2E 0A 86 BF 00 00 00
 (058.905017)  can0  068   [8]  0B 8E 58 4F 3A 00 00 00
 (058.964664)  can0  067   [8]  00 FC 41 87 BF 00 00 00
 (058.965029)  can0  068   [8]  00 0E A1 55 3A 00 00 00
 (058.984722)  can0  067   [8]  05 C2 01 00 BC 01 00 00
 (058.985032)  can0  068   [8]  05 00 00 01 00 00 01 00
 (059.024704)  can0  067   [8]  0B 2E 0A 86 BF 00 00 00
 (059.024942)  can0  068   [8]  0B 8E 58 4F 3A 00 00 00
 (059.044716)  can0  067   [8]  12 80 67 00 01 01 00 00
 (059.044735)  can0  067   [8]  0C 02 A1 92 00 00 70 04
 (059.045003)  can0  068   [8]  11 00 00 00 00 00 11 03
 (059.084657)  can0  067   [8]  00 69 40 87 BF 00 00 00
 (059.084682)  can0  067   [8]  11 06 00 00 00 00 29 01
 (059.085035)  can0  068   [8]  00 8E 58 4F 3A 00 00 00
 (059.104744)  can0  067   [8]  05 CB 01 00 BC 01 00 00
 (059.105022)  can0  068   [8]  05 00 00 01 00 00 01 00
 (059.144709)  can0  067   [8]  0B 2E 0A 86 BF 00 00 00
 (059.145026)  can0  068   [8]  0B 8E 58 4F 3A 00 00 00
 (059.204589)  can0  067   [8]  00 69 40 87 BF 00 00 00
 (059.205027)  can0  068   [8]  00 8E 58 4F 3A 00 00 00
 (059.224718)  can0  067   [8]  05 CB 01 00 CF 01 00 00
 (059.224985)  can0  068   [8]  05 00 00 01 00 00 01 00
 (059.264666)  can0  067   [8]  0B 2E 0A 86 BF 00 00 00
 (059.265069)  can0  068   [8]  0B 8E 58 4F 3A 00 00 00
 (059.324695)  can0  067   [8]  00 D7 3E 87 BF 00 00 00
 (059.324977)  can0  068   [8]  00 0E A1 55 3A 00 00 00
 (059.344699)  can0  067   [8]  05 CA 01 00 B3 01 00 00
 (059.344976)  can0  068   [8]  05 00 00 01 00 00 01 00
 (059.384713)  can0  067   [8]  0B 2E 0A 86 BF 00 00 00
 (059.384983)  can0  068   [8]  0B 8E 58 4F 3A 00 00 00
 (059.444568)  can0  067   [8]  00 32 41 87 BF 00 00 00
 (059.444973)  can0  068   [8]  00 8E 58 4F 3A 00 00 00
 (059.464634)  can0  067   [8]  05 CA 01 00 CF 01 00 00
 (059.464964)  can0  068   [8]  05 00 00 01 00 00 01 00
 (059.504671)  can0  067   [8]  0B 2E 0A 86 BF 00 00 00
 (059.504968)  can0  068   [8]  0B 8E 58 4F 3A 00 00 00
 (059.564661)  can0  067   [8]  00 32 41 87 BF 00 00 00
 (059.564956)  can0  068   [8]  00 0E A1 55 3A 00 00 00
 (059.584628)  can0  067   [8]  05 BF 01 00 B3 01 00 00
 (059.584927)  can0  068   [8]  05 00 00 01 00 00 01 00
 (059.605124)  can0  068   [8]  0C 02 A0 07 00 32 00 80
 (059.624637)  can0  067   [8]  0B 2E 0A 86 BF 00 00 00
 (059.624973)  can0  068   [8]  0B 8E 58 4F 3A 00 00 00
 (059.624982)  can0  068   [8]  12 80 66 01 02 01 00 03
 (059.684677)  can0  067   [8]  00 69 40 87 BF 00 00 00
 (059.684948)  can0  068   [8]  00 8E 58 4F 3A 00 00 00
 (059.704605)  can0  067   [8]  05 D4 01 00 AA 01 00 00
 (059.704920)  can0  068   [8]  05 00 00 01 00 00 01 00
 (059.744629)  can0  067   [8]  0B 2E 0A 86 BF 00 00 00
 (059.744889)  can0  068   [8]  0B 8E 58 4F 3A 00 00 00
 (059.804623)  can0  067   [8]  00 FC 41 87 BF 00 00 00
 (059.804886)  can0  068   [8]  00 8E 58 4F 3A 00 00 00
 (059.824590)  can0  067   [8]  05 D3 01 00 F3 01 00 00
 (059.824863)  can0  068   [8]  05 00 00 01 00 00 01 00
 (059.864594)  can0  067   [8]  0B 2E 0A 86 BF 00 00 00
 (059.864860)  can0  068   [8]  0B 8E 58 4F 3A 00 00 00
 (059.924610)  can0  067   [8]  00 32 41 87 BF 00 00 00
 (059.924890)  can0  068   [8]  00 0D 10 49 3A 00 00 00
 (059.944606)  can0  067   [8]  05 D3 01 00 CF 01 00 00
 (059.944888)  can0  068   [8]  05 00 00 01 00 00 01 00
 (059.984601)  can0  067   [8]  0B 2E 0A 86 BF 00 00 00
 (059.984862)  can0  068   [8]  0B 8E 58 4F 3A 00 00 00
 (060.044590)  can0  067   [8]  00 69 40 87 BF 00 00 00
 (060.044610)  can0  067   [8]  12 80 67 00 01 01 00 00
 (060.044611)  can0  067   [8]  0C 02 A1 92 00 00 70 04
 (060.044855)  can0  068   [8]  00 8E 58 4F 3A 00 00 00
 (060.044910)  can0  068   [8]  11 00 00 00 00 00 11 03
 (060.064571)  can0  067   [8]  05 B3 01 00 44 01 00 00
 (060.064843)  can0  068   [8]  05 00 00 01 00 00 01 00
 (060.081460)  can0  064   [8]  67 01 35 FA 8E BC 07 00
 (060.083174)  can0  064   [8]  68 01 35 FA 8E 3C 07 00
 (060.084449)  can0  067   [8]  11 06 00 00 00 00 09 01
 (060.104425)  can0  067   [8]  0B 69 40 87 BF 00 00 00
 (060.104900)  can0  068   [8]  0B 0D 10 49 3A 00 00 00
 (060.164563)  can0  067   [8]  00 32 41 87 BF 00 00 00
 (060.164849)  can0  068   [8]  00 0D 10 49 3A 00 00 00
 (060.184561)  can0  067   [8]  05 3A 05 00 73 05 00 00
 (060.184840)  can0  068   [8]  05 00 00 01 00 00 01 00
 (060.224510)  can0  067   [8]  0B 0E 3E 87 BF 00 00 00
 (060.224839)  can0  068   [8]  0B 0D 10 49 3A 00 00 00
 (060.284487)  can0  067   [8]  00 32 41 87 BF 00 00 00
 (060.284787)  can0  068   [8]  00 8E 58 4F 3A 00 00 00
 (060.304509)  can0  067   [8]  05 51 04 00 D1 02 00 00
 (060.304785)  can0  068   [8]  05 00 00 01 00 00 01 00
 (060.344521)  can0  067   [8]  0B 22 2F 87 BF 00 00 00
 (060.344786)  can0  068   [8]  0B 0D 10 49 3A 00 00 00
 (060.404511)  can0  067   [8]  00 32 41 87 BF 00 00 00
 (060.404794)  can0  068   [8]  00 0E A1 55 3A 00 00 00
 (060.424487)  can0  067   [8]  05 83 02 00 BF 02 00 00
 (060.424786)  can0  068   [8]  05 00 00 01 00 00 01 00
 (060.464543)  can0  067   [8]  0B A6 08 87 BF 00 00 00
 (060.464809)  can0  068   [8]  0B 0D 10 49 3A 00 00 00
 (060.524548)  can0  067   [8]  00 69 40 87 BF 00 00 00
 (060.524823)  can0  068   [8]  00 0E A1 55 3A 00 00 00
 (060.544508)  can0  067   [8]  05 C7 00 01 B7 00 01 00
 (060.544792)  can0  068   [8]  05 00 00 01 00 00 01 00
 (060.584525)  can0  067   [8]  0B F6 C1 86 BF 00 00 00
 (060.584800)  can0  068   [8]  0B 0D 10 49 3A 00 00 00
 (060.604954)  can0  068   [8]  0C 02 A0 07 00 32 00 80
 (060.624979)  can0  068   [8]  12 80 66 01 02 01 00 03
 (060.644497)  can0  067   [8]  00 32 41 87 BF 00 00 00
 (060.644763)  can0  068   [8]  00 8E 58 4F 3A 00 00 00
 (060.664481)  can0  067   [8]  05 FA 05 01 FC 05 01 00
 (060.664771)  can0  068   [8]  05 00 00 01 00 00 01 00
 (060.704510)  can0  067   [8]  0B 4B 4F 86 BF 00 00 00
 (060.704776)  can0  068   [8]  0B 0D 10 49 3A 00 00 00
 (060.764447)  can0  067   [8]  00 7C 3C 87 BF 00 00 00
 (060.764830)  can0  068   [8]  00 0E A1 55 3A 00 00 00
 (060.784429)  can0  067   [8]  05 5C 0D 01 6B 0D 01 00
 (060.784762)  can0  068   [8]  05 00 00 01 00 00 01 00
 (060.824509)  can0  067   [8]  0B 6E A6 85 BF 00 00 00
 (060.824785)  can0  068   [8]  0B 0D 10 49 3A 00 00 00
 (060.884418)  can0  067   [8]  00 EA 3A 87 BF 00 00 00
 (060.884737)  can0  068   [8]  00 8E 58 4F 3A 00 00 00
 (060.904415)  can0  067   [8]  05 BF 17 01 B7 17 01 00
 (060.904729)  can0  068   [8]  05 00 00 01 00 00 01 00
 (060.944439)  can0  067   [8]  0B F4 BD 84 BF 00 00 00
 (060.944763)  can0  068   [8]  0B 0D 10 49 3A 00 00 00
 (061.004398)  can0  067   [8]  00 A3 29 87 BF 00 00 00
 (061.004721)  can0  068   [8]  00 8E 58 4F 3A 00 00 00
 (061.024367)  can0  067   [8]  05 C8 24 01 B4 24 01 00
 (061.024774)  can0  068   [8]  05 00 00 01 00 00 01 00
 (061.044359)  can0  067   [8]  12 80 67 00 01 01 00 00
 (061.044376)  can0  067   [8]  0C 02 A1 A4 02 00 60 54
 (061.044792)  can0  068   [8]  11 00 00 00 00 00 11 03
 (061.064419)  can0  067   [8]  0B B7 92 83 BF 00 00 00
 (061.064701)  can0  068   [8]  0B 0D 10 49 3A 00 00 00
 (061.084434)  can0  067   [8]  11 06 00 00 00 00 09 01
 (061.124415)  can0  067   [8]  00 53 E8 83 BF 00 00 00
 (061.124688)  can0  068   [8]  00 8E 58 4F 3A 00 00 00
 (061.144408)  can0  067   [8]  05 2D 01 01 AB 01 01 00
 (061.144709)  can0  068   [8]  05 00 00 01 00 00 01 00
 (061.184407)  can0  067   [8]  0B 26 23 82 BF 00 00 00
 (061.184702)  can0  068   [8]  0B 0D 10 49 3A 00 00 00
 (061.244356)  can0  067   [8]  00 68 6B 82 BF 00 00 00
 (061.244640)  can0  068   [8]  00 8E 58 4F 3A 00 00 00
 (061.264403)  can0  067   [8]  05 0C 0D 01 BA 0C 01 00
 (061.264646)  can0  068   [8]  05 00 00 01 00 00 01 00
 (061.304206)  can0  067   [8]  0B 1C 6C 80 BF 00 00 00
 (061.304642)  can0  068   [8]  0B 0D 10 49 3A 00 00 00
 (061.364377)  can0  067   [8]  00 98 3E 81 BF 00 00 00
 (061.364647)  can0  068   [8]  00 0E A1 55 3A 00 00 00
 (061.384345)  can0  067   [8]  05 14 10 01 B0 0F 01 00
 (061.384631)  can0  068   [8]  05 00 00 01 00 00 01 00
 (061.424328)  can0  067   [8]  0B C1 F2 7C BF 00 00 00
 (061.424622)  can0  068   [8]  0B 0D 10 49 3A 00 00 00
 (061.484257)  can0  067   [8]  00 37 A4 7C BF 00 00 00
 (061.484671)  can0  068   [8]  00 0E A1 55 3A 00 00 00
 (061.504333)  can0  067   [8]  05 BD 09 01 04 0A 01 00
 (061.504617)  can0  068   [8]  05 00 00 01 00 00 01 00
 (061.544357)  can0  067   [8]  0B 5B 7E 78 BF 00 00 00
 (061.544624)  can0  068   [8]  0B 0D 10 49 3A 00 00 00
 (061.604352)  can0  067   [8]  00 9B 3F 7A BF 00 00 00
 (061.604632)  can0  068   [8]  00 8E 58 4F 3A 00 00 00
 (061.604712)  can0  068   [8]  0C 02 A0 07 00 32 00 80
 (061.624335)  can0  067   [8]  05 7B 15 01 34 15 01 00
 (061.624612)  can0  068   [8]  05 00 00 01 00 00 01 00
 (061.624699)  can0  068   [8]  12 80 66 01 02 01 00 03
 (061.664319)  can0  067   [8]  0B DD 82 73 BF 00 00 00
 (061.664614)  can0  068   [8]  0B 0D 10 49 3A 00 00 00
 (061.724317)  can0  067   [8]  00 B8 27 72 BF 00 00 00
 (061.724593)  can0  068   [8]  00 0F 32 62 3A 00 00 00
 (061.744307)  can0  067   [8]  05 6C 04 01 72 04 01 00
 (061.744580)  can0  068   [8]  05 00 00 01 00 00 01 00
 (061.784319)  can0  067   [8]  0B 91 06 6E BF 00 00 00
 (061.784613)  can0  068   [8]  0B 0D 10 49 3A 00 00 00
 (061.844331)  can0  067   [8]  00 AE B9 6F BF 00 00 00
 (061.844604)  can0  068   [8]  00 8E 58 4F 3A 00 00 00
 (061.864314)  can0  067   [8]  05 A9 16 01 E3 15 01 00
 (061.864580)  can0  068   [8]  05 00 00 01 00 00 01 00
 (061.904318)  can0  067   [8]  0B 50 1C 68 BF 00 00 00
 (061.904599)  can0  068   [8]  0B 0D 10 49 3A 00 00 00
 (061.964316)  can0  067   [8]  00 FA 36 67 BF 00 00 00
 (061.964588)  can0  068   [8]  00 8F E9 5B 3A 00 00 00
 (061.984290)  can0  067   [8]  05 3D 09 01 F4 08 01 00
 (061.984559)  can0  068   [8]  05 00 00 01 00 00 01 00
 (062.024241)  can0  067   [8]  0B 17 DA 61 BF 00 00 00
 (062.024553)  can0  068   [8]  0B 0D 10 49 3A 00 00 00
 (062.044288)  can0  067   [8]  12 80 67 00 01 01 00 00
 (062.044307)  can0  067   [8]  0C 02 A1 92 F4 00 10 7E
 (062.044547)  can0  068   [8]  11 00 00 00 00 00 11 03
 (062.084244)  can0  067   [8]  00 69 F6 62 BF 00 00 00
 (062.084262)  can0  067   [8]  11 06 00 00 00 00 09 01
 (062.084532)  can0  068   [8]  00 8E 58 4F 3A 00 00 00
 (062.104234)  can0  067   [8]  05 BC 0A 01 F3 0A 01 00
 (062.104535)  can0  068   [8]  05 00 00 01 00 00 01 00
 (062.144225)  can0  067   [8]  0B C3 52 5B BF 00 00 00
 (062.144532)  can0  068   [8]  0B 0D 10 49 3A 00 00 00
 (062.204225)  can0  067   [8]  00 6B DB 5B BF 00 00 00
 (062.204528)  can0  068   [8]  00 8F E9 5B 3A 00 00 00
 (062.224197)  can0  067   [8]  05 97 10 01 55 10 01 00
 (062.224618)  can0  068   [8]  05 00 00 01 00 00 01 00
 (062.264224)  can0  067   [8]  0B DF 9D 54 BF 00 00 00
 (062.264524)  can0  068   [8]  0B 0D 10 49 3A 00 00 00
 (062.324194)  can0  067   [8]  00 8E 8C 53 BF 00 00 00
 (062.324522)  can0  068   [8]  00 8F E9 5B 3A 00 00 00
 (062.344185)  can0  067   [8]  05 2B 06 01 87 05 01 00
 (062.344518)  can0  068   [8]  05 00 00 01 00 00 01 00
 (062.384248)  can0  067   [8]  0B B6 CC 4D BF 00 00 00
 (062.384512)  can0  068   [8]  0B 0D 10 49 3A 00 00 00
 (062.444235)  can0  067   [8]  00 C1 CC 4E BF 00 00 00
 (062.444504)  can0  068   [8]  00 0E A1 55 3A 00 00 00
 (062.464161)  can0  067   [8]  05 0E 08 01 8B 07 01 00
 (062.464484)  can0  068   [8]  05 00 00 01 00 00 01 00
 (062.504143)  can0  067   [8]  0B 45 F5 46 BF 00 00 00
 (062.504559)  can0  068   [8]  0B 0D 10 49 3A 00 00 00
 (062.564188)  can0  067   [8]  00 5A 87 47 BF 00 00 00
 (062.564443)  can0  068   [8]  00 0E A1 55 3A 00 00 00
 (062.584153)  can0  067   [8]  05 74 0E 01 9F 0D 01 00
 (062.584575)  can0  068   [8]  05 00 00 01 00 00 01 00
 (062.604684)  can0  068   [8]  0C 02 A0 07 00 32 00 80
 (062.624156)  can0  067   [8]  0B AF 0F 40 BF 00 00 00
 (062.624431)  can0  068   [8]  0B 0D 10 49 3A 00 00 00
 (062.624569)  can0  068   [8]  12 80 66 01 02 01 00 03
 (062.684190)  can0  067   [8]  00 5A 1F 3F BF 00 00 00
 (062.684467)  can0  068   [8]  00 0F 32 62 3A 00 00 00
 (062.704154)  can0  067   [8]  05 85 05 01 50 05 01 00
 (062.704448)  can0  068   [8]  05 00 00 01 00 00 01 00
 (062.744134)  can0  067   [8]  0B F2 47 39 BF 00 00 00
 (062.744450)  can0  068   [8]  0B 0D 10 49 3A 00 00 00
 (062.804139)  can0  067   [8]  00 52 D5 39 BF 00 00 00
 (062.804465)  can0  068   [8]  00 0F 32 62 3A 00 00 00
 (062.824120)  can0  067   [8]  05 1F 02 01 0D 02 01 00
 (062.824438)  can0  068   [8]  05 00 00 01 00 00 01 00
 (062.864125)  can0  067   [8]  0B 81 70 32 BF 00 00 00
 (062.864430)  can0  068   [8]  0B 0D 10 49 3A 00 00 00
 (062.924076)  can0  067   [8]  00 26 25 33 BF 00 00 00
 (062.924392)  can0  068   [8]  00 0F 32 62 3A 00 00 00
 (062.944129)  can0  067   [8]  05 D8 0C 01 66 0C 01 00
 (062.944399)  can0  068   [8]  05 00 00 01 00 00 01 00
 (062.984116)  can0  067   [8]  0B 0F 99 2B BF 00 00 00
 (062.984383)  can0  068   [8]  0B 0D 10 49 3A 00 00 00
 (063.044096)  can0  067   [8]  00 26 BD 2A BF 00 00 00
 (063.044114)  can0  067   [8]  12 80 67 00 01 01 00 00
 (063.044116)  can0  067   [8]  0C 02 A1 A4 FF 00 00 7E
 (063.044407)  can0  068   [8]  00 0F 32 62 3A 00 00 00
 (063.044432)  can0  068   [8]  11 00 00 00 00 00 11 03
 (063.064087)  can0  067   [8]  05 92 04 01 0E 04 01 00
 (063.064424)  can0  068   [8]  05 00 00 01 00 00 01 00
 (063.084079)  can0  067   [8]  11 06 00 00 00 00 09 01
 (063.104100)  can0  067   [8]  0B 9D C1 24 BF 00 00 00
 (063.104387)  can0  068   [8]  0B 0D 10 49 3A 00 00 00
 (063.164030)  can0  067   [8]  00 5A 84 24 BF 00 00 00
 (063.164450)  can0  068   [8]  00 8F E9 5B 3A 00 00 00
 (063.184064)  can0  067   [8]  05 8D 03 00 1C 04 00 00
 (063.184367)  can0  068   [8]  05 00 00 01 00 00 01 00
 (063.224065)  can0  067   [8]  0B 2B EA 1D BF 00 00 00
 (063.224451)  can0  068   [8]  0B 0D 10 49 3A 00 00 00
 (063.283999)  can0  067   [8]  00 AB A6 1E BF 00 00 00
 (063.284370)  can0  068   [8]  00 8F E9 5B 3A 00 00 00
 (063.304102)  can0  067   [8]  05 EE 0A 01 DA 08 01 00
 (063.304356)  can0  068   [8]  05 00 00 01 00 00 01 00
 (063.344035)  can0  067   [8]  0B BA 12 17 BF 00 00 00
 (063.344352)  can0  068   [8]  0B 0D 10 49 3A 00 00 00
 (063.404024)  can0  067   [8]  00 5E 64 16 BF 00 00 00
 (063.404428)  can0  068   [8]  00 8F 7A 68 3A 00 00 00
 (063.424018)  can0  067   [8]  05 D7 03 01 E9 02 01 00
 (063.424426)  can0  068   [8]  05 00 00 01 00 00 01 00
 (063.464017)  can0  067   [8]  0B 48 3B 10 BF 00 00 00
 (063.464329)  can0  068   [8]  0B 0D 10 49 3A 00 00 00
 (063.524045)  can0  067   [8]  00 D2 26 0F BF 00 00 00
 (063.524322)  can0  068   [8]  00 0F 32 62 3A 00 00 00
 (063.544018)  can0  067   [8]  05 73 07 00 B8 07 00 00
 (063.544321)  can0  068   [8]  05 00 00 01 00 00 01 00
 (063.584024)  can0  067   [8]  0B D6 63 09 BF 00 00 00
 (063.584322)  can0  068   [8]  0B 0D 10 49 3A 00 00 00
 (063.604495)  can0  068   [8]  0C 02 A0 07 00 32 00 80
 (063.624504)  can0  068   [8]  12 80 66 01 02 01 00 03
 (063.644028)  can0  067   [8]  00 EA 0B 0A BF 00 00 00
 (063.644294)  can0  068   [8]  00 0F 32 62 3A 00 00 00
 (063.663971)  can0  067   [8]  05 82 07 01 A7 06 01 00
 (063.664308)  can0  068   [8]  05 00 00 01 00 00 01 00
 (063.703992)  can0  067   [8]  0B 64 8C 02 BF 00 00 00
 (063.704304)  can0  068   [8]  0B 0D 10 49 3A 00 00 00
 (063.763972)  can0  067   [8]  00 96 0B 02 BF 00 00 00
 (063.764290)  can0  068   [8]  00 8F 7A 68 3A 00 00 00
 (063.783971)  can0  067   [8]  05 41 03 01 BE 02 01 00
 (063.784293)  can0  068   [8]  05 00 00 01 00 00 01 00
 (063.823967)  can0  067   [8]  0B E5 69 F7 BE 00 00 00
 (063.824289)  can0  068   [8]  0B 0D 10 49 3A 00 00 00
 (063.883933)  can0  067   [8]  00 CB 32 F4 BE 00 00 00
 (063.884347)  can0  068   [8]  00 8F 7A 68 3A 00 00 00
 (063.903947)  can0  067   [8]  05 4D 09 00 AC 08 00 00
 (063.904367)  can0  068   [8]  05 00 00 01 00 00 01 00
 (063.943954)  can0  067   [8]  0B BA 9E E9 BE 00 00 00
 (063.944228)  can0  068   [8]  0B 0D 10 49 3A 00 00 00
 (064.003927)  can0  067   [8]  00 06 F2 EA BE 00 00 00
 (064.004225)  can0  068   [8]  00 10 C3 6E 3A 00 00 00
 (064.023943)  can0  067   [8]  05 7C 04 01 34 04 01 00
 (064.024213)  can0  068   [8]  05 00 00 01 00 00 01 00
 (064.043933)  can0  067   [8]  12 80 67 00 01 01 00 00
 (064.043950)  can0  067   [8]  0C 02 A1 9B FF 00 00 7E
 (064.044220)  can0  068   [8]  11 00 00 00 00 00 11 03
 (064.063961)  can0  067   [8]  0B 42 0F DC BE 00 00 00
 (064.064218)  can0  068   [8]  0B 0D 10 49 3A 00 00 00
 (064.083941)  can0  067   [8]  11 06 00 00 00 00 09 01
 (064.123966)  can0  067   [8]  00 C5 3C DB BE 00 00 00
 (064.124213)  can0  068   [8]  00 8F 7A 68 3A 00 00 00
 (064.143920)  can0  067   [8]  05 82 02 01 3E 01 01 00
 (064.144235)  can0  068   [8]  05 00 00 01 00 00 01 00
 (064.183954)  can0  067   [8]  0B 5E 60 CE BE 00 00 00
 (064.184241)  can0  068   [8]  0B 0D 10 49 3A 00 00 00
 (064.243928)  can0  067   [8]  00 A4 53 CA BE 00 00 00
 (064.244198)  can0  068   [8]  00 90 0B 75 3A 00 00 00
 (064.263901)  can0  067   [8]  05 28 0A 00 97 0A 00 00
 (064.264184)  can0  068   [8]  05 00 00 01 00 00 01 00
 (064.303913)  can0  067   [8]  0B 7A B1 C0 BE 00 00 00
 (064.304187)  can0  068   [8]  0B 0D 10 49 3A 00 00 00
 (064.363877)  can0  067   [8]  00 D0 96 C1 BE 00 00 00
 (064.364177)  can0  068   [8]  00 10 C3 6E 3A 00 00 00
 (064.383893)  can0  067   [8]  05 35 01 00 8A 01 00 00
 (064.384177)  can0  068   [8]  05 00 00 01 00 00 01 00
 (064.423895)  can0  067   [8]  0B 97 02 B3 BE 00 00 00
 (064.424178)  can0  068   [8]  0B 0D 10 49 3A 00 00 00
 (064.483883)  can0  067   [8]  00 3C 49 B2 BE 00 00 00
 (064.484204)  can0  068   [8]  00 10 C3 6E 3A 00 00 00
 (064.503849)  can0  067   [8]  05 88 01 01 5A 00 01 00
 (064.504255)  can0  068   [8]  05 00 00 01 00 00 01 00
 (064.543854)  can0  067   [8]  0B B3 53 A5 BE 00 00 00
 (064.544153)  can0  068   [8]  0B 0D 10 49 3A 00 00 00
 (064.603868)  can0  067   [8]  00 6E F8 A0 BE 00 00 00
 (064.604198)  can0  068   [8]  00 10 C3 6E 3A 00 00 00
 (064.604209)  can0  068   [8]  0C 02 A0 07 00 32 00 80
 (064.623866)  can0  067   [8]  05 06 0A 00 63 0B 00 00
 (064.624133)  can0  068   [8]  05 00 00 01 00 00 01 00
 (064.624263)  can0  068   [8]  12 80 66 01 02 01 00 03
 (064.663848)  can0  067   [8]  0B CF A4 97 BE 00 00 00
 (064.664129)  can0  068   [8]  0B 0D 10 49 3A 00 00 00
 (064.723868)  can0  067   [8]  00 5C DD 97 BE 00 00 00
 (064.724148)  can0  068   [8]  00 10 C3 6E 3A 00 00 00
 (064.743834)  can0  067   [8]  05 3A 07 00 C7 06 00 00
 (064.744113)  can0  068   [8]  05 00 00 01 00 00 01 00
 (064.783828)  can0  067   [8]  0B EB F5 89 BE 00 00 00
 (064.784122)  can0  068   [8]  0B 0D 10 49 3A 00 00 00
 (064.843840)  can0  067   [8]  00 D2 84 89 BE 00 00 00
 (064.844097)  can0  068   [8]  00 11 54 7B 3A 00 00 00
 (064.863832)  can0  067   [8]  05 44 00 01 D9 00 00 00
 (064.864104)  can0  068   [8]  05 00 00 01 00 00 01 00
 (064.903846)  can0  067   [8]  0B 7A AD 78 BE 00 00 00
 (064.904119)  can0  068   [8]  0B 0D 10 49 3A 00 00 00
 (064.963740)  can0  067   [8]  00 09 68 70 BE 00 00 00
 (064.964166)  can0  068   [8]  00 48 CE 80 3A 00 00 00
 (064.983764)  can0  067   [8]  05 55 0A 00 B9 09 00 00
 (064.984087)  can0  068   [8]  05 00 00 01 00 00 01 00
 (065.023771)  can0  067   [8]  0B EE D9 5D BE 00 00 00
 (065.024192)  can0  068   [8]  0B 0D 10 49 3A 00 00 00
 (065.043764)  can0  067   [8]  12 80 67 00 01 01 00 00
 (065.043784)  can0  067   [8]  0C 02 A1 92 FF 00 00 7E
 (065.044097)  can0  068   [8]  11 00 00 00 00 00 11 03
 (065.083805)  can0  067   [8]  00 7B 12 5E BE 00 00 00
 (065.083827)  can0  067   [8]  11 06 00 00 00 00 09 01
 (065.084107)  can0  068   [8]  00 10 C3 6E 3A 00 00 00
 (065.103749)  can0  067   [8]  05 8E 0B 00 64 0B 00 00
 (065.104092)  can0  068   [8]  05 00 00 01 00 00 01 00
 (065.143747)  can0  067   [8]  0B 29 C9 43 BE 00 00 00
 (065.144014)  can0  068   [8]  0B 0D 10 49 3A 00 00 00
 (065.203754)  can0  067   [8]  00 C8 51 43 BE 00 00 00
 (065.204096)  can0  068   [8]  00 10 C3 6E 3A 00 00 00
 (065.223745)  can0  067   [8]  05 33 02 00 24 02 00 00
 (065.224064)  can0  068   [8]  05 00 00 01 00 00 01 00
 (065.263741)  can0  067   [8]  0B 06 8E 2A BE 00 00 00
 (065.264084)  can0  068   [8]  0B 0D 10 49 3A 00 00 00
 (065.323730)  can0  067   [8]  00 EA CA 21 BE 00 00 00
 (065.324012)  can0  068   [8]  00 11 54 7B 3A 00 00 00
 (065.343731)  can0  067   [8]  05 E4 10 00 D8 10 00 00
 (065.344060)  can0  068   [8]  05 00 00 01 00 00 01 00
 (065.383740)  can0  067   [8]  0B 20 2A 13 BE 00 00 00
 (065.384020)  can0  068   [8]  0B 0D 10 49 3A 00 00 00
 (065.443709)  can0  067   [8]  00 B5 D0 15 BE 00 00 00
 (065.443995)  can0  068   [8]  00 90 0B 75 3A 00 00 00
 (065.463696)  can0  067   [8]  05 65 04 00 48 05 00 00
 (065.463985)  can0  068   [8]  05 00 00 01 00 00 01 00
 (065.503703)  can0  067   [8]  0B 01 8B FA BD 00 00 00
 (065.503991)  can0  068   [8]  0B 0D 10 49 3A 00 00 00
 (065.563712)  can0  067   [8]  00 20 8C EF BD 00 00 00
 (065.563978)  can0  068   [8]  00 11 54 7B 3A 00 00 00
 (065.583702)  can0  067   [8]  05 AF 0D 00 77 0E 00 00
 (065.583997)  can0  068   [8]  05 00 00 01 00 00 01 00
 (065.604166)  can0  068   [8]  0C 02 A0 07 00 32 00 80
 (065.623725)  can0  067   [8]  0B 34 C8 D2 BD 00 00 00
 (065.623998)  can0  068   [8]  0B 0D 10 49 3A 00 00 00
 (065.624042)  can0  068   [8]  12 80 66 01 02 01 00 03
 (065.683707)  can0  067   [8]  00 92 F7 D8 BD 00 00 00
 (065.683995)  can0  068   [8]  00 90 0B 75 3A 00 00 00
 (065.703688)  can0  067   [8]  05 F9 08 00 BF 09 00 00
 (065.703969)  can0  068   [8]  05 00 00 01 00 00 01 00
 (065.743724)  can0  067   [8]  0B AF 4A AF BD 00 00 00
 (065.743984)  can0  068   [8]  0B 0D 10 49 3A 00 00 00
 (065.803684)  can0  067   [8]  00 C5 A3 A4 BD 00 00 00
 (065.803958)  can0  068   [8]  00 90 0B 75 3A 00 00 00
 (065.823685)  can0  067   [8]  05 35 11 00 00 12 00 00
 (065.823948)  can0  068   [8]  05 00 00 01 00 00 01 00
 (065.863697)  can0  067   [8]  0B 4F F9 8F BD 00 00 00
 (065.863952)  can0  068   [8]  0B 0D 10 49 3A 00 00 00
 (065.923648)  can0  067   [8]  00 E4 A4 99 BD 00 00 00
 (065.923947)  can0  068   [8]  00 8F 7A 68 3A 00 00 00
 (065.943657)  can0  067   [8]  05 57 07 00 94 06 00 00
 (065.943945)  can0  068   [8]  05 00 00 01 00 00 01 00
 (065.983621)  can0  067   [8]  0B 6B DA 69 BD 00 00 00
 (065.983953)  can0  068   [8]  0B 0D 10 49 3A 00 00 00
 (066.043647)  can0  067   [8]  00 BD B3 51 BD 00 00 00
 (066.043668)  can0  067   [8]  12 80 67 00 01 01 00 00
 (066.043670)  can0  067   [8]  0C 02 A1 A4 FF 00 00 7E
 (066.043930)  can0  068   [8]  00 90 0B 75 3A 00 00 00
 (066.044012)  can0  068   [8]  11 00 00 00 00 00 11 03
 (066.063586)  can0  067   [8]  05 78 1B 00 A7 1C 00 00
 (066.064002)  can0  068   [8]  05 00 00 01 00 00 01 00
 (066.083578)  can0  067   [8]  11 06 00 00 00 00 09 01
 (066.103592)  can0  067   [8]  0B A6 33 3C BD 00 00 00
 (066.103919)  can0  068   [8]  0B 0D 10 49 3A 00 00 00
 (066.163576)  can0  067   [8]  00 4F 2A 3E BD 00 00 00
 (066.163996)  can0  068   [8]  00 10 C3 6E 3A 00 00 00
 (066.183565)  can0  067   [8]  05 C5 10 00 BA 10 00 00
 (066.183930)  can0  068   [8]  05 00 00 01 00 00 01 00
 (066.223576)  can0  067   [8]  0B 2C E5 16 BD 00 00 00
 (066.223903)  can0  068   [8]  0B 0D 10 49 3A 00 00 00
 (066.283537)  can0  067   [8]  00 74 B6 20 BD 00 00 00
 (066.283975)  can0  068   [8]  00 10 C3 6E 3A 00 00 00
 (066.303555)  can0  067   [8]  05 69 0F 00 AE 0F 00 00
 (066.303902)  can0  068   [8]  05 00 00 01 00 00 01 00
 (066.343570)  can0  067   [8]  0B 80 42 F4 BC 00 00 00
 (066.343898)  can0  068   [8]  0B 0D 10 49 3A 00 00 00
 (066.403599)  can0  067   [8]  00 58 97 01 BD 00 00 00
 (066.403920)  can0  068   [8]  00 10 C3 6E 3A 00 00 00
 (066.423566)  can0  067   [8]  05 F7 12 00 C3 11 00 00
 (066.423881)  can0  068   [8]  05 00 00 01 00 00 01 00
 (066.463580)  can0  067   [8]  0B EA 6F CA BC 00 00 00
 (066.463901)  can0  068   [8]  0B 0D 10 49 3A 00 00 00
 (066.523560)  can0  067   [8]  00 EE 0E D4 BC 00 00 00
 (066.523869)  can0  068   [8]  00 10 C3 6E 3A 00 00 00
 (066.543543)  can0  067   [8]  05 23 14 00 07 14 00 00
 (066.543888)  can0  068   [8]  05 00 00 01 00 00 01 00
 (066.583582)  can0  067   [8]  0B 63 F7 AD BC 00 00 00
 (066.583885)  can0  068   [8]  0B 0D 10 49 3A 00 00 00
 (066.604070)  can0  068   [8]  0C 02 A0 07 00 32 00 80
 (066.624101)  can0  068   [8]  12 80 66 01 02 01 00 03
 (066.643569)  can0  067   [8]  00 E0 31 B7 BC 00 00 00
 (066.643873)  can0  068   [8]  00 90 0B 75 3A 00 00 00
 (066.663535)  can0  067   [8]  05 FD 14 00 29 15 00 00
 (066.663855)  can0  068   [8]  05 00 00 01 00 00 01 00
 (066.703545)  can0  067   [8]  0B 02 B0 9C BC 00 00 00
 (066.703860)  can0  068   [8]  0B 0D 10 49 3A 00 00 00
 (066.763543)  can0  067   [8]  00 BE 7D 9C BC 00 00 00
 (066.763842)  can0  068   [8]  00 0F 32 62 3A 00 00 00
 (066.783536)  can0  067   [8]  05 18 17 00 24 17 00 00
 (066.783836)  can0  068   [8]  05 00 00 01 00 00 01 00
 (066.823473)  can0  067   [8]  0B 86 75 93 BC 00 00 00
 (066.823905)  can0  068   [8]  0B 0D 10 49 3A 00 00 00
 (066.883495)  can0  067   [8]  00 4A F0 99 BC 00 00 00
 (066.883826)  can0  068   [8]  00 8F E9 5B 3A 00 00 00
 (066.903461)  can0  067   [8]  05 0F 18 00 06 1B 00 00
 (066.903897)  can0  068   [8]  05 00 00 01 00 00 01 00
 (066.943494)  can0  067   [8]  0B 7A BA 8F BC 00 00 00
 (066.943817)  can0  068   [8]  0B 0D 10 49 3A 00 00 00
 (067.003452)  can0  067   [8]  00 41 B2 86 BC 00 00 00
 (067.003867)  can0  068   [8]  00 89 F2 03 3A 00 00 00
 (067.023449)  can0  067   [8]  05 25 19 00 16 19 00 00
 (067.023862)  can0  068   [8]  05 00 00 01 00 00 01 00
 (067.043443)  can0  067   [8]  12 80 67 00 01 01 00 00
 (067.043462)  can0  067   [8]  0C 02 A1 9B 39 00 10 7E
 (067.043865)  can0  068   [8]  11 00 00 00 00 00 11 03
 (067.063439)  can0  067   [8]  0B AE 23 8F BC 00 00 00
 (067.063859)  can0  068   [8]  0B 0D 10 49 3A 00 00 00
 (067.083462)  can0  067   [8]  11 06 00 00 00 00 29 01
 (067.123443)  can0  067   [8]  00 85 E4 86 BC 00 00 00
 (067.123784)  can0  068   [8]  00 0A 3B 0A 3A 00 00 00
 (067.143437)  can0  067   [8]  05 9D 24 00 9A 24 00 00
 (067.143868)  can0  068   [8]  05 00 00 01 00 00 01 00
 (067.183480)  can0  067   [8]  0B 6A F1 8E BC 00 00 00
 (067.183805)  can0  068   [8]  0B 0D 10 49 3A 00 00 00
 (067.243443)  can0  067   [8]  00 85 E4 86 BC 00 00 00
 (067.243784)  can0  068   [8]  00 0A 3B 0A 3A 00 00 00
 (067.263433)  can0  067   [8]  05 93 24 00 DA 24 00 00
 (067.263827)  can0  068   [8]  05 00 00 01 00 00 01 00
 (067.303452)  can0  067   [8]  0B 6A F1 8E BC 00 00 00
 (067.303771)  can0  068   [8]  0B 0D 10 49 3A 00 00 00
 (067.363420)  can0  067   [8]  00 C9 16 87 BC 00 00 00
 (067.363839)  can0  068   [8]  00 89 83 10 3A 00 00 00
 (067.383383)  can0  067   [8]  05 93 24 00 BF 24 00 00
 (067.383807)  can0  068   [8]  05 00 00 01 00 00 01 00
 (067.423391)  can0  067   [8]  0B 6A F1 8E BC 00 00 00
 (067.423839)  can0  068   [8]  0B 0D 10 49 3A 00 00 00
 (067.483396)  can0  067   [8]  00 C9 16 87 BC 00 00 00
 (067.483739)  can0  068   [8]  00 0A 3B 0A 3A 00 00 00
 (067.503384)  can0  067   [8]  05 9D 24 00 46 24 00 00
 (067.503830)  can0  068   [8]  05 00 00 01 00 00 01 00
 (067.543380)  can0  067   [8]  0B 6A F1 8E BC 00 00 00
 (067.543826)  can0  068   [8]  0B 0D 10 49 3A 00 00 00
 (067.603244)  can0  067   [8]  00 0D 49 87 BC 00 00 00
 (067.603924)  can0  068   [8]  00 89 83 10 3A 00 00 00
 (067.603945)  can0  068   [8]  0C 02 A0 07 00 32 00 80
 (067.623385)  can0  067   [8]  05 9D 24 00 6C 24 00 00
 (067.623840)  can0  068   [8]  05 00 00 01 00 00 01 00
 (067.623852)  can0  068   [8]  12 80 66 01 02 01 00 03
 (067.663376)  can0  067   [8]  0B 6A F1 8E BC 00 00 00
 (067.663805)  can0  068   [8]  0B 0D 10 49 3A 00 00 00
 (067.723362)  can0  067   [8]  00 85 E4 86 BC 00 00 00
 (067.723786)  can0  068   [8]  00 89 83 10 3A 00 00 00
 (067.743365)  can0  067   [8]  05 93 24 00 18 24 00 00
 (067.743792)  can0  068   [8]  05 00 00 01 00 00 01 00
 (067.783345)  can0  067   [8]  0B 6A F1 8E BC 00 00 00
 (067.783795)  can0  068   [8]  0B 0D 10 49 3A 00 00 00
 (067.843300)  can0  067   [8]  00 0D 49 87 BC 00 00 00
 (067.843786)  can0  068   [8]  00 89 83 10 3A 00 00 00
 (067.863355)  can0  067   [8]  05 93 24 00 9A 24 00 00
 (067.863706)  can0  068   [8]  05 00 00 01 00 00 01 00
 (067.903344)  can0  067   [8]  0B 6A F1 8E BC 00 00 00
 (067.903795)  can0  068   [8]  0B 0D 10 49 3A 00 00 00
 (067.963348)  can0  067   [8]  00 C9 16 87 BC 00 00 00
 (067.963630)  can0  068   [8]  00 0A 3B 0A 3A 00 00 00
 (067.983346)  can0  067   [8]  05 A7 24 00 D1 24 00 00
 (067.983654)  can0  068   [8]  05 00 00 01 00 00 01 00
 (068.023347)  can0  067   [8]  0B 6A F1 8E BC 00 00 00
 (068.023642)  can0  068   [8]  0B 0D 10 49 3A 00 00 00
 (068.043319)  can0  067   [8]  12 80 67 00 01 01 00 00
 (068.043337)  can0  067   [8]  0C 02 A1 9B 00 00 70 08
 (068.043602)  can0  068   [8]  11 00 00 00 00 00 11 03
 (068.083331)  can0  067   [8]  00 85 E4 86 BC 00 00 00
 (068.083354)  can0  067   [8]  11 06 00 00 00 00 29 01
 (068.083672)  can0  068   [8]  00 0A CC 16 3A 00 00 00
 (068.103306)  can0  067   [8]  05 A7 24 00 65 25 00 00
 (068.103727)  can0  068   [8]  05 00 00 01 00 00 01 00
 (068.143308)  can0  067   [8]  0B 6A F1 8E BC 00 00 00
 (068.143760)  can0  068   [8]  0B 0D 10 49 3A 00 00 00
 (068.203354)  can0  067   [8]  00 85 E4 86 BC 00 00 00
 (068.203612)  can0  068   [8]  00 0A 3B 0A 3A 00 00 00
 (068.223298)  can0  067   [8]  05 9D 24 00 6B 24 00 00
 (068.223665)  can0  068   [8]  05 00 00 01 00 00 01 00
 (068.263261)  can0  067   [8]  0B 6A F1 8E BC 00 00 00
 (068.263584)  can0  068   [8]  0B 0D 10 49 3A 00 00 00
 (068.323246)  can0  067   [8]  00 C9 16 87 BC 00 00 00
 (068.323562)  can0  068   [8]  00 89 83 10 3A 00 00 00
 (068.343274)  can0  067   [8]  05 9D 24 00 50 24 00 00
 (068.343545)  can0  068   [8]  05 00 00 01 00 00 01 00
 (068.383245)  can0  067   [8]  0B 6A F1 8E BC 00 00 00
 (068.383551)  can0  068   [8]  0B 0D 10 49 3A 00 00 00
 (068.443251)  can0  067   [8]  00 C9 16 87 BC 00 00 00
 (068.443569)  can0  068   [8]  00 0A 3B 0A 3A 00 00 00
 (068.463239)  can0  067   [8]  05 9D 24 00 E3 24 00 00
 (068.463544)  can0  068   [8]  05 00 00 01 00 00 01 00
 (068.503235)  can0  067   [8]  0B 6A F1 8E BC 00 00 00
 (068.503539)  can0  068   [8]  0B 0D 10 49 3A 00 00 00
 (068.563238)  can0  067   [8]  00 0D 49 87 BC 00 00 00
 (068.563513)  can0  068   [8]  00 89 83 10 3A 00 00 00
 (068.583254)  can0  067   [8]  05 9D 24 00 B5 24 00 00
 (068.583673)  can0  068   [8]  05 00 00 01 00 00 01 00
 (068.603707)  can0  068   [8]  0C 02 A0 07 00 32 00 80
 (068.623241)  can0  067   [8]  0B 6A F1 8E BC 00 00 00
 (068.623531)  can0  068   [8]  0B 0D 10 49 3A 00 00 00
 (068.623640)  can0  068   [8]  12 80 66 01 02 01 00 03
 (068.683198)  can0  067   [8]  00 51 7B 87 BC 00 00 00
 (068.683513)  can0  068   [8]  00 89 83 10 3A 00 00 00
 (068.703196)  can0  067   [8]  05 9D 24 00 49 25 00 00
 (068.703511)  can0  068   [8]  05 00 00 01 00 00 01 00
 (068.743182)  can0  067   [8]  0B 6A F1 8E BC 00 00 00
 (068.743606)  can0  068   [8]  0B 0D 10 49 3A 00 00 00
 (068.803184)  can0  067   [8]  00 0D 49 87 BC 00 00 00
 (068.803493)  can0  068   [8]  00 89 83 10 3A 00 00 00
 (068.823175)  can0  067   [8]  05 9E 24 00 87 24 00 00
 (068.823510)  can0  068   [8]  05 00 00 01 00 00 01 00
 (068.863184)  can0  067   [8]  0B 6A F1 8E BC 00 00 00
 (068.863483)  can0  068   [8]  0B 0D 10 49 3A 00 00 00
 (068.923148)  can0  067   [8]  00 C9 16 87 BC 00 00 00
 (068.923483)  can0  068   [8]  00 89 83 10 3A 00 00 00
 (068.943166)  can0  067   [8]  05 94 24 00 75 24 00 00
 (068.943491)  can0  068   [8]  05 00 00 01 00 00 01 00
 (068.983171)  can0  067   [8]  0B 6A F1 8E BC 00 00 00
 (068.983484)  can0  068   [8]  0B 0D 10 49 3A 00 00 00
 (069.043075)  can0  067   [8]  00 85 E4 86 BC 00 00 00
 (069.043096)  can0  067   [8]  12 80 67 00 01 01 00 00
 (069.043136)  can0  067   [8]  0C 02 A1 9B 00 00 70 08
 (069.043542)  can0  068   [8]  00 89 83 10 3A 00 00 00
 (069.043554)  can0  068   [8]  11 00 00 00 00 00 11 03
 (069.063170)  can0  067   [8]  05 8A 24 00 C8 24 00 00
 (069.063464)  can0  068   [8]  05 00 00 01 00 00 01 00
 (069.083151)  can0  067   [8]  11 06 00 00 00 00 29 01
 (069.103136)  can0  067   [8]  0B 6A F1 8E BC 00 00 00
 (069.103574)  can0  068   [8]  0B 0D 10 49 3A 00 00 00
 (069.163176)  can0  067   [8]  00 85 E4 86 BC 00 00 00
 (069.163486)  can0  068   [8]  00 89 83 10 3A 00 00 00
 (069.183160)  can0  067   [8]  05 9E 24 00 34 24 00 00
 (069.183455)  can0  068   [8]  05 00 00 01 00 00 01 00
 (069.223152)  can0  067   [8]  0B 6A F1 8E BC 00 00 00
 (069.223445)  can0  068   [8]  0B 0D 10 49 3A 00 00 00
 (069.283158)  can0  067   [8]  00 C9 16 87 BC 00 00 00
 (069.283454)  can0  068   [8]  00 0A CC 16 3A 00 00 00
 (069.303090)  can0  067   [8]  05 9E 24 00 9A 24 00 00
 (069.303509)  can0  068   [8]  05 00 00 01 00 00 01 00
 (069.343128)  can0  067   [8]  0B 6A F1 8E BC 00 00 00
 (069.343435)  can0  068   [8]  0B 0D 10 49 3A 00 00 00
 (069.403073)  can0  067   [8]  00 C9 16 87 BC 00 00 00
 (069.403428)  can0  068   [8]  00 89 83 10 3A 00 00 00
 (069.423098)  can0  067   [8]  05 A8 24 00 AC 24 00 00
 (069.423413)  can0  068   [8]  05 00 00 01 00 00 01 00
 (069.463118)  can0  067   [8]  0B 6A F1 8E BC 00 00 00
 (069.463408)  can0  068   [8]  0B 0D 10 49 3A 00 00 00
 (069.523079)  can0  067   [8]  00 C9 16 87 BC 00 00 00
 (069.523394)  can0  068   [8]  00 89 83 10 3A 00 00 00
 (069.543051)  can0  067   [8]  05 94 24 00 46 24 00 00
 (069.543466)  can0  068   [8]  05 00 00 01 00 00 01 00
 (069.583097)  can0  067   [8]  0B 6A F1 8E BC 00 00 00
 (069.583402)  can0  068   [8]  0B 0D 10 49 3A 00 00 00
 (069.603502)  can0  068   [8]  0C 02 A0 07 00 32 00 80
 (069.623591)  can0  068   [8]  12 80 66 01 02 01 00 03
 (069.643071)  can0  067   [8]  00 C9 16 87 BC 00 00 00
 (069.643386)  can0  068   [8]  00 89 83 10 3A 00 00 00
 (069.663051)  can0  067   [8]  05 94 24 00 75 24 00 00
 (069.663476)  can0  068   [8]  05 00 00 01 00 00 01 00
 (069.703038)  can0  067   [8]  0B 6A F1 8E BC 00 00 00
 (069.703474)  can0  068   [8]  0B 0D 10 49 3A 00 00 00
 (069.763011)  can0  067   [8]  00 85 E4 86 BC 00 00 00
 (069.763472)  can0  068   [8]  00 0A CC 16 3A 00 00 00
 (069.783004)  can0  067   [8]  05 9E 24 00 C8 24 00 00
 (069.783447)  can0  068   [8]  05 00 00 01 00 00 01 00
 (069.822979)  can0  067   [8]  0B 6A F1 8E BC 00 00 00
 (069.823410)  can0  068   [8]  0B 0D 10 49 3A 00 00 00
 (069.882973)  can0  067   [8]  00 C9 16 87 BC 00 00 00
 (069.883321)  can0  068   [8]  00 0A CC 16 3A 00 00 00
 (069.903050)  can0  067   [8]  05 8A 24 00 75 24 00 00
 (069.903315)  can0  068   [8]  05 00 00 01 00 00 01 00
 (069.943046)  can0  067   [8]  0B 6A F1 8E BC 00 00 00
 (069.943333)  can0  068   [8]  0B 0D 10 49 3A 00 00 00
 (070.002977)  can0  067   [8]  00 C9 16 87 BC 00 00 00
 (070.003354)  can0  068   [8]  00 0A 3B 0A 3A 00 00 00
 (070.022988)  can0  067   [8]  05 94 24 00 DA 24 00 00
 (070.023419)  can0  068   [8]  05 00 00 01 00 00 01 00
 (070.042978)  can0  067   [8]  12 80 67 00 01 01 00 00
 (070.042997)  can0  067   [8]  0C 02 A1 9B 00 00 70 08
 (070.043414)  can0  068   [8]  11 00 00 00 00 00 11 03
 (070.062980)  can0  067   [8]  0B 6A F1 8E BC 00 00 00
 (070.063296)  can0  068   [8]  0B 0D 10 49 3A 00 00 00
 (070.082979)  can0  067   [8]  11 06 00 00 00 00 29 01
 (070.091928)  can0  064   [8]  67 01 92 0A 86 BF 06 00
 (070.093866)  can0  064   [8]  68 01 92 0A 86 3F 06 00
 (070.102858)  can0  067   [8]  11 06 00 00 00 00 09 01
 (070.122903)  can0  067   [8]  00 C9 16 87 BC 00 00 00
 (070.123320)  can0  068   [8]  00 0A 3B 0A 3A 00 00 00
 (070.142980)  can0  067   [8]  05 1A 2F 00 AB 2E 00 00
 (070.143288)  can0  068   [8]  05 00 00 01 00 00 01 00
 (070.182967)  can0  067   [8]  0B 51 7B 87 BC 00 00 00
 (070.183279)  can0  068   [8]  0B 0A 3B 0A 3A 00 00 00
 (070.242976)  can0  067   [8]  00 2D DB 88 BC 00 00 00
 (070.243275)  can0  068   [8]  00 89 83 10 3A 00 00 00
 (070.262945)  can0  067   [8]  05 B5 2F 00 A4 2F 00 00
 (070.263367)  can0  068   [8]  05 00 00 01 00 00 01 00
 (070.302959)  can0  067   [8]  0B D5 D1 8A BC 00 00 00
 (070.303279)  can0  068   [8]  0B 0A 3B 0A 3A 00 00 00
 (070.362930)  can0  067   [8]  00 71 0D 89 BC 00 00 00
 (070.363262)  can0  068   [8]  00 89 83 10 3A 00 00 00
 (070.382942)  can0  067   [8]  05 B8 31 00 97 31 00 00
 (070.383257)  can0  068   [8]  05 00 00 01 00 00 01 00
 (070.422838)  can0  067   [8]  0B 2E 6C 95 BC 00 00 00
 (070.423308)  can0  068   [8]  0B 0A 3B 0A 3A 00 00 00
 (070.482929)  can0  067   [8]  00 2D DB 88 BC 00 00 00
 (070.483257)  can0  068   [8]  00 0A CC 16 3A 00 00 00
 (070.502917)  can0  067   [8]  05 CD 35 00 D9 35 00 00
 (070.503243)  can0  068   [8]  05 00 00 01 00 00 01 00
 (070.542923)  can0  067   [8]  0B AB 37 AB BC 00 00 00
 (070.543248)  can0  068   [8]  0B 0A 3B 0A 3A 00 00 00
 (070.602910)  can0  067   [8]  00 0A 3B 8A BC 00 00 00
 (070.603334)  can0  068   [8]  00 0A CC 16 3A 00 00 00
 (070.603345)  can0  068   [8]  0C 02 A0 07 00 32 00 80
 (070.622913)  can0  067   [8]  05 6C 3C 00 04 3C 00 00
 (070.623340)  can0  068   [8]  05 00 00 01 00 00 01 00
 (070.623351)  can0  068   [8]  12 80 66 01 02 01 00 03
 (070.662905)  can0  067   [8]  0B E2 53 D0 BC 00 00 00
 (070.663216)  can0  068   [8]  0B 0A 3B 0A 3A 00 00 00
 (070.722892)  can0  067   [8]  00 E5 9A 8B BC 00 00 00
 (070.723246)  can0  068   [8]  00 0A CC 16 3A 00 00 00
 (070.742894)  can0  067   [8]  05 AF 44 00 88 44 00 00
 (070.743210)  can0  068   [8]  05 00 00 01 00 00 01 00
 (070.782836)  can0  067   [8]  0B 55 89 04 BD 00 00 00
 (070.783296)  can0  068   [8]  0B 0A 3B 0A 3A 00 00 00
 (070.842834)  can0  067   [8]  00 B5 D0 95 BC 00 00 00
 (070.843298)  can0  068   [8]  00 8F E9 5B 3A 00 00 00
 (070.862827)  can0  067   [8]  05 DF 52 00 B6 52 00 00
 (070.863257)  can0  068   [8]  05 00 00 01 00 00 01 00
 (070.902804)  can0  067   [8]  0B BB 00 2C BD 00 00 00
 (070.903250)  can0  068   [8]  0B 0A 3B 0A 3A 00 00 00
 (070.962812)  can0  067   [8]  00 87 06 A0 BC 00 00 00
 (070.963204)  can0  068   [8]  00 90 0B 75 3A 00 00 00
 (070.982845)  can0  067   [8]  05 A2 63 00 39 63 00 00
 (070.983182)  can0  068   [8]  05 00 00 01 00 00 01 00
 (071.022866)  can0  067   [8]  0B AD F4 5E BD 00 00 00
 (071.023206)  can0  068   [8]  0B 0A 3B 0A 3A 00 00 00
 (071.042810)  can0  067   [8]  12 80 67 00 01 01 00 00
 (071.042834)  can0  067   [8]  0C 02 A1 A4 03 00 70 3A
 (071.043185)  can0  068   [8]  11 00 00 00 00 00 11 03
 (071.082803)  can0  067   [8]  00 E9 A5 FF BC 00 00 00
 (071.083238)  can0  068   [8]  00 4B 81 A6 3A 00 00 00
 (071.102844)  can0  067   [8]  05 8D 5C 00 6A 5C 00 00
 (071.102874)  can0  067   [8]  11 06 00 00 00 00 09 01
 (071.103179)  can0  068   [8]  05 00 00 01 00 00 01 00
 (071.142785)  can0  067   [8]  0B 04 A6 8E BD 00 00 00
 (071.143119)  can0  068   [8]  0B 0A 3B 0A 3A 00 00 00
 (071.202717)  can0  067   [8]  00 F9 0C A4 BD 00 00 00
 (071.203202)  can0  068   [8]  00 0B 5D A3 3A 00 00 00
 (071.222838)  can0  067   [8]  05 50 32 00 CB 31 00 00
 (071.223121)  can0  068   [8]  05 00 00 01 00 00 01 00
 (071.262785)  can0  067   [8]  0B 5C DB B3 BD 00 00 00
 (071.263207)  can0  068   [8]  0B 0A 3B 0A 3A 00 00 00
 (071.322765)  can0  067   [8]  00 11 83 AB BD 00 00 00
 (071.323196)  can0  068   [8]  00 0B 5D 23 3B 00 00 00
 (071.342790)  can0  067   [8]  05 BD 49 00 59 4A 00 00
 (071.343099)  can0  068   [8]  05 00 00 01 00 00 01 00
 (071.363334)  can0  068   [8]  0C 02 00 00 00 00 00 00
 (071.363354)  can0  068   [8]  11 06 00 00 00 00 09 04
 (071.363356)  can0  068   [8]  12 80 67 01 02 01 00 03
 (071.382790)  can0  067   [8]  0B 7B 12 DE BD 00 00 00
 (071.383124)  can0  068   [8]  0B B9 4D 86 3B 00 00 00
 (071.383254)  can0  068   [8]  0C 02 A0 04 03 23 00 D0
 (071.442763)  can0  067   [8]  00 9D 2B DE BD 00 00 00
 (071.443083)  can0  068   [8]  00 4C 12 B3 3B 00 00 00
 (071.462776)  can0  067   [8]  05 2A 44 00 05 43 00 00
 (071.463067)  can0  068   [8]  05 CE 2D 01 BA 2D 01 00
 (071.502758)  can0  067   [8]  0B A3 29 07 BE 00 00 00
 (071.503093)  can0  068   [8]  0B 6A F1 8E 3B 00 00 00
 (071.562754)  can0  067   [8]  00 66 A9 14 BE 00 00 00
 (071.563062)  can0  068   [8]  00 BD B3 D1 3B 00 00 00
 (071.582733)  can0  067   [8]  05 7B 32 00 35 32 00 00
 (071.583062)  can0  068   [8]  05 C7 2E 01 B5 2E 01 00
 (071.622747)  can0  067   [8]  0B EA CA 21 BE 00 00 00
 (071.623085)  can0  068   [8]  0B 3D DA BE 3B 00 00 00
 (071.682743)  can0  067   [8]  00 52 9D 20 BE 00 00 00
 (071.683051)  can0  068   [8]  00 2E 33 D7 3B 00 00 00
 (071.702746)  can0  067   [8]  05 DB 48 00 BC 48 00 00
 (071.703047)  can0  068   [8]  05 85 34 01 69 34 01 00
 (071.742746)  can0  067   [8]  0B 6C 6F 3E BE 00 00 00
 (071.743080)  can0  068   [8]  0B F2 E6 1B 3C 00 00 00
 (071.802725)  can0  067   [8]  00 F3 D8 45 BE 00 00 00
 (071.803134)  can0  068   [8]  00 1F 6A D6 3B 00 00 00
 (071.822684)  can0  067   [8]  05 A2 3D 00 63 3C 00 00
 (071.823098)  can0  068   [8]  05 11 3F 01 FB 3E 01 00
 (071.862721)  can0  067   [8]  0B 34 93 5C BE 00 00 00
 (071.863052)  can0  068   [8]  0B C9 16 87 3C 00 00 00
 (071.922733)  can0  067   [8]  00 C1 96 66 BE 00 00 00
 (071.923021)  can0  068   [8]  00 0E A1 D5 3B 00 00 00
 (071.942706)  can0  067   [8]  05 0A 3B 00 82 3A 00 00
 (071.943018)  can0  068   [8]  05 89 4F 01 53 4F 01 00
 (071.982665)  can0  067   [8]  0B 50 B2 7B BE 00 00 00
 (071.983032)  can0  068   [8]  0B 97 96 E2 3C 00 00 00
 (072.042703)  can0  067   [8]  00 40 89 82 BE 00 00 00
 (072.042724)  can0  067   [8]  12 80 67 00 01 01 00 00
 (072.042725)  can0  067   [8]  0C 02 A1 B6 FF 00 00 7E
 (072.043010)  can0  068   [8]  00 0E A1 D5 3B 00 00 00
 (072.062578)  can0  067   [8]  05 A8 35 00 EC 35 00 00
 (072.063139)  can0  068   [8]  05 C8 66 01 99 66 01 00
 (072.102706)  can0  067   [8]  0B 66 A4 8D BE 00 00 00
 (072.102729)  can0  067   [8]  11 06 00 00 00 00 09 01
 (072.103029)  can0  068   [8]  0B 6F B2 31 3D 00 00 00
 (072.162631)  can0  067   [8]  00 A0 0A 91 BE 00 00 00
 (072.163073)  can0  068   [8]  00 3E FC D7 3B 00 00 00
 (072.182612)  can0  067   [8]  05 CF 35 00 7A 35 00 00
 (072.183082)  can0  068   [8]  05 76 77 01 60 77 01 00
 (072.222622)  can0  067   [8]  0B 12 79 9D BE 00 00 00
 (072.222963)  can0  068   [8]  0B 47 47 82 3D 00 00 00
 (072.282531)  can0  067   [8]  00 B2 C7 9F BE 00 00 00
 (072.283016)  can0  068   [8]  0C 02 06 7A 1E 05 00 00
 (072.283028)  can0  068   [8]  0C 02 0B 02 26 0B 01 01
 (072.283142)  can0  068   [8]  00 1F 6A D6 3B 00 00 00
 (072.283407)  can0  068   [8]  0C 02 0D 22 80 80 26 00
 (072.302602)  can0  067   [8]  05 A6 40 00 6E 3F 00 00
 (072.303018)  can0  068   [8]  05 00 00 01 00 00 01 00
 (072.303029)  can0  068   [8]  12 80 66 01 02 01 00 05
 (072.303195)  can0  068   [8]  0C 02 A1 6F 01 01 75 B0
 (072.323159)  can0  068   [8]  0C 02 0E 07 00 03 00 00
 (072.323180)  can0  068   [8]  11 00 00 00 00 00 11 04
 (072.342600)  can0  067   [8]  0B BE 4D AD BE 00 00 00
 (072.343013)  can0  068   [8]  0B F4 08 B5 3D 00 00 00
 (072.402621)  can0  067   [8]  00 20 EE B1 BE 00 00 00
 (072.403058)  can0  068   [8]  00 4E C5 D8 3B 00 00 00
 (072.422587)  can0  067   [8]  05 FD 3A 00 BC 3A 00 00
 (072.422986)  can0  068   [8]  05 00 00 01 00 00 01 00
 (072.462622)  can0  067   [8]  0B 69 22 BD BE 00 00 00
 (072.462910)  can0  068   [8]  0B 1E 05 F1 3D 00 00 00
 (072.522605)  can0  067   [8]  00 E8 80 C3 BE 00 00 00
 (072.522908)  can0  068   [8]  00 9E B2 DC 3B 00 00 00
 (072.542605)  can0  067   [8]  05 79 33 00 56 33 00 00
 (072.542910)  can0  068   [8]  05 00 00 01 00 00 01 00
 (072.582594)  can0  067   [8]  0B A4 19 CD BE 00 00 00
 (072.582897)  can0  068   [8]  0B CA AC 1A 3E 00 00 00
 (072.642578)  can0  067   [8]  00 84 8C D2 BE 00 00 00
 (072.642894)  can0  068   [8]  00 EF 9F E0 3B 00 00 00
 (072.662582)  can0  067   [8]  05 06 32 00 90 31 00 00
 (072.662890)  can0  068   [8]  05 00 00 01 00 00 01 00
 (072.702580)  can0  067   [8]  0B C0 CB DC BE 00 00 00
 (072.702891)  can0  068   [8]  0B 8C 01 40 3E 00 00 00
 (072.762563)  can0  067   [8]  00 45 BF DE BE 00 00 00
 (072.762865)  can0  068   [8]  00 0F 32 E2 3B 00 00 00
 (072.782558)  can0  067   [8]  05 CF 39 00 E5 39 00 00
 (072.782869)  can0  068   [8]  05 00 00 01 00 00 01 00
 (072.822535)  can0  067   [8]  0B 6C A0 EC BE 00 00 00
 (072.822882)  can0  068   [8]  0B AA 72 67 3E 00 00 00
 (072.882497)  can0  067   [8]  00 A8 F0 EF BE 00 00 00
 (072.882960)  can0  068   [8]  00 9E B2 DC 3B 00 00 00
 (072.902574)  can0  067   [8]  05 54 3C 00 3F 3B 00 00
 (072.902905)  can0  068   [8]  05 00 00 01 00 00 01 00
 (072.942535)  can0  067   [8]  0B 18 75 FC BE 00 00 00
 (072.942882)  can0  068   [8]  0B D7 F5 87 3E 00 00 00
 (073.002565)  can0  067   [8]  00 6E C6 00 BF 00 00 00
 (073.002884)  can0  068   [8]  00 AE 7B DD 3B 00 00 00
 (073.022544)  can0  067   [8]  05 01 37 00 FA 36 00 00
 (073.022848)  can0  068   [8]  05 00 00 01 00 00 01 00
 (073.042557)  can0  067   [8]  12 80 67 00 01 01 00 00
 (073.042579)  can0  067   [8]  0C 02 A1 A4 FF 00 00 7E
 (073.062525)  can0  067   [8]  0B E2 24 06 BF 00 00 00
 (073.062833)  can0  068   [8]  0B 32 45 9C 3E 00 00 00
 (073.102473)  can0  067   [8]  11 06 00 00 00 00 09 01
 (073.122525)  can0  067   [8]  00 23 3E 09 BF 00 00 00
 (073.122819)  can0  068   [8]  00 1F FB E2 3B 00 00 00
 (073.142473)  can0  067   [8]  05 8A 30 00 A3 30 00 00
 (073.142888)  can0  068   [8]  05 00 00 01 00 00 01 00
 (073.182504)  can0  067   [8]  0B CA 10 0E BF 00 00 00
 (073.182819)  can0  068   [8]  0B B1 97 B0 3E 00 00 00
 (073.242452)  can0  067   [8]  00 F4 A2 10 BF 00 00 00
 (073.242894)  can0  068   [8]  00 CF 0D DF 3B 00 00 00
 (073.262512)  can0  067   [8]  05 25 2E 00 EA 2D 00 00
 (073.262832)  can0  068   [8]  05 00 00 01 00 00 01 00
 (073.283031)  can0  068   [8]  0C 02 A0 07 00 32 00 80
 (073.302438)  can0  067   [8]  0B 1F FB 15 BF 00 00 00
 (073.302902)  can0  068   [8]  0B 30 EA C4 3E 00 00 00
 (073.302915)  can0  068   [8]  12 80 66 01 02 01 00 05
 (073.323030)  can0  068   [8]  11 00 00 00 00 00 11 04
 (073.362430)  can0  067   [8]  00 30 27 18 BF 00 00 00
 (073.362843)  can0  068   [8]  00 7F 20 DB 3B 00 00 00
 (073.382443)  can0  067   [8]  05 31 2D 00 10 2D 00 00
 (073.382853)  can0  068   [8]  05 00 00 01 00 00 01 00
 (073.422441)  can0  067   [8]  0B 75 E5 1D BF 00 00 00
 (073.422908)  can0  068   [8]  0B B0 3C D9 3E 00 00 00
 (073.482462)  can0  067   [8]  00 DE E0 20 BF 00 00 00
 (073.482815)  can0  068   [8]  00 7F 20 DB 3B 00 00 00
 (073.502431)  can0  067   [8]  05 BC 2E 00 03 2F 00 00
 (073.502795)  can0  068   [8]  05 00 00 01 00 00 01 00
 (073.542437)  can0  067   [8]  0B CA CF 25 BF 00 00 00
 (073.542777)  can0  068   [8]  0B 2F 8F ED 3E 00 00 00
 (073.602420)  can0  067   [8]  00 68 97 29 BF 00 00 00
 (073.602854)  can0  068   [8]  00 7F 20 DB 3B 00 00 00
 (073.622411)  can0  067   [8]  05 19 2C 00 08 2C 00 00
 (073.622851)  can0  068   [8]  05 00 00 01 00 00 01 00
 (073.662421)  can0  067   [8]  0B 20 BA 2D BF 00 00 00
 (073.662860)  can0  068   [8]  0B D7 F0 00 3F 00 00 00
 (073.722419)  can0  067   [8]  00 3A 5F 32 BF 00 00 00
 (073.722730)  can0  068   [8]  00 5E 8E D9 3B 00 00 00
 (073.742414)  can0  067   [8]  05 C3 24 00 9A 24 00 00
 (073.742777)  can0  068   [8]  05 00 00 01 00 00 01 00
 (073.782367)  can0  067   [8]  0B 76 A4 35 BF 00 00 00
 (073.782830)  can0  068   [8]  0B 85 18 0B 3F 00 00 00
 (073.842373)  can0  067   [8]  00 46 4E 3A BF 00 00 00
 (073.842832)  can0  068   [8]  00 5E 8E D9 3B 00 00 00
 (073.862436)  can0  067   [8]  05 B8 20 00 68 20 00 00
 (073.862730)  can0  068   [8]  05 00 00 01 00 00 01 00
 (073.902419)  can0  067   [8]  0B 81 9E 3D BF 00 00 00
 (073.902724)  can0  068   [8]  0B C4 41 15 3F 00 00 00
 (073.962335)  can0  067   [8]  00 0A C9 40 BF 00 00 00
 (073.962782)  can0  068   [8]  00 6F 57 DA 3B 00 00 00
 (073.982355)  can0  067   [8]  05 10 24 00 6D 23 00 00
 (073.982793)  can0  068   [8]  05 00 00 01 00 00 01 00
 (074.022371)  can0  067   [8]  0B 22 79 45 BF 00 00 00
 (074.022714)  can0  068   [8]  0B 04 6B 1F 3F 00 00 00
 (074.042351)  can0  067   [8]  12 80 67 00 01 01 00 00
 (074.042371)  can0  067   [8]  0C 02 A1 AD FF 00 00 7E
 (074.082389)  can0  067   [8]  00 35 F2 48 BF 00 00 00
 (074.082678)  can0  068   [8]  00 4E C5 D8 3B 00 00 00
 (074.102357)  can0  067   [8]  05 88 28 00 7C 27 00 00
 (074.102379)  can0  067   [8]  11 06 00 00 00 00 09 01
 (074.102692)  can0  068   [8]  05 00 00 01 00 00 01 00
 (074.142330)  can0  067   [8]  0B E5 61 4D BF 00 00 00
 (074.142739)  can0  068   [8]  0B 43 94 29 3F 00 00 00
 (074.202329)  can0  067   [8]  00 2C A7 51 BF 00 00 00
 (074.202656)  can0  068   [8]  00 4E C5 D8 3B 00 00 00
 (074.222335)  can0  067   [8]  05 A5 24 00 43 24 00 00
 (074.222682)  can0  068   [8]  05 00 00 01 00 00 01 00
 (074.262321)  can0  067   [8]  0B 18 3E 55 BF 00 00 00
 (074.262754)  can0  068   [8]  0B 84 BD 33 3F 00 00 00
 (074.282851)  can0  068   [8]  0C 02 A0 07 00 32 00 80
 (074.302857)  can0  068   [8]  12 80 66 01 02 01 00 05
 (074.322337)  can0  067   [8]  00 05 2D 5A BF 00 00 00
 (074.322641)  can0  068   [8]  00 3E FC D7 3B 00 00 00
 (074.322781)  can0  068   [8]  11 00 00 00 00 00 11 04
 (074.342281)  can0  067   [8]  05 8A 1C 00 89 1B 00 00
 (074.342679)  can0  068   [8]  05 00 00 01 00 00 01 00
 (074.382283)  can0  067   [8]  0B 2B EB 5C BF 00 00 00
 (074.382756)  can0  068   [8]  0B C3 E6 3D 3F 00 00 00
 (074.442254)  can0  067   [8]  00 DD 4F 61 BF 00 00 00
 (074.442670)  can0  068   [8]  00 4E C5 D8 3B 00 00 00
 (074.462305)  can0  067   [8]  05 E3 17 00 BE 17 00 00
 (074.462613)  can0  068   [8]  05 00 00 01 00 00 01 00
 (074.502314)  can0  067   [8]  0B 21 48 64 BF 00 00 00
 (074.502624)  can0  068   [8]  0B 71 0E 48 3F 00 00 00
 (074.562307)  can0  067   [8]  00 D4 3E 67 BF 00 00 00
 (074.562628)  can0  068   [8]  00 3E FC D7 3B 00 00 00
 (074.582240)  can0  067   [8]  05 D2 22 00 25 21 00 00
 (074.582626)  can0  068   [8]  05 00 00 01 00 00 01 00
 (074.622258)  can0  067   [8]  0B 91 35 6B BF 00 00 00
 (074.622647)  can0  068   [8]  0B D6 2F 52 3F 00 00 00
 (074.682233)  can0  067   [8]  00 B8 56 6F BF 00 00 00
 (074.682671)  can0  068   [8]  00 2E 33 D7 3B 00 00 00
 (074.702226)  can0  067   [8]  05 44 1B 00 15 1B 00 00
 (074.702667)  can0  068   [8]  05 00 00 01 00 00 01 00
 (074.742217)  can0  067   [8]  0B 7D 92 71 BF 00 00 00
 (074.742675)  can0  068   [8]  0B 8A 15 5C 3F 00 00 00
 (074.802251)  can0  067   [8]  00 7C D1 75 BF 00 00 00
 (074.802662)  can0  068   [8]  00 2E 33 D7 3B 00 00 00
 (074.822223)  can0  067   [8]  05 E0 10 00 96 11 00 00
 (074.822586)  can0  068   [8]  05 00 00 01 00 00 01 00
 (074.862216)  can0  067   [8]  0B 0D 41 77 BF 00 00 00
 (074.862651)  can0  068   [8]  0B 94 7D 65 3F 00 00 00
 (074.922238)  can0  067   [8]  00 A1 FD 79 BF 00 00 00
 (074.922573)  can0  068   [8]  00 1F 6A D6 3B 00 00 00
 (074.942210)  can0  067   [8]  05 F8 1C 00 AA 1B 00 00
 (074.942640)  can0  068   [8]  05 00 00 01 00 00 01 00
 (074.982215)  can0  067   [8]  0B 67 39 7C BF 00 00 00
 (074.982587)  can0  068   [8]  0B 45 21 6E 3F 00 00 00
 (075.042226)  can0  067   [8]  00 D5 4F 80 BF 00 00 00
 (075.042245)  can0  067   [8]  12 80 67 00 01 01 00 00
 (075.042246)  can0  067   [8]  0C 02 A1 89 FF 00 00 7E
 (075.042532)  can0  068   [8]  00 1F 6A D6 3B 00 00 00
 (075.062150)  can0  067   [8]  05 E7 0C 00 61 0C 00 00
 (075.062588)  can0  068   [8]  05 00 00 01 00 00 01 00
 (075.102098)  can0  067   [8]  0B C5 3D 80 BF 00 00 00
 (075.102120)  can0  067   [8]  11 06 00 00 00 00 09 01
 (075.102619)  can0  068   [8]  0B 34 C0 75 3F 00 00 00
 (075.162187)  can0  067   [8]  00 EE 77 81 BF 00 00 00
 (075.162653)  can0  068   [8]  00 0E A1 D5 3B 00 00 00
 (075.182182)  can0  067   [8]  05 6E 18 00 42 18 00 00
 (075.182538)  can0  068   [8]  05 00 00 01 00 00 01 00
 (075.222170)  can0  067   [8]  0B E0 06 82 BF 00 00 00
 (075.222615)  can0  068   [8]  0B 43 36 7C 3F 00 00 00
 (075.282188)  can0  067   [8]  00 61 64 83 BF 00 00 00
 (075.282496)  can0  068   [8]  00 FE D7 D4 3B 00 00 00
 (075.282628)  can0  068   [8]  0C 02 A0 07 00 32 00 80
 (075.302149)  can0  067   [8]  05 72 0E 00 3E 0E 00 00
 (075.302561)  can0  068   [8]  05 00 00 01 00 00 01 00
 (075.302572)  can0  068   [8]  12 80 66 01 02 01 00 05
 (075.322682)  can0  068   [8]  11 00 00 00 00 00 11 04
 (075.342131)  can0  067   [8]  0B CD 6D 83 BF 00 00 00
 (075.342567)  can0  068   [8]  0B 80 C2 80 3F 00 00 00
 (075.402167)  can0  067   [8]  00 CA F1 84 BF 00 00 00
 (075.402496)  can0  068   [8]  00 0E A1 D5 3B 00 00 00
 (075.422143)  can0  067   [8]  05 A2 10 00 A5 10 00 00
 (075.422480)  can0  068   [8]  05 00 00 01 00 00 01 00
 (075.462129)  can0  067   [8]  0B 8D 7D 84 BF 00 00 00
 (075.462499)  can0  068   [8]  0B 6F D5 82 3F 00 00 00
 (075.522152)  can0  067   [8]  00 48 B9 85 BF 00 00 00
 (075.522467)  can0  068   [8]  00 0E A1 D5 3B 00 00 00
 (075.542125)  can0  067   [8]  05 EB 0E 00 02 0F 00 00
 (075.542591)  can0  068   [8]  05 00 00 01 00 00 01 00
 (075.582108)  can0  067   [8]  0B B0 37 85 BF 00 00 00
 (075.582460)  can0  068   [8]  0B 23 53 84 3F 00 00 00
 (075.642143)  can0  067   [8]  00 A1 88 86 BF 00 00 00
 (075.642453)  can0  068   [8]  00 FE D7 D4 3B 00 00 00
 (075.662088)  can0  067   [8]  05 CD 0D 00 AC 0D 00 00
 (075.662441)  can0  068   [8]  05 00 00 01 00 00 01 00
 (075.702087)  can0  067   [8]  0B EE AB 85 BF 00 00 00
 (075.702443)  can0  068   [8]  0B 0A 45 85 3F 00 00 00
 (075.762101)  can0  067   [8]  00 17 E6 86 BF 00 00 00
 (075.762425)  can0  068   [8]  00 0E A1 D5 3B 00 00 00
 (075.782073)  can0  067   [8]  05 7F 0D 00 5C 0D 00 00
 (075.782537)  can0  068   [8]  05 00 00 01 00 00 01 00
 (075.822072)  can0  067   [8]  0B C2 EA 85 BF 00 00 00
 (075.822541)  can0  068   [8]  0B 34 C8 85 3F 00 00 00
 (075.882093)  can0  067   [8]  00 7D 31 87 BF 00 00 00
 (075.882428)  can0  068   [8]  00 FE D7 D4 3B 00 00 00
 (075.902089)  can0  067   [8]  05 84 0C 00 9E 0C 00 00
 (075.902406)  can0  068   [8]  05 00 00 01 00 00 01 00
 (075.942044)  can0  067   [8]  0B AF 04 86 BF 00 00 00
 (075.942493)  can0  068   [8]  0B 65 FE 85 3F 00 00 00
 (076.001992)  can0  067   [8]  00 B3 3B 87 BF 00 00 00
 (076.002477)  can0  068   [8]  00 0E A1 D5 3B 00 00 00
 (076.021999)  can0  067   [8]  05 8C 0D 00 9B 0D 00 00
 (076.022464)  can0  068   [8]  05 00 00 01 00 00 01 00
 (076.041987)  can0  067   [8]  12 80 67 00 01 01 00 00
 (076.042005)  can0  067   [8]  0C 02 A1 92 58 00 10 7E
 (076.062024)  can0  067   [8]  0B 65 09 86 BF 00 00 00
 (076.062459)  can0  068   [8]  0B 65 09 86 3F 00 00 00
 (076.102037)  can0  067   [8]  11 06 00 00 00 00 29 01
 (076.102448)  can0  068   [8]  11 00 00 00 00 00 31 04
 (076.121990)  can0  067   [8]  00 45 3D 87 BF 00 00 00
 (076.122418)  can0  068   [8]  00 FE D7 D4 3B 00 00 00
 (076.141995)  can0  067   [8]  05 09 02 00 3D 02 00 00
 (076.142410)  can0  068   [8]  05 00 00 01 00 00 01 00
 (076.182011)  can0  067   [8]  0B 2E 0A 86 BF 00 00 00
 (076.182378)  can0  068   [8]  0B 2E 0A 86 3F 00 00 00
 (076.242003)  can0  067   [8]  00 0E 3E 87 BF 00 00 00
 (076.242352)  can0  068   [8]  00 FE D7 D4 3B 00 00 00
 (076.261984)  can0  067   [8]  05 09 02 00 18 02 00 00
 (076.262439)  can0  068   [8]  05 00 00 01 00 00 01 00
 (076.282571)  can0  068   [8]  0C 02 A0 07 00 32 00 80
 (076.301985)  can0  067   [8]  0B 2E 0A 86 BF 00 00 00
 (076.302439)  can0  068   [8]  0B 2E 0A 86 3F 00 00 00
 (076.302452)  can0  068   [8]  12 80 66 01 02 01 00 05
 (076.361959)  can0  067   [8]  00 45 3D 87 BF 00 00 00
 (076.362426)  can0  068   [8]  00 FE D7 D4 3B 00 00 00
 (076.381963)  can0  067   [8]  05 FE 01 00 18 02 00 00
 (076.382409)  can0  068   [8]  05 00 00 01 00 00 01 00
 (076.421980)  can0  067   [8]  0B 2E 0A 86 BF 00 00 00
 (076.422415)  can0  068   [8]  0B 2E 0A 86 3F 00 00 00
 (076.481975)  can0  067   [8]  00 0E 3E 87 BF 00 00 00
 (076.482399)  can0  068   [8]  00 FE D7 D4 3B 00 00 00
 (076.501958)  can0  067   [8]  05 FE 01 00 EA 01 00 00
 (076.502370)  can0  068   [8]  05 00 00 01 00 00 01 00
 (076.541958)  can0  067   [8]  0B 2E 0A 86 BF 00 00 00
 (076.542387)  can0  068   [8]  0B 2E 0A 86 3F 00 00 00
 (076.601946)  can0  067   [8]  00 0E 3E 87 BF 00 00 00
 (076.602400)  can0  068   [8]  00 FE D7 D4 3B 00 00 00
 (076.621955)  can0  067   [8]  05 E9 01 00 3D 02 00 00
 (076.622378)  can0  068   [8]  05 00 00 01 00 00 01 00
 (076.661929)  can0  067   [8]  0B 2E 0A 86 BF 00 00 00
 (076.662270)  can0  068   [8]  0B 2E 0A 86 3F 00 00 00
 (076.721959)  can0  067   [8]  00 0E 3E 87 BF 00 00 00
 (076.722285)  can0  068   [8]  00 0E A1 D5 3B 00 00 00
 (076.741947)  can0  067   [8]  05 07 02 00 F3 01 00 00
 (076.742274)  can0  068   [8]  05 00 00 01 00 00 01 00
 (076.781901)  can0  067   [8]  0B 2E 0A 86 BF 00 00 00
 (076.782312)  can0  068   [8]  0B 2E 0A 86 3F 00 00 00
 (076.841939)  can0  067   [8]  00 D7 3E 87 BF 00 00 00
 (076.842266)  can0  068   [8]  00 FE D7 D4 3B 00 00 00
 (076.861867)  can0  067   [8]  05 E9 01 00 EA 01 00 00
 (076.862321)  can0  068   [8]  05 00 00 01 00 00 01 00
 (076.901882)  can0  067   [8]  0B 2E 0A 86 BF 00 00 00
 (076.902341)  can0  068   [8]  0B 2E 0A 86 3F 00 00 00
 (076.961934)  can0  067   [8]  00 0E 3E 87 BF 00 00 00
 (076.962231)  can0  068   [8]  00 FE D7 D4 3B 00 00 00
 (076.981791)  can0  067   [8]  05 FC 01 00 0F 02 00 00
 (076.982311)  can0  068   [8]  05 00 00 01 00 00 01 00
 (077.021846)  can0  067   [8]  0B 2E 0A 86 BF 00 00 00
 (077.022237)  can0  068   [8]  0B 2E 0A 86 3F 00 00 00
 (077.041909)  can0  067   [8]  12 80 67 00 01 01 00 00
 (077.041931)  can0  067   [8]  0C 02 A1 92 00 00 60 04
 (077.081880)  can0  067   [8]  00 D7 3E 87 BF 00 00 00
 (077.082320)  can0  068   [8]  00 FE D7 D4 3B 00 00 00
 (077.101872)  can0  067   [8]  05 F2 01 00 47 02 00 00
 (077.101890)  can0  067   [8]  11 06 00 00 00 00 29 01
 (077.102464)  can0  068   [8]  05 00 00 01 00 00 01 00
 (077.102475)  can0  068   [8]  11 00 00 00 00 00 31 04
 (077.141893)  can0  067   [8]  0B 2E 0A 86 BF 00 00 00
 (077.142237)  can0  068   [8]  0B 2E 0A 86 3F 00 00 00
 (077.201792)  can0  067   [8]  00 D7 3E 87 BF 00 00 00
 (077.202329)  can0  068   [8]  00 0E A1 D5 3B 00 00 00
 (077.221845)  can0  067   [8]  05 F1 01 00 F3 01 00 00
 (077.222245)  can0  068   [8]  05 00 00 01 00 00 01 00
 (077.261855)  can0  067   [8]  0B 2E 0A 86 BF 00 00 00
 (077.262281)  can0  068   [8]  0B 2E 0A 86 3F 00 00 00
 (077.282386)  can0  068   [8]  0C 02 A0 07 00 32 00 80
 (077.302362)  can0  068   [8]  12 80 66 01 02 01 00 05
 (077.321737)  can0  067   [8]  00 0E 3E 87 BF 00 00 00
 (077.322273)  can0  068   [8]  00 FE D7 D4 3B 00 00 00
 (077.341816)  can0  067   [8]  05 F1 01 00 C5 01 00 00
 (077.342184)  can0  068   [8]  05 00 00 01 00 00 01 00
 (077.381803)  can0  067   [8]  0B 2E 0A 86 BF 00 00 00
 (077.382264)  can0  068   [8]  0B 2E 0A 86 3F 00 00 00
 (077.441796)  can0  067   [8]  00 D7 3E 87 BF 00 00 00
 (077.442235)  can0  068   [8]  00 0E A1 D5 3B 00 00 00
 (077.461796)  can0  067   [8]  05 FA 01 00 FD 01 00 00
 (077.462233)  can0  068   [8]  05 00 00 01 00 00 01 00
 (077.501801)  can0  067   [8]  0B 2E 0A 86 BF 00 00 00
 (077.502240)  can0  068   [8]  0B 2E 0A 86 3F 00 00 00
 (077.561795)  can0  067   [8]  00 D7 3E 87 BF 00 00 00
 (077.562173)  can0  068   [8]  00 0E A1 D5 3B 00 00 00
 (077.581798)  can0  067   [8]  05 F0 01 00 D8 01 00 00
 (077.582230)  can0  068   [8]  05 00 00 01 00 00 01 00
 (077.621783)  can0  067   [8]  0B 2E 0A 86 BF 00 00 00
 (077.622223)  can0  068   [8]  0B 2E 0A 86 3F 00 00 00
 (077.681796)  can0  067   [8]  00 0E 3E 87 BF 00 00 00
 (077.682164)  can0  068   [8]  00 0E A1 D5 3B 00 00 00
 (077.701786)  can0  067   [8]  05 F0 01 00 FD 01 00 00
 (077.702244)  can0  068   [8]  05 00 00 01 00 00 01 00
 (077.741796)  can0  067   [8]  0B 2E 0A 86 BF 00 00 00
 (077.742155)  can0  068   [8]  0B 2E 0A 86 3F 00 00 00
 (077.801716)  can0  067   [8]  00 0E 3E 87 BF 00 00 00
 (077.802176)  can0  068   [8]  00 0E A1 D5 3B 00 00 00
 (077.821786)  can0  067   [8]  05 FA 01 00 06 02 00 00
 (077.822125)  can0  068   [8]  05 00 00 01 00 00 01 00
 (077.861769)  can0  067   [8]  0B 2E 0A 86 BF 00 00 00
 (077.862140)  can0  068   [8]  0B 2E 0A 86 3F 00 00 00
 (077.921761)  can0  067   [8]  00 D7 3E 87 BF 00 00 00
 (077.922152)  can0  068   [8]  00 0E A1 D5 3B 00 00 00
 (077.941746)  can0  067   [8]  05 EF 01 00 C5 01 00 00
 (077.942177)  can0  068   [8]  05 00 00 01 00 00 01 00
 (077.981775)  can0  067   [8]  0B 2E 0A 86 BF 00 00 00
 (077.982123)  can0  068   [8]  0B 2E 0A 86 3F 00 00 00
 (078.041751)  can0  067   [8]  00 45 3D 87 BF 00 00 00
 (078.041770)  can0  067   [8]  12 80 67 00 01 01 00 00
 (078.041772)  can0  067   [8]  0C 02 A1 92 00 00 70 04
 (078.042083)  can0  068   [8]  00 EE 0E D4 3B 00 00 00
 (078.061686)  can0  067   [8]  05 F9 01 00 97 01 00 00
 (078.062115)  can0  068   [8]  05 00 00 01 00 00 01 00
 (078.101733)  can0  067   [8]  0B 2E 0A 86 BF 00 00 00
 (078.101753)  can0  067   [8]  11 06 00 00 00 00 29 01
 (078.102176)  can0  068   [8]  0B 2E 0A 86 3F 00 00 00
 (078.102188)  can0  068   [8]  11 00 00 00 00 00 31 04
 (078.161706)  can0  067   [8]  00 D7 3E 87 BF 00 00 00
 (078.162112)  can0  068   [8]  00 FE D7 D4 3B 00 00 00
 (078.181714)  can0  067   [8]  05 E4 01 00 EA 01 00 00
 (078.182139)  can0  068   [8]  05 00 00 01 00 00 01 00
 (078.221703)  can0  067   [8]  0B 2E 0A 86 BF 00 00 00
 (078.222073)  can0  068   [8]  0B 2E 0A 86 3F 00 00 00
 (078.281719)  can0  067   [8]  00 D7 3E 87 BF 00 00 00
 (078.282151)  can0  068   [8]  00 0E A1 D5 3B 00 00 00
 (078.282163)  can0  068   [8]  0C 02 A0 07 00 32 00 80
 (078.301699)  can0  067   [8]  05 F8 01 00 34 02 00 00
 (078.302063)  can0  068   [8]  05 00 00 01 00 00 01 00
 (078.302076)  can0  068   [8]  12 80 66 01 02 01 00 05
 (078.341692)  can0  067   [8]  0B 2E 0A 86 BF 00 00 00
 (078.342061)  can0  068   [8]  0B 2E 0A 86 3F 00 00 00
 (078.401633)  can0  067   [8]  00 D7 3E 87 BF 00 00 00
 (078.402044)  can0  068   [8]  00 0E A1 D5 3B 00 00 00
 (078.421629)  can0  067   [8]  05 01 02 00 2B 02 00 00
 (078.422053)  can0  068   [8]  05 00 00 01 00 00 01 00
 (078.461643)  can0  067   [8]  0B 2E 0A 86 BF 00 00 00
 (078.462091)  can0  068   [8]  0B 2E 0A 86 3F 00 00 00
 (078.521653)  can0  067   [8]  00 A0 3F 87 BF 00 00 00
 (078.522003)  can0  068   [8]  00 FE D7 D4 3B 00 00 00
 (078.541688)  can0  067   [8]  05 ED 01 00 22 02 00 00
 (078.542013)  can0  068   [8]  05 00 00 01 00 00 01 00
 (078.581556)  can0  067   [8]  0B 2E 0A 86 BF 00 00 00
 (078.582150)  can0  068   [8]  0B 2E 0A 86 3F 00 00 00
 (078.641642)  can0  067   [8]  00 D7 3E 87 BF 00 00 00
 (078.641925)  can0  068   [8]  00 FE D7 D4 3B 00 00 00
 (078.661626)  can0  067   [8]  05 EC 01 00 CF 01 00 00
 (078.662074)  can0  068   [8]  05 00 00 01 00 00 01 00
 (078.701629)  can0  067   [8]  0B 2E 0A 86 BF 00 00 00
 (078.701994)  can0  068   [8]  0B 2E 0A 86 3F 00 00 00
 (078.761633)  can0  067   [8]  00 D7 3E 87 BF 00 00 00
 (078.761964)  can0  068   [8]  00 FE D7 D4 3B 00 00 00
 (078.781619)  can0  067   [8]  05 00 02 00 F3 01 00 00
 (078.781968)  can0  068   [8]  05 00 00 01 00 00 01 00
 (078.821595)  can0  067   [8]  0B 2E 0A 86 BF 00 00 00
 (078.821989)  can0  068   [8]  0B 2E 0A 86 3F 00 00 00
 (078.881604)  can0  067   [8]  00 A0 3F 87 BF 00 00 00
 (078.882071)  can0  068   [8]  00 0E A1 D5 3B 00 00 00
 (078.901570)  can0  067   [8]  05 EB 01 00 FD 01 00 00
 (078.902028)  can0  068   [8]  05 00 00 01 00 00 01 00
 (078.941579)  can0  067   [8]  0B 2E 0A 86 BF 00 00 00
 (078.942050)  can0  068   [8]  0B 2E 0A 86 3F 00 00 00
 (079.001599)  can0  067   [8]  00 D7 3E 87 BF 00 00 00
 (079.001943)  can0  068   [8]  00 FE D7 D4 3B 00 00 00
 (079.021563)  can0  067   [8]  05 EB 01 00 79 00 00 00
 (079.022029)  can0  068   [8]  05 00 00 01 00 00 01 00
 (079.041565)  can0  067   [8]  12 80 67 00 01 01 00 00
 (079.041584)  can0  067   [8]  0C 02 A1 92 00 00 70 04
 (079.061560)  can0  067   [8]  0B 2E 0A 86 BF 00 00 00
 (079.061994)  can0  068   [8]  0B 2E 0A 86 3F 00 00 00
 (079.101525)  can0  067   [8]  11 06 00 00 00 00 29 01
 (079.101969)  can0  068   [8]  11 00 00 00 00 00 31 04
 (079.121576)  can0  067   [8]  00 0E 3E 87 BF 00 00 00
 (079.122007)  can0  068   [8]  00 FE D7 D4 3B 00 00 00
 (079.141549)  can0  067   [8]  05 F5 01 00 EA 01 00 00
 (079.141979)  can0  068   [8]  05 00 00 01 00 00 01 00
 (079.181538)  can0  067   [8]  0B 2E 0A 86 BF 00 00 00
 (079.181912)  can0  068   [8]  0B 2E 0A 86 3F 00 00 00
 (079.241526)  can0  067   [8]  00 D7 3E 87 BF 00 00 00
 (079.241963)  can0  068   [8]  00 0E A1 D5 3B 00 00 00
 (079.261526)  can0  067   [8]  05 E0 01 00 C5 01 00 00
 (079.261948)  can0  068   [8]  05 00 00 01 00 00 01 00
 (079.282120)  can0  068   [8]  0C 02 A0 07 00 32 00 80
 (079.301506)  can0  067   [8]  0B 2E 0A 86 BF 00 00 00
 (079.301954)  can0  068   [8]  0B 2E 0A 86 3F 00 00 00
 (079.301973)  can0  068   [8]  12 80 66 01 02 01 00 05
 (079.361550)  can0  067   [8]  00 69 40 87 BF 00 00 00
 (079.361988)  can0  068   [8]  00 FE D7 D4 3B 00 00 00
 (079.381502)  can0  067   [8]  05 E0 01 00 FD 01 00 00
 (079.381930)  can0  068   [8]  05 00 00 01 00 00 01 00
 (079.421482)  can0  067   [8]  0B 2E 0A 86 BF 00 00 00
 (079.421815)  can0  068   [8]  0B 2E 0A 86 3F 00 00 00
 (079.481466)  can0  067   [8]  00 D7 3E 87 BF 00 00 00
 (079.481928)  can0  068   [8]  00 0E A1 D5 3B 00 00 00
 (079.501451)  can0  067   [8]  05 E9 01 00 AA 01 00 00
 (079.501963)  can0  068   [8]  05 00 00 01 00 00 01 00
 (079.541418)  can0  067   [8]  0B 2E 0A 86 BF 00 00 00
 (079.541933)  can0  068   [8]  0B 2E 0A 86 3F 00 00 00
 (079.601492)  can0  067   [8]  00 D7 3E 87 BF 00 00 00
 (079.601786)  can0  068   [8]  00 0E A1 D5 3B 00 00 00
 (079.621371)  can0  067   [8]  05 E9 01 00 E1 01 00 00
 (079.621934)  can0  068   [8]  05 00 00 01 00 00 01 00
 (079.661405)  can0  067   [8]  0B 2E 0A 86 BF 00 00 00
 (079.661977)  can0  068   [8]  0B 2E 0A 86 3F 00 00 00
 (079.721441)  can0  067   [8]  00 D7 3E 87 BF 00 00 00
 (079.721777)  can0  068   [8]  00 0E A1 D5 3B 00 00 00
 (079.741438)  can0  067   [8]  05 E8 01 00 BC 01 00 00
 (079.741925)  can0  068   [8]  05 00 00 01 00 00 01 00
 (079.781434)  can0  067   [8]  0B 2E 0A 86 BF 00 00 00
 (079.781887)  can0  068   [8]  0B 2E 0A 86 3F 00 00 00
 (079.841414)  can0  067   [8]  00 0E 3E 87 BF 00 00 00
 (079.841826)  can0  068   [8]  00 FE D7 D4 3B 00 00 00
 (079.861456)  can0  067   [8]  05 DE 01 00 18 02 00 00
 (079.861869)  can0  068   [8]  05 00 00 01 00 00 01 00
 (079.901403)  can0  067   [8]  0B 2E 0A 86 BF 00 00 00
 (079.901815)  can0  068   [8]  0B 2E 0A 86 3F 00 00 00
 (079.961409)  can0  067   [8]  00 D7 3E 87 BF 00 00 00
 (079.961807)  can0  068   [8]  00 0E A1 D5 3B 00 00 00
 (079.981392)  can0  067   [8]  05 DD 01 00 A7 00 00 00
 (079.981808)  can0  068   [8]  05 00 00 01 00 00 01 00
 (080.021408)  can0  067   [8]  0B 2E 0A 86 BF 00 00 00
 (080.021850)  can0  068   [8]  0B 2E 0A 86 3F 00 00 00
 (080.041409)  can0  067   [8]  12 80 67 00 01 01 00 00
 (080.041441)  can0  067   [8]  0C 02 A1 92 00 00 70 04
 (080.081386)  can0  067   [8]  00 0E 3E 87 BF 00 00 00
 (080.081831)  can0  068   [8]  00 FE D7 D4 3B 00 00 00
 (080.101260)  can0  067   [8]  05 F1 01 00 EA 01 00 00
 (080.101282)  can0  067   [8]  11 06 00 00 00 00 29 01
 (080.101728)  can0  068   [8]  05 00 00 01 00 00 01 00
 (080.101856)  can0  068   [8]  11 00 00 00 00 00 31 04
 (080.102901)  can0  064   [8]  67 01 35 FA 8E BC 07 00
 (080.104505)  can0  064   [8]  68 01 35 FA 8E 3C 07 00
 (080.121266)  can0  067   [8]  11 06 00 00 00 00 09 01
 (080.121826)  can0  068   [8]  11 00 00 00 00 00 11 04
 (080.141383)  can0  067   [8]  0B 0E 3E 87 BF 00 00 00
 (080.141829)  can0  068   [8]  0B FE D7 D4 3B 00 00 00
 (080.201402)  can0  067   [8]  00 0E 3E 87 BF 00 00 00
 (080.201760)  can0  068   [8]  00 FE D7 D4 3B 00 00 00
 (080.221403)  can0  067   [8]  05 25 05 00 2A 05 00 00
 (080.221804)  can0  068   [8]  05 00 00 01 00 00 01 00
 (080.261345)  can0  067   [8]  0B EA 3A 87 BF 00 00 00
 (080.261783)  can0  068   [8]  0B FE D7 D4 3B 00 00 00
 (080.281919)  can0  068   [8]  0C 02 A0 07 00 32 00 80
 (080.301925)  can0  068   [8]  12 80 66 01 02 01 00 05
 (080.321362)  can0  067   [8]  00 0E 3E 87 BF 00 00 00
 (080.321782)  can0  068   [8]  00 FE D7 D4 3B 00 00 00
 (080.341367)  can0  067   [8]  05 15 04 00 C1 03 00 00
 (080.341786)  can0  068   [8]  05 00 00 01 00 00 01 00
 (080.381251)  can0  067   [8]  0B DA 28 87 BF 00 00 00
 (080.381810)  can0  068   [8]  0B FE D7 D4 3B 00 00 00
 (080.441318)  can0  067   [8]  00 A0 3F 87 BF 00 00 00
 (080.441747)  can0  068   [8]  00 0E A1 D5 3B 00 00 00
 (080.461331)  can0  067   [8]  05 32 02 00 3D 02 00 00
 (080.461754)  can0  068   [8]  05 00 00 01 00 00 01 00
 (080.501357)  can0  067   [8]  0B 39 FF 86 BF 00 00 00
 (080.501715)  can0  068   [8]  0B FE D7 D4 3B 00 00 00
 (080.561356)  can0  067   [8]  00 D7 3E 87 BF 00 00 00
 (080.561625)  can0  068   [8]  00 FE D7 D4 3B 00 00 00
 (080.581310)  can0  067   [8]  05 4A 01 01 01 01 01 00
 (080.581730)  can0  068   [8]  05 00 00 01 00 00 01 00
 (080.621322)  can0  067   [8]  0B D3 B3 86 BF 00 00 00
 (080.621751)  can0  068   [8]  0B FE D7 D4 3B 00 00 00
 (080.681299)  can0  067   [8]  00 32 41 87 BF 00 00 00
 (080.681756)  can0  068   [8]  00 EE 0E D4 3B 00 00 00
 (080.701334)  can0  067   [8]  05 D8 06 01 A2 06 01 00
 (080.701789)  can0  068   [8]  05 00 00 01 00 00 01 00
 (080.741326)  can0  067   [8]  0B E0 3A 86 BF 00 00 00
 (080.741669)  can0  068   [8]  0B FE D7 D4 3B 00 00 00
 (080.801306)  can0  067   [8]  00 8F 38 87 BF 00 00 00
 (080.801759)  can0  068   [8]  00 FE D7 D4 3B 00 00 00
 (080.821273)  can0  067   [8]  05 D1 0E 01 92 0E 01 00
 (080.821713)  can0  068   [8]  05 00 00 01 00 00 01 00
 (080.861309)  can0  067   [8]  0B 28 8A 85 BF 00 00 00
 (080.861654)  can0  068   [8]  0B FE D7 D4 3B 00 00 00
 (080.921279)  can0  067   [8]  00 EB 2F 87 BF 00 00 00
 (080.921698)  can0  068   [8]  00 0E A1 D5 3B 00 00 00
 (080.941270)  can0  067   [8]  05 6E 18 01 4A 18 01 00
 (080.941690)  can0  068   [8]  05 00 00 01 00 00 01 00
 (080.981293)  can0  067   [8]  0B D3 99 84 BF 00 00 00
 (080.981653)  can0  068   [8]  0B FE D7 D4 3B 00 00 00
 (081.041279)  can0  067   [8]  00 91 22 87 BF 00 00 00
 (081.041306)  can0  067   [8]  12 80 67 00 01 01 00 00
 (081.041308)  can0  067   [8]  0C 02 A1 A4 02 00 50 54
 (081.041683)  can0  068   [8]  00 0E A1 D5 3B 00 00 00
 (081.061264)  can0  067   [8]  05 2C 27 01 68 25 01 00
 (081.061643)  can0  068   [8]  05 00 00 01 00 00 01 00
 (081.101281)  can0  067   [8]  0B 2A 65 83 BF 00 00 00
 (081.101615)  can0  068   [8]  0B FE D7 D4 3B 00 00 00
 (081.121283)  can0  067   [8]  11 06 00 00 00 00 09 01
 (081.121593)  can0  068   [8]  11 00 00 00 00 00 11 04
 (081.161288)  can0  067   [8]  00 FB 18 83 BF 00 00 00
 (081.161585)  can0  068   [8]  00 FE D7 D4 3B 00 00 00
 (081.181263)  can0  067   [8]  05 1D 03 01 22 01 01 00
 (081.181690)  can0  068   [8]  05 00 00 01 00 00 01 00
 (081.221264)  can0  067   [8]  0B D0 E9 81 BF 00 00 00
 (081.221690)  can0  068   [8]  0B FE D7 D4 3B 00 00 00
 (081.281241)  can0  067   [8]  00 78 7D 82 BF 00 00 00
 (081.281632)  can0  068   [8]  00 CE 7C D2 3B 00 00 00
 (081.281650)  can0  068   [8]  0C 02 A0 07 00 32 00 80
 (081.301206)  can0  067   [8]  05 0F 10 01 0A 10 01 00
 (081.301658)  can0  068   [8]  05 00 00 01 00 00 01 00
 (081.301676)  can0  068   [8]  12 80 66 01 02 01 00 05
 (081.341217)  can0  067   [8]  0B 34 31 80 BF 00 00 00
 (081.341615)  can0  068   [8]  0B FE D7 D4 3B 00 00 00
 (081.401224)  can0  067   [8]  00 B3 ED 80 BF 00 00 00
 (081.401638)  can0  068   [8]  00 1F 6A D6 3B 00 00 00
 (081.421228)  can0  067   [8]  05 DE 0D 01 B9 0D 01 00
 (081.421563)  can0  068   [8]  05 00 00 01 00 00 01 00
 (081.461219)  can0  067   [8]  0B D0 63 7C BF 00 00 00
 (081.461639)  can0  068   [8]  0B FE D7 D4 3B 00 00 00
 (081.521281)  can0  067   [8]  00 62 65 7C BF 00 00 00
 (081.521490)  can0  068   [8]  00 1F 6A D6 3B 00 00 00
 (081.541223)  can0  067   [8]  05 F0 0B 01 08 0B 01 00
 (081.541537)  can0  068   [8]  05 00 00 01 00 00 01 00
 (081.581226)  can0  067   [8]  0B B4 DF 77 BF 00 00 00
 (081.581535)  can0  068   [8]  0B FE D7 D4 3B 00 00 00
 (081.641242)  can0  067   [8]  00 CE A8 79 BF 00 00 00
 (081.641525)  can0  068   [8]  00 0E A1 D5 3B 00 00 00
 (081.661204)  can0  067   [8]  05 9B 14 01 D1 13 01 00
 (081.661618)  can0  068   [8]  05 00 00 01 00 00 01 00
 (081.701234)  can0  067   [8]  0B EF D2 72 BF 00 00 00
 (081.701516)  can0  068   [8]  0B FE D7 D4 3B 00 00 00
 (081.761244)  can0  067   [8]  00 78 BE 71 BF 00 00 00
 (081.761504)  can0  068   [8]  00 1F 6A D6 3B 00 00 00
 (081.781199)  can0  067   [8]  05 A2 07 01 1D 07 01 00
 (081.781508)  can0  068   [8]  05 00 00 01 00 00 01 00
 (081.821229)  can0  067   [8]  0B ED 46 6D BF 00 00 00
 (081.821451)  can0  068   [8]  0B FE D7 D4 3B 00 00 00
 (081.881221)  can0  067   [8]  00 BD 1F 6F BF 00 00 00
 (081.881489)  can0  068   [8]  00 0E A1 D5 3B 00 00 00
 (081.901163)  can0  067   [8]  05 C5 15 01 A5 14 01 00
 (081.901496)  can0  068   [8]  05 00 00 01 00 00 01 00
 (081.941189)  can0  067   [8]  0B AE 51 67 BF 00 00 00
 (081.941489)  can0  068   [8]  0B FE D7 D4 3B 00 00 00
 (082.001161)  can0  067   [8]  00 03 DF 66 BF 00 00 00
 (082.001553)  can0  068   [8]  00 2E 33 D7 3B 00 00 00
 (082.021064)  can0  067   [8]  05 0B 0C 01 6B 0B 01 00
 (082.021567)  can0  068   [8]  05 00 00 01 00 00 01 00
 (082.041160)  can0  067   [8]  12 80 67 00 01 01 00 00
 (082.041190)  can0  067   [8]  0C 02 A1 92 EE 00 10 7E
 (082.061077)  can0  067   [8]  0B 77 04 61 BF 00 00 00
 (082.061516)  can0  068   [8]  0B FE D7 D4 3B 00 00 00
 (082.121178)  can0  067   [8]  00 4E 2D 61 BF 00 00 00
 (082.121214)  can0  067   [8]  11 06 00 00 00 00 09 01
 (082.121416)  can0  068   [8]  00 FE D7 D4 3B 00 00 00
 (082.121617)  can0  068   [8]  11 00 00 00 00 00 11 04
 (082.141044)  can0  067   [8]  05 C2 04 01 D6 04 01 00
 (082.141549)  can0  068   [8]  05 00 00 01 00 00 01 00
 (082.181066)  can0  067   [8]  0B D9 76 5A BF 00 00 00
 (082.181545)  can0  068   [8]  0B FE D7 D4 3B 00 00 00
 (082.241085)  can0  067   [8]  00 55 54 5B BF 00 00 00
 (082.241470)  can0  068   [8]  00 0E A1 D5 3B 00 00 00
 (082.261052)  can0  067   [8]  05 CD 11 01 6F 11 01 00
 (082.261519)  can0  068   [8]  05 00 00 01 00 00 01 00
 (082.281652)  can0  068   [8]  0C 02 A0 07 00 32 00 80
 (082.301045)  can0  067   [8]  0B 40 BD 53 BF 00 00 00
 (082.301506)  can0  068   [8]  0B FE D7 D4 3B 00 00 00
 (082.301530)  can0  068   [8]  12 80 66 01 02 01 00 05
 (082.361041)  can0  067   [8]  00 09 07 53 BF 00 00 00
 (082.361487)  can0  068   [8]  00 2E 33 D7 3B 00 00 00
 (082.381026)  can0  067   [8]  05 18 09 01 08 09 01 00
 (082.381505)  can0  068   [8]  05 00 00 01 00 00 01 00
 (082.421019)  can0  067   [8]  0B 84 EA 4C BF 00 00 00
 (082.421479)  can0  068   [8]  0B FE D7 D4 3B 00 00 00
 (082.481038)  can0  067   [8]  00 83 F5 4C BF 00 00 00
 (082.481373)  can0  068   [8]  00 0E A1 D5 3B 00 00 00
 (082.501020)  can0  067   [8]  05 23 02 01 AB 01 01 00
 (082.501476)  can0  068   [8]  05 00 00 01 00 00 01 00
 (082.541092)  can0  067   [8]  0B F0 04 46 BF 00 00 00
 (082.541373)  can0  068   [8]  0B FE D7 D4 3B 00 00 00
 (082.600987)  can0  067   [8]  00 1F FD 46 BF 00 00 00
 (082.601407)  can0  068   [8]  00 1F 6A D6 3B 00 00 00
 (082.620990)  can0  067   [8]  05 29 0F 01 76 0E 01 00
 (082.621387)  can0  068   [8]  05 00 00 01 00 00 01 00
 (082.661001)  can0  067   [8]  0B A1 3B 3F BF 00 00 00
 (082.661340)  can0  068   [8]  0B FE D7 D4 3B 00 00 00
 (082.720980)  can0  067   [8]  00 8A B4 3E BF 00 00 00
 (082.721464)  can0  068   [8]  00 2E 33 D7 3B 00 00 00
 (082.740985)  can0  067   [8]  05 22 08 01 BB 07 01 00
 (082.741357)  can0  068   [8]  05 00 00 01 00 00 01 00
 (082.780963)  can0  067   [8]  0B 2E 64 38 BF 00 00 00
 (082.781375)  can0  068   [8]  0B FE D7 D4 3B 00 00 00
 (082.840969)  can0  067   [8]  00 85 E6 37 BF 00 00 00
 (082.841388)  can0  068   [8]  00 0E A1 D5 3B 00 00 00
 (082.860944)  can0  067   [8]  05 9A 01 00 8D 01 00 00
 (082.861395)  can0  068   [8]  05 00 00 01 00 00 01 00
 (082.900922)  can0  067   [8]  0B 4E 8E 31 BF 00 00 00
 (082.901370)  can0  068   [8]  0B FE D7 D4 3B 00 00 00
 (082.960939)  can0  067   [8]  00 EE 79 32 BF 00 00 00
 (082.961353)  can0  068   [8]  00 2E 33 D7 3B 00 00 00
 (082.980912)  can0  067   [8]  05 BA 0C 01 06 0E 01 00
 (082.981409)  can0  068   [8]  05 00 00 01 00 00 01 00
 (083.020940)  can0  067   [8]  0B DD B6 2A BF 00 00 00
 (083.021364)  can0  068   [8]  0B FE D7 D4 3B 00 00 00
 (083.040671)  can0  067   [8]  12 80 67 00 01 01 00 00
 (083.040810)  can0  067   [8]  0C 02 A1 9B FF 00 00 7E
 (083.080923)  can0  067   [8]  00 54 5D 2A BF 00 00 00
 (083.081335)  can0  068   [8]  00 3E FC D7 3B 00 00 00
 (083.100926)  can0  067   [8]  05 6D 07 01 0D 07 01 00
 (083.101348)  can0  068   [8]  05 00 00 01 00 00 01 00
 (083.120914)  can0  067   [8]  11 06 00 00 00 00 09 01
 (083.121385)  can0  068   [8]  11 00 00 00 00 00 11 04
 (083.140910)  can0  067   [8]  0B 6B DF 23 BF 00 00 00
 (083.141317)  can0  068   [8]  0B FE D7 D4 3B 00 00 00
 (083.200832)  can0  067   [8]  00 D2 BC 22 BF 00 00 00
 (083.201204)  can0  068   [8]  00 3E FC D7 3B 00 00 00
 (083.220914)  can0  067   [8]  05 1A 04 00 AE 04 00 00
 (083.221332)  can0  068   [8]  05 00 00 01 00 00 01 00
 (083.260914)  can0  067   [8]  0B F9 07 1D BF 00 00 00
 (083.261329)  can0  068   [8]  0B FE D7 D4 3B 00 00 00
 (083.281485)  can0  068   [8]  0C 02 A0 07 00 32 00 80
 (083.301489)  can0  068   [8]  12 80 66 01 02 01 00 05
 (083.320918)  can0  067   [8]  00 4F ED 1D BF 00 00 00
 (083.321382)  can0  068   [8]  00 3E FC D7 3B 00 00 00
 (083.340860)  can0  067   [8]  05 AE 09 01 2D 09 01 00
 (083.341343)  can0  068   [8]  05 00 00 01 00 00 01 00
 (083.380882)  can0  067   [8]  0B 88 30 16 BF 00 00 00
 (083.381343)  can0  068   [8]  0B FE D7 D4 3B 00 00 00
 (083.440844)  can0  067   [8]  00 43 FE 15 BF 00 00 00
 (083.441326)  can0  068   [8]  00 2E 33 D7 3B 00 00 00
 (083.460829)  can0  067   [8]  05 C7 06 01 A8 06 01 00
 (083.461454)  can0  068   [8]  05 00 00 01 00 00 01 00
 (083.500852)  can0  067   [8]  0B A8 5A 0F BF 00 00 00
 (083.501344)  can0  068   [8]  0B FE D7 D4 3B 00 00 00
 (083.560855)  can0  067   [8]  00 41 AC 0D BF 00 00 00
 (083.561343)  can0  068   [8]  00 4E C5 D8 3B 00 00 00
 (083.580835)  can0  067   [8]  05 0D 06 00 68 05 00 00
 (083.581320)  can0  068   [8]  05 00 00 01 00 00 01 00
 (083.620846)  can0  067   [8]  0B 36 83 08 BF 00 00 00
 (083.621320)  can0  068   [8]  0B FE D7 D4 3B 00 00 00
 (083.680850)  can0  067   [8]  00 6C 39 09 BF 00 00 00
 (083.681315)  can0  068   [8]  00 2E 33 D7 3B 00 00 00
 (083.700830)  can0  067   [8]  05 5E 04 01 17 04 01 00
 (083.701314)  can0  068   [8]  05 00 00 01 00 00 01 00
 (083.740848)  can0  067   [8]  0B C4 AB 01 BF 00 00 00
 (083.741129)  can0  068   [8]  0B FE D7 D4 3B 00 00 00
 (083.800861)  can0  067   [8]  00 57 A2 01 BF 00 00 00
 (083.801218)  can0  068   [8]  00 3E FC D7 3B 00 00 00
 (083.820823)  can0  067   [8]  05 C3 05 01 E4 04 01 00
 (083.821283)  can0  068   [8]  05 00 00 01 00 00 01 00
 (083.860846)  can0  067   [8]  0B 5E 8C F5 BE 00 00 00
 (083.861148)  can0  068   [8]  0B FE D7 D4 3B 00 00 00
 (083.920737)  can0  067   [8]  00 29 FA F1 BE 00 00 00
 (083.921251)  can0  068   [8]  00 4E C5 D8 3B 00 00 00
 (083.940804)  can0  067   [8]  05 98 06 00 09 06 00 00
 (083.941256)  can0  068   [8]  05 00 00 01 00 00 01 00
 (083.980803)  can0  067   [8]  0B C1 F9 E7 BE 00 00 00
 (083.981168)  can0  068   [8]  0B FE D7 D4 3B 00 00 00
 (084.040797)  can0  067   [8]  00 A8 EB E8 BE 00 00 00
 (084.040830)  can0  067   [8]  12 80 67 00 01 01 00 00
 (084.040832)  can0  067   [8]  0C 02 A1 92 FF 00 00 7E
 (084.041250)  can0  068   [8]  00 3E FC D7 3B 00 00 00
 (084.060787)  can0  067   [8]  05 D7 01 00 F1 01 00 00
 (084.061165)  can0  068   [8]  05 00 00 01 00 00 01 00
 (084.100790)  can0  067   [8]  0B DE 4A DA BE 00 00 00
 (084.101127)  can0  068   [8]  0B FE D7 D4 3B 00 00 00
 (084.120778)  can0  067   [8]  11 06 00 00 00 00 09 01
 (084.121255)  can0  068   [8]  11 00 00 00 00 00 11 04
 (084.160740)  can0  067   [8]  00 91 70 DA BE 00 00 00
 (084.161176)  can0  068   [8]  00 4E C5 D8 3B 00 00 00
 (084.180754)  can0  067   [8]  05 6D 04 01 C8 03 01 00
 (084.181203)  can0  068   [8]  05 00 00 01 00 00 01 00
 (084.220767)  can0  067   [8]  0B 1E 9F CC BE 00 00 00
 (084.221065)  can0  068   [8]  0B FE D7 D4 3B 00 00 00
 (084.280788)  can0  067   [8]  00 A5 DA C8 BE 00 00 00
 (084.281113)  can0  068   [8]  00 4E C5 D8 3B 00 00 00
 (084.281173)  can0  068   [8]  0C 02 A0 07 00 32 00 80
 (084.300764)  can0  067   [8]  05 9E 06 00 8B 06 00 00
 (084.301205)  can0  068   [8]  05 00 00 01 00 00 01 00
 (084.301231)  can0  068   [8]  12 80 66 01 02 01 00 05
 (084.340768)  can0  067   [8]  0B 3B F0 BE BE 00 00 00
 (084.341113)  can0  068   [8]  0B FE D7 D4 3B 00 00 00
 (084.400724)  can0  067   [8]  00 CE E6 BE BE 00 00 00
 (084.401044)  can0  068   [8]  00 4E C5 D8 3B 00 00 00
 (084.420732)  can0  067   [8]  05 56 08 00 FA 07 00 00
 (084.421103)  can0  068   [8]  05 00 00 01 00 00 01 00
 (084.460725)  can0  067   [8]  0B 56 41 B1 BE 00 00 00
 (084.461192)  can0  068   [8]  0B FE D7 D4 3B 00 00 00
 (084.520726)  can0  067   [8]  00 E3 79 B1 BE 00 00 00
 (084.521025)  can0  068   [8]  00 4E C5 D8 3B 00 00 00
 (084.540721)  can0  067   [8]  05 75 03 01 9A 02 01 00
 (084.541157)  can0  068   [8]  05 00 00 01 00 00 01 00
 (084.580689)  can0  067   [8]  0B 73 92 A3 BE 00 00 00
 (084.581171)  can0  068   [8]  0B FE D7 D4 3B 00 00 00
 (084.640719)  can0  067   [8]  00 AD F3 9F BE 00 00 00
 (084.641082)  can0  068   [8]  00 5E 8E D9 3B 00 00 00
 (084.660588)  can0  067   [8]  05 F4 06 00 18 07 00 00
 (084.661157)  can0  068   [8]  05 00 00 01 00 00 01 00
 (084.700655)  can0  067   [8]  0B 8F E3 95 BE 00 00 00
 (084.701108)  can0  068   [8]  0B FE D7 D4 3B 00 00 00
 (084.760658)  can0  067   [8]  00 E0 2E 94 BE 00 00 00
 (084.761110)  can0  068   [8]  00 5E 8E D9 3B 00 00 00
 (084.780642)  can0  067   [8]  05 80 0D 00 D9 0E 00 00
 (084.781148)  can0  068   [8]  05 00 00 01 00 00 01 00
 (084.820626)  can0  067   [8]  0B D0 37 88 BE 00 00 00
 (084.821113)  can0  068   [8]  0B FE D7 D4 3B 00 00 00
 (084.880632)  can0  067   [8]  00 12 80 88 BE 00 00 00
 (084.881125)  can0  068   [8]  00 4E C5 D8 3B 00 00 00
 (084.900621)  can0  067   [8]  05 72 01 01 44 00 01 00
 (084.901024)  can0  068   [8]  05 00 00 01 00 00 01 00
 (084.940621)  can0  067   [8]  0B 8B 37 75 BE 00 00 00
 (084.941138)  can0  068   [8]  0B FE D7 D4 3B 00 00 00
 (085.000636)  can0  067   [8]  00 54 F5 6E BE 00 00 00
 (085.001069)  can0  068   [8]  00 5E 8E D9 3B 00 00 00
 (085.020618)  can0  067   [8]  05 4E 07 00 25 07 00 00
 (085.020959)  can0  068   [8]  05 00 00 01 00 00 01 00
 (085.040615)  can0  067   [8]  12 80 67 00 01 01 00 00
 (085.040647)  can0  067   [8]  0C 02 A1 92 FF 00 00 7E
 (085.060607)  can0  067   [8]  0B D9 76 5A BE 00 00 00
 (085.061090)  can0  068   [8]  0B FE D7 D4 3B 00 00 00
 (085.120629)  can0  067   [8]  00 15 C2 56 BE 00 00 00
 (085.120662)  can0  067   [8]  11 06 00 00 00 00 09 01
 (085.120972)  can0  068   [8]  00 4E C5 D8 3B 00 00 00
 (085.121024)  can0  068   [8]  11 00 00 00 00 00 11 04
 (085.140592)  can0  067   [8]  05 74 10 00 E7 10 00 00
 (085.141108)  can0  068   [8]  05 00 00 01 00 00 01 00
 (085.180610)  can0  067   [8]  0B F2 4C 40 BE 00 00 00
 (085.181060)  can0  068   [8]  0B FE D7 D4 3B 00 00 00
 (085.240546)  can0  067   [8]  00 F9 6D 41 BE 00 00 00
 (085.241067)  can0  068   [8]  00 6F 57 DA 3B 00 00 00
 (085.260563)  can0  067   [8]  05 B7 01 00 02 02 00 00
 (085.261094)  can0  068   [8]  05 00 00 01 00 00 01 00
 (085.281182)  can0  068   [8]  0C 02 A0 07 00 32 00 80
 (085.300564)  can0  067   [8]  0B 9B A8 27 BE 00 00 00
 (085.300923)  can0  068   [8]  0B FE D7 D4 3B 00 00 00
 (085.301007)  can0  068   [8]  12 80 66 01 02 01 00 05
 (085.360589)  can0  067   [8]  00 F6 F9 1F BE 00 00 00
 (085.360871)  can0  068   [8]  00 6F 57 DA 3B 00 00 00
 (085.380578)  can0  067   [8]  05 BD 0D 00 3F 0E 00 00
 (085.381006)  can0  068   [8]  05 00 00 01 00 00 01 00
 (085.420559)  can0  067   [8]  0B 6C 3E 10 BE 00 00 00
 (085.420993)  can0  068   [8]  0B FE D7 D4 3B 00 00 00
 (085.480541)  can0  067   [8]  00 0C 8D 12 BE 00 00 00
 (085.480985)  can0  068   [8]  00 6F 57 DA 3B 00 00 00
 (085.500535)  can0  067   [8]  05 F0 07 00 07 09 00 00
 (085.500957)  can0  068   [8]  05 00 00 01 00 00 01 00
 (085.540573)  can0  067   [8]  0B D4 3D F5 BD 00 00 00
 (085.540853)  can0  068   [8]  0B FE D7 D4 3B 00 00 00
 (085.600586)  can0  067   [8]  00 88 5E EE BD 00 00 00
 (085.600911)  can0  068   [8]  00 6F 57 DA 3B 00 00 00
 (085.620508)  can0  067   [8]  05 AD 0A 00 82 0B 00 00
 (085.621026)  can0  068   [8]  05 00 00 01 00 00 01 00
 (085.660528)  can0  067   [8]  0B 43 05 CE BD 00 00 00
 (085.660924)  can0  068   [8]  0B FE D7 D4 3B 00 00 00
 (085.720539)  can0  067   [8]  00 0A 8E D1 BD 00 00 00
 (085.720908)  can0  068   [8]  00 6F 57 DA 3B 00 00 00
 (085.740511)  can0  067   [8]  05 9E 0E 00 99 0E 00 00
 (085.741017)  can0  068   [8]  05 00 00 01 00 00 01 00
 (085.780538)  can0  067   [8]  0B F9 11 AB BD 00 00 00
 (085.780977)  can0  068   [8]  0B FE D7 D4 3B 00 00 00
 (085.840549)  can0  067   [8]  00 A3 8A A4 BD 00 00 00
 (085.840877)  can0  068   [8]  00 5E 8E D9 3B 00 00 00
 (085.860521)  can0  067   [8]  05 3D 0E 00 CB 0E 00 00
 (085.860869)  can0  068   [8]  05 00 00 01 00 00 01 00
 (085.900477)  can0  067   [8]  0B D3 4A 8C BD 00 00 00
 (085.900987)  can0  068   [8]  0B FE D7 D4 3B 00 00 00
 (085.960444)  can0  067   [8]  00 24 C4 95 BD 00 00 00
 (085.960914)  can0  068   [8]  00 3E FC D7 3B 00 00 00
 (085.980445)  can0  067   [8]  05 11 09 00 24 09 00 00
 (085.980959)  can0  068   [8]  05 00 00 01 00 00 01 00
 (086.020450)  can0  067   [8]  0B EB 91 63 BD 00 00 00
 (086.020904)  can0  068   [8]  0B FE D7 D4 3B 00 00 00
 (086.040455)  can0  067   [8]  12 80 67 00 01 01 00 00
 (086.040487)  can0  067   [8]  0C 02 A1 B6 FF 00 00 7E
 (086.080449)  can0  067   [8]  00 0F 97 47 BD 00 00 00
 (086.080901)  can0  068   [8]  00 6F 57 DA 3B 00 00 00
 (086.100447)  can0  067   [8]  05 14 1B 00 1A 1B 00 00
 (086.100898)  can0  068   [8]  05 00 00 01 00 00 01 00
 (086.120449)  can0  067   [8]  11 06 00 00 00 00 09 01
 (086.120904)  can0  068   [8]  11 00 00 00 00 00 11 04
 (086.140425)  can0  067   [8]  0B 7A E6 36 BD 00 00 00
 (086.140901)  can0  068   [8]  0B FE D7 D4 3B 00 00 00
 (086.200461)  can0  067   [8]  00 56 46 38 BD 00 00 00
 (086.200896)  can0  068   [8]  00 5E 8E D9 3B 00 00 00
 (086.220440)  can0  067   [8]  05 52 11 00 65 11 00 00
 (086.220895)  can0  068   [8]  05 00 00 01 00 00 01 00
 (086.260436)  can0  067   [8]  0B 98 C5 12 BD 00 00 00
 (086.260955)  can0  068   [8]  0B FE D7 D4 3B 00 00 00
 (086.281051)  can0  068   [8]  0C 02 A0 07 00 32 00 80
 (086.301026)  can0  068   [8]  12 80 66 01 02 01 00 05
 (086.320410)  can0  067   [8]  00 78 C4 1D BD 00 00 00
 (086.320892)  can0  068   [8]  00 4E C5 D8 3B 00 00 00
 (086.340421)  can0  067   [8]  05 17 0F 00 43 10 00 00
 (086.340949)  can0  068   [8]  05 00 00 01 00 00 01 00
 (086.380439)  can0  067   [8]  0B FF F9 ED BC 00 00 00
 (086.380815)  can0  068   [8]  0B FE D7 D4 3B 00 00 00
 (086.440405)  can0  067   [8]  00 04 99 F7 BC 00 00 00
 (086.440866)  can0  068   [8]  00 5E 8E D9 3B 00 00 00
 (086.460405)  can0  067   [8]  05 FA 13 00 75 13 00 00
 (086.460910)  can0  068   [8]  05 00 00 01 00 00 01 00
 (086.500414)  can0  067   [8]  0B CD EB C5 BC 00 00 00
 (086.500939)  can0  068   [8]  0B FE D7 D4 3B 00 00 00
 (086.560386)  can0  067   [8]  00 7E 8F CE BC 00 00 00
 (086.560815)  can0  068   [8]  00 5E 8E D9 3B 00 00 00
 (086.580359)  can0  067   [8]  05 53 14 00 48 14 00 00
 (086.580875)  can0  068   [8]  05 00 00 01 00 00 01 00
 (086.620391)  can0  067   [8]  0B EF 69 AB BC 00 00 00
 (086.620741)  can0  068   [8]  0B FE D7 D4 3B 00 00 00
 (086.680387)  can0  067   [8]  00 81 0C BF BC 00 00 00
 (086.680796)  can0  068   [8]  00 8E 58 CF 3B 00 00 00
 (086.700334)  can0  067   [8]  05 49 12 00 1E 12 00 00
 (086.700764)  can0  068   [8]  05 00 00 01 00 00 01 00
 (086.740250)  can0  067   [8]  0B E2 1D 9B BC 00 00 00
 (086.740871)  can0  068   [8]  0B FE D7 D4 3B 00 00 00
 (086.800356)  can0  067   [8]  00 71 43 BE BC 00 00 00
 (086.800903)  can0  068   [8]  00 8E 58 CF 3B 00 00 00
 (086.820382)  can0  067   [8]  05 1B 11 00 5E 0F 00 00
 (086.820719)  can0  068   [8]  05 00 00 01 00 00 01 00
 (086.860341)  can0  067   [8]  0B 76 AC 92 BC 00 00 00
 (086.860810)  can0  068   [8]  0B FE D7 D4 3B 00 00 00
 (086.920328)  can0  067   [8]  00 43 65 AC BC 00 00 00
 (086.920708)  can0  068   [8]  00 FD 46 C8 3B 00 00 00
 (086.940294)  can0  067   [8]  05 27 12 00 C7 11 00 00
 (086.940802)  can0  068   [8]  05 00 00 01 00 00 01 00
 (086.980290)  can0  067   [8]  0B 36 88 8F BC 00 00 00
 (086.980737)  can0  068   [8]  0B FE D7 D4 3B 00 00 00
 (087.040301)  can0  067   [8]  00 FF 32 AC BC 00 00 00
 (087.040332)  can0  067   [8]  12 80 67 00 01 01 00 00
 (087.040334)  can0  067   [8]  0C 02 A1 B6 3C 00 20 7E
 (087.040733)  can0  068   [8]  00 FD 46 C8 3B 00 00 00
 (087.060313)  can0  067   [8]  05 CB 11 00 C1 11 00 00
 (087.060739)  can0  068   [8]  05 00 00 01 00 00 01 00
 (087.100321)  can0  067   [8]  0B 6A F1 8E BC 00 00 00
 (087.100670)  can0  068   [8]  0B FE D7 D4 3B 00 00 00
 (087.120254)  can0  067   [8]  11 06 00 00 00 00 29 01
 (087.120811)  can0  068   [8]  11 00 00 00 00 00 11 04
 (087.160209)  can0  067   [8]  00 52 9D A0 BC 00 00 00
 (087.160719)  can0  068   [8]  00 DA 01 A1 3B 00 00 00
 (087.180280)  can0  067   [8]  05 9C 1F 00 B4 1F 00 00
 (087.180748)  can0  068   [8]  0C 02 00 00 00 00 00 00
 (087.180772)  can0  068   [8]  05 00 00 01 18 00 01 00
 (087.180840)  can0  068   [8]  11 06 00 00 00 00 09 05
 (087.200760)  can0  068   [8]  12 80 67 01 02 01 00 06
 (087.200788)  can0  068   [8]  0C 02 A0 05 03 2A 00 A0
 (087.220229)  can0  067   [8]  0B 6A F1 8E BC 00 00 00
 (087.220837)  can0  068   [8]  0B FC 24 AF 3B 00 00 00
 (087.280266)  can0  067   [8]  00 62 66 A1 BC 00 00 00
 (087.280711)  can0  068   [8]  00 2D 11 BE 3B 00 00 00
 (087.300259)  can0  067   [8]  05 74 1F 00 62 1F 00 00
 (087.300718)  can0  068   [8]  05 65 3A 01 07 39 01 00
 (087.340257)  can0  067   [8]  0B 6A F1 8E BC 00 00 00
 (087.340701)  can0  068   [8]  0B FD 7F 86 3C 00 00 00
 (087.400283)  can0  067   [8]  00 1E 34 A1 BC 00 00 00
 (087.400698)  can0  068   [8]  00 FC B5 BB 3B 00 00 00
 (087.400720)  can0  068   [8]  11 06 00 00 00 00 29 05
 (087.420247)  can0  067   [8]  05 74 1F 00 62 1F 00 00
 (087.420752)  can0  068   [8]  05 CB 38 01 07 39 01 00
 (087.460240)  can0  067   [8]  0B 6A F1 8E BC 00 00 00
 (087.460695)  can0  068   [8]  0B 6A F1 8E 3C 00 00 00
 (087.520249)  can0  067   [8]  00 DA 01 A1 BC 00 00 00
 (087.520725)  can0  068   [8]  00 FC B5 BB 3B 00 00 00
 (087.540202)  can0  067   [8]  05 74 1F 00 AC 1F 00 00
 (087.540685)  can0  068   [8]  05 2E 36 01 5C 36 01 00
 (087.580240)  can0  067   [8]  0B 6A F1 8E BC 00 00 00
 (087.580760)  can0  068   [8]  0B 6A F1 8E 3C 00 00 00
 (087.640193)  can0  067   [8]  00 A6 98 A1 BC 00 00 00
 (087.640686)  can0  068   [8]  00 0C 7F BC 3B 00 00 00
 (087.660205)  can0  067   [8]  05 60 1F 00 62 1F 00 00
 (087.660670)  can0  068   [8]  05 42 36 01 37 36 01 00
 (087.700198)  can0  067   [8]  0B 6A F1 8E BC 00 00 00
 (087.700657)  can0  068   [8]  0B 6A F1 8E 3C 00 00 00
 (087.760226)  can0  067   [8]  00 62 66 A1 BC 00 00 00
 (087.760652)  can0  068   [8]  00 0C 7F BC 3B 00 00 00
 (087.780189)  can0  067   [8]  05 74 1F 00 BF 1F 00 00
 (087.780659)  can0  068   [8]  05 39 36 01 C8 35 01 00
 (087.820178)  can0  067   [8]  0B 6A F1 8E BC 00 00 00
 (087.820700)  can0  068   [8]  0B 6A F1 8E 3C 00 00 00
 (087.880201)  can0  067   [8]  00 1E 34 A1 BC 00 00 00
 (087.880666)  can0  068   [8]  00 0C 7F BC 3B 00 00 00
 (087.900150)  can0  067   [8]  05 6A 1F 00 59 1F 00 00
 (087.900585)  can0  068   [8]  05 39 36 01 40 36 01 00
 (087.940149)  can0  067   [8]  0B 6A F1 8E BC 00 00 00
 (087.940621)  can0  068   [8]  0B 6A F1 8E 3C 00 00 00
 (088.000136)  can0  067   [8]  00 1E 34 A1 BC 00 00 00
 (088.000650)  can0  068   [8]  00 0C 7F BC 3B 00 00 00
 (088.020125)  can0  067   [8]  05 73 1F 00 75 1F 00 00
 (088.020765)  can0  068   [8]  05 44 36 01 37 36 01 00
 (088.040138)  can0  067   [8]  12 80 67 00 01 01 00 00
 (088.040169)  can0  067   [8]  0C 02 A1 A4 01 00 60 10
 (088.060144)  can0  067   [8]  0B 6A F1 8E BC 00 00 00
 (088.060572)  can0  068   [8]  0B 6A F1 8E 3C 00 00 00
 (088.120104)  can0  067   [8]  00 1E 34 A1 BC 00 00 00
 (088.120133)  can0  067   [8]  11 06 00 00 00 00 29 01
 (088.120624)  can0  068   [8]  00 FC B5 BB 3B 00 00 00
 (088.140107)  can0  067   [8]  05 69 1F 00 DA 1F 00 00
 (088.140600)  can0  068   [8]  05 3B 36 01 49 36 01 00
 (088.180094)  can0  067   [8]  0B 6A F1 8E BC 00 00 00
 (088.180581)  can0  068   [8]  0B 6A F1 8E 3C 00 00 00
 (088.180606)  can0  068   [8]  0C 02 A1 AD 00 02 70 A0
 (088.200722)  can0  068   [8]  12 80 67 01 02 01 00 06
 (088.240101)  can0  067   [8]  00 62 66 A1 BC 00 00 00
 (088.240554)  can0  068   [8]  00 0C 7F BC 3B 00 00 00
 (088.260104)  can0  067   [8]  05 73 1F 00 59 1F 00 00
 (088.260603)  can0  068   [8]  05 3B 36 01 62 35 01 00
 (088.300115)  can0  067   [8]  0B 6A F1 8E BC 00 00 00
 (088.300544)  can0  068   [8]  0B 6A F1 8E 3C 00 00 00
 (088.360107)  can0  067   [8]  00 A6 98 A1 BC 00 00 00
 (088.360560)  can0  068   [8]  00 0C 7F BC 3B 00 00 00
 (088.380086)  can0  067   [8]  05 5F 1F 00 B5 1F 00 00
 (088.380541)  can0  068   [8]  05 46 36 01 F6 35 01 00
 (088.400678)  can0  068   [8]  11 06 00 00 00 00 29 05
 (088.420068)  can0  067   [8]  0B 6A F1 8E BC 00 00 00
 (088.420536)  can0  068   [8]  0B 6A F1 8E 3C 00 00 00
 (088.480040)  can0  067   [8]  00 1E 34 A1 BC 00 00 00
 (088.480562)  can0  068   [8]  00 0C 7F BC 3B 00 00 00
 (088.500103)  can0  067   [8]  05 73 1F 00 74 1F 00 00
 (088.500537)  can0  068   [8]  05 3C 36 01 37 36 01 00
 (088.540070)  can0  067   [8]  0B 6A F1 8E BC 00 00 00
 (088.540568)  can0  068   [8]  0B 6A F1 8E 3C 00 00 00
 (088.600035)  can0  067   [8]  00 62 66 A1 BC 00 00 00
 (088.600557)  can0  068   [8]  00 FC B5 BB 3B 00 00 00
 (088.620051)  can0  067   [8]  05 73 1F 00 AC 1F 00 00
 (088.620529)  can0  068   [8]  05 3D 36 01 8A 36 01 00
 (088.660068)  can0  067   [8]  0B 6A F1 8E BC 00 00 00
 (088.660594)  can0  068   [8]  0B 6A F1 8E 3C 00 00 00
 (088.720060)  can0  067   [8]  00 DA 01 A1 BC 00 00 00
 (088.720530)  can0  068   [8]  00 0C 7F BC 3B 00 00 00
 (088.740040)  can0  067   [8]  05 69 1F 00 2A 1F 00 00
 (088.740496)  can0  068   [8]  05 3E 36 01 D1 35 01 00
 (088.780044)  can0  067   [8]  0B 6A F1 8E BC 00 00 00
 (088.780551)  can0  068   [8]  0B 6A F1 8E 3C 00 00 00
 (088.840021)  can0  067   [8]  00 1E 34 A1 BC 00 00 00
 (088.840515)  can0  068   [8]  00 0C 7F BC 3B 00 00 00
 (088.860041)  can0  067   [8]  05 5F 1F 00 A3 1F 00 00
 (088.860549)  can0  068   [8]  05 3E 36 01 52 36 01 00
 (088.900052)  can0  067   [8]  0B 6A F1 8E BC 00 00 00
 (088.900438)  can0  068   [8]  0B 6A F1 8E 3C 00 00 00
 (088.960058)  can0  067   [8]  00 1E 34 A1 BC 00 00 00
 (088.960438)  can0  068   [8]  00 FC B5 BB 3B 00 00 00
 (088.980016)  can0  067   [8]  05 5F 1F 00 59 1F 00 00
 (088.980527)  can0  068   [8]  05 3F 36 01 FF 35 01 00
 (089.020001)  can0  067   [8]  0B 6A F1 8E BC 00 00 00
 (089.020472)  can0  068   [8]  0B 6A F1 8E 3C 00 00 00
 (089.039999)  can0  067   [8]  12 80 67 00 01 01 00 00
 (089.040030)  can0  067   [8]  0C 02 A1 A4 00 00 70 10
 (089.079978)  can0  067   [8]  00 A6 98 A1 BC 00 00 00
 (089.080458)  can0  068   [8]  00 0C 7F BC 3B 00 00 00
 (089.099947)  can0  067   [8]  05 68 1F 00 50 1F 00 00
 (089.100475)  can0  068   [8]  05 49 36 01 FF 35 01 00
 (089.119960)  can0  067   [8]  11 06 00 00 00 00 29 01
 (089.139936)  can0  067   [8]  0B 6A F1 8E BC 00 00 00
 (089.140454)  can0  068   [8]  0B 6A F1 8E 3C 00 00 00
 (089.160580)  can0  068   [8]  12 80 67 00 02 01 00 06
 (089.180583)  can0  068   [8]  0C 02 A1 AD 00 00 70 20
 (089.199825)  can0  067   [8]  00 1E 34 A1 BC 00 00 00
 (089.200423)  can0  068   [8]  00 FC B5 BB 3B 00 00 00
 (089.219982)  can0  067   [8]  05 68 1F 00 87 1F 00 00
 (089.220428)  can0  068   [8]  05 4A 36 01 BF 35 01 00
 (089.259926)  can0  067   [8]  0B 6A F1 8E BC 00 00 00
 (089.260422)  can0  068   [8]  0B 6A F1 8E 3C 00 00 00
 (089.319900)  can0  067   [8]  00 DA 01 A1 BC 00 00 00
 (089.320416)  can0  068   [8]  00 0C 7F BC 3B 00 00 00
 (089.339916)  can0  067   [8]  05 5E 1F 00 FC 1E 00 00
 (089.340388)  can0  068   [8]  05 41 36 01 09 36 01 00
 (089.379948)  can0  067   [8]  0B 6A F1 8E BC 00 00 00
 (089.380415)  can0  068   [8]  0B 6A F1 8E 3C 00 00 00
 (089.400539)  can0  068   [8]  11 06 00 00 00 00 29 05
 (089.439929)  can0  067   [8]  00 1E 34 A1 BC 00 00 00
 (089.440421)  can0  068   [8]  00 0C 7F BC 3B 00 00 00
 (089.459893)  can0  067   [8]  05 68 1F 00 46 1F 00 00
 (089.460432)  can0  068   [8]  05 4B 36 01 2D 36 01 00
 (089.499942)  can0  067   [8]  0B 6A F1 8E BC 00 00 00
 (089.500318)  can0  068   [8]  0B 6A F1 8E 3C 00 00 00
 (089.559918)  can0  067   [8]  00 62 66 A1 BC 00 00 00
 (089.560341)  can0  068   [8]  00 FC B5 BB 3B 00 00 00
 (089.579917)  can0  067   [8]  05 72 1F 00 75 1F 00 00
 (089.580361)  can0  068   [8]  05 42 36 01 1B 36 01 00
 (089.619956)  can0  067   [8]  0B 6A F1 8E BC 00 00 00
 (089.620280)  can0  068   [8]  0B 6A F1 8E 3C 00 00 00
 (089.679862)  can0  067   [8]  00 62 66 A1 BC 00 00 00
 (089.680307)  can0  068   [8]  00 0C 7F BC 3B 00 00 00
 (089.699833)  can0  067   [8]  05 7C 1F 00 D1 1F 00 00
 (089.700337)  can0  068   [8]  05 42 36 01 8A 36 01 00
 (089.739855)  can0  067   [8]  0B 6A F1 8E BC 00 00 00
 (089.740314)  can0  068   [8]  0B 6A F1 8E 3C 00 00 00
 (089.799857)  can0  067   [8]  00 1E 34 A1 BC 00 00 00
 (089.800403)  can0  068   [8]  00 0C 7F BC 3B 00 00 00
 (089.819897)  can0  067   [8]  05 5E 1F 00 3D 1F 00 00
 (089.820333)  can0  068   [8]  05 43 36 01 24 36 01 00
 (089.859885)  can0  067   [8]  0B 6A F1 8E BC 00 00 00
 (089.860277)  can0  068   [8]  0B 6A F1 8E 3C 00 00 00
 (089.919878)  can0  067   [8]  00 62 66 A1 BC 00 00 00
 (089.920362)  can0  068   [8]  00 0C 7F BC 3B 00 00 00
 (089.939870)  can0  067   [8]  05 72 1F 00 50 1F 00 00
 (089.940254)  can0  068   [8]  05 4D 36 01 49 36 01 00
 (089.979827)  can0  067   [8]  0B 6A F1 8E BC 00 00 00
 (089.980337)  can0  068   [8]  0B 6A F1 8E 3C 00 00 00
 (090.039850)  can0  067   [8]  00 1E 34 A1 BC 00 00 00
 (090.039887)  can0  067   [8]  12 80 67 00 01 01 00 00
 (090.039889)  can0  067   [8]  0C 02 A1 A4 00 00 60 10
 (090.040228)  can0  068   [8]  00 0C 7F BC 3B 00 00 00
 (090.059810)  can0  067   [8]  05 72 1F 00 D1 1F 00 00
 (090.060283)  can0  068   [8]  05 44 36 01 5C 36 01 00
 (090.099821)  can0  067   [8]  0B 6A F1 8E BC 00 00 00
 (090.100366)  can0  068   [8]  0B 6A F1 8E 3C 00 00 00
 (090.114074)  can0  064   [8]  67 01 92 0A 86 BF 06 00
 (090.116637)  can0  064   [8]  68 01 92 0A 86 3F 06 00
 (090.119669)  can0  067   [8]  11 06 00 00 00 00 09 01
 (090.120268)  can0  068   [8]  11 06 00 00 00 00 09 05
 (090.159801)  can0  067   [8]  00 93 C1 A3 BC 00 00 00
 (090.160203)  can0  068   [8]  00 2D 11 BE 3B 00 00 00
 (090.160292)  can0  068   [8]  12 80 67 00 02 01 00 06
 (090.179824)  can0  067   [8]  05 31 2E 00 DA 2D 00 00
 (090.180216)  can0  068   [8]  05 F9 2E 01 62 2E 01 00
 (090.180283)  can0  068   [8]  0C 02 A1 AD 00 00 60 20
 (090.219821)  can0  067   [8]  0B A6 98 A1 BC 00 00 00
 (090.220365)  can0  068   [8]  0B 2D 11 BE 3B 00 00 00
 (090.279836)  can0  067   [8]  00 7E EA A5 BC 00 00 00
 (090.280218)  can0  068   [8]  00 4D A3 BF 3B 00 00 00
 (090.299825)  can0  067   [8]  05 44 2F 00 73 33 00 00
 (090.300205)  can0  068   [8]  05 0D 30 01 27 30 01 00
 (090.339807)  can0  067   [8]  0B F7 85 A5 BC 00 00 00
 (090.340323)  can0  068   [8]  0B 6D C6 CD 3B 00 00 00
 (090.399773)  can0  067   [8]  00 1F C5 AD BC 00 00 00
 (090.400269)  can0  068   [8]  00 AD 59 C4 3B 00 00 00
 (090.419762)  can0  067   [8]  05 F1 2F 00 05 30 00 00
 (090.420177)  can0  068   [8]  05 12 32 01 F5 31 01 00
 (090.459792)  can0  067   [8]  0B A3 1B B1 BC 00 00 00
 (090.460239)  can0  068   [8]  0B 30 E6 FC 3B 00 00 00
 (090.519776)  can0  067   [8]  00 08 E0 B2 BC 00 00 00
 (090.520240)  can0  068   [8]  00 ED 7D C7 3B 00 00 00
 (090.539724)  can0  067   [8]  05 70 33 00 91 33 00 00
 (090.540197)  can0  068   [8]  05 5B 36 01 2D 36 01 00
 (090.579722)  can0  067   [8]  0B 85 AB C8 BC 00 00 00
 (090.580198)  can0  068   [8]  0B 53 2E 2D 3C 00 00 00
 (090.639693)  can0  067   [8]  00 C4 AD B2 BC 00 00 00
 (090.640084)  can0  068   [8]  00 CD EB C5 3B 00 00 00
 (090.659690)  can0  067   [8]  05 51 39 00 3E 39 00 00
 (090.660216)  can0  068   [8]  05 69 3D 01 65 3D 01 00
 (090.699694)  can0  067   [8]  0B 64 BE EF BC 00 00 00
 (090.700211)  can0  068   [8]  0B 21 1D 7C 3C 00 00 00
 (090.759746)  can0  067   [8]  00 88 28 B9 BC 00 00 00
 (090.760114)  can0  068   [8]  00 4D 34 CC 3B 00 00 00
 (090.779692)  can0  067   [8]  05 27 44 00 23 44 00 00
 (090.780168)  can0  068   [8]  05 56 48 01 00 48 01 00
 (090.819730)  can0  067   [8]  0B 2E 6C 15 BD 00 00 00
 (090.820257)  can0  068   [8]  0B 10 8D B9 3C 00 00 00
 (090.879721)  can0  067   [8]  00 3D DA BE BC 00 00 00
 (090.880242)  can0  068   [8]  00 9E 21 D0 3B 00 00 00
 (090.899686)  can0  067   [8]  05 CD 51 00 C6 51 00 00
 (090.900210)  can0  068   [8]  05 EE 56 01 6F 56 01 00
 (090.939641)  can0  067   [8]  0B 71 43 3E BD 00 00 00
 (090.940289)  can0  068   [8]  0B 30 E9 05 3D 00 00 00
 (090.999613)  can0  067   [8]  00 15 2C C3 BC 00 00 00
 (091.000280)  can0  068   [8]  00 5E 8E D9 3B 00 00 00
 (091.019635)  can0  067   [8]  05 34 64 00 32 64 00 00
 (091.020286)  can0  068   [8]  05 14 6A 01 7C 69 01 00
 (091.039659)  can0  067   [8]  12 80 67 00 01 01 00 00
 (091.039690)  can0  067   [8]  0C 02 A1 A4 06 00 60 7E
 (091.059643)  can0  067   [8]  0B FA 64 72 BD 00 00 00
 (091.060120)  can0  068   [8]  0B 87 A1 3A 3D 00 00 00
 (091.119610)  can0  067   [8]  00 82 9D CB BC 00 00 00
 (091.119644)  can0  067   [8]  11 06 00 00 00 00 09 01
 (091.120192)  can0  068   [8]  00 9E B2 DC 3B 00 00 00
 (091.120220)  can0  068   [8]  11 06 00 00 00 00 09 05
 (091.139660)  can0  067   [8]  05 4E 72 00 3E 75 00 00
 (091.140164)  can0  068   [8]  05 76 77 01 A1 77 01 00
 (091.160302)  can0  068   [8]  12 80 67 00 02 01 00 06
 (091.179663)  can0  067   [8]  0B 5C 40 99 BD 00 00 00
 (091.180155)  can0  068   [8]  0B 67 D6 7A 3D 00 00 00
 (091.180180)  can0  068   [8]  0C 02 A1 AD 00 00 70 20
 (091.239657)  can0  067   [8]  00 23 6E C5 BD 00 00 00
 (091.240122)  can0  068   [8]  00 9E B2 DC 3B 00 00 00
 (091.259620)  can0  067   [8]  05 53 13 00 E8 12 00 00
 (091.260108)  can0  068   [8]  05 76 77 01 AA 77 01 00
 (091.299640)  can0  067   [8]  0B 24 69 BE BD 00 00 00
 (091.300094)  can0  068   [8]  0B E9 43 A3 3D 00 00 00
 (091.359584)  can0  067   [8]  00 E6 F2 D9 BD 00 00 00
 (091.360158)  can0  068   [8]  00 AE 7B DD 3B 00 00 00
 (091.379608)  can0  067   [8]  05 4C 32 00 F8 31 00 00
 (091.379961)  can0  068   [8]  05 76 77 01 8E 77 01 00
 (091.419630)  can0  067   [8]  0B 05 8F E9 BD 00 00 00
 (091.420078)  can0  068   [8]  0B 75 E7 CE 3D 00 00 00
 (091.479628)  can0  067   [8]  00 A5 D3 DD BD 00 00 00
 (091.480150)  can0  068   [8]  00 CF 0D DF 3B 00 00 00
 (091.499622)  can0  067   [8]  05 88 4F 00 A6 4E 00 00
 (091.499952)  can0  068   [8]  05 76 77 01 AA 77 01 00
 (091.539631)  can0  067   [8]  0B BD 26 0D BE 00 00 00
 (091.540085)  can0  068   [8]  0B 12 18 00 3E 00 00 00
 (091.599582)  can0  067   [8]  00 2A 5E 18 BE 00 00 00
 (091.600088)  can0  068   [8]  00 AE 7B DD 3B 00 00 00
 (091.619582)  can0  067   [8]  05 D2 33 00 ED 33 00 00
 (091.620051)  can0  068   [8]  05 76 77 01 98 77 01 00
 (091.659590)  can0  067   [8]  0B 49 FA 27 BE 00 00 00
 (091.659938)  can0  068   [8]  0B 4D 3D 1B 3E 00 00 00
 (091.719460)  can0  067   [8]  00 08 E0 32 BE 00 00 00
 (091.720060)  can0  068   [8]  00 BF 44 DE 3B 00 00 00
 (091.739574)  can0  067   [8]  05 5F 37 00 58 36 00 00
 (091.740060)  can0  068   [8]  05 76 77 01 57 77 01 00
 (091.779588)  can0  067   [8]  0B 35 BE 44 BE 00 00 00
 (091.780097)  can0  068   [8]  0B 78 5F 38 3E 00 00 00
 (091.839601)  can0  067   [8]  00 62 CC 45 BE 00 00 00
 (091.839996)  can0  068   [8]  00 CF 0D DF 3B 00 00 00
 (091.859574)  can0  067   [8]  05 5B 47 00 51 44 00 00
 (091.860084)  can0  068   [8]  05 76 77 01 6A 77 01 00
 (091.899521)  can0  067   [8]  0B 8E EE 62 BE 00 00 00
 (091.899907)  can0  068   [8]  0B 59 F4 56 3E 00 00 00
 (091.959546)  can0  067   [8]  00 EB 5C 6D BE 00 00 00
 (091.960071)  can0  068   [8]  00 AE 7B DD 3B 00 00 00
 (091.979490)  can0  067   [8]  05 22 3A 00 79 39 00 00
 (091.980010)  can0  068   [8]  05 76 77 01 4E 77 01 00
 (092.019450)  can0  067   [8]  0B D5 06 81 BE 00 00 00
 (092.020089)  can0  068   [8]  0B 46 7E 76 3E 00 00 00
 (092.039497)  can0  067   [8]  12 80 67 00 01 01 00 00
 (092.039524)  can0  067   [8]  0C 02 A1 A4 FF 00 10 7E
 (092.079498)  can0  067   [8]  00 FB 95 86 BE 00 00 00
 (092.079960)  can0  068   [8]  00 BF 44 DE 3B 00 00 00
 (092.099519)  can0  067   [8]  05 1F 38 00 58 37 00 00
 (092.099867)  can0  068   [8]  05 76 77 01 6A 77 01 00
 (092.119519)  can0  067   [8]  11 06 00 00 00 00 09 01
 (092.119982)  can0  068   [8]  11 06 00 00 00 00 09 05
 (092.139480)  can0  067   [8]  0B A7 C8 90 BE 00 00 00
 (092.140028)  can0  068   [8]  0B 5D 36 8B 3E 00 00 00
 (092.160123)  can0  068   [8]  12 80 67 00 02 01 00 06
 (092.180128)  can0  068   [8]  0C 02 A1 AD 00 00 70 20
 (092.199445)  can0  067   [8]  00 D5 FF 95 BE 00 00 00
 (092.199965)  can0  068   [8]  00 BF 44 DE 3B 00 00 00
 (092.219456)  can0  067   [8]  05 5D 32 00 49 32 00 00
 (092.219967)  can0  068   [8]  05 76 77 01 85 77 01 00
 (092.259463)  can0  067   [8]  0B C1 90 A0 BE 00 00 00
 (092.259968)  can0  068   [8]  0B 04 37 9B 3E 00 00 00
 (092.319467)  can0  067   [8]  00 9E B6 A4 BE 00 00 00
 (092.319945)  can0  068   [8]  00 BF 44 DE 3B 00 00 00
 (092.339445)  can0  067   [8]  05 A4 33 00 00 33 00 00
 (092.339963)  can0  068   [8]  05 76 77 01 6A 77 01 00
 (092.379453)  can0  067   [8]  0B DC 58 B0 BE 00 00 00
 (092.379981)  can0  068   [8]  0B 87 34 AB 3E 00 00 00
 (092.439457)  can0  067   [8]  00 18 A9 B3 BE 00 00 00
 (092.439986)  can0  068   [8]  00 CF 0D DF 3B 00 00 00
 (092.459475)  can0  067   [8]  05 82 3D 00 F7 3C 00 00
 (092.459963)  can0  068   [8]  05 76 77 01 73 77 01 00
 (092.499465)  can0  067   [8]  0B 85 43 C0 BE 00 00 00
 (092.499931)  can0  068   [8]  0B BD 57 BB 3E 00 00 00
 (092.559405)  can0  067   [8]  00 A3 2A C6 BE 00 00 00
 (092.559985)  can0  068   [8]  00 AE 7B DD 3B 00 00 00
 (092.579419)  can0  067   [8]  05 07 36 00 F2 34 00 00
 (092.579918)  can0  068   [8]  05 76 77 01 D3 75 01 00
 (092.619433)  can0  067   [8]  0B 11 E9 CF BE 00 00 00
 (092.619893)  can0  068   [8]  0B B1 32 CB 3E 00 00 00
 (092.679438)  can0  067   [8]  00 A2 FA D6 BE 00 00 00
 (092.679763)  can0  068   [8]  00 AE 7B DD 3B 00 00 00
 (092.699403)  can0  067   [8]  05 52 30 00 7A 30 00 00
 (092.699876)  can0  068   [8]  05 76 77 01 9E 76 01 00
 (092.739383)  can0  067   [8]  0B 2C B1 DF BE 00 00 00
 (092.739909)  can0  068   [8]  0B 58 33 DB 3E 00 00 00
 (092.799422)  can0  067   [8]  00 E8 83 E6 BE 00 00 00
 (092.799870)  can0  068   [8]  00 AE 7B DD 3B 00 00 00
 (092.819400)  can0  067   [8]  05 F5 2B 00 3A 2B 00 00
 (092.819860)  can0  068   [8]  05 76 77 01 60 77 01 00
 (092.859412)  can0  067   [8]  0B 46 79 EF BE 00 00 00
 (092.859927)  can0  068   [8]  0B DB 30 EB 3E 00 00 00
 (092.919370)  can0  067   [8]  00 FF 9B F3 BE 00 00 00
 (092.919882)  can0  068   [8]  00 AE 7B DD 3B 00 00 00
 (092.939390)  can0  067   [8]  05 17 32 00 00 32 00 00
 (092.939903)  can0  068   [8]  05 76 77 01 BA 76 01 00
 (092.979347)  can0  067   [8]  0B 61 41 FF BE 00 00 00
 (092.979868)  can0  068   [8]  0B 82 31 FB 3E 00 00 00
 (093.039392)  can0  067   [8]  00 25 2E 02 BF 00 00 00
 (093.039420)  can0  067   [8]  12 80 67 00 01 01 00 00
 (093.039422)  can0  067   [8]  0C 02 A1 AD FF 00 00 7E
 (093.039813)  can0  068   [8]  00 9E B2 DC 3B 00 00 00
 (093.059335)  can0  067   [8]  05 AF 35 00 9A 35 00 00
 (093.059848)  can0  068   [8]  05 76 77 01 20 77 01 00
 (093.099358)  can0  067   [8]  0B BE 84 07 BF 00 00 00
 (093.099821)  can0  068   [8]  0B 82 97 05 3F 00 00 00
 (093.119362)  can0  067   [8]  11 06 00 00 00 00 09 01
 (093.119828)  can0  068   [8]  11 06 00 00 00 00 09 05
 (093.159395)  can0  067   [8]  00 5F 2B 0B BF 00 00 00
 (093.159767)  can0  068   [8]  00 9E B2 DC 3B 00 00 00
 (093.159836)  can0  068   [8]  12 80 67 00 02 01 00 06
 (093.179360)  can0  067   [8]  05 F5 2F 00 DC 2E 00 00
 (093.179815)  can0  068   [8]  05 76 77 01 01 76 01 00
 (093.179839)  can0  068   [8]  0C 02 A1 AD 00 00 60 20
 (093.219353)  can0  067   [8]  0B CB 68 0F BF 00 00 00
 (093.219870)  can0  068   [8]  0B D5 97 0D 3F 00 00 00
 (093.279350)  can0  067   [8]  00 F0 94 13 BF 00 00 00
 (093.279750)  can0  068   [8]  00 9E B2 DC 3B 00 00 00
 (093.299338)  can0  067   [8]  05 10 29 00 26 29 00 00
 (093.299852)  can0  068   [8]  05 76 77 01 73 77 01 00
 (093.339292)  can0  067   [8]  0B 6B 4E 17 BF 00 00 00
 (093.339823)  can0  068   [8]  0B 97 96 15 3F 00 00 00
 (093.399271)  can0  067   [8]  00 2D 0E 1B BF 00 00 00
 (093.399811)  can0  068   [8]  00 AE 7B DD 3B 00 00 00
 (093.419091)  can0  067   [8]  05 68 25 00 21 25 00 00
 (093.419890)  can0  068   [8]  05 76 77 01 4E 77 01 00
 (093.459273)  can0  067   [8]  0B 78 32 1F BF 00 00 00
 (093.459779)  can0  068   [8]  0B EA 96 1D 3F 00 00 00
 (093.519262)  can0  067   [8]  00 C6 C7 21 BF 00 00 00
 (093.519824)  can0  068   [8]  00 AE 7B DD 3B 00 00 00
 (093.539263)  can0  067   [8]  05 35 2C 00 94 2B 00 00
 (093.539788)  can0  068   [8]  05 76 77 01 60 77 01 00
 (093.579224)  can0  067   [8]  0B 85 16 27 BF 00 00 00
 (093.579792)  can0  068   [8]  0B AC 95 25 3F 00 00 00
 (093.639248)  can0  067   [8]  00 9F 4D 2A BF 00 00 00
 (093.639768)  can0  068   [8]  00 8F E9 DB 3B 00 00 00
 (093.659209)  can0  067   [8]  05 FE 2E 00 DF 2D 00 00
 (093.659771)  can0  068   [8]  05 76 77 01 98 77 01 00
 (093.699227)  can0  067   [8]  0B 92 FA 2E BF 00 00 00
 (093.699790)  can0  068   [8]  0B FF 95 2D 3F 00 00 00
 (093.759237)  can0  067   [8]  00 91 39 33 BF 00 00 00
 (093.759761)  can0  068   [8]  00 8F E9 DB 3B 00 00 00
 (093.779231)  can0  067   [8]  05 40 28 00 E6 28 00 00
 (093.779759)  can0  068   [8]  05 76 77 01 B3 77 01 00
 (093.819281)  can0  067   [8]  0B E7 EF 36 BF 00 00 00
 (093.819807)  can0  068   [8]  0B 08 A6 35 3F 00 00 00
 (093.879210)  can0  067   [8]  00 B5 A4 3B BF 00 00 00
 (093.879737)  can0  068   [8]  00 8F E9 DB 3B 00 00 00
 (093.899214)  can0  067   [8]  05 97 21 00 33 21 00 00
 (093.899673)  can0  068   [8]  05 76 77 01 1D 76 01 00
 (093.939228)  can0  067   [8]  0B AD C2 3E BF 00 00 00
 (093.939759)  can0  068   [8]  0B 14 95 3D 3F 00 00 00
 (093.999196)  can0  067   [8]  00 44 CC 42 BF 00 00 00
 (093.999671)  can0  068   [8]  00 7F 20 DB 3B 00 00 00
 (094.019207)  can0  067   [8]  05 2F 1F 00 EE 1E 00 00
 (094.019684)  can0  068   [8]  05 76 77 01 E8 76 01 00
 (094.039218)  can0  067   [8]  12 80 67 00 01 01 00 00
 (094.039251)  can0  067   [8]  0C 02 A1 92 FF 00 00 7E
 (094.059204)  can0  067   [8]  0B BA A6 46 BF 00 00 00
 (094.059683)  can0  068   [8]  0B D6 93 45 3F 00 00 00
 (094.119220)  can0  067   [8]  00 F9 D5 49 BF 00 00 00
 (094.119255)  can0  067   [8]  11 06 00 00 00 00 09 01
 (094.119707)  can0  068   [8]  00 6F 57 DA 3B 00 00 00
 (094.119735)  can0  068   [8]  11 06 00 00 00 00 09 05
 (094.139171)  can0  067   [8]  05 7C 25 00 51 25 00 00
 (094.139657)  can0  068   [8]  05 76 77 01 AA 77 01 00
 (094.159816)  can0  068   [8]  12 80 67 00 02 01 00 06
 (094.179138)  can0  067   [8]  0B C8 8A 4E BF 00 00 00
 (094.179704)  can0  068   [8]  0B 97 92 4D 3F 00 00 00
 (094.179739)  can0  068   [8]  0C 02 A1 AD 00 00 70 20
 (094.239212)  can0  067   [8]  00 AF 4D 52 BF 00 00 00
 (094.239603)  can0  068   [8]  00 5E 8E D9 3B 00 00 00
 (094.259142)  can0  067   [8]  05 D6 26 00 89 26 00 00
 (094.259660)  can0  068   [8]  05 76 77 01 85 77 01 00
 (094.299178)  can0  067   [8]  0B FB 5B 56 BF 00 00 00
 (094.299694)  can0  068   [8]  0B 11 80 55 3F 00 00 00
 (094.358983)  can0  067   [8]  00 38 04 5B BF 00 00 00
 (094.359776)  can0  068   [8]  00 5E 8E D9 3B 00 00 00
 (094.379120)  can0  067   [8]  05 68 1F 00 92 1E 00 00
 (094.379674)  can0  068   [8]  05 76 77 01 57 77 01 00
 (094.419133)  can0  067   [8]  0B EA FA 5D BF 00 00 00
 (094.419644)  can0  068   [8]  0B B5 39 5D 3F 00 00 00
 (094.479167)  can0  067   [8]  00 FB F7 62 BF 00 00 00
 (094.479658)  can0  068   [8]  00 4E C5 D8 3B 00 00 00
 (094.499131)  can0  067   [8]  05 5F 18 00 94 17 00 00
 (094.499619)  can0  068   [8]  05 76 77 01 57 77 01 00
 (094.539125)  can0  067   [8]  0B 9A 46 65 BF 00 00 00
 (094.539646)  can0  068   [8]  0B AB A1 64 3F 00 00 00
 (094.599092)  can0  067   [8]  00 BB 30 68 BF 00 00 00
 (094.599613)  can0  068   [8]  00 5E 8E D9 3B 00 00 00
 (094.619103)  can0  067   [8]  05 69 1E 00 52 1E 00 00
 (094.619615)  can0  068   [8]  05 76 77 01 33 7B 01 00
 (094.659112)  can0  067   [8]  0B 0C 1E 6C BF 00 00 00
 (094.659579)  can0  068   [8]  0B D1 93 6B 3F 00 00 00
 (094.719091)  can0  067   [8]  00 88 C1 6F BF 00 00 00
 (094.719582)  can0  068   [8]  00 4E C5 D8 3B 00 00 00
 (094.739024)  can0  067   [8]  05 17 1E 00 43 1E 00 00
 (094.739671)  can0  068   [8]  05 76 77 01 8E 77 01 00
 (094.779063)  can0  067   [8]  0B D6 61 72 BF 00 00 00
 (094.779604)  can0  068   [8]  0B BC F0 71 3F 00 00 00
 (094.839043)  can0  067   [8]  00 36 18 77 BF 00 00 00
 (094.839599)  can0  068   [8]  00 3E FC D7 3B 00 00 00
 (094.859056)  can0  067   [8]  05 13 11 00 31 11 00 00
 (094.859588)  can0  068   [8]  05 76 77 01 EB 77 01 00
 (094.899062)  can0  067   [8]  0B B2 F5 77 BF 00 00 00
 (094.899590)  can0  068   [8]  0B 97 9A 77 3F 00 00 00
 (094.959025)  can0  067   [8]  00 29 6D 7A BF 00 00 00
 (094.959561)  can0  068   [8]  00 3E FC D7 3B 00 00 00
 (094.979039)  can0  067   [8]  05 38 1D 00 04 1C 00 00
 (094.979518)  can0  068   [8]  05 76 77 01 8E 77 01 00
 (095.019035)  can0  067   [8]  0B E9 D4 7C BF 00 00 00
 (095.019563)  can0  068   [8]  0B A7 8C 7C 3F 00 00 00
 (095.039049)  can0  067   [8]  12 80 67 00 01 01 00 00
 (095.039081)  can0  067   [8]  0C 02 A1 92 FF 00 00 7E
 (095.058220)  can0  068   [8]  0C 02 BE 80 7E 09 83 00
 (095.059653)  can0  068   [8]  0C 02 09 00 00 00 00 00
 (095.059685)  can0  068   [8]  0C 02 0B 01 6C 06 00 01
 (095.059687)  can0  068   [8]  11 0B 00 00 00 04 11 05
 (095.059760)  can0  068   [8]  0C 02 0D 21 80 80 26 00
 (095.079041)  can0  067   [8]  00 01 BD 80 BF 00 00 00
 (095.079544)  can0  068   [8]  00 D0 9E EB 3C 00 00 00
 (095.079574)  can0  068   [8]  12 80 66 01 01 02 00 07
 (095.079637)  can0  068   [8]  0C 02 A1 F6 16 00 60 7E
 (095.099001)  can0  067   [8]  05 B9 0C 00 B8 0C 00 00
 (095.099504)  can0  068   [8]  05 00 00 01 00 00 01 00
 (095.099529)  can0  068   [8]  11 00 00 00 00 00 11 06
 (095.119034)  can0  067   [8]  11 06 00 00 00 00 09 01
 (095.119636)  can0  068   [8]  0C 02 00 00 00 00 00 00
 (095.119671)  can0  068   [8]  11 06 00 00 00 00 09 06
 (095.119673)  can0  068   [8]  12 80 67 01 01 02 00 07
 (095.139024)  can0  067   [8]  0B 19 82 80 BF 00 00 00
 (095.139533)  can0  068   [8]  0B 3E 6B 4B 3D 00 00 00
 (095.198888)  can0  067   [8]  00 6A 9E 81 BF 00 00 00
 (095.199554)  can0  068   [8]  00 3A 27 99 3D 00 00 00
 (095.218961)  can0  067   [8]  05 62 18 00 75 18 00 00
 (095.219619)  can0  068   [8]  05 4C 02 00 57 00 00 00
 (095.259003)  can0  067   [8]  0B 92 37 82 BF 00 00 00
 (095.259536)  can0  068   [8]  0B E5 6B 5B 3D 00 00 00
 (095.318970)  can0  067   [8]  00 56 C7 83 BF 00 00 00
 (095.319456)  can0  068   [8]  00 FE D2 CD 3D 00 00 00
 (095.338967)  can0  067   [8]  05 57 0C 00 F3 0C 00 00
 (095.339480)  can0  068   [8]  05 A3 12 01 66 11 01 00
 (095.378971)  can0  067   [8]  0B DB 95 83 BF 00 00 00
 (095.379493)  can0  068   [8]  0B 7E 59 99 3D 00 00 00
 (095.438970)  can0  067   [8]  00 B7 F5 84 BF 00 00 00
 (095.439490)  can0  068   [8]  00 A8 BE 02 3E 00 00 00
 (095.458965)  can0  067   [8]  05 36 12 00 20 12 00 00
 (095.459440)  can0  068   [8]  05 63 12 01 C5 12 01 00
 (095.498979)  can0  067   [8]  0B 0A 99 84 BF 00 00 00
 (095.499433)  can0  068   [8]  0B 70 7E FA 3D 00 00 00
 (095.558925)  can0  067   [8]  00 67 E8 85 BF 00 00 00
 (095.559547)  can0  068   [8]  00 94 E3 3C 3E 00 00 00
 (095.578908)  can0  067   [8]  05 F8 0D 00 DA 0D 00 00
 (095.579458)  can0  068   [8]  05 5C 20 01 EF 1F 01 00
 (095.618903)  can0  067   [8]  0B C1 49 85 BF 00 00 00
 (095.619430)  can0  068   [8]  0B 1B 8C 48 3E 00 00 00
 (095.678935)  can0  067   [8]  00 C5 8B 86 BF 00 00 00
 (095.679467)  can0  068   [8]  00 01 F1 84 3E 00 00 00
 (095.698881)  can0  067   [8]  05 7E 0E 00 5C 0E 00 00
 (095.699471)  can0  068   [8]  05 38 1E 01 53 1E 01 00
 (095.738934)  can0  067   [8]  0B 23 B6 85 BF 00 00 00
 (095.739405)  can0  068   [8]  0B 2E A6 92 3E 00 00 00
 (095.798929)  can0  067   [8]  00 A9 E7 86 BF 00 00 00
 (095.799447)  can0  068   [8]  00 54 91 AE 3E 00 00 00
 (095.818927)  can0  067   [8]  05 A3 0D 00 7F 0D 00 00
 (095.819400)  can0  068   [8]  05 FC 25 01 DA 23 01 00
 (095.858860)  can0  067   [8]  0B 79 EF 85 BF 00 00 00
 (095.859507)  can0  068   [8]  0B F8 E6 C2 3E 00 00 00
 (095.918872)  can0  067   [8]  00 34 36 87 BF 00 00 00
 (095.919432)  can0  068   [8]  00 9B 07 E1 3E 00 00 00
 (095.938900)  can0  067   [8]  05 B2 0C 00 90 0C 00 00
 (095.939398)  can0  068   [8]  05 23 17 01 27 17 01 00
 (095.978883)  can0  067   [8]  0B 78 05 86 BF 00 00 00
 (095.979430)  can0  068   [8]  0B C2 27 F3 3E 00 00 00
 (096.038882)  can0  067   [8]  00 58 39 87 BF 00 00 00
 (096.038911)  can0  067   [8]  12 80 67 00 01 01 00 00
 (096.038913)  can0  067   [8]  0C 02 A1 92 60 00 00 7E
 (096.039413)  can0  068   [8]  00 D7 F5 07 3F 00 00 00
 (096.058832)  can0  067   [8]  05 CF 0D 00 EE 0D 00 00
 (096.059484)  can0  068   [8]  05 4B 1F 01 62 1F 01 00
 (096.098851)  can0  067   [8]  0B 65 09 86 BF 00 00 00
 (096.099483)  can0  068   [8]  0B 45 B4 11 3F 00 00 00
 (096.118844)  can0  067   [8]  11 06 00 00 00 00 29 01
 (096.119404)  can0  068   [8]  11 06 00 00 00 00 09 06
 (096.119426)  can0  068   [8]  12 80 67 01 01 02 00 07
 (096.119452)  can0  068   [8]  0C 02 A1 B6 FF 00 10 7E
 (096.158856)  can0  067   [8]  00 C6 37 87 BF 00 00 00
 (096.159407)  can0  068   [8]  00 C1 2D 1F 3F 00 00 00
 (096.178834)  can0  067   [8]  05 30 02 00 34 02 00 00
 (096.179344)  can0  068   [8]  05 5B 1E 01 BF 1D 01 00
 (096.218845)  can0  067   [8]  0B 2E 0A 86 BF 00 00 00
 (096.219349)  can0  068   [8]  0B AA D4 29 3F 00 00 00
 (096.278825)  can0  067   [8]  00 58 39 87 BF 00 00 00
 (096.279366)  can0  068   [8]  00 60 E3 37 3F 00 00 00
 (096.298840)  can0  067   [8]  05 3A 02 00 0F 02 00 00
 (096.299413)  can0  068   [8]  05 04 18 01 B1 15 01 00
 (096.338787)  can0  067   [8]  0B 2E 0A 86 BF 00 00 00
 (096.339409)  can0  068   [8]  0B 10 F5 41 3F 00 00 00
 (096.398844)  can0  067   [8]  00 21 3A 87 BF 00 00 00
 (096.399324)  can0  068   [8]  00 FD 4B 4F 3F 00 00 00
 (096.418812)  can0  067   [8]  05 39 02 00 C5 01 00 00
 (096.419362)  can0  068   [8]  05 BD 1D 01 EE 1C 01 00
 (096.458851)  can0  067   [8]  0B 2E 0A 86 BF 00 00 00
 (096.459331)  can0  068   [8]  0B E1 29 5A 3F 00 00 00
 (096.518810)  can0  067   [8]  00 8F 38 87 BF 00 00 00
 (096.519286)  can0  068   [8]  00 45 56 64 3F 00 00 00
 (096.538833)  can0  067   [8]  05 39 02 00 4D 01 00 00
 (096.539283)  can0  068   [8]  05 1F 1C 01 9B 1B 01 00
 (096.578785)  can0  067   [8]  0B 2E 0A 86 BF 00 00 00
 (096.579430)  can0  068   [8]  0B D3 B1 6F 3F 00 00 00
 (096.638804)  can0  067   [8]  00 58 39 87 BF 00 00 00
 (096.639317)  can0  068   [8]  00 76 13 76 3F 00 00 00
 (096.658801)  can0  067   [8]  05 2E 02 00 3D 02 00 00
 (096.659315)  can0  068   [8]  05 4D 12 01 2D 12 01 00
 (096.698763)  can0  067   [8]  0B 2E 0A 86 BF 00 00 00
 (096.699263)  can0  068   [8]  0B 9F AA 7F 3F 00 00 00
 (096.758764)  can0  067   [8]  00 EA 3A 87 BF 00 00 00
 (096.759190)  can0  068   [8]  00 25 77 81 3F 00 00 00
 (096.778766)  can0  067   [8]  05 2E 02 00 D5 00 00 00
 (096.779240)  can0  068   [8]  05 AE 0F 01 C9 0F 01 00
 (096.818735)  can0  067   [8]  0B 2E 0A 86 BF 00 00 00
 (096.819338)  can0  068   [8]  0B C6 66 84 3F 00 00 00
 (096.878744)  can0  067   [8]  00 58 39 87 BF 00 00 00
 (096.879163)  can0  068   [8]  00 AB 6E 85 3F 00 00 00
 (096.898770)  can0  067   [8]  05 23 02 00 2B 02 00 00
 (096.899162)  can0  068   [8]  05 61 0A 01 EF 09 01 00
 (096.938790)  can0  067   [8]  0B 2E 0A 86 BF 00 00 00
 (096.939248)  can0  068   [8]  0B 8C EB 85 3F 00 00 00
 (096.998714)  can0  067   [8]  00 56 4F 87 BF 00 00 00
 (096.999255)  can0  068   [8]  00 1B C5 86 3F 00 00 00
 (097.018607)  can0  067   [8]  05 2E 01 00 31 01 00 00
 (097.019337)  can0  068   [8]  05 73 10 01 FA 0F 01 00
 (097.038762)  can0  067   [8]  12 80 67 00 01 01 00 00
 (097.038798)  can0  067   [8]  0C 02 A1 92 00 00 70 04
 (097.039291)  can0  068   [8]  11 06 00 00 00 00 29 06
 (097.058719)  can0  067   [8]  0B 2E 0A 86 BF 00 00 00
 (097.059241)  can0  068   [8]  0B 2E 0A 86 3F 00 00 00
 (097.099341)  can0  068   [8]  12 80 67 00 01 02 00 07
 (097.118747)  can0  067   [8]  00 8D 4E 87 BF 00 00 00
 (097.118779)  can0  067   [8]  11 06 00 00 00 00 29 01
 (097.119215)  can0  068   [8]  00 76 73 87 3F 00 00 00
 (097.119238)  can0  068   [8]  0C 02 A1 AD FF 00 00 7E
 (097.138679)  can0  067   [8]  05 06 01 00 FA 00 00 00
 (097.139151)  can0  068   [8]  05 87 00 00 9B 00 00 00
 (097.178682)  can0  067   [8]  0B 2E 0A 86 BF 00 00 00
 (097.179184)  can0  068   [8]  0B 2E 0A 86 3F 00 00 00
 (097.238683)  can0  067   [8]  00 8D 4E 87 BF 00 00 00
 (097.239184)  can0  068   [8]  00 09 75 87 3F 00 00 00
 (097.258645)  can0  067   [8]  05 10 01 00 31 01 00 00
 (097.259207)  can0  068   [8]  05 9C 00 00 BD 00 00 00
 (097.298544)  can0  067   [8]  0B 2E 0A 86 BF 00 00 00
 (097.299291)  can0  068   [8]  0B 2E 0A 86 3F 00 00 00
 (097.358640)  can0  067   [8]  00 56 4F 87 BF 00 00 00
 (097.359250)  can0  068   [8]  00 E4 71 87 3F 00 00 00
 (097.378634)  can0  067   [8]  05 0F 01 00 03 01 00 00
 (097.379264)  can0  068   [8]  05 C6 00 00 CF 00 00 00
 (097.418662)  can0  067   [8]  0B 2E 0A 86 BF 00 00 00
 (097.419158)  can0  068   [8]  0B 2E 0A 86 3F 00 00 00
 (097.478621)  can0  067   [8]  00 56 4F 87 BF 00 00 00
 (097.479247)  can0  068   [8]  00 76 73 87 3F 00 00 00
 (097.498633)  can0  067   [8]  05 19 01 00 28 01 00 00
 (097.499272)  can0  068   [8]  05 C6 00 00 C6 00 00 00
 (097.538618)  can0  067   [8]  0B 2E 0A 86 BF 00 00 00
 (097.539262)  can0  068   [8]  0B 2E 0A 86 3F 00 00 00
 (097.598627)  can0  067   [8]  00 1F 50 87 BF 00 00 00
 (097.599155)  can0  068   [8]  00 AD 72 87 3F 00 00 00
 (097.618618)  can0  067   [8]  05 04 01 00 1F 01 00 00
 (097.619131)  can0  068   [8]  05 B2 00 00 C6 00 00 00
 (097.658623)  can0  067   [8]  0B 2E 0A 86 BF 00 00 00
 (097.659154)  can0  068   [8]  0B 2E 0A 86 3F 00 00 00
 (097.718597)  can0  067   [8]  00 1F 50 87 BF 00 00 00
 (097.719146)  can0  068   [8]  00 AD 72 87 3F 00 00 00
 (097.738625)  can0  067   [8]  05 0E 01 00 FA 00 00 00
 (097.739157)  can0  068   [8]  05 BC 00 00 AA 00 00 00
 (097.778520)  can0  067   [8]  0B 2E 0A 86 BF 00 00 00
 (097.779004)  can0  068   [8]  0B 2E 0A 86 3F 00 00 00
 (097.838619)  can0  067   [8]  00 56 4F 87 BF 00 00 00
 (097.839137)  can0  068   [8]  00 AD 72 87 3F 00 00 00
 (097.858593)  can0  067   [8]  05 0D 01 00 03 01 00 00
 (097.859105)  can0  068   [8]  05 BD 00 00 A1 00 00 00
 (097.898619)  can0  067   [8]  0B 2E 0A 86 BF 00 00 00
 (097.898946)  can0  068   [8]  0B 2E 0A 86 3F 00 00 00
 (097.958642)  can0  067   [8]  00 1F 50 87 BF 00 00 00
 (097.959014)  can0  068   [8]  00 1B 71 87 3F 00 00 00
 (097.978587)  can0  067   [8]  05 03 01 00 4D 01 00 00
 (097.978935)  can0  068   [8]  05 B4 00 00 E2 00 00 00
 (098.018520)  can0  067   [8]  0B 2E 0A 86 BF 00 00 00
 (098.019081)  can0  068   [8]  0B 2E 0A 86 3F 00 00 00
 (098.038528)  can0  067   [8]  12 80 67 00 01 01 00 00
 (098.038555)  can0  067   [8]  0C 02 A1 92 00 00 70 04
 (098.039160)  can0  068   [8]  11 06 00 00 00 00 29 06
 (098.078568)  can0  067   [8]  00 B1 51 87 BF 00 00 00
 (098.079025)  can0  068   [8]  00 E4 71 87 3F 00 00 00
 (098.098566)  can0  067   [8]  05 F7 00 00 CC 00 00 00
 (098.098902)  can0  068   [8]  05 AA 00 00 BD 00 00 00
 (098.099034)  can0  068   [8]  12 80 67 00 01 02 00 07
 (098.118552)  can0  067   [8]  11 06 00 00 00 00 29 01
 (098.118900)  can0  068   [8]  0C 02 A1 AD 00 00 70 20
 (098.138524)  can0  067   [8]  0B 2E 0A 86 BF 00 00 00
 (098.139009)  can0  068   [8]  0B 2E 0A 86 3F 00 00 00
 (098.198551)  can0  067   [8]  00 1F 50 87 BF 00 00 00
 (098.199031)  can0  068   [8]  00 E4 71 87 3F 00 00 00
 (098.218536)  can0  067   [8]  05 02 01 00 03 01 00 00
 (098.219042)  can0  068   [8]  05 B5 00 00 CF 00 00 00
 (098.258534)  can0  067   [8]  0B 2E 0A 86 BF 00 00 00
 (098.258888)  can0  068   [8]  0B 2E 0A 86 3F 00 00 00
 (098.318520)  can0  067   [8]  00 E8 50 87 BF 00 00 00
 (098.319029)  can0  068   [8]  00 1B 71 87 3F 00 00 00
 (098.338495)  can0  067   [8]  05 0B 01 00 0D 01 00 00
 (098.339025)  can0  068   [8]  05 AB 00 00 73 00 00 00
 (098.378468)  can0  067   [8]  0B 2E 0A 86 BF 00 00 00
 (098.378994)  can0  068   [8]  0B 2E 0A 86 3F 00 00 00
 (098.438513)  can0  067   [8]  00 E8 50 87 BF 00 00 00
 (098.439025)  can0  068   [8]  00 1B 71 87 3F 00 00 00
 (098.458506)  can0  067   [8]  05 01 01 00 F1 00 00 00
 (098.458976)  can0  068   [8]  05 AC 00 00 60 00 00 00
 (098.498493)  can0  067   [8]  0B 2E 0A 86 BF 00 00 00
 (098.498970)  can0  068   [8]  0B 2E 0A 86 3F 00 00 00
 (098.558464)  can0  067   [8]  00 E8 50 87 BF 00 00 00
 (098.559090)  can0  068   [8]  00 E4 71 87 3F 00 00 00
 (098.578451)  can0  067   [8]  05 0A 01 00 0A 00 00 00
 (098.578960)  can0  068   [8]  05 B6 00 00 C6 00 00 00
 (098.618456)  can0  067   [8]  0B 2E 0A 86 BF 00 00 00
 (098.618992)  can0  068   [8]  0B 2E 0A 86 3F 00 00 00
 (098.678446)  can0  067   [8]  00 E8 50 87 BF 00 00 00
 (098.678984)  can0  068   [8]  00 E4 71 87 3F 00 00 00
 (098.698449)  can0  067   [8]  05 00 01 00 E8 00 00 00
 (098.699006)  can0  068   [8]  05 B7 00 00 CF 00 00 00
 (098.738261)  can0  067   [8]  0B 2E 0A 86 BF 00 00 00
 (098.739087)  can0  068   [8]  0B 2E 0A 86 3F 00 00 00
 (098.798479)  can0  067   [8]  00 1F 50 87 BF 00 00 00
 (098.798836)  can0  068   [8]  00 1B 71 87 3F 00 00 00
 (098.818446)  can0  067   [8]  05 F4 00 00 E8 00 00 00
 (098.818986)  can0  068   [8]  05 B7 00 00 A1 00 00 00
 (098.858440)  can0  067   [8]  0B 2E 0A 86 BF 00 00 00
 (098.859013)  can0  068   [8]  0B 2E 0A 86 3F 00 00 00
 (098.918468)  can0  067   [8]  00 56 4F 87 BF 00 00 00
 (098.918974)  can0  068   [8]  00 1B 71 87 3F 00 00 00
 (098.938423)  can0  067   [8]  05 FF 00 00 0D 01 00 00
 (098.939006)  can0  068   [8]  05 AE 00 00 98 00 00 00
 (098.978453)  can0  067   [8]  0B 2E 0A 86 BF 00 00 00
 (098.978980)  can0  068   [8]  0B 2E 0A 86 3F 00 00 00
 (099.038377)  can0  067   [8]  00 B1 51 87 BF 00 00 00
 (099.038406)  can0  067   [8]  12 80 67 00 01 01 00 00
 (099.038407)  can0  067   [8]  0C 02 A1 92 00 00 70 04
 (099.039037)  can0  068   [8]  00 1B 71 87 3F 00 00 00
 (099.039065)  can0  068   [8]  11 06 00 00 00 00 29 06
 (099.058256)  can0  067   [8]  05 F3 00 00 44 01 00 00
 (099.058920)  can0  068   [8]  05 AF 00 00 C6 00 00 00
 (099.098383)  can0  067   [8]  0B 2E 0A 86 BF 00 00 00
 (099.098961)  can0  068   [8]  0B 2E 0A 86 3F 00 00 00
 (099.098990)  can0  068   [8]  12 80 67 00 01 02 00 07
 (099.118410)  can0  067   [8]  11 06 00 00 00 00 29 01
 (099.118929)  can0  068   [8]  0C 02 A1 AD 00 00 60 20
 (099.158376)  can0  067   [8]  00 E8 50 87 BF 00 00 00
 (099.158886)  can0  068   [8]  00 1B 71 87 3F 00 00 00
 (099.178370)  can0  067   [8]  05 FE 00 00 03 01 00 00
 (099.178907)  can0  068   [8]  05 AF 00 00 B3 00 00 00
 (099.218377)  can0  067   [8]  0B 2E 0A 86 BF 00 00 00
 (099.219011)  can0  068   [8]  0B 2E 0A 86 3F 00 00 00
 (099.278328)  can0  067   [8]  00 B1 51 87 BF 00 00 00
 (099.279002)  can0  068   [8]  00 52 70 87 3F 00 00 00
 (099.298364)  can0  067   [8]  05 F2 00 00 31 01 00 00
 (099.298989)  can0  068   [8]  05 A6 00 00 AA 00 00 00
 (099.338319)  can0  067   [8]  0B 2E 0A 86 BF 00 00 00
 (099.338991)  can0  068   [8]  0B 2E 0A 86 3F 00 00 00
 (099.398348)  can0  067   [8]  00 E8 50 87 BF 00 00 00
 (099.398956)  can0  068   [8]  00 52 70 87 3F 00 00 00
 (099.418338)  can0  067   [8]  05 FD 00 00 FA 00 00 00
 (099.418850)  can0  068   [8]  05 A6 00 00 5C 02 00 00
 (099.458358)  can0  067   [8]  0B 2E 0A 86 BF 00 00 00
 (099.458995)  can0  068   [8]  0B 2E 0A 86 3F 00 00 00
 (099.518327)  can0  067   [8]  00 B1 51 87 BF 00 00 00
 (099.518878)  can0  068   [8]  00 1B 71 87 3F 00 00 00
 (099.538259)  can0  067   [8]  05 F1 00 00 03 01 00 00
 (099.538966)  can0  068   [8]  05 B1 00 00 C6 00 00 00
 (099.578280)  can0  067   [8]  0B 2E 0A 86 BF 00 00 00
 (099.578948)  can0  068   [8]  0B 2E 0A 86 3F 00 00 00
 (099.638321)  can0  067   [8]  00 56 4F 87 BF 00 00 00
 (099.638876)  can0  068   [8]  00 52 70 87 3F 00 00 00
 (099.658285)  can0  067   [8]  05 F1 00 00 03 01 00 00
 (099.658986)  can0  068   [8]  05 B1 00 00 C6 00 00 00
 (099.698268)  can0  067   [8]  0B 2E 0A 86 BF 00 00 00
 (099.698934)  can0  068   [8]  0B 2E 0A 86 3F 00 00 00
 (099.758274)  can0  067   [8]  00 1F 50 87 BF 00 00 00
 (099.758831)  can0  068   [8]  00 1B 71 87 3F 00 00 00
 (099.778290)  can0  067   [8]  05 FB 00 00 03 01 00 00
 (099.778825)  can0  068   [8]  05 B2 00 00 3B 00 00 00
 (099.818283)  can0  067   [8]  0B 2E 0A 86 BF 00 00 00
 (099.818834)  can0  068   [8]  0B 2E 0A 86 3F 00 00 00
 (099.878281)  can0  067   [8]  00 E8 50 87 BF 00 00 00
 (099.878834)  can0  068   [8]  00 52 70 87 3F 00 00 00
 (099.898290)  can0  067   [8]  05 F0 00 00 F1 00 00 00
 (099.898850)  can0  068   [8]  05 B2 00 00 AA 00 00 00
 (099.938256)  can0  067   [8]  0B 2E 0A 86 BF 00 00 00
 (099.938848)  can0  068   [8]  0B 2E 0A 86 3F 00 00 00
 (099.998298)  can0  067   [8]  00 E8 50 87 BF 00 00 00
 (099.998863)  can0  068   [8]  00 52 70 87 3F 00 00 00
 (100.018242)  can0  067   [8]  05 EF 00 00 FA 00 00 00
 (100.018867)  can0  068   [8]  05 B3 00 00 A1 00 00 00
 (100.038253)  can0  067   [8]  12 80 67 00 01 01 00 00
 (100.038288)  can0  067   [8]  0C 02 A1 92 00 00 70 04
 (100.038846)  can0  068   [8]  11 06 00 00 00 00 29 06
 (100.058258)  can0  067   [8]  0B 2E 0A 86 BF 00 00 00
 (100.058925)  can0  068   [8]  0B 2E 0A 86 3F 00 00 00
 (100.098941)  can0  068   [8]  12 80 67 00 01 02 00 07
 (100.118223)  can0  067   [8]  00 B1 51 87 BF 00 00 00
 (100.118252)  can0  067   [8]  11 06 00 00 00 00 29 01
 (100.118898)  can0  068   [8]  00 52 70 87 3F 00 00 00
 (100.118927)  can0  068   [8]  0C 02 A1 AD 00 00 70 20
 (100.127463)  can0  064   [8]  67 01 35 FA 8E BC 07 00
 (100.129371)  can0  064   [8]  68 01 35 FA 8E 3C 07 00
 (100.138152)  can0  067   [8]  05 F1 0E 00 FA 0E 00 00
 (100.138177)  can0  067   [8]  11 06 00 00 00 00 09 01
 (100.138869)  can0  068   [8]  05 1C 0F 01 10 0F 01 00
 (100.138893)  can0  068   [8]  11 06 00 00 00 00 09 06
 (100.178251)  can0  067   [8]  0B B1 51 87 BF 00 00 00
 (100.178810)  can0  068   [8]  0B 52 70 87 3F 00 00 00
 (100.238217)  can0  067   [8]  00 53 65 87 BF 00 00 00
 (100.238890)  can0  068   [8]  00 52 70 87 3F 00 00 00
 (100.258186)  can0  067   [8]  05 18 04 00 0B 04 00 00
 (100.258849)  can0  068   [8]  05 06 05 01 FF 04 01 00
 (100.298206)  can0  067   [8]  0B FA 4C 87 BF 00 00 00
 (100.298817)  can0  068   [8]  0B 9C 6B 87 3F 00 00 00
 (100.358233)  can0  067   [8]  00 53 65 87 BF 00 00 00
 (100.358775)  can0  068   [8]  00 52 70 87 3F 00 00 00
 (100.378209)  can0  067   [8]  05 12 03 00 14 03 00 00
 (100.378801)  can0  068   [8]  05 0A 04 01 66 02 01 00
 (100.418214)  can0  067   [8]  0B 21 3A 87 BF 00 00 00
 (100.418769)  can0  068   [8]  0B C2 58 87 3F 00 00 00
 (100.478228)  can0  067   [8]  00 53 65 87 BF 00 00 00
 (100.478798)  can0  068   [8]  00 52 70 87 3F 00 00 00
 (100.498202)  can0  067   [8]  05 F4 00 00 18 01 00 00
 (100.498780)  can0  068   [8]  05 EB 01 01 E5 01 01 00
 (100.538203)  can0  067   [8]  0B 5C 0D 87 BF 00 00 00
 (100.538769)  can0  068   [8]  0B FE 2B 87 3F 00 00 00
 (100.598154)  can0  067   [8]  00 53 65 87 BF 00 00 00
 (100.598833)  can0  068   [8]  00 1B 71 87 3F 00 00 00
 (100.618172)  can0  067   [8]  05 BA 02 01 BB 02 01 00
 (100.618780)  can0  068   [8]  05 B9 01 00 9A 01 00 00
 (100.658243)  can0  067   [8]  0B 40 BD 86 BF 00 00 00
 (100.658747)  can0  068   [8]  0B AB DC 86 3F 00 00 00
 (100.718151)  can0  067   [8]  00 1C 66 87 BF 00 00 00
 (100.718744)  can0  068   [8]  00 52 70 87 3F 00 00 00
 (100.738101)  can0  067   [8]  05 99 08 01 81 08 01 00
 (100.738769)  can0  068   [8]  05 83 07 00 7C 07 00 00
 (100.778143)  can0  067   [8]  0B CD 3E 86 BF 00 00 00
 (100.778733)  can0  068   [8]  0B 01 5F 86 3F 00 00 00
 (100.838140)  can0  067   [8]  00 2F 62 87 BF 00 00 00
 (100.838761)  can0  068   [8]  00 41 69 87 3F 00 00 00
 (100.858102)  can0  067   [8]  05 55 10 01 30 10 01 00
 (100.858742)  can0  068   [8]  05 A3 0F 00 22 0F 00 00
 (100.898100)  can0  067   [8]  0B 96 88 85 BF 00 00 00
 (100.898641)  can0  068   [8]  0B C9 A8 85 3F 00 00 00
 (100.958057)  can0  067   [8]  00 30 57 87 BF 00 00 00
 (100.958749)  can0  068   [8]  00 31 A0 86 3F 00 00 00
 (100.978104)  can0  067   [8]  05 19 1A 01 CC 19 01 00
 (100.978543)  can0  068   [8]  05 68 0B 00 1D 0C 00 00
 (101.018072)  can0  067   [8]  0B 66 90 84 BF 00 00 00
 (101.018572)  can0  068   [8]  0B 63 B1 84 3F 00 00 00
 (101.038090)  can0  067   [8]  12 80 67 00 01 01 00 00
 (101.038109)  can0  067   [8]  0C 02 A1 A4 10 00 50 7E
 (101.078058)  can0  067   [8]  00 33 1C 85 BF 00 00 00
 (101.078750)  can0  068   [8]  00 16 D7 84 3F 00 00 00
 (101.098092)  can0  067   [8]  05 C0 09 01 D8 09 01 00
 (101.098795)  can0  068   [8]  05 C4 04 00 D4 04 00 00
 (101.098816)  can0  068   [8]  12 80 67 00 01 02 00 07
 (101.118720)  can0  068   [8]  0C 02 A1 89 29 00 60 7E
 (101.138082)  can0  067   [8]  0B 87 51 83 BF 00 00 00
 (101.138102)  can0  067   [8]  11 06 00 00 00 00 09 01
 (101.138577)  can0  068   [8]  0B A8 75 83 3F 00 00 00
 (101.138591)  can0  068   [8]  11 06 00 00 00 00 09 06
 (101.198028)  can0  067   [8]  00 A3 58 84 BF 00 00 00
 (101.198542)  can0  068   [8]  00 13 8A 83 3F 00 00 00
 (101.218050)  can0  067   [8]  05 A0 10 01 AF 0F 01 00
 (101.218563)  can0  068   [8]  05 D4 06 00 A1 06 00 00
 (101.258061)  can0  067   [8]  0B 64 D5 81 BF 00 00 00
 (101.258543)  can0  068   [8]  0B 2A F7 81 3F 00 00 00
 (101.318034)  can0  067   [8]  00 81 DC 82 BF 00 00 00
 (101.318572)  can0  068   [8]  00 33 56 82 3F 00 00 00
 (101.338030)  can0  067   [8]  05 0B 15 01 85 14 01 00
 (101.338541)  can0  068   [8]  05 87 0B 00 63 0B 00 00
 (101.378045)  can0  067   [8]  0B 92 12 80 BF 00 00 00
 (101.378580)  can0  068   [8]  0B 58 34 80 3F 00 00 00
 (101.438000)  can0  067   [8]  00 BF 2B 81 BF 00 00 00
 (101.438570)  can0  068   [8]  00 8E 3E 80 3F 00 00 00
 (101.458031)  can0  067   [8]  05 1F 14 01 98 13 01 00
 (101.458628)  can0  068   [8]  05 44 06 00 D9 05 00 00
 (101.498018)  can0  067   [8]  0B 6A 18 7C BF 00 00 00
 (101.498530)  can0  068   [8]  0B 88 5D 7C 3F 00 00 00
 (101.557949)  can0  067   [8]  00 FC 7C 7D BF 00 00 00
 (101.558568)  can0  068   [8]  00 73 C0 7B 3F 00 00 00
 (101.578024)  can0  067   [8]  05 93 13 01 CD 12 01 00
 (101.578539)  can0  068   [8]  05 CB 07 00 62 07 00 00
 (101.618016)  can0  067   [8]  0B 99 84 77 BF 00 00 00
 (101.618520)  can0  068   [8]  0B B6 C9 77 3F 00 00 00
 (101.678012)  can0  067   [8]  00 57 0D 7A BF 00 00 00
 (101.678506)  can0  068   [8]  00 61 3C 78 3F 00 00 00
 (101.698011)  can0  067   [8]  05 D1 19 01 59 19 01 00
 (101.698508)  can0  068   [8]  05 2A 0C 00 4E 0C 00 00
 (101.737987)  can0  067   [8]  0B B1 69 72 BF 00 00 00
 (101.738486)  can0  068   [8]  0B CE AE 72 3F 00 00 00
 (101.798001)  can0  067   [8]  00 38 D9 72 BF 00 00 00
 (101.798550)  can0  068   [8]  00 3B 4A 71 3F 00 00 00
 (101.817978)  can0  067   [8]  05 3F 11 01 7E 10 01 00
 (101.818474)  can0  068   [8]  05 98 05 00 6F 05 00 00
 (101.857949)  can0  067   [8]  0B B0 D2 6C BF 00 00 00
 (101.858512)  can0  068   [8]  0B 3B 16 6D 3F 00 00 00
 (101.917908)  can0  067   [8]  00 21 81 6F BF 00 00 00
 (101.918515)  can0  068   [8]  00 2B B0 6D 3F 00 00 00
 (101.937942)  can0  067   [8]  05 40 1B 01 CA 1A 01 00
 (101.938497)  can0  068   [8]  05 E4 0C 00 84 0C 00 00
 (101.977928)  can0  067   [8]  0B E0 D0 66 BF 00 00 00
 (101.978462)  can0  068   [8]  0B FD 15 67 3F 00 00 00
 (102.037967)  can0  067   [8]  00 ED AF 67 BF 00 00 00
 (102.037986)  can0  067   [8]  12 80 67 00 01 01 00 00
 (102.037988)  can0  067   [8]  0C 02 A1 9B D5 00 00 7E
 (102.038431)  can0  068   [8]  00 CA 3E 66 3F 00 00 00
 (102.057943)  can0  067   [8]  05 5F 15 01 5B 14 01 00
 (102.058452)  can0  068   [8]  05 58 0A 00 CD 09 00 00
 (102.097864)  can0  067   [8]  0B CE 7B 60 BF 00 00 00
 (102.098536)  can0  068   [8]  0B 59 BF 60 3F 00 00 00
 (102.098555)  can0  068   [8]  12 80 67 00 01 02 00 07
 (102.118581)  can0  068   [8]  0C 02 A1 B6 DB 00 00 7E
 (102.137880)  can0  067   [8]  11 06 00 00 00 00 09 01
 (102.138581)  can0  068   [8]  11 06 00 00 00 00 09 06
 (102.157885)  can0  067   [8]  00 BA A4 62 BF 00 00 00
 (102.158399)  can0  068   [8]  00 17 77 60 3F 00 00 00
 (102.177882)  can0  067   [8]  05 FE 0F 01 1E 11 01 00
 (102.178394)  can0  068   [8]  05 06 03 00 81 03 00 00
 (102.217881)  can0  067   [8]  0B E7 E7 59 BF 00 00 00
 (102.218477)  can0  068   [8]  0B E1 29 5A 3F 00 00 00
 (102.277893)  can0  067   [8]  00 63 28 5C BF 00 00 00
 (102.278399)  can0  068   [8]  00 23 72 5A 3F 00 00 00
 (102.297884)  can0  067   [8]  05 20 1B 01 A5 1A 01 00
 (102.298406)  can0  068   [8]  05 EB 0D 00 5F 0C 00 00
 (102.337872)  can0  067   [8]  0B 98 29 53 BF 00 00 00
 (102.338393)  can0  068   [8]  0B FF 69 53 3F 00 00 00
 (102.397866)  can0  067   [8]  00 66 AA 53 BF 00 00 00
 (102.398376)  can0  068   [8]  00 6B 1B 52 3F 00 00 00
 (102.417858)  can0  067   [8]  05 F0 10 01 6B 10 01 00
 (102.418458)  can0  068   [8]  05 14 05 00 47 04 00 00
 (102.457883)  can0  067   [8]  0B 95 45 4C BF 00 00 00
 (102.458436)  can0  068   [8]  0B FC 85 4C 3F 00 00 00
 (102.517852)  can0  067   [8]  00 50 EF 4E BF 00 00 00
 (102.518361)  can0  068   [8]  00 B0 A0 4C 3F 00 00 00
 (102.537839)  can0  067   [8]  05 46 12 01 8C 12 01 00
 (102.538394)  can0  068   [8]  05 C3 03 00 AB 03 00 00
 (102.577831)  can0  067   [8]  0B 46 7C 45 BF 00 00 00
 (102.578354)  can0  068   [8]  0B 1B BB 45 3F 00 00 00
 (102.637847)  can0  067   [8]  00 2C E7 47 BF 00 00 00
 (102.638326)  can0  068   [8]  00 5C 0E 46 3F 00 00 00
 (102.657831)  can0  067   [8]  05 B4 19 01 D8 18 01 00
 (102.658352)  can0  068   [8]  05 E7 0B 00 5C 0A 00 00
 (102.697842)  can0  067   [8]  0B D5 A4 3E BF 00 00 00
 (102.698338)  can0  068   [8]  0B 85 E0 3E 3F 00 00 00
 (102.757856)  can0  067   [8]  00 2D 74 3F BF 00 00 00
 (102.758391)  can0  068   [8]  00 E9 D3 3D 3F 00 00 00
 (102.777787)  can0  067   [8]  05 17 11 01 8B 11 01 00
 (102.778316)  can0  068   [8]  05 9A 04 00 A8 04 00 00
 (102.817830)  can0  067   [8]  0B D0 CB 37 BF 00 00 00
 (102.818365)  can0  068   [8]  0B 81 07 38 3F 00 00 00
 (102.877777)  can0  067   [8]  00 B7 2B 3A BF 00 00 00
 (102.878315)  can0  068   [8]  00 19 D2 37 3F 00 00 00
 (102.897791)  can0  067   [8]  05 20 0E 01 09 0E 01 00
 (102.898322)  can0  068   [8]  05 04 00 00 45 00 01 00
 (102.937813)  can0  067   [8]  0B 5E F4 30 BF 00 00 00
 (102.938301)  can0  068   [8]  0B EB 2C 31 3F 00 00 00
 (102.997790)  can0  067   [8]  00 F3 B0 33 BF 00 00 00
 (102.998299)  can0  068   [8]  00 B8 B8 31 3F 00 00 00
 (103.017781)  can0  067   [8]  05 A4 19 01 77 18 01 00
 (103.018282)  can0  068   [8]  05 C8 0A 00 73 09 00 00
 (103.037780)  can0  067   [8]  12 80 67 00 01 01 00 00
 (103.037800)  can0  067   [8]  0C 02 A1 AD FF 00 00 7E
 (103.057789)  can0  067   [8]  0B 5B 1B 2A BF 00 00 00
 (103.058327)  can0  068   [8]  0B E8 53 2A 3F 00 00 00
 (103.098413)  can0  068   [8]  12 80 67 00 01 02 00 07
 (103.117777)  can0  067   [8]  00 AD 2C 2B BF 00 00 00
 (103.118305)  can0  068   [8]  00 21 7B 29 3F 00 00 00
 (103.118324)  can0  068   [8]  0C 02 A1 92 FF 00 00 7E
 (103.137700)  can0  067   [8]  05 5D 11 01 0A 10 01 00
 (103.137725)  can0  067   [8]  11 06 00 00 00 00 09 01
 (103.138329)  can0  068   [8]  05 42 04 00 D1 03 00 00
 (103.138346)  can0  068   [8]  11 06 00 00 00 00 09 06
 (103.177732)  can0  067   [8]  0B E9 43 23 BF 00 00 00
 (103.178291)  can0  068   [8]  0B E3 7A 23 3F 00 00 00
 (103.237735)  can0  067   [8]  00 22 47 25 BF 00 00 00
 (103.238263)  can0  068   [8]  00 81 0E 23 3F 00 00 00
 (103.257711)  can0  067   [8]  05 06 0B 01 CB 0A 01 00
 (103.258382)  can0  068   [8]  05 B7 02 01 A2 02 01 00
 (103.297734)  can0  067   [8]  0B E5 6A 1C BF 00 00 00
 (103.298315)  can0  068   [8]  0B 4D A0 1C 3F 00 00 00
 (103.357686)  can0  067   [8]  00 E1 5C 1F BF 00 00 00
 (103.358293)  can0  068   [8]  00 CE 46 1D 3F 00 00 00
 (103.377700)  can0  067   [8]  05 B8 18 01 B4 17 01 00
 (103.378188)  can0  068   [8]  05 33 09 00 92 08 00 00
 (103.417696)  can0  067   [8]  0B 73 93 15 BF 00 00 00
 (103.418283)  can0  068   [8]  0B 49 C7 15 3F 00 00 00
 (103.477671)  can0  067   [8]  00 2C E5 16 BF 00 00 00
 (103.478272)  can0  068   [8]  00 0F 32 15 3F 00 00 00
 (103.497671)  can0  067   [8]  05 EA 10 01 9D 10 01 00
 (103.498257)  can0  068   [8]  05 16 04 00 57 03 00 00
 (103.537687)  can0  067   [8]  0B 01 BC 0E BF 00 00 00
 (103.538160)  can0  068   [8]  0B B3 EC 0E 3F 00 00 00
 (103.597668)  can0  067   [8]  00 D3 7E 10 BF 00 00 00
 (103.598236)  can0  068   [8]  00 30 5C 0E 3F 00 00 00
 (103.617649)  can0  067   [8]  05 D2 08 01 33 08 01 00
 (103.618326)  can0  068   [8]  05 98 04 01 D1 03 01 00
 (103.657682)  can0  067   [8]  0B FD E2 07 BF 00 00 00
 (103.658188)  can0  068   [8]  0B AF 13 08 3F 00 00 00
 (103.717658)  can0  067   [8]  00 F7 EA 0A BF 00 00 00
 (103.718231)  can0  068   [8]  00 54 BD 08 3F 00 00 00
 (103.737659)  can0  067   [8]  05 FE 16 01 F2 16 01 00
 (103.738152)  can0  068   [8]  05 90 07 00 E7 06 00 00
 (103.777658)  can0  067   [8]  0B D6 FB 00 BF 00 00 00
 (103.778246)  can0  068   [8]  0B F6 2A 01 3F 00 00 00
 (103.837665)  can0  067   [8]  00 AC 9D 02 BF 00 00 00
 (103.838140)  can0  068   [8]  00 FC E8 00 3F 00 00 00
 (103.857634)  can0  067   [8]  05 13 11 01 BE 10 01 00
 (103.858291)  can0  068   [8]  05 DE 03 00 88 03 00 00
 (103.897647)  can0  067   [8]  0B 0F 65 F4 BE 00 00 00
 (103.898035)  can0  068   [8]  0B 2A C0 F4 3E 00 00 00
 (103.957641)  can0  067   [8]  00 EC 27 F7 BE 00 00 00
 (103.958092)  can0  068   [8]  00 0D 18 F3 3E 00 00 00
 (103.977624)  can0  067   [8]  05 16 07 01 E2 06 01 00
 (103.978129)  can0  068   [8]  05 3C 06 01 56 05 01 00
 (104.017581)  can0  067   [8]  0B 2C B6 E6 BE 00 00 00
 (104.018170)  can0  068   [8]  0B FE 0A E7 3E 00 00 00
 (104.037614)  can0  067   [8]  12 80 67 00 01 01 00 00
 (104.037634)  can0  067   [8]  0C 02 A1 A4 FF 00 00 7E
 (104.077596)  can0  067   [8]  00 63 F8 EC BE 00 00 00
 (104.078170)  can0  068   [8]  00 D8 80 E8 3E 00 00 00
 (104.097590)  can0  067   [8]  05 9E 15 01 11 15 01 00
 (104.098237)  can0  068   [8]  05 6A 05 00 1A 05 00 00
 (104.098258)  can0  068   [8]  12 80 67 00 01 02 00 07
 (104.118265)  can0  068   [8]  0C 02 A1 B6 FF 00 00 7E
 (104.137613)  can0  067   [8]  0B 23 04 D9 BE 00 00 00
 (104.137634)  can0  067   [8]  11 06 00 00 00 00 09 01
 (104.138098)  can0  068   [8]  0B F6 58 D9 3E 00 00 00
 (104.138217)  can0  068   [8]  11 06 00 00 00 00 09 06
 (104.197573)  can0  067   [8]  00 C5 9F DC BE 00 00 00
 (104.198143)  can0  068   [8]  00 23 04 D9 3E 00 00 00
 (104.217563)  can0  067   [8]  05 50 11 01 43 11 01 00
 (104.218147)  can0  068   [8]  05 F9 02 00 29 02 00 00
 (104.257547)  can0  067   [8]  0B 40 55 CB BE 00 00 00
 (104.258112)  can0  068   [8]  0B CA A3 CB 3E 00 00 00
 (104.317552)  can0  067   [8]  00 96 9D CD BE 00 00 00
 (104.318056)  can0  068   [8]  00 04 68 C9 3E 00 00 00
 (104.337525)  can0  067   [8]  05 25 06 01 EB 05 01 00
 (104.338186)  can0  068   [8]  05 BB 06 01 66 06 01 00
 (104.377575)  can0  067   [8]  0B 37 A3 BD BE 00 00 00
 (104.378124)  can0  068   [8]  0B C2 F1 BD 3E 00 00 00
 (104.437577)  can0  067   [8]  00 FE 07 C4 BE 00 00 00
 (104.438043)  can0  068   [8]  00 78 64 BF 3E 00 00 00
 (104.457535)  can0  067   [8]  05 5D 14 01 BF 13 01 00
 (104.458199)  can0  068   [8]  05 3D 03 00 CD 02 00 00
 (104.497491)  can0  067   [8]  0B 54 F4 AF BE 00 00 00
 (104.498094)  can0  068   [8]  0B 96 3C B0 3E 00 00 00
 (104.557517)  can0  067   [8]  00 5A F1 B3 BE 00 00 00
 (104.558178)  can0  068   [8]  00 07 1A B0 3E 00 00 00
 (104.577504)  can0  067   [8]  05 5C 11 01 42 11 01 00
 (104.577960)  can0  068   [8]  05 AE 02 00 A6 01 00 00
 (104.617499)  can0  067   [8]  0B 4D 42 A2 BE 00 00 00
 (104.618142)  can0  068   [8]  0B 8E 8A A2 3E 00 00 00
 (104.677508)  can0  067   [8]  00 FB F6 A3 BE 00 00 00
 (104.678071)  can0  068   [8]  00 F6 F9 9F 3E 00 00 00
 (104.697496)  can0  067   [8]  05 A6 05 01 0B 06 01 00
 (104.698167)  can0  068   [8]  05 BF 06 01 48 07 01 00
 (104.737529)  can0  067   [8]  0B 68 93 94 BE 00 00 00
 (104.738078)  can0  068   [8]  0B 86 D8 94 3E 00 00 00
 (104.797470)  can0  067   [8]  00 32 E2 9A BE 00 00 00
 (104.798049)  can0  068   [8]  00 CF 41 96 3E 00 00 00
 (104.817399)  can0  067   [8]  05 87 11 01 A1 12 01 00
 (104.818018)  can0  068   [8]  05 19 01 00 18 00 00 00
 (104.857466)  can0  067   [8]  0B 85 E4 86 BE 00 00 00
 (104.857963)  can0  068   [8]  0B 5A 23 87 3E 00 00 00
 (104.917502)  can0  067   [8]  00 C8 55 8B BE 00 00 00
 (104.917898)  can0  068   [8]  00 C5 42 87 3E 00 00 00
 (104.937472)  can0  067   [8]  05 26 11 01 A8 10 01 00
 (104.938035)  can0  068   [8]  05 88 02 00 FE 00 00 00
 (104.977474)  can0  067   [8]  0B 3E 97 72 BE 00 00 00
 (104.977990)  can0  068   [8]  0B A0 0E 73 3E 00 00 00
 (105.037461)  can0  067   [8]  00 79 E7 75 BE 00 00 00
 (105.037488)  can0  067   [8]  12 80 67 00 01 01 00 00
 (105.037490)  can0  067   [8]  0C 02 A1 AD FF 00 00 7E
 (105.038088)  can0  068   [8]  00 DA 0C 6E 3E 00 00 00
 (105.057441)  can0  067   [8]  05 22 05 01 F1 04 01 00
 (105.058010)  can0  068   [8]  05 16 07 01 7F 06 01 00
 (105.097488)  can0  067   [8]  0B 90 AA 57 BE 00 00 00
 (105.098043)  can0  068   [8]  0B A9 1B 58 3E 00 00 00
 (105.098074)  can0  068   [8]  12 80 67 00 01 02 00 07
 (105.118132)  can0  068   [8]  0C 02 A1 92 FF 00 00 7E
 (105.137452)  can0  067   [8]  11 06 00 00 00 00 09 01
 (105.137841)  can0  068   [8]  11 06 00 00 00 00 09 06
 (105.157339)  can0  067   [8]  00 9C 30 65 BE 00 00 00
 (105.157971)  can0  068   [8]  00 24 CA 5B 3E 00 00 00
 (105.177430)  can0  067   [8]  05 E1 0F 01 9C 0F 01 00
 (105.178032)  can0  068   [8]  05 02 01 01 FD 01 01 00
 (105.217437)  can0  067   [8]  0B 9C 04 3E BE 00 00 00
 (105.218071)  can0  068   [8]  0B 6C 6F 3E 3E 00 00 00
 (105.277448)  can0  067   [8]  00 E9 A9 47 BE 00 00 00
 (105.277931)  can0  068   [8]  00 48 CF 3F 3E 00 00 00
 (105.297382)  can0  067   [8]  05 99 0E 01 62 0E 01 00
 (105.297950)  can0  068   [8]  05 81 00 00 C6 00 01 00
 (105.337418)  can0  067   [8]  0B 22 47 25 BE 00 00 00
 (105.337949)  can0  068   [8]  0B AA AB 25 3E 00 00 00
 (105.397373)  can0  067   [8]  00 1F FF 2A BE 00 00 00
 (105.398013)  can0  068   [8]  00 AE B9 22 3E 00 00 00
 (105.417412)  can0  067   [8]  05 2D 00 01 0C 00 00 00
 (105.417933)  can0  068   [8]  05 9D 0C 01 1E 0C 01 00
 (105.457361)  can0  067   [8]  0B EF 08 0E BE 00 00 00
 (105.457899)  can0  068   [8]  0B E6 60 0E 3E 00 00 00
 (105.517356)  can0  067   [8]  00 BA A9 1C BE 00 00 00
 (105.518013)  can0  068   [8]  00 C5 D3 13 3E 00 00 00
 (105.537343)  can0  067   [8]  05 0C 10 01 0E 0F 01 00
 (105.538013)  can0  068   [8]  05 06 01 00 12 00 01 00
 (105.577383)  can0  067   [8]  0B 40 1E F1 BD 00 00 00
 (105.578028)  can0  068   [8]  0B 9D C1 F1 3D 00 00 00
 (105.637334)  can0  067   [8]  00 11 54 FB BD 00 00 00
 (105.637994)  can0  068   [8]  00 61 AB EB 3D 00 00 00
 (105.657323)  can0  067   [8]  05 1F 01 01 1B 00 00 00
 (105.657999)  can0  068   [8]  05 6F 0B 01 38 0B 01 00
 (105.697355)  can0  067   [8]  0B C8 56 CA BD 00 00 00
 (105.697904)  can0  068   [8]  0B 03 E1 CA 3D 00 00 00
 (105.757278)  can0  067   [8]  00 27 A8 E9 BD 00 00 00
 (105.757984)  can0  068   [8]  00 60 15 D8 3D 00 00 00
 (105.777353)  can0  067   [8]  05 50 0D 01 B9 0C 01 00
 (105.777854)  can0  068   [8]  05 3D 01 01 A8 01 01 00
 (105.817309)  can0  067   [8]  0B 05 C8 A7 BD 00 00 00
 (105.817992)  can0  068   [8]  0B 1E 39 A8 3D 00 00 00
 (105.877241)  can0  067   [8]  00 A7 2E B5 BD 00 00 00
 (105.877936)  can0  068   [8]  00 C5 A3 A4 3D 00 00 00
 (105.897306)  can0  067   [8]  05 6B 01 00 4C 01 00 00
 (105.897876)  can0  068   [8]  05 8F 0E 01 68 0E 01 00
 (105.937318)  can0  067   [8]  0B F9 71 89 BD 00 00 00
 (105.937850)  can0  068   [8]  0B 81 D6 89 3D 00 00 00
 (105.997317)  can0  067   [8]  00 29 68 A6 BD 00 00 00
 (105.997870)  can0  068   [8]  00 80 E0 97 3D 00 00 00
 (106.017334)  can0  067   [8]  05 A5 08 01 46 09 01 00
 (106.017898)  can0  068   [8]  05 0C 03 01 2A 04 01 00
 (106.037292)  can0  067   [8]  12 80 67 00 01 01 00 00
 (106.037328)  can0  067   [8]  0C 02 A1 AD FC 00 00 7E
 (106.057298)  can0  067   [8]  0B 47 A9 5E BD 00 00 00
 (106.057891)  can0  068   [8]  0B 35 59 5F 3D 00 00 00
 (106.097986)  can0  068   [8]  12 80 67 00 01 02 00 07
 (106.117296)  can0  067   [8]  00 3B 1D 8B BD 00 00 00
 (106.117850)  can0  068   [8]  00 96 A0 70 3D 00 00 00
 (106.117883)  can0  068   [8]  0C 02 A1 B6 FB 00 00 7E
 (106.137247)  can0  067   [8]  05 97 04 01 55 04 01 00
 (106.137280)  can0  067   [8]  11 06 00 00 00 00 09 01
 (106.137938)  can0  068   [8]  05 3F 0B 01 F9 0A 01 00
 (106.137970)  can0  068   [8]  11 06 00 00 00 00 09 06
 (106.177236)  can0  067   [8]  0B 08 E0 32 BD 00 00 00
 (106.177930)  can0  068   [8]  0B B2 5D 33 3D 00 00 00
 (106.237309)  can0  067   [8]  00 1D 74 64 BD 00 00 00
 (106.237791)  can0  068   [8]  00 21 56 3A 3D 00 00 00
 (106.257256)  can0  067   [8]  05 1C 02 01 B4 01 01 00
 (106.257778)  can0  068   [8]  05 C8 0E 01 09 0F 01 00
 (106.297283)  can0  067   [8]  0B 36 88 0F BD 00 00 00
 (106.297770)  can0  068   [8]  0B BE EC 0F 3D 00 00 00
 (106.357260)  can0  067   [8]  00 99 82 46 BD 00 00 00
 (106.357806)  can0  068   [8]  00 95 48 22 3D 00 00 00
 (106.377262)  can0  067   [8]  05 C0 01 01 A4 01 01 00
 (106.377801)  can0  068   [8]  05 40 0C 01 18 0C 01 00
 (106.417270)  can0  067   [8]  0B 17 DF E8 BC 00 00 00
 (106.417862)  can0  068   [8]  0B E3 75 E9 3C 00 00 00
 (106.477238)  can0  067   [8]  00 0C EE 2F BD 00 00 00
 (106.477783)  can0  068   [8]  00 33 01 11 3D 00 00 00
 (106.497218)  can0  067   [8]  05 1B 02 01 E7 01 01 00
 (106.497738)  can0  068   [8]  05 BE 09 01 07 0A 01 00
 (106.537259)  can0  067   [8]  0B 8D C7 C2 BC 00 00 00
 (106.537817)  can0  068   [8]  0B 15 2C C3 3C 00 00 00
 (106.597149)  can0  067   [8]  00 9C 64 1C BD 00 00 00
 (106.597838)  can0  068   [8]  00 65 4F FC 3C 00 00 00
 (106.617164)  can0  067   [8]  05 41 01 01 C6 00 01 00
 (106.617837)  can0  068   [8]  05 BB 0B 01 DC 0B 01 00
 (106.657164)  can0  067   [8]  0B 03 41 A9 BC 00 00 00
 (106.657864)  can0  068   [8]  0B 47 73 A9 3C 00 00 00
 (106.717197)  can0  067   [8]  00 36 88 0F BD 00 00 00
 (106.717784)  can0  068   [8]  00 1A 5C D9 3C 00 00 00
 (106.737212)  can0  067   [8]  05 CA 00 01 BC 00 01 00
 (106.737692)  can0  068   [8]  05 17 0D 01 27 0D 01 00
 (106.777214)  can0  067   [8]  0B 4A F0 99 BC 00 00 00
 (106.777706)  can0  068   [8]  0B 4A F0 99 3C 00 00 00
 (106.837172)  can0  067   [8]  00 63 CB 06 BD 00 00 00
 (106.837718)  can0  068   [8]  00 95 74 C9 3C 00 00 00
 (106.857188)  can0  067   [8]  05 24 00 00 25 00 00 00
 (106.857736)  can0  068   [8]  05 05 0E 01 CF 0D 01 00
 (106.897126)  can0  067   [8]  0B AA 15 92 BC 00 00 00
 (106.897726)  can0  068   [8]  0B AA 15 92 3C 00 00 00
 (106.957161)  can0  067   [8]  00 79 29 03 BD 00 00 00
 (106.957731)  can0  068   [8]  00 3D DA BE 3C 00 00 00
 (106.977118)  can0  067   [8]  05 3E 00 00 2D 00 00 00
 (106.977707)  can0  068   [8]  05 5C 0E 01 47 0E 01 00
 (107.017137)  can0  067   [8]  0B F2 55 8F BC 00 00 00
 (107.017788)  can0  068   [8]  0B F2 55 8F 3C 00 00 00
 (107.037128)  can0  067   [8]  12 80 67 00 01 01 00 00
 (107.037160)  can0  067   [8]  0C 02 A1 B6 4C 00 00 7E
 (107.077083)  can0  067   [8]  00 35 F7 02 BD 00 00 00
 (107.077721)  can0  068   [8]  00 3D DA BE 3C 00 00 00
 (107.097181)  can0  067   [8]  05 5C 00 01 4B 00 01 00
 (107.097683)  can0  068   [8]  05 EB 0D 01 E0 0D 01 00
 (107.097708)  can0  068   [8]  12 80 67 00 01 02 00 07
 (107.117803)  can0  068   [8]  0C 02 A1 9B 38 00 10 7E
 (107.137087)  can0  067   [8]  0B 6A F1 8E BC 00 00 00
 (107.137119)  can0  067   [8]  11 06 00 00 00 00 29 01
 (107.137679)  can0  068   [8]  0B 6A F1 8E 3C 00 00 00
 (107.137700)  can0  068   [8]  11 06 00 00 00 00 29 06
 (107.197025)  can0  067   [8]  00 35 F7 02 BD 00 00 00
 (107.197718)  can0  068   [8]  00 F9 A7 BE 3C 00 00 00
 (107.217102)  can0  067   [8]  05 3C 0B 00 4A 0B 00 00
 (107.217767)  can0  068   [8]  05 82 19 01 09 1A 01 00
 (107.257119)  can0  067   [8]  0B 6A F1 8E BC 00 00 00
 (107.257770)  can0  068   [8]  0B 6A F1 8E 3C 00 00 00
 (107.317088)  can0  067   [8]  00 57 10 03 BD 00 00 00
 (107.317800)  can0  068   [8]  00 F9 A7 BE 3C 00 00 00
 (107.337134)  can0  067   [8]  05 59 0B 00 65 0B 00 00
 (107.337774)  can0  068   [8]  05 8B 19 01 88 19 01 00
 (107.377135)  can0  067   [8]  0B 6A F1 8E BC 00 00 00
 (107.377699)  can0  068   [8]  0B 6A F1 8E 3C 00 00 00
 (107.437113)  can0  067   [8]  00 35 F7 02 BD 00 00 00
 (107.437717)  can0  068   [8]  00 3D DA BE 3C 00 00 00
 (107.457144)  can0  067   [8]  05 3A 0B 00 37 0B 00 00
 (107.457679)  can0  068   [8]  05 81 19 01 76 19 01 00
 (107.497166)  can0  067   [8]  0B 6A F1 8E BC 00 00 00
 (107.497647)  can0  068   [8]  0B 6A F1 8E 3C 00 00 00
 (107.557144)  can0  067   [8]  00 79 29 03 BD 00 00 00
 (107.557721)  can0  068   [8]  00 F9 A7 BE 3C 00 00 00
 (107.577125)  can0  067   [8]  05 44 0B 00 40 0B 00 00
 (107.577698)  can0  068   [8]  05 81 19 01 5A 19 01 00
 (107.617136)  can0  067   [8]  0B 6A F1 8E BC 00 00 00
 (107.617680)  can0  068   [8]  0B 6A F1 8E 3C 00 00 00
 (107.677116)  can0  067   [8]  00 35 F7 02 BD 00 00 00
 (107.677782)  can0  068   [8]  00 3D DA BE 3C 00 00 00
 (107.697125)  can0  067   [8]  05 43 0B 00 53 0B 00 00
 (107.697675)  can0  068   [8]  05 80 19 01 88 19 01 00
 (107.737022)  can0  067   [8]  0B 6A F1 8E BC 00 00 00
 (107.737712)  can0  068   [8]  0B 6A F1 8E 3C 00 00 00
 (107.797136)  can0  067   [8]  00 57 10 03 BD 00 00 00
 (107.797669)  can0  068   [8]  00 F9 A7 BE 3C 00 00 00
 (107.817128)  can0  067   [8]  05 38 0B 00 37 0B 00 00
 (107.817697)  can0  068   [8]  05 8A 19 01 88 19 01 00
 (107.857101)  can0  067   [8]  0B 6A F1 8E BC 00 00 00
 (107.857687)  can0  068   [8]  0B 6A F1 8E 3C 00 00 00
 (107.917124)  can0  067   [8]  00 35 F7 02 BD 00 00 00
 (107.917685)  can0  068   [8]  00 F9 A7 BE 3C 00 00 00
 (107.937101)  can0  067   [8]  05 2D 0B 00 40 0B 00 00
 (107.937698)  can0  068   [8]  05 8A 19 01 B6 19 01 00
 (107.977115)  can0  067   [8]  0B 6A F1 8E BC 00 00 00
 (107.977690)  can0  068   [8]  0B 6A F1 8E 3C 00 00 00
 (108.037130)  can0  067   [8]  00 9B 42 03 BD 00 00 00
 (108.037171)  can0  067   [8]  12 80 67 00 01 01 00 00
 (108.037174)  can0  067   [8]  0C 02 A1 B6 00 00 70 40
 (108.037711)  can0  068   [8]  00 F9 A7 BE 3C 00 00 00
 (108.057113)  can0  067   [8]  05 37 0B 00 1B 0B 00 00
 (108.057685)  can0  068   [8]  05 7F 19 01 76 19 01 00
 (108.097124)  can0  067   [8]  0B 6A F1 8E BC 00 00 00
 (108.097688)  can0  068   [8]  0B 6A F1 8E 3C 00 00 00
 (108.097716)  can0  068   [8]  12 80 67 00 01 02 00 07
 (108.117813)  can0  068   [8]  0C 02 A1 9B 00 00 70 08
 (108.137130)  can0  067   [8]  11 06 00 00 00 00 29 01
 (108.137671)  can0  068   [8]  11 06 00 00 00 00 29 06
 (108.157109)  can0  067   [8]  00 13 DE 02 BD 00 00 00
 (108.157689)  can0  068   [8]  00 3D DA BE 3C 00 00 00
 (108.177117)  can0  067   [8]  05 40 0B 00 4A 0B 00 00
 (108.177692)  can0  068   [8]  05 89 19 01 A4 19 01 00
 (108.217065)  can0  067   [8]  0B 6A F1 8E BC 00 00 00
 (108.217775)  can0  068   [8]  0B 6A F1 8E 3C 00 00 00
 (108.277083)  can0  067   [8]  00 13 DE 02 BD 00 00 00
 (108.277738)  can0  068   [8]  00 F9 A7 BE 3C 00 00 00
 (108.297076)  can0  067   [8]  05 35 0B 00 25 0B 00 00
 (108.297749)  can0  068   [8]  05 89 19 01 B6 19 01 00
 (108.337066)  can0  067   [8]  0B 6A F1 8E BC 00 00 00
 (108.337765)  can0  068   [8]  0B 6A F1 8E 3C 00 00 00
 (108.397142)  can0  067   [8]  00 35 F7 02 BD 00 00 00
 (108.397660)  can0  068   [8]  00 3D DA BE 3C 00 00 00
 (108.417103)  can0  067   [8]  05 48 0B 00 41 0B 00 00
 (108.417767)  can0  068   [8]  05 89 19 01 AD 19 01 00
 (108.457123)  can0  067   [8]  0B 6A F1 8E BC 00 00 00
 (108.457724)  can0  068   [8]  0B 6A F1 8E 3C 00 00 00
 (108.517148)  can0  067   [8]  00 35 F7 02 BD 00 00 00
 (108.517696)  can0  068   [8]  00 F9 A7 BE 3C 00 00 00
 (108.537119)  can0  067   [8]  05 3E 0B 00 41 0B 00 00
 (108.537698)  can0  068   [8]  05 88 19 01 35 19 01 00
 (108.577116)  can0  067   [8]  0B 6A F1 8E BC 00 00 00
 (108.577695)  can0  068   [8]  0B 6A F1 8E 3C 00 00 00
 (108.637122)  can0  067   [8]  00 35 F7 02 BD 00 00 00
 (108.637796)  can0  068   [8]  00 3D DA BE 3C 00 00 00
 (108.657122)  can0  067   [8]  05 47 0B 00 4A 0B 00 00
 (108.657696)  can0  068   [8]  05 88 19 01 6C 19 01 00
 (108.697109)  can0  067   [8]  0B 6A F1 8E BC 00 00 00
 (108.697766)  can0  068   [8]  0B 6A F1 8E 3C 00 00 00
 (108.757123)  can0  067   [8]  00 35 F7 02 BD 00 00 00
 (108.757783)  can0  068   [8]  00 3D DA BE 3C 00 00 00
 (108.777116)  can0  067   [8]  05 32 0B 00 53 0B 00 00
 (108.777806)  can0  068   [8]  05 7E 19 01 F4 18 01 00
 (108.817094)  can0  067   [8]  0B 6A F1 8E BC 00 00 00
 (108.817668)  can0  068   [8]  0B 6A F1 8E 3C 00 00 00
 (108.877138)  can0  067   [8]  00 13 DE 02 BD 00 00 00
 (108.877685)  can0  068   [8]  00 3D DA BE 3C 00 00 00
 (108.897119)  can0  067   [8]  05 32 0B 00 94 0B 00 00
 (108.897703)  can0  068   [8]  05 7D 19 01 00 1A 01 00
 (108.937110)  can0  067   [8]  0B 6A F1 8E BC 00 00 00
 (108.937688)  can0  068   [8]  0B 6A F1 8E 3C 00 00 00
 (108.997135)  can0  067   [8]  00 13 DE 02 BD 00 00 00
 (108.997711)  can0  068   [8]  00 B5 75 BE 3C 00 00 00
 (109.017132)  can0  067   [8]  05 3B 0B 00 37 0B 00 00
 (109.017688)  can0  068   [8]  05 7D 19 01 C0 19 01 00
 (109.037136)  can0  067   [8]  12 80 67 00 01 01 00 00
 (109.037176)  can0  067   [8]  0C 02 A1 B6 00 00 70 40
 (109.057102)  can0  067   [8]  0B 6A F1 8E BC 00 00 00
 (109.057775)  can0  068   [8]  0B 6A F1 8E 3C 00 00 00
 (109.097833)  can0  068   [8]  12 80 67 00 01 02 00 07
 (109.117093)  can0  067   [8]  00 13 DE 02 BD 00 00 00
 (109.117716)  can0  068   [8]  00 3D DA BE 3C 00 00 00
 (109.117752)  can0  068   [8]  0C 02 A1 9B 00 00 80 08
 (109.137123)  can0  067   [8]  05 4E 0B 00 37 0B 00 00
 (109.137159)  can0  067   [8]  11 06 00 00 00 00 29 01
 (109.137720)  can0  068   [8]  05 87 19 01 51 19 01 00
 (109.137755)  can0  068   [8]  11 06 00 00 00 00 29 06
 (109.177140)  can0  067   [8]  0B 6A F1 8E BC 00 00 00
 (109.177672)  can0  068   [8]  0B 6A F1 8E 3C 00 00 00
 (109.237116)  can0  067   [8]  00 57 10 03 BD 00 00 00
 (109.237705)  can0  068   [8]  00 F9 A7 BE 3C 00 00 00
 (109.257124)  can0  067   [8]  05 43 0B 00 4A 0B 00 00
 (109.257693)  can0  068   [8]  05 7D 19 01 76 19 01 00
 (109.297133)  can0  067   [8]  0B 6A F1 8E BC 00 00 00
 (109.297648)  can0  068   [8]  0B 6A F1 8E 3C 00 00 00
 (109.357141)  can0  067   [8]  00 57 10 03 BD 00 00 00
 (109.357669)  can0  068   [8]  00 F9 A7 BE 3C 00 00 00
 (109.377125)  can0  067   [8]  05 2F 0B 00 25 0B 00 00
 (109.377664)  can0  068   [8]  05 7C 19 01 7F 19 01 00
 (109.417160)  can0  067   [8]  0B 6A F1 8E BC 00 00 00
 (109.417652)  can0  068   [8]  0B 6A F1 8E 3C 00 00 00
 (109.477133)  can0  067   [8]  00 35 F7 02 BD 00 00 00
 (109.477662)  can0  068   [8]  00 F9 A7 BE 3C 00 00 00
 (109.497127)  can0  067   [8]  05 38 0B 00 4A 0B 00 00
 (109.497665)  can0  068   [8]  05 7C 19 01 91 19 01 00
 (109.537163)  can0  067   [8]  0B 6A F1 8E BC 00 00 00
 (109.537654)  can0  068   [8]  0B 6A F1 8E 3C 00 00 00
 (109.597192)  can0  067   [8]  00 35 F7 02 BD 00 00 00
 (109.597727)  can0  068   [8]  00 3D DA BE 3C 00 00 00
 (109.617165)  can0  067   [8]  05 37 0B 00 4A 0B 00 00
 (109.617702)  can0  068   [8]  05 7C 19 01 AD 19 01 00
 (109.657124)  can0  067   [8]  0B 6A F1 8E BC 00 00 00
 (109.657648)  can0  068   [8]  0B 6A F1 8E 3C 00 00 00
 (109.717141)  can0  067   [8]  00 57 10 03 BD 00 00 00
 (109.717812)  can0  068   [8]  00 F9 A7 BE 3C 00 00 00
 (109.737145)  can0  067   [8]  05 36 0B 00 A3 0A 00 00
 (109.737649)  can0  068   [8]  05 85 19 01 6C 19 01 00
 (109.777121)  can0  067   [8]  0B 6A F1 8E BC 00 00 00
 (109.777712)  can0  068   [8]  0B 6A F1 8E 3C 00 00 00
 (109.837139)  can0  067   [8]  00 13 DE 02 BD 00 00 00
 (109.837617)  can0  068   [8]  00 F9 A7 BE 3C 00 00 00
 (109.857112)  can0  067   [8]  05 40 0B 00 94 0B 00 00
 (109.857685)  can0  068   [8]  05 7B 19 01 A4 19 01 00
 (109.897101)  can0  067   [8]  0B 6A F1 8E BC 00 00 00
 (109.897738)  can0  068   [8]  0B 6A F1 8E 3C 00 00 00
 (109.957009)  can0  067   [8]  00 35 F7 02 BD 00 00 00
 (109.957634)  can0  068   [8]  00 3D DA BE 3C 00 00 00
 (109.977120)  can0  067   [8]  05 35 0B 00 25 0B 00 00
 (109.977723)  can0  068   [8]  05 7B 19 01 63 19 01 00
 (110.017135)  can0  067   [8]  0B 6A F1 8E BC 00 00 00
 (110.017657)  can0  068   [8]  0B 6A F1 8E 3C 00 00 00
 (110.037141)  can0  067   [8]  12 80 67 00 01 01 00 00
 (110.037170)  can0  067   [8]  0C 02 A1 B6 00 00 70 40
 (110.077162)  can0  067   [8]  00 35 F7 02 BD 00 00 00
 (110.077638)  can0  068   [8]  00 3D DA BE 3C 00 00 00
 (110.097132)  can0  067   [8]  05 34 0B 00 2E 0B 00 00
 (110.097711)  can0  068   [8]  05 7B 19 01 5A 19 01 00
 (110.097743)  can0  068   [8]  12 80 67 00 01 02 00 07
 (110.117808)  can0  068   [8]  0C 02 A1 9B 00 00 70 08
 (110.137005)  can0  067   [8]  0B 6A F1 8E BC 00 00 00
 (110.137037)  can0  067   [8]  11 06 00 00 00 00 29 01
 (110.137691)  can0  068   [8]  0B 6A F1 8E 3C 00 00 00
 (110.137721)  can0  068   [8]  11 06 00 00 00 00 29 06
 (110.139601)  can0  064   [8]  67 01 92 0A 86 BF 06 00
 (110.142349)  can0  064   [8]  68 01 92 0A 86 3F 06 00
 (110.157050)  can0  067   [8]  11 06 00 00 00 00 09 01
 (110.157687)  can0  068   [8]  11 06 00 00 00 00 09 06
 (110.197155)  can0  067   [8]  00 CA 9D 05 BD 00 00 00
 (110.197642)  can0  068   [8]  00 59 5E C3 3C 00 00 00
 (110.217138)  can0  067   [8]  05 4F 2E 00 38 2E 00 00
 (110.217675)  can0  068   [8]  05 59 2E 01 63 2E 01 00
 (110.257174)  can0  067   [8]  0B 9B 42 03 BD 00 00 00
 (110.257650)  can0  068   [8]  0B 81 0C BF 3C 00 00 00
 (110.317163)  can0  067   [8]  00 0E D0 05 BD 00 00 00
 (110.317660)  can0  068   [8]  00 9D 90 C3 3C 00 00 00
 (110.337157)  can0  067   [8]  05 48 2E 00 3A 2E 00 00
 (110.337670)  can0  068   [8]  05 E0 2E 01 E2 2E 01 00
 (110.377160)  can0  067   [8]  0B A8 84 05 BD 00 00 00
 (110.377659)  can0  068   [8]  0B 9D 90 C3 3C 00 00 00
 (110.437192)  can0  067   [8]  00 95 AD 07 BD 00 00 00
 (110.437737)  can0  068   [8]  00 35 BE C4 3C 00 00 00
 (110.457163)  can0  067   [8]  05 D5 30 00 80 2F 00 00
 (110.457626)  can0  068   [8]  05 6E 31 01 54 32 01 00
 (110.497059)  can0  067   [8]  0B 07 B4 0B BD 00 00 00
 (110.497756)  can0  068   [8]  0B 5A EF CF 3C 00 00 00
 (110.557119)  can0  067   [8]  00 C6 08 0A BD 00 00 00
 (110.557659)  can0  068   [8]  00 21 E7 C6 3C 00 00 00
 (110.577098)  can0  067   [8]  05 97 34 00 B1 34 00 00
 (110.577681)  can0  068   [8]  05 B4 35 01 9C 35 01 00
 (110.617116)  can0  067   [8]  0B A2 F9 17 BD 00 00 00
 (110.617777)  can0  068   [8]  0B 8F 7A E8 3C 00 00 00
 (110.677057)  can0  067   [8]  00 9E EB 1A BD 00 00 00
 (110.677753)  can0  068   [8]  00 CA 6E D5 3C 00 00 00
 (110.697014)  can0  067   [8]  05 5E 32 00 9D 32 00 00
 (110.697762)  can0  068   [8]  05 2B 3A 01 77 3A 01 00
 (110.737064)  can0  067   [8]  0B FF 32 2C BD 00 00 00
 (110.737767)  can0  068   [8]  0B A5 76 08 3D 00 00 00
 (110.797070)  can0  067   [8]  00 A7 C4 48 BD 00 00 00
 (110.797792)  can0  068   [8]  00 80 7B 32 3D 00 00 00
 (110.817062)  can0  067   [8]  05 94 1E 00 4B 1F 00 00
 (110.817677)  can0  068   [8]  05 4D 20 01 3E 20 01 00
 (110.857086)  can0  067   [8]  0B EA 6F 4A BD 00 00 00
 (110.857685)  can0  068   [8]  0B B1 CC 26 3D 00 00 00
 (110.917087)  can0  067   [8]  00 E5 9A 8B BD 00 00 00
 (110.917607)  can0  068   [8]  00 A6 69 71 3D 00 00 00
 (110.937077)  can0  067   [8]  05 0D 1E 00 DD 1D 00 00
 (110.937650)  can0  068   [8]  05 FE 1E 01 0F 1F 01 00
 (110.977061)  can0  067   [8]  0B F8 DD 73 BD 00 00 00
 (110.977621)  can0  068   [8]  0B 04 6D 50 3D 00 00 00
 (111.037086)  can0  067   [8]  00 19 09 92 BD 00 00 00
 (111.037113)  can0  067   [8]  12 80 67 00 01 01 00 00
 (111.037115)  can0  067   [8]  0C 02 A1 A4 3B 00 40 7E
 (111.037685)  can0  068   [8]  00 40 AF 7D 3D 00 00 00
 (111.057072)  can0  067   [8]  05 E4 28 00 F4 22 00 00
 (111.057759)  can0  068   [8]  05 EF 2A 01 17 2A 01 00
 (111.097077)  can0  067   [8]  0B 6B 7D 94 BD 00 00 00
 (111.097757)  can0  068   [8]  0B 3E 9F 82 3D 00 00 00
 (111.097789)  can0  068   [8]  12 80 67 00 01 02 00 07
 (111.117789)  can0  068   [8]  0C 02 A1 92 51 00 50 7E
 (111.157088)  can0  067   [8]  00 DA A1 C2 BD 00 00 00
 (111.157117)  can0  067   [8]  11 06 00 00 00 00 09 01
 (111.157778)  can0  068   [8]  00 D1 63 AF 3D 00 00 00
 (111.157807)  can0  068   [8]  11 06 00 00 00 00 09 06
 (111.177073)  can0  067   [8]  05 C4 16 00 D1 17 00 00
 (111.177744)  can0  068   [8]  05 F9 18 01 F0 19 01 00
 (111.217056)  can0  067   [8]  0B 53 33 B4 BD 00 00 00
 (111.217736)  can0  068   [8]  0B 3F C6 A2 3D 00 00 00
 (111.277093)  can0  067   [8]  00 00 5F D3 BD 00 00 00
 (111.277655)  can0  068   [8]  00 6F BC BF 3D 00 00 00
 (111.297085)  can0  067   [8]  05 B5 28 00 06 24 00 00
 (111.297660)  can0  068   [8]  05 A1 29 01 E4 2A 01 00
 (111.337112)  can0  067   [8]  0B A2 C0 D9 BD 00 00 00
 (111.337659)  can0  068   [8]  0B D2 85 C8 3D 00 00 00
 (111.397104)  can0  067   [8]  00 7C 39 FE BD 00 00 00
 (111.397649)  can0  068   [8]  00 48 3A EB 3D 00 00 00
 (111.417110)  can0  067   [8]  05 EA 1C 00 07 1D 00 00
 (111.417648)  can0  068   [8]  05 21 1F 01 45 1F 01 00
 (111.457115)  can0  067   [8]  0B 42 73 02 BE 00 00 00
 (111.457655)  can0  068   [8]  0B 1A F7 F3 3D 00 00 00
 (111.517109)  can0  067   [8]  00 B4 49 17 BE 00 00 00
 (111.517693)  can0  068   [8]  00 F3 DC 0D 3E 00 00 00
 (111.537099)  can0  067   [8]  05 CF 26 00 D4 26 00 00
 (111.537693)  can0  068   [8]  05 61 28 01 38 29 01 00
 (111.577126)  can0  067   [8]  0B 34 CC 1A BE 00 00 00
 (111.577674)  can0  068   [8]  0B 32 7A 12 3E 00 00 00
 (111.637045)  can0  067   [8]  00 05 93 31 BE 00 00 00
 (111.637749)  can0  068   [8]  00 B4 19 28 3E 00 00 00
 (111.657077)  can0  067   [8]  05 B2 1A 00 4E 1A 00 00
 (111.657766)  can0  068   [8]  05 49 1D 01 71 1D 01 00
 (111.697109)  can0  067   [8]  0B 55 80 35 BE 00 00 00
 (111.697743)  can0  068   [8]  0B 97 60 2D 3E 00 00 00
 (111.757108)  can0  067   [8]  00 63 92 48 BE 00 00 00
 (111.757675)  can0  068   [8]  00 B7 C2 3F 3E 00 00 00
 (111.777091)  can0  067   [8]  05 F3 29 00 0E 29 00 00
 (111.777788)  can0  068   [8]  05 DC 2A 01 B8 2B 01 00
 (111.817072)  can0  067   [8]  0B FE 11 52 BE 00 00 00
 (111.817736)  can0  068   [8]  0B 15 31 4A 3E 00 00 00
 (111.877083)  can0  067   [8]  00 EB 96 6A BE 00 00 00
 (111.877682)  can0  068   [8]  00 69 88 61 3E 00 00 00
 (111.897069)  can0  067   [8]  05 FA 22 00 D0 22 00 00
 (111.897644)  can0  068   [8]  05 CF 25 01 81 25 01 00
 (111.937067)  can0  067   [8]  0B CA 09 70 BE 00 00 00
 (111.937646)  can0  068   [8]  0B 25 5B 68 3E 00 00 00
 (111.997071)  can0  067   [8]  00 5E 94 85 BE 00 00 00
 (111.997658)  can0  068   [8]  00 B5 D7 80 3E 00 00 00
 (112.017068)  can0  067   [8]  05 8C 1C 00 C3 1B 00 00
 (112.017668)  can0  068   [8]  05 10 1F 01 09 1F 01 00
 (112.037069)  can0  067   [8]  12 80 67 00 01 01 00 00
 (112.037103)  can0  067   [8]  0C 02 A1 AD FF 00 00 7E
 (112.057060)  can0  067   [8]  0B 9C 6B 87 BE 00 00 00
 (112.057640)  can0  068   [8]  0B D8 B6 83 3E 00 00 00
 (112.097783)  can0  068   [8]  12 80 67 00 01 02 00 07
 (112.117070)  can0  067   [8]  00 A3 57 92 BE 00 00 00
 (112.117661)  can0  068   [8]  00 F3 DC 8D 3E 00 00 00
 (112.117698)  can0  068   [8]  0C 02 A1 B6 FF 00 00 7E
 (112.137082)  can0  067   [8]  05 B6 1C 00 A2 1C 00 00
 (112.137676)  can0  068   [8]  05 BA 20 01 31 20 01 00
 (112.157045)  can0  067   [8]  11 06 00 00 00 00 09 01
 (112.157756)  can0  068   [8]  11 06 00 00 00 00 09 06
 (112.177057)  can0  067   [8]  0B 4E FE 96 BE 00 00 00
 (112.177673)  can0  068   [8]  0B 19 6C 93 3E 00 00 00
 (112.237033)  can0  067   [8]  00 92 FB A0 BE 00 00 00
 (112.237764)  can0  068   [8]  00 48 CC 9C 3E 00 00 00
 (112.257057)  can0  067   [8]  05 01 26 00 0E 26 00 00
 (112.257773)  can0  068   [8]  05 3A 29 01 C1 27 01 00
 (112.297045)  can0  067   [8]  0B 49 97 A6 BE 00 00 00
 (112.297764)  can0  068   [8]  0B 7E 24 A3 3E 00 00 00
 (112.357071)  can0  067   [8]  00 11 88 B2 BE 00 00 00
 (112.357778)  can0  068   [8]  00 87 FA AD 3E 00 00 00
 (112.377053)  can0  067   [8]  05 86 23 00 8E 22 00 00
 (112.377768)  can0  068   [8]  05 FC 26 01 67 25 01 00
 (112.417123)  can0  067   [8]  0B AE 4F B6 BE 00 00 00
 (112.417718)  can0  068   [8]  0B 97 02 B3 3E 00 00 00
 (112.477103)  can0  067   [8]  00 27 DF C3 BE 00 00 00
 (112.477644)  can0  068   [8]  00 9C 67 BF 3E 00 00 00
 (112.497076)  can0  067   [8]  05 3F 1C 00 1B 1C 00 00
 (112.497666)  can0  068   [8]  05 27 20 01 0E 20 01 00
 (112.537097)  can0  067   [8]  0B 1A C6 C5 BE 00 00 00
 (112.537654)  can0  068   [8]  0B 92 9B C2 3E 00 00 00
 (112.597081)  can0  067   [8]  00 C3 EA D2 BE 00 00 00
 (112.597748)  can0  068   [8]  00 1A 2E CE 3E 00 00 00
 (112.617071)  can0  067   [8]  05 66 18 00 37 18 00 00
 (112.617743)  can0  068   [8]  05 DD 1C 01 0A 1D 01 00
 (112.657075)  can0  067   [8]  0B 14 5F D5 BE 00 00 00
 (112.657761)  can0  068   [8]  0B F7 53 D2 3E 00 00 00
 (112.717035)  can0  067   [8]  00 52 9E DF BE 00 00 00
 (112.717737)  can0  068   [8]  00 29 9E DB 3E 00 00 00
 (112.737075)  can0  067   [8]  05 6A 1E 00 87 1D 00 00
 (112.737751)  can0  068   [8]  05 B9 22 01 FD 21 01 00
 (112.777069)  can0  067   [8]  0B EB F4 E4 BE 00 00 00
 (112.777760)  can0  068   [8]  0B 81 0F E2 3E 00 00 00
 (112.837073)  can0  067   [8]  00 EC 22 F0 BE 00 00 00
 (112.837756)  can0  068   [8]  00 80 DA EB 3E 00 00 00
 (112.857076)  can0  067   [8]  05 D3 22 00 91 22 00 00
 (112.857779)  can0  068   [8]  05 79 26 01 F2 25 01 00
 (112.897098)  can0  067   [8]  0B E6 8D F4 BE 00 00 00
 (112.897643)  can0  068   [8]  0B E5 C7 F1 3E 00 00 00
 (112.957093)  can0  067   [8]  00 90 DF 00 BF 00 00 00
 (112.957676)  can0  068   [8]  00 1E 96 FD 3E 00 00 00
 (112.977091)  can0  067   [8]  05 AE 1C 00 20 1C 00 00
 (112.977674)  can0  068   [8]  05 E8 21 01 E5 21 01 00
 (113.016977)  can0  067   [8]  0B 71 13 02 BF 00 00 00
 (113.017758)  can0  068   [8]  0B B7 C1 00 3F 00 00 00
 (113.037065)  can0  067   [8]  12 80 67 00 01 01 00 00
 (113.037095)  can0  067   [8]  0C 02 A1 92 FF 00 00 7E
 (113.076988)  can0  067   [8]  00 DA 37 09 BF 00 00 00
 (113.077653)  can0  068   [8]  00 13 12 07 3F 00 00 00
 (113.097069)  can0  067   [8]  05 C4 16 00 18 16 00 00
 (113.097747)  can0  068   [8]  05 41 1B 01 B7 1A 01 00
 (113.097774)  can0  068   [8]  12 80 67 00 01 02 00 07
 (113.117715)  can0  068   [8]  0C 02 A1 89 FF 00 00 7E
 (113.137050)  can0  067   [8]  0B 5B DE 09 BF 00 00 00
 (113.137636)  can0  068   [8]  0B EA 9D 08 3F 00 00 00
 (113.157042)  can0  067   [8]  11 06 00 00 00 00 09 01
 (113.157716)  can0  068   [8]  11 06 00 00 00 00 09 06
 (113.197069)  can0  067   [8]  00 0C BC 0F BF 00 00 00
 (113.197730)  can0  068   [8]  00 FA 9A 0D 3F 00 00 00
 (113.217038)  can0  067   [8]  05 3F 16 00 36 16 00 00
 (113.217749)  can0  068   [8]  05 42 1D 01 1E 1D 01 00
 (113.257051)  can0  067   [8]  0B D9 AA 11 BF 00 00 00
 (113.257743)  can0  068   [8]  0B AF 7B 10 3F 00 00 00
 (113.317025)  can0  067   [8]  00 4E FE 16 BF 00 00 00
 (113.317738)  can0  068   [8]  00 7E 25 15 3F 00 00 00
 (113.337023)  can0  067   [8]  05 38 1F 00 D0 1E 00 00
 (113.337739)  can0  068   [8]  05 9D 24 01 36 24 01 00
 (113.377062)  can0  067   [8]  0B 56 77 19 BF 00 00 00
 (113.377662)  can0  068   [8]  0B 74 59 18 3F 00 00 00
 (113.437081)  can0  067   [8]  00 47 A8 1F BF 00 00 00
 (113.437664)  can0  068   [8]  00 0F 9A 1D 3F 00 00 00
 (113.457072)  can0  067   [8]  05 24 1D 00 BA 1C 00 00
 (113.457708)  can0  068   [8]  05 EE 22 01 56 22 01 00
 (113.497081)  can0  067   [8]  0B D4 43 21 BF 00 00 00
 (113.497670)  can0  068   [8]  0B A6 35 20 3F 00 00 00
 (113.557041)  can0  067   [8]  00 D3 48 28 BF 00 00 00
 (113.557726)  can0  068   [8]  00 73 63 26 3F 00 00 00
 (113.577034)  can0  067   [8]  05 20 16 00 BA 15 00 00
 (113.577707)  can0  068   [8]  05 51 1C 01 AF 1B 01 00
 (113.617048)  can0  067   [8]  0B BF 0E 29 BF 00 00 00
 (113.617725)  can0  068   [8]  0B 6B 13 28 3F 00 00 00
 (113.677045)  can0  067   [8]  00 30 F1 2F BF 00 00 00
 (113.677743)  can0  068   [8]  00 66 D6 2D 3F 00 00 00
 (113.697037)  can0  067   [8]  05 89 11 00 50 12 00 00
 (113.697753)  can0  068   [8]  05 07 19 01 3D 19 01 00
 (113.737051)  can0  067   [8]  0B 84 EC 30 BF 00 00 00
 (113.737755)  can0  068   [8]  0B E5 00 30 3F 00 00 00
 (113.797070)  can0  067   [8]  00 69 28 36 BF 00 00 00
 (113.797638)  can0  068   [8]  00 51 49 34 3F 00 00 00
 (113.817076)  can0  067   [8]  05 4A 17 00 14 17 00 00
 (113.817635)  can0  068   [8]  05 76 1F 01 F5 1E 01 00
 (113.857066)  can0  067   [8]  0B BA A7 38 BF 00 00 00
 (113.857613)  can0  068   [8]  0B 63 CD 37 3F 00 00 00
 (113.917088)  can0  067   [8]  00 49 61 3E BF 00 00 00
 (113.917671)  can0  068   [8]  00 C3 83 3C 3F 00 00 00
 (113.937083)  can0  067   [8]  05 33 1C 00 EA 1A 00 00
 (113.937683)  can0  068   [8]  05 A1 22 01 AE 22 01 00
 (113.977087)  can0  067   [8]  0B A5 72 40 BF 00 00 00
 (113.977670)  can0  068   [8]  0B 95 A9 3F 3F 00 00 00
 (114.037072)  can0  067   [8]  00 AE 1F 47 BF 00 00 00
 (114.037108)  can0  067   [8]  12 80 67 00 01 01 00 00
 (114.037110)  can0  067   [8]  0C 02 A1 92 FF 00 00 7E
 (114.037673)  can0  068   [8]  00 6D 5E 45 3F 00 00 00
 (114.057081)  can0  067   [8]  05 FC 15 00 D1 14 00 00
 (114.057742)  can0  068   [8]  05 A5 1D 01 F6 1B 01 00
 (114.097093)  can0  067   [8]  0B 23 3F 48 BF 00 00 00
 (114.097655)  can0  068   [8]  0B 5A 87 47 3F 00 00 00
 (114.097679)  can0  068   [8]  12 80 67 00 01 02 00 07
 (114.117762)  can0  068   [8]  0C 02 A1 9B FF 00 00 7E
 (114.157011)  can0  067   [8]  00 8A 79 4F BF 00 00 00
 (114.157041)  can0  067   [8]  11 06 00 00 00 00 09 01
 (114.157744)  can0  068   [8]  00 73 8F 4D 3F 00 00 00
 (114.157776)  can0  068   [8]  11 06 00 00 00 00 09 06
 (114.177059)  can0  067   [8]  05 F0 0F 00 63 0F 00 00
 (114.177730)  can0  068   [8]  05 74 16 01 5C 16 01 00
 (114.217086)  can0  067   [8]  0B 0E 0A 50 BF 00 00 00
 (114.217649)  can0  068   [8]  0B 8D 63 4F 3F 00 00 00
 (114.276912)  can0  067   [8]  00 2F C5 55 BF 00 00 00
 (114.277757)  can0  068   [8]  00 A8 F2 53 3F 00 00 00
 (114.297044)  can0  067   [8]  05 0F 10 00 AD 0F 00 00
 (114.297757)  can0  068   [8]  05 8E 18 01 5D 18 01 00
 (114.337083)  can0  067   [8]  0B FB BE 57 BF 00 00 00
 (114.337615)  can0  068   [8]  0B 54 2B 57 3F 00 00 00
 (114.397106)  can0  067   [8]  00 04 FE 5C BF 00 00 00
 (114.397658)  can0  068   [8]  00 2F 5C 5B 3F 00 00 00
 (114.417081)  can0  067   [8]  05 E5 19 00 82 18 00 00
 (114.417679)  can0  068   [8]  05 4A 20 01 B0 1F 01 00
 (114.457038)  can0  067   [8]  0B 13 40 5F BF 00 00 00
 (114.457691)  can0  068   [8]  0B B3 BD 5E 3F 00 00 00
 (114.517049)  can0  067   [8]  00 07 45 65 BF 00 00 00
 (114.517674)  can0  068   [8]  00 E4 D3 63 3F 00 00 00
 (114.537049)  can0  067   [8]  05 A6 13 00 D1 12 00 00
 (114.537758)  can0  068   [8]  05 04 1B 01 A5 1A 01 00
 (114.577041)  can0  067   [8]  0B 58 6C 66 BF 00 00 00
 (114.577746)  can0  068   [8]  0B 3E FB 65 3F 00 00 00
 (114.637057)  can0  067   [8]  00 F5 F9 6C BF 00 00 00
 (114.637733)  can0  068   [8]  00 D8 51 6B 3F 00 00 00
 (114.656962)  can0  067   [8]  05 8E 0A 00 E1 09 00 00
 (114.657682)  can0  068   [8]  05 3D 11 01 A2 11 01 00
 (114.697004)  can0  067   [8]  0B CC 22 6D BF 00 00 00
 (114.697732)  can0  068   [8]  0B 69 C1 6C 3F 00 00 00
 (114.757019)  can0  067   [8]  00 EE 6F 71 BF 00 00 00
 (114.757736)  can0  068   [8]  00 82 F8 6F 3F 00 00 00
 (114.777048)  can0  067   [8]  05 76 14 00 28 14 00 00
 (114.777682)  can0  068   [8]  05 4A 1C 01 78 1B 01 00
 (114.817055)  can0  067   [8]  0B 08 44 73 BF 00 00 00
 (114.817750)  can0  068   [8]  0B 5A F2 72 3F 00 00 00
 (114.877091)  can0  067   [8]  00 CC 5B 78 BF 00 00 00
 (114.877671)  can0  068   [8]  00 4F 89 77 3F 00 00 00
 (114.897000)  can0  067   [8]  05 A7 10 00 2F 10 00 00
 (114.897643)  can0  068   [8]  05 DB 14 01 AC 14 01 00
 (114.936980)  can0  067   [8]  0B C3 B3 78 BF 00 00 00
 (114.937722)  can0  068   [8]  0B 5C 73 78 3F 00 00 00
 (114.996960)  can0  067   [8]  00 4E 2B 7D BF 00 00 00
 (114.997659)  can0  068   [8]  00 77 9F 7B 3F 00 00 00
 (115.017010)  can0  067   [8]  05 CF 08 00 56 09 00 00
 (115.017655)  can0  068   [8]  05 92 12 01 D4 12 01 00
 (115.036978)  can0  067   [8]  12 80 67 00 01 01 00 00
 (115.037013)  can0  067   [8]  0C 02 A1 B6 FF 00 00 7E
 (115.057034)  can0  067   [8]  0B 6A 7B 7D BF 00 00 00
 (115.057681)  can0  068   [8]  0B 94 47 7D 3F 00 00 00
 (115.097750)  can0  068   [8]  12 80 67 00 01 02 00 07
 (115.117046)  can0  067   [8]  00 ED CB 80 BF 00 00 00
 (115.117593)  can0  068   [8]  00 D0 86 80 3F 00 00 00
 (115.117707)  can0  068   [8]  0C 02 A1 AD FF 00 00 7E
 (115.137024)  can0  067   [8]  05 DD 0F 00 BD 0F 00 00
 (115.137771)  can0  068   [8]  05 62 13 01 EA 12 01 00
 (115.156997)  can0  067   [8]  11 06 00 00 00 00 09 01
 (115.157654)  can0  068   [8]  11 06 00 00 00 00 09 06
 (115.177039)  can0  067   [8]  0B CA BD 80 BF 00 00 00
 (115.177703)  can0  068   [8]  0B 27 AA 80 3F 00 00 00
 (115.237009)  can0  067   [8]  00 07 A0 82 BF 00 00 00
 (115.237664)  can0  068   [8]  00 CD 0A 82 3F 00 00 00
 (115.257027)  can0  067   [8]  05 1A 0D 00 DC 0C 00 00
 (115.257700)  can0  068   [8]  05 1F 13 01 A0 13 01 00
 (115.296984)  can0  067   [8]  0B 0D 69 82 BF 00 00 00
 (115.297667)  can0  068   [8]  0B 21 5A 82 3F 00 00 00
 (115.357088)  can0  067   [8]  00 42 8D 84 BF 00 00 00
 (115.357678)  can0  068   [8]  00 90 5C 84 3F 00 00 00
 (115.377053)  can0  067   [8]  05 5F 0A 00 EA 09 00 00
 (115.377662)  can0  068   [8]  05 75 0B 01 10 0B 01 00
 (115.417067)  can0  067   [8]  0B FC B9 83 BF 00 00 00
 (115.417631)  can0  068   [8]  0B 90 B0 83 3F 00 00 00
 (115.477056)  can0  067   [8]  00 FE BD 85 BF 00 00 00
 (115.477638)  can0  068   [8]  00 7C 22 85 3F 00 00 00
 (115.497020)  can0  067   [8]  05 98 07 00 CA 07 00 00
 (115.497673)  can0  068   [8]  05 EA 0D 01 E9 0D 01 00
 (115.537045)  can0  067   [8]  0B 2C B2 84 BF 00 00 00
 (115.537691)  can0  068   [8]  0B E3 AB 84 3F 00 00 00
 (115.597054)  can0  067   [8]  00 DA 71 86 BF 00 00 00
 (115.597636)  can0  068   [8]  00 76 10 86 3F 00 00 00
 (115.617017)  can0  067   [8]  05 E3 08 00 CD 08 00 00
 (115.617722)  can0  068   [8]  05 BD 0D 01 90 0D 01 00
 (115.657083)  can0  067   [8]  0B AD 58 85 BF 00 00 00
 (115.657631)  can0  068   [8]  0B 89 55 85 3F 00 00 00
 (115.717081)  can0  067   [8]  00 5C 0D 87 BF 00 00 00
 (115.717630)  can0  068   [8]  00 63 CB 86 3F 00 00 00
 (115.737052)  can0  067   [8]  05 0F 08 00 5B 08 00 00
 (115.737717)  can0  068   [8]  05 F7 0A 01 D6 0A 01 00
 (115.777022)  can0  067   [8]  0B C7 BE 85 BF 00 00 00
 (115.777727)  can0  068   [8]  0B 6C BC 85 3F 00 00 00
 (115.837021)  can0  067   [8]  00 41 69 87 BF 00 00 00
 (115.837654)  can0  068   [8]  00 8F 38 87 3F 00 00 00
 (115.857054)  can0  067   [8]  05 8E 07 00 60 07 00 00
 (115.857664)  can0  068   [8]  05 96 0A 01 76 0A 01 00
 (115.896969)  can0  067   [8]  0B 66 F3 85 BF 00 00 00
 (115.897751)  can0  068   [8]  0B 9D F2 85 3F 00 00 00
 (115.956993)  can0  067   [8]  00 E1 92 87 BF 00 00 00
 (115.957722)  can0  068   [8]  00 7C 3C 87 3F 00 00 00
 (115.976986)  can0  067   [8]  05 34 08 00 1B 08 00 00
 (115.977758)  can0  068   [8]  05 82 0C 01 92 0C 01 00
 (116.016947)  can0  067   [8]  0B 0A 07 86 BF 00 00 00
 (116.017626)  can0  068   [8]  0B 41 06 86 3F 00 00 00
 (116.036997)  can0  067   [8]  12 80 67 00 01 01 00 00
 (116.037017)  can0  067   [8]  0C 02 A1 B6 60 00 00 7E
 (116.076981)  can0  067   [8]  00 A5 BF 87 BF 00 00 00
 (116.077703)  can0  068   [8]  00 68 4B 87 3F 00 00 00
 (116.097019)  can0  067   [8]  05 B0 06 00 78 06 00 00
 (116.097664)  can0  068   [8]  05 BF 0C 01 B6 0C 01 00
 (116.097688)  can0  068   [8]  12 80 67 00 01 02 00 07
 (116.117722)  can0  068   [8]  0C 02 A1 B6 58 00 10 7E
 (116.137018)  can0  067   [8]  0B 2E 0A 86 BF 00 00 00
 (116.137746)  can0  068   [8]  0B 2E 0A 86 3F 00 00 00
 (116.157029)  can0  067   [8]  11 06 00 00 00 00 29 01
 (116.157648)  can0  068   [8]  11 06 00 00 00 00 29 06
 (116.197010)  can0  067   [8]  00 01 C2 87 BF 00 00 00
 (116.197717)  can0  068   [8]  00 9F 4A 87 3F 00 00 00
 (116.217044)  can0  067   [8]  05 D6 04 01 B7 04 01 00
 (116.217655)  can0  068   [8]  05 5C 01 01 53 01 01 00
 (116.257036)  can0  067   [8]  0B 2E 0A 86 BF 00 00 00
 (116.257713)  can0  068   [8]  0B 2E 0A 86 3F 00 00 00
 (116.317036)  can0  067   [8]  00 01 C2 87 BF 00 00 00
 (116.317689)  can0  068   [8]  00 D6 49 87 3F 00 00 00
 (116.337061)  can0  067   [8]  05 E1 04 01 D2 04 01 00
 (116.337617)  can0  068   [8]  05 51 01 01 53 01 01 00
 (116.377054)  can0  067   [8]  0B 2E 0A 86 BF 00 00 00
 (116.377615)  can0  068   [8]  0B 2E 0A 86 3F 00 00 00
 (116.437049)  can0  067   [8]  00 01 C2 87 BF 00 00 00
 (116.437658)  can0  068   [8]  00 D6 49 87 3F 00 00 00
 (116.457047)  can0  067   [8]  05 E1 04 01 D3 04 01 00
 (116.457594)  can0  068   [8]  05 46 01 01 2E 01 01 00
 (116.497004)  can0  067   [8]  0B 2E 0A 86 BF 00 00 00
 (116.497628)  can0  068   [8]  0B 2E 0A 86 3F 00 00 00
 (116.557028)  can0  067   [8]  00 93 C3 87 BF 00 00 00
 (116.557632)  can0  068   [8]  00 0D 49 87 3F 00 00 00
 (116.577011)  can0  067   [8]  05 C3 04 01 D2 04 01 00
 (116.577607)  can0  068   [8]  05 5B 01 01 5D 01 01 00
 (116.617036)  can0  067   [8]  0B 2E 0A 86 BF 00 00 00
 (116.617628)  can0  068   [8]  0B 2E 0A 86 3F 00 00 00
 (116.677020)  can0  067   [8]  00 01 C2 87 BF 00 00 00
 (116.677596)  can0  068   [8]  00 D6 49 87 3F 00 00 00
 (116.697015)  can0  067   [8]  05 CE 04 01 F8 04 01 00
 (116.697631)  can0  068   [8]  05 4F 01 01 5C 01 01 00
 (116.737022)  can0  067   [8]  0B 2E 0A 86 BF 00 00 00
 (116.737651)  can0  068   [8]  0B 2E 0A 86 3F 00 00 00
 (116.797015)  can0  067   [8]  00 01 C2 87 BF 00 00 00
 (116.797727)  can0  068   [8]  00 0D 49 87 3F 00 00 00
 (116.817023)  can0  067   [8]  05 D9 04 01 E5 04 01 00
 (116.817616)  can0  068   [8]  05 4F 01 01 2E 01 01 00
 (116.857040)  can0  067   [8]  0B 2E 0A 86 BF 00 00 00
 (116.857649)  can0  068   [8]  0B 2E 0A 86 3F 00 00 00
 (116.917002)  can0  067   [8]  00 CA C2 87 BF 00 00 00
 (116.917627)  can0  068   [8]  00 D6 49 87 3F 00 00 00
 (116.937004)  can0  067   [8]  05 CF 04 01 3F 04 01 00
 (116.937745)  can0  068   [8]  05 63 01 01 53 01 01 00
 (116.977029)  can0  067   [8]  0B 2E 0A 86 BF 00 00 00
 (116.977640)  can0  068   [8]  0B 2E 0A 86 3F 00 00 00
 (117.037077)  can0  067   [8]  00 CA C2 87 BF 00 00 00
 (117.037106)  can0  067   [8]  12 80 67 00 01 01 00 00
 (117.037109)  can0  067   [8]  0C 02 A1 9B 02 00 70 0C
 (117.037606)  can0  068   [8]  00 9F 4A 87 3F 00 00 00
 (117.057016)  can0  067   [8]  05 DB 04 01 0A 05 01 00
 (117.057740)  can0  068   [8]  05 59 01 01 25 01 01 00
 (117.097033)  can0  067   [8]  0B 2E 0A 86 BF 00 00 00
 (117.097651)  can0  068   [8]  0B 2E 0A 86 3F 00 00 00
 (117.097674)  can0  068   [8]  12 80 67 00 01 02 00 07
 (117.117700)  can0  068   [8]  0C 02 A1 B6 00 00 70 40
 (117.156931)  can0  067   [8]  00 01 C2 87 BF 00 00 00
 (117.156957)  can0  067   [8]  11 06 00 00 00 00 29 01
 (117.157637)  can0  068   [8]  00 0D 49 87 3F 00 00 00
 (117.157655)  can0  068   [8]  11 06 00 00 00 00 29 06
 (117.176992)  can0  067   [8]  05 DC 04 01 E5 04 01 00
 (117.177642)  can0  068   [8]  05 4D 01 01 53 01 01 00
 (117.217024)  can0  067   [8]  0B 2E 0A 86 BF 00 00 00
 (117.217717)  can0  068   [8]  0B 2E 0A 86 3F 00 00 00
 (117.277043)  can0  067   [8]  00 93 C3 87 BF 00 00 00
 (117.277726)  can0  068   [8]  00 0D 49 87 3F 00 00 00
 (117.297008)  can0  067   [8]  05 E6 04 01 DC 04 01 00
 (117.297643)  can0  068   [8]  05 58 01 01 5D 01 01 00
 (117.337008)  can0  067   [8]  0B 2E 0A 86 BF 00 00 00
 (117.337729)  can0  068   [8]  0B 2E 0A 86 3F 00 00 00
 (117.397010)  can0  067   [8]  00 01 C2 87 BF 00 00 00
 (117.397619)  can0  068   [8]  00 44 48 87 3F 00 00 00
 (117.417012)  can0  067   [8]  05 DD 04 01 9B 04 01 00
 (117.417744)  can0  068   [8]  05 62 01 01 5C 01 01 00
 (117.457028)  can0  067   [8]  0B 2E 0A 86 BF 00 00 00
 (117.457635)  can0  068   [8]  0B 2E 0A 86 3F 00 00 00
 (117.517035)  can0  067   [8]  00 01 C2 87 BF 00 00 00
 (117.517653)  can0  068   [8]  00 0D 49 87 3F 00 00 00
 (117.537012)  can0  067   [8]  05 D3 04 01 F8 04 01 00
 (117.537644)  can0  068   [8]  05 61 01 01 F1 01 01 00
 (117.577041)  can0  067   [8]  0B 2E 0A 86 BF 00 00 00
 (117.577659)  can0  068   [8]  0B 2E 0A 86 3F 00 00 00
 (117.637023)  can0  067   [8]  00 01 C2 87 BF 00 00 00
 (117.637723)  can0  068   [8]  00 0D 49 87 3F 00 00 00
 (117.657043)  can0  067   [8]  05 DE 04 01 C9 04 01 00
 (117.657662)  can0  068   [8]  05 57 01 01 5C 01 01 00
 (117.697023)  can0  067   [8]  0B 2E 0A 86 BF 00 00 00
 (117.697722)  can0  068   [8]  0B 2E 0A 86 3F 00 00 00
 (117.757018)  can0  067   [8]  00 93 C3 87 BF 00 00 00
 (117.757760)  can0  068   [8]  00 44 48 87 3F 00 00 00
 (117.777029)  can0  067   [8]  05 D4 04 01 E5 04 01 00
 (117.777650)  can0  068   [8]  05 56 01 01 66 01 01 00
 (117.817044)  can0  067   [8]  0B 2E 0A 86 BF 00 00 00
 (117.817663)  can0  068   [8]  0B 2E 0A 86 3F 00 00 00
 (117.877065)  can0  067   [8]  00 CA C2 87 BF 00 00 00
 (117.877619)  can0  068   [8]  00 44 48 87 3F 00 00 00
 (117.897024)  can0  067   [8]  05 E0 04 01 9B 04 01 00
 (117.897651)  can0  068   [8]  05 60 01 01 6F 01 01 00
 (117.936969)  can0  067   [8]  0B 2E 0A 86 BF 00 00 00
 (117.937709)  can0  068   [8]  0B 2E 0A 86 3F 00 00 00
 (117.997044)  can0  067   [8]  00 93 C3 87 BF 00 00 00
 (117.997653)  can0  068   [8]  00 44 48 87 3F 00 00 00
 (118.017029)  can0  067   [8]  05 EA 04 01 01 05 01 00
 (118.017623)  can0  068   [8]  05 55 01 01 5C 01 01 00
 (118.037044)  can0  067   [8]  12 80 67 00 01 01 00 00
 (118.037068)  can0  067   [8]  0C 02 A1 9B 00 00 70 08
 (118.057027)  can0  067   [8]  0B 2E 0A 86 BF 00 00 00
 (118.057584)  can0  068   [8]  0B 2E 0A 86 3F 00 00 00
 (118.097787)  can0  068   [8]  12 80 67 00 01 02 00 07
 (118.117018)  can0  067   [8]  00 38 C1 87 BF 00 00 00
 (118.117627)  can0  068   [8]  00 0D 49 87 3F 00 00 00
 (118.117652)  can0  068   [8]  0C 02 A1 B6 00 00 60 40
 (118.136979)  can0  067   [8]  05 E1 04 01 0A 05 01 00
 (118.137642)  can0  068   [8]  05 5F 01 01 5C 01 01 00
 (118.157017)  can0  067   [8]  11 06 00 00 00 00 29 01
 (118.157628)  can0  068   [8]  11 06 00 00 00 00 29 06
 (118.176999)  can0  067   [8]  0B 2E 0A 86 BF 00 00 00
 (118.177637)  can0  068   [8]  0B 2E 0A 86 3F 00 00 00
 (118.237024)  can0  067   [8]  00 93 C3 87 BF 00 00 00
 (118.237719)  can0  068   [8]  00 44 48 87 3F 00 00 00
 (118.256876)  can0  067   [8]  05 E2 04 01 92 04 01 00
 (118.257696)  can0  068   [8]  05 5E 01 01 6F 01 01 00
 (118.297004)  can0  067   [8]  0B 2E 0A 86 BF 00 00 00
 (118.297719)  can0  068   [8]  0B 2E 0A 86 3F 00 00 00
 (118.357011)  can0  067   [8]  00 5C C4 87 BF 00 00 00
 (118.357766)  can0  068   [8]  00 44 48 87 3F 00 00 00
 (118.377059)  can0  067   [8]  05 F6 04 01 44 06 01 00
 (118.377640)  can0  068   [8]  05 5E 01 01 38 01 01 00
 (118.417014)  can0  067   [8]  0B 2E 0A 86 BF 00 00 00
 (118.417715)  can0  068   [8]  0B 2E 0A 86 3F 00 00 00
 (118.476995)  can0  067   [8]  00 5C C4 87 BF 00 00 00
 (118.477708)  can0  068   [8]  00 44 48 87 3F 00 00 00
 (118.496996)  can0  067   [8]  05 ED 04 01 1C 05 01 00
 (118.497710)  can0  068   [8]  05 5D 01 01 53 01 01 00
 (118.537034)  can0  067   [8]  0B 2E 0A 86 BF 00 00 00
 (118.537652)  can0  068   [8]  0B 2E 0A 86 3F 00 00 00
 (118.597027)  can0  067   [8]  00 93 C3 87 BF 00 00 00
 (118.597717)  can0  068   [8]  00 0D 49 87 3F 00 00 00
 (118.617029)  can0  067   [8]  05 EE 04 01 0A 05 01 00
 (118.617664)  can0  068   [8]  05 5D 01 01 5C 01 01 00
 (118.657025)  can0  067   [8]  0B 2E 0A 86 BF 00 00 00
 (118.657636)  can0  068   [8]  0B 2E 0A 86 3F 00 00 00
 (118.717025)  can0  067   [8]  00 CA C2 87 BF 00 00 00
 (118.717638)  can0  068   [8]  00 0D 49 87 3F 00 00 00
 (118.737009)  can0  067   [8]  05 F8 04 01 13 05 01 00
 (118.737742)  can0  068   [8]  05 52 01 01 38 01 01 00
 (118.777013)  can0  067   [8]  0B 2E 0A 86 BF 00 00 00
 (118.777738)  can0  068   [8]  0B 2E 0A 86 3F 00 00 00
 (118.836998)  can0  067   [8]  00 93 C3 87 BF 00 00 00
 (118.837733)  can0  068   [8]  00 44 48 87 3F 00 00 00
 (118.856984)  can0  067   [8]  05 E5 04 01 E5 04 01 00
 (118.857737)  can0  068   [8]  05 5C 01 01 53 01 01 00
 (118.897030)  can0  067   [8]  0B 2E 0A 86 BF 00 00 00
 (118.897652)  can0  068   [8]  0B 2E 0A 86 3F 00 00 00
 (118.957034)  can0  067   [8]  00 93 C3 87 BF 00 00 00
 (118.957654)  can0  068   [8]  00 44 48 87 3F 00 00 00
 (118.977023)  can0  067   [8]  05 E6 04 01 E5 04 01 00
 (118.977660)  can0  068   [8]  05 65 01 01 6F 01 01 00
 (119.017044)  can0  067   [8]  0B 2E 0A 86 BF 00 00 00
 (119.017645)  can0  068   [8]  0B 2E 0A 86 3F 00 00 00
 (119.037026)  can0  067   [8]  12 80 67 00 01 01 00 00
 (119.037046)  can0  067   [8]  0C 02 A1 9B 00 00 70 08
 (119.077022)  can0  067   [8]  00 93 C3 87 BF 00 00 00
 (119.077591)  can0  068   [8]  00 44 48 87 3F 00 00 00
 (119.096975)  can0  067   [8]  05 E6 04 01 26 05 01 00
 (119.097658)  can0  068   [8]  05 5B 01 01 65 01 01 00
 (119.097677)  can0  068   [8]  12 80 67 00 01 02 00 07
 (119.117728)  can0  068   [8]  0C 02 A1 B6 00 00 70 40
 (119.136984)  can0  067   [8]  0B 2E 0A 86 BF 00 00 00
 (119.137717)  can0  068   [8]  0B 2E 0A 86 3F 00 00 00
 (119.156946)  can0  067   [8]  11 06 00 00 00 00 29 01
 (119.157666)  can0  068   [8]  11 06 00 00 00 00 29 06
 (119.196930)  can0  067   [8]  00 CA C2 87 BF 00 00 00
 (119.197664)  can0  068   [8]  00 44 48 87 3F 00 00 00
 (119.216880)  can0  067   [8]  05 F1 04 01 D3 04 01 00
 (119.217628)  can0  068   [8]  05 64 01 01 94 01 01 00
 (119.256977)  can0  067   [8]  0B 2E 0A 86 BF 00 00 00
 (119.257733)  can0  068   [8]  0B 2E 0A 86 3F 00 00 00
 (119.317018)  can0  067   [8]  00 93 C3 87 BF 00 00 00
 (119.317709)  can0  068   [8]  00 44 48 87 3F 00 00 00
 (119.336942)  can0  067   [8]  05 F2 04 01 1C 05 01 00
 (119.337586)  can0  068   [8]  05 64 01 01 66 01 01 00
 (119.376994)  can0  067   [8]  0B 2E 0A 86 BF 00 00 00
 (119.377684)  can0  068   [8]  0B 2E 0A 86 3F 00 00 00
 (119.437010)  can0  067   [8]  00 93 C3 87 BF 00 00 00
 (119.437596)  can0  068   [8]  00 44 48 87 3F 00 00 00
 (119.456988)  can0  067   [8]  05 E8 04 01 D2 04 01 00
 (119.457614)  can0  068   [8]  05 4F 01 01 4A 01 01 00
 (119.497008)  can0  067   [8]  0B 2E 0A 86 BF 00 00 00
 (119.497638)  can0  068   [8]  0B 2E 0A 86 3F 00 00 00
 (119.557012)  can0  067   [8]  00 CA C2 87 BF 00 00 00
 (119.557596)  can0  068   [8]  00 0D 49 87 3F 00 00 00
 (119.576985)  can0  067   [8]  05 F3 04 01 C0 04 01 00
 (119.577640)  can0  068   [8]  05 59 01 01 5C 01 01 00
 (119.617042)  can0  067   [8]  0B 2E 0A 86 BF 00 00 00
 (119.617626)  can0  068   [8]  0B 2E 0A 86 3F 00 00 00
 (119.677039)  can0  067   [8]  00 CA C2 87 BF 00 00 00
 (119.677656)  can0  068   [8]  00 44 48 87 3F 00 00 00
 (119.697031)  can0  067   [8]  05 DF 04 01 C0 04 01 00
 (119.697683)  can0  068   [8]  05 4E 01 01 53 01 01 00
 (119.737027)  can0  067   [8]  0B 2E 0A 86 BF 00 00 00
 (119.737629)  can0  068   [8]  0B 2E 0A 86 3F 00 00 00
 (119.796960)  can0  067   [8]  00 CA C2 87 BF 00 00 00
 (119.797705)  can0  068   [8]  00 0D 49 87 3F 00 00 00
 (119.816972)  can0  067   [8]  05 F4 04 01 42 05 01 00
 (119.817740)  can0  068   [8]  05 58 01 01 F7 00 01 00
 (119.856993)  can0  067   [8]  0B 2E 0A 86 BF 00 00 00
 (119.857627)  can0  068   [8]  0B 2E 0A 86 3F 00 00 00
 (119.916986)  can0  067   [8]  00 01 C2 87 BF 00 00 00
 (119.917553)  can0  068   [8]  00 0D 49 87 3F 00 00 00
 (119.936956)  can0  067   [8]  05 F5 04 01 F8 04 01 00
 (119.937609)  can0  068   [8]  05 61 01 01 53 01 01 00
 (119.976918)  can0  067   [8]  0B 2E 0A 86 BF 00 00 00
 (119.977699)  can0  068   [8]  0B 2E 0A 86 3F 00 00 00
 (120.036986)  can0  067   [8]  00 CA C2 87 BF 00 00 00
 (120.037004)  can0  067   [8]  12 80 67 00 01 01 00 00
 (120.037005)  can0  067   [8]  0C 02 A1 9B 00 00 80 08
 (120.037701)  can0  068   [8]  00 44 48 87 3F 00 00 00
 (120.057003)  can0  067   [8]  05 EC 04 01 F8 04 01 00
 (120.057703)  can0  068   [8]  05 57 01 01 53 01 01 00
 (120.097021)  can0  067   [8]  0B 2E 0A 86 BF 00 00 00
 (120.097624)  can0  068   [8]  0B 2E 0A 86 3F 00 00 00
 (120.097645)  can0  068   [8]  12 80 67 00 01 02 00 07
 (120.117727)  can0  068   [8]  0C 02 A1 B6 00 00 70 40
 (120.154167)  can0  064   [8]  67 01 35 FA 8E BC 07 00
 (120.156336)  can0  064   [8]  68 01 35 FA 8E 3C 07 00
 (120.156864)  can0  067   [8]  00 01 C2 87 BF 00 00 00
 (120.156881)  can0  067   [8]  11 06 00 00 00 00 09 01
 (120.157620)  can0  068   [8]  00 44 48 87 3F 00 00 00
 (120.157638)  can0  068   [8]  11 06 00 00 00 00 09 06
 (120.176911)  can0  067   [8]  05 CA 0B 00 88 0C 00 00
 (120.177642)  can0  068   [8]  05 7F 0C 01 70 0C 01 00
 (120.216990)  can0  067   [8]  0B 01 C2 87 BF 00 00 00
 (120.217689)  can0  068   [8]  0B 44 48 87 3F 00 00 00
 (120.276999)  can0  067   [8]  00 FE D7 87 BF 00 00 00
 (120.277652)  can0  068   [8]  00 E8 50 87 3F 00 00 00
 (120.297030)  can0  067   [8]  05 CB 03 00 B2 03 00 00
 (120.297629)  can0  068   [8]  05 8C 04 01 89 04 01 00
 (120.337001)  can0  067   [8]  0B 81 BC 87 BF 00 00 00
 (120.337618)  can0  068   [8]  0B C5 42 87 3F 00 00 00
 (120.397034)  can0  067   [8]  00 FE D7 87 BF 00 00 00
 (120.397683)  can0  068   [8]  00 B1 51 87 3F 00 00 00
 (120.416989)  can0  067   [8]  05 B0 02 00 D3 02 00 00
 (120.417713)  can0  068   [8]  05 7D 03 01 83 03 01 00
 (120.457005)  can0  067   [8]  0B 83 A6 87 BF 00 00 00
 (120.457621)  can0  068   [8]  0B 90 2D 87 3F 00 00 00
 (120.517023)  can0  067   [8]  00 FE D7 87 BF 00 00 00
 (120.517620)  can0  068   [8]  00 B1 51 87 3F 00 00 00
 (120.536996)  can0  067   [8]  05 74 00 00 96 00 00 00
 (120.537711)  can0  068   [8]  05 22 01 01 EA 00 01 00
 (120.577021)  can0  067   [8]  0B 9B 76 87 BF 00 00 00
 (120.577718)  can0  068   [8]  0B 70 FE 86 3F 00 00 00
 (120.636996)  can0  067   [8]  00 FE D7 87 BF 00 00 00
 (120.637625)  can0  068   [8]  00 B1 51 87 3F 00 00 00
 (120.656995)  can0  067   [8]  05 77 03 01 7E 03 01 00
 (120.657741)  can0  068   [8]  05 A0 02 00 97 02 00 00
 (120.696970)  can0  067   [8]  0B 91 22 87 BF 00 00 00
 (120.697716)  can0  068   [8]  0B 67 AA 86 3F 00 00 00
 (120.756938)  can0  067   [8]  00 FE D7 87 BF 00 00 00
 (120.757710)  can0  068   [8]  00 56 4F 87 3F 00 00 00
 (120.776945)  can0  067   [8]  05 91 09 01 7B 09 01 00
 (120.777708)  can0  068   [8]  05 74 08 00 41 08 00 00
 (120.816955)  can0  067   [8]  0B 9F 9E 86 BF 00 00 00
 (120.817636)  can0  068   [8]  0B 06 28 86 3F 00 00 00
 (120.876958)  can0  067   [8]  00 49 C8 87 BF 00 00 00
 (120.877663)  can0  068   [8]  00 8D 4E 87 3F 00 00 00
 (120.896950)  can0  067   [8]  05 7F 11 01 59 11 01 00
 (120.897677)  can0  068   [8]  05 94 10 00 49 0F 00 00
 (120.936941)  can0  067   [8]  0B 56 E1 85 BF 00 00 00
 (120.937706)  can0  068   [8]  0B 86 6B 85 3F 00 00 00
 (120.997021)  can0  067   [8]  00 B4 30 87 BF 00 00 00
 (120.997681)  can0  068   [8]  00 40 11 86 3F 00 00 00
 (121.016980)  can0  067   [8]  05 58 11 01 53 0E 01 00
 (121.017722)  can0  068   [8]  05 9F 0A 00 F9 09 00 00
 (121.036936)  can0  067   [8]  12 80 67 00 01 01 00 00
 (121.036954)  can0  067   [8]  0C 02 A1 89 13 00 50 7E
 (121.056998)  can0  067   [8]  0B F0 DE 84 BF 00 00 00
 (121.057669)  can0  068   [8]  0B D7 6D 84 3F 00 00 00
 (121.097709)  can0  068   [8]  12 80 67 00 01 02 00 07
 (121.116966)  can0  067   [8]  00 CC 92 85 BF 00 00 00
 (121.117688)  can0  068   [8]  00 9D 8F 84 3F 00 00 00
 (121.117707)  can0  068   [8]  0C 02 A1 92 27 00 50 7E
 (121.136972)  can0  067   [8]  05 C6 0C 01 51 0C 01 00
 (121.137630)  can0  068   [8]  05 F9 05 00 DD 05 00 00
 (121.156973)  can0  067   [8]  11 06 00 00 00 00 09 01
 (121.157684)  can0  068   [8]  11 06 00 00 00 00 09 06
 (121.176970)  can0  067   [8]  0B B6 9D 83 BF 00 00 00
 (121.177684)  can0  068   [8]  0B 9D 2C 83 3F 00 00 00
 (121.236966)  can0  067   [8]  00 92 46 84 BF 00 00 00
 (121.237675)  can0  068   [8]  00 F3 65 83 3F 00 00 00
 (121.256944)  can0  067   [8]  05 82 0D 01 EF 0D 01 00
 (121.257671)  can0  068   [8]  05 11 08 00 D2 07 00 00
 (121.297022)  can0  067   [8]  0B 95 16 82 BF 00 00 00
 (121.297634)  can0  068   [8]  0B 0D A7 81 3F 00 00 00
 (121.356982)  can0  067   [8]  00 80 E7 82 BF 00 00 00
 (121.357697)  can0  068   [8]  00 7F 3B 82 3F 00 00 00
 (121.376969)  can0  067   [8]  05 53 12 01 40 12 01 00
 (121.377685)  can0  068   [8]  05 DE 0E 00 EC 0E 00 00
 (121.416986)  can0  067   [8]  0B 1F 4B 80 BF 00 00 00
 (121.417683)  can0  068   [8]  0B 79 BD 7F 3F 00 00 00
 (121.476832)  can0  067   [8]  00 2E 1F 81 BF 00 00 00
 (121.477579)  can0  068   [8]  00 DA 23 80 3F 00 00 00
 (121.496964)  can0  067   [8]  05 F4 10 01 9C 10 01 00
 (121.497663)  can0  068   [8]  05 88 08 00 57 08 00 00
 (121.536942)  can0  067   [8]  0B 3C 78 7C BF 00 00 00
 (121.537705)  can0  068   [8]  0B BF A5 7B 3F 00 00 00
 (121.596947)  can0  067   [8]  00 93 52 7D BF 00 00 00
 (121.597731)  can0  068   [8]  00 51 A7 7B 3F 00 00 00
 (121.616990)  can0  067   [8]  05 EA 10 01 07 10 01 00
 (121.617704)  can0  068   [8]  05 F5 0B 00 1A 0C 00 00
 (121.657027)  can0  067   [8]  0B 23 D3 77 BF 00 00 00
 (121.657666)  can0  068   [8]  0B 5D 05 77 3F 00 00 00
 (121.716982)  can0  067   [8]  00 80 D9 79 BF 00 00 00
 (121.717737)  can0  068   [8]  00 46 E1 77 3F 00 00 00
 (121.737024)  can0  067   [8]  05 AA 16 01 36 16 01 00
 (121.737624)  can0  068   [8]  05 8B 0E 00 C0 0D 00 00
 (121.777000)  can0  067   [8]  0B F4 A6 72 BF 00 00 00
 (121.777641)  can0  068   [8]  0B 75 DF 71 3F 00 00 00
 (121.836988)  can0  067   [8]  00 85 B3 72 BF 00 00 00
 (121.837698)  can0  068   [8]  00 88 24 71 3F 00 00 00
 (121.856985)  can0  067   [8]  05 9F 0E 01 F4 0D 01 00
 (121.857692)  can0  068   [8]  05 31 0A 00 0D 0A 00 00
 (121.896985)  can0  067   [8]  0B AB FE 6C BF 00 00 00
 (121.897699)  can0  068   [8]  0B 76 3D 6C 3F 00 00 00
 (121.957028)  can0  067   [8]  00 BC 2A 6F BF 00 00 00
 (121.957617)  can0  068   [8]  00 CA 38 6D 3F 00 00 00
 (121.976956)  can0  067   [8]  05 42 17 01 A1 16 01 00
 (121.977735)  can0  068   [8]  05 FF 0D 00 86 0D 00 00
 (122.016963)  can0  067   [8]  0B B8 EE 66 BF 00 00 00
 (122.017679)  can0  068   [8]  0B 5D 35 66 3F 00 00 00
 (122.036907)  can0  067   [8]  12 80 67 00 01 01 00 00
 (122.036933)  can0  067   [8]  0C 02 A1 89 D2 00 00 7E
 (122.076958)  can0  067   [8]  00 A7 93 67 BF 00 00 00
 (122.077692)  can0  068   [8]  00 CE 1D 66 3F 00 00 00
 (122.096980)  can0  067   [8]  05 08 14 01 24 13 01 00
 (122.097701)  can0  068   [8]  05 06 0F 00 8C 0E 00 00
 (122.097722)  can0  068   [8]  12 80 67 00 01 02 00 07
 (122.117709)  can0  068   [8]  0C 02 A1 89 D4 00 00 7E
 (122.136935)  can0  067   [8]  0B 15 8D 60 BF 00 00 00
 (122.137699)  can0  068   [8]  0B 03 DA 5F 3F 00 00 00
 (122.156942)  can0  067   [8]  11 06 00 00 00 00 09 01
 (122.157696)  can0  068   [8]  11 06 00 00 00 00 09 06
 (122.196933)  can0  067   [8]  00 1C AE 61 BF 00 00 00
 (122.197694)  can0  068   [8]  00 E7 89 5F 3F 00 00 00
 (122.216937)  can0  067   [8]  05 B9 09 01 2F 09 01 00
 (122.217606)  can0  068   [8]  05 FA 02 00 73 03 00 00
 (122.256964)  can0  067   [8]  0B 30 EE 59 BF 00 00 00
 (122.257654)  can0  068   [8]  0B 66 41 59 3F 00 00 00
 (122.316942)  can0  067   [8]  00 8C FF 5B BF 00 00 00
 (122.317614)  can0  068   [8]  00 E2 1E 5A 3F 00 00 00
 (122.336976)  can0  067   [8]  05 7F 19 01 B3 19 01 00
 (122.337718)  can0  068   [8]  05 32 11 00 FA 10 00 00
 (122.376973)  can0  067   [8]  0B 51 18 53 BF 00 00 00
 (122.377711)  can0  068   [8]  0B CF 71 52 3F 00 00 00
 (122.436969)  can0  067   [8]  00 DA 71 53 BF 00 00 00
 (122.437673)  can0  068   [8]  00 4B E1 51 3F 00 00 00
 (122.456973)  can0  067   [8]  05 06 10 01 82 0F 01 00
 (122.457598)  can0  068   [8]  05 2B 09 00 F0 08 00 00
 (122.496961)  can0  067   [8]  0B DD 4B 4C BF 00 00 00
 (122.497698)  can0  068   [8]  0B A5 AB 4B 3F 00 00 00
 (122.556963)  can0  067   [8]  00 44 EF 4D BF 00 00 00
 (122.557706)  can0  068   [8]  00 A5 AB 4B 3F 00 00 00
 (122.576964)  can0  067   [8]  05 B8 0B 01 32 0C 01 00
 (122.577672)  can0  068   [8]  05 1F 03 00 2C 03 00 00
 (122.616975)  can0  067   [8]  0B 23 6E 45 BF 00 00 00
 (122.617696)  can0  068   [8]  0B 33 D4 44 3F 00 00 00
 (122.676913)  can0  067   [8]  00 0D AD 47 BF 00 00 00
 (122.677678)  can0  068   [8]  00 F8 AC 45 3F 00 00 00
 (122.696990)  can0  067   [8]  05 80 18 01 2E 18 01 00
 (122.697690)  can0  068   [8]  05 5C 0E 00 F6 0D 00 00
 (122.736931)  can0  067   [8]  0B 69 90 3E BF 00 00 00
 (122.737584)  can0  068   [8]  0B C0 FC 3D 3F 00 00 00
 (122.796950)  can0  067   [8]  00 A1 3B 3F BF 00 00 00
 (122.797587)  can0  068   [8]  00 82 93 3D 3F 00 00 00
 (122.816937)  can0  067   [8]  05 84 10 01 BB 0F 01 00
 (122.817686)  can0  068   [8]  05 AF 08 00 73 08 00 00
 (122.856939)  can0  067   [8]  0B 1C B1 37 BF 00 00 00
 (122.857699)  can0  068   [8]  0B 4F 25 37 3F 00 00 00
 (122.916966)  can0  067   [8]  00 64 25 39 BF 00 00 00
 (122.917694)  can0  068   [8]  00 7A E6 36 3F 00 00 00
 (122.936945)  can0  067   [8]  05 46 09 01 97 09 01 00
 (122.937711)  can0  068   [8]  05 4D 00 00 55 00 00 00
 (122.976943)  can0  067   [8]  0B 62 D3 30 BF 00 00 00
 (122.977702)  can0  068   [8]  0B 4B 4C 30 3F 00 00 00
 (123.037007)  can0  067   [8]  00 8E 5A 33 BF 00 00 00
 (123.037023)  can0  067   [8]  12 80 67 00 01 01 00 00
 (123.037024)  can0  067   [8]  0C 02 A1 AD FF 00 00 7E
 (123.037663)  can0  068   [8]  00 7C 39 31 3F 00 00 00
 (123.056962)  can0  067   [8]  05 F4 17 01 1E 17 01 00
 (123.057587)  can0  068   [8]  05 74 0C 00 BF 0B 00 00
 (123.096998)  can0  067   [8]  0B A7 F5 29 BF 00 00 00
 (123.097613)  can0  068   [8]  0B D9 74 29 3F 00 00 00
 (123.097637)  can0  068   [8]  12 80 67 00 01 02 00 07
 (123.117729)  can0  068   [8]  0C 02 A1 9B FF 00 00 7E
 (123.156877)  can0  067   [8]  00 FB FB 2A BF 00 00 00
 (123.156896)  can0  067   [8]  11 06 00 00 00 00 09 01
 (123.157571)  can0  068   [8]  00 DD 48 29 3F 00 00 00
 (123.157583)  can0  068   [8]  11 06 00 00 00 00 09 06
 (123.176921)  can0  067   [8]  05 D5 10 01 6B 10 01 00
 (123.177585)  can0  068   [8]  05 26 08 00 85 07 00 00
 (123.216922)  can0  067   [8]  0B ED 17 23 BF 00 00 00
 (123.217680)  can0  068   [8]  0B 68 9D 22 3F 00 00 00
 (123.276933)  can0  067   [8]  00 AB 3D 24 BF 00 00 00
 (123.277622)  can0  068   [8]  00 06 26 22 3F 00 00 00
 (123.296920)  can0  067   [8]  05 20 07 01 64 07 01 00
 (123.297706)  can0  068   [8]  05 D4 01 01 25 01 01 00
 (123.336942)  can0  067   [8]  0B 33 3A 1C BF 00 00 00
 (123.337711)  can0  068   [8]  0B F6 C5 1B 3F 00 00 00
 (123.396952)  can0  067   [8]  00 35 F5 1E BF 00 00 00
 (123.397730)  can0  068   [8]  00 24 C9 1C 3F 00 00 00
 (123.416941)  can0  067   [8]  05 70 16 01 E0 15 01 00
 (123.417661)  can0  068   [8]  05 71 0A 00 F6 09 00 00
 (123.456928)  can0  067   [8]  0B 78 5C 15 BF 00 00 00
 (123.457678)  can0  068   [8]  0B 84 EE 14 3F 00 00 00
 (123.516943)  can0  067   [8]  00 56 B1 16 BF 00 00 00
 (123.517654)  can0  068   [8]  00 5E F6 14 3F 00 00 00
 (123.536933)  can0  067   [8]  05 E3 10 01 4B 10 01 00
 (123.537659)  can0  068   [8]  05 13 07 00 88 06 00 00
 (123.576926)  can0  067   [8]  0B BF 7E 0E BF 00 00 00
 (123.577662)  can0  068   [8]  0B 12 17 0E 3F 00 00 00
 (123.636936)  can0  067   [8]  00 CC 5D 0F BF 00 00 00
 (123.637678)  can0  068   [8]  00 93 5A 0D 3F 00 00 00
 (123.656956)  can0  067   [8]  05 30 06 01 13 06 01 00
 (123.657721)  can0  068   [8]  05 98 02 01 C0 02 01 00
 (123.696963)  can0  067   [8]  0B 4F 91 07 BF 00 00 00
 (123.697704)  can0  068   [8]  0B EB 2F 07 3F 00 00 00
 (123.756959)  can0  067   [8]  00 28 75 0A BF 00 00 00
 (123.757648)  can0  068   [8]  00 18 3E 08 3F 00 00 00
 (123.776935)  can0  067   [8]  05 84 14 01 E3 13 01 00
 (123.777604)  can0  068   [8]  05 C0 07 00 32 07 00 00
 (123.816952)  can0  067   [8]  0B B7 C1 00 BF 00 00 00
 (123.817710)  can0  068   [8]  0B 9C 66 00 3F 00 00 00
 (123.876973)  can0  067   [8]  00 B2 66 02 BF 00 00 00
 (123.877706)  can0  068   [8]  00 27 AA 00 3F 00 00 00
 (123.896968)  can0  067   [8]  05 5D 11 01 44 10 01 00
 (123.897639)  can0  068   [8]  05 C8 06 00 B7 06 00 00
 (123.936976)  can0  067   [8]  0B FA C7 F3 BE 00 00 00
 (123.937582)  can0  068   [8]  0B 55 1E F3 3E 00 00 00
 (123.996962)  can0  067   [8]  00 6C 08 F5 BE 00 00 00
 (123.997620)  can0  068   [8]  00 F5 2D F1 3E 00 00 00
 (124.016949)  can0  067   [8]  05 AD 05 01 D1 05 01 00
 (124.017595)  can0  068   [8]  05 AD 03 01 BB 02 01 00
 (124.036949)  can0  067   [8]  12 80 67 00 01 01 00 00
 (124.036968)  can0  067   [8]  0C 02 A1 B6 FF 00 00 7E
 (124.056942)  can0  067   [8]  0B 86 0C E6 BE 00 00 00
 (124.057654)  can0  068   [8]  0B 71 6F E5 3E 00 00 00
 (124.097685)  can0  068   [8]  12 80 67 00 01 02 00 07
 (124.116941)  can0  067   [8]  00 ED E3 EB BE 00 00 00
 (124.117697)  can0  068   [8]  00 D1 5F E7 3E 00 00 00
 (124.117716)  can0  068   [8]  0C 02 A1 B6 FF 00 00 7E
 (124.136952)  can0  067   [8]  05 E8 12 01 2F 12 01 00
 (124.137661)  can0  068   [8]  05 6A 05 00 40 05 00 00
 (124.156946)  can0  067   [8]  11 06 00 00 00 00 09 01
 (124.157700)  can0  068   [8]  11 06 00 00 00 00 09 06
 (124.176924)  can0  067   [8]  0B 11 51 D8 BE 00 00 00
 (124.177668)  can0  068   [8]  0B 8E C0 D7 3E 00 00 00
 (124.236936)  can0  067   [8]  00 88 2B DC BE 00 00 00
 (124.237694)  can0  068   [8]  00 59 57 D8 3E 00 00 00
 (124.256931)  can0  067   [8]  05 EA 11 01 71 10 01 00
 (124.257680)  can0  068   [8]  05 0D 06 00 E4 05 00 00
 (124.296937)  can0  067   [8]  0B 9D 95 CA BE 00 00 00
 (124.297681)  can0  068   [8]  0B AA 11 CA 3E 00 00 00
 (124.356957)  can0  067   [8]  00 C8 B9 CB BE 00 00 00
 (124.357698)  can0  068   [8]  00 2F C6 C7 3E 00 00 00
 (124.376981)  can0  067   [8]  05 31 06 01 97 05 01 00
 (124.377629)  can0  068   [8]  05 EE 03 01 43 04 01 00
 (124.416967)  can0  067   [8]  0B 27 DA BC BE 00 00 00
 (124.417722)  can0  068   [8]  0B C6 62 BC 3E 00 00 00
 (124.476961)  can0  067   [8]  00 8D C7 C2 BE 00 00 00
 (124.477675)  can0  068   [8]  00 09 0E BE 3E 00 00 00
 (124.496928)  can0  067   [8]  05 2A 10 01 30 10 01 00
 (124.497696)  can0  068   [8]  05 44 02 00 31 01 00 00
 (124.536910)  can0  067   [8]  0B B3 1E AF BE 00 00 00
 (124.537708)  can0  068   [8]  0B BF B0 AE 3E 00 00 00
 (124.596906)  can0  067   [8]  00 43 6A B3 BE 00 00 00
 (124.597695)  can0  068   [8]  00 D1 63 AF 3E 00 00 00
 (124.616924)  can0  067   [8]  05 3C 12 01 3D 12 01 00
 (124.617699)  can0  068   [8]  05 72 05 00 AE 04 00 00
 (124.656944)  can0  067   [8]  0B 1A 60 A1 BE 00 00 00
 (124.657593)  can0  068   [8]  0B DA 01 A1 3E 00 00 00
 (124.716957)  can0  067   [8]  00 00 68 A2 BE 00 00 00
 (124.717702)  can0  068   [8]  00 CD BF 9E 3E 00 00 00
 (124.736938)  can0  067   [8]  05 54 06 01 4A 06 01 00
 (124.737560)  can0  068   [8]  05 0E 04 01 56 04 01 00
 (124.776933)  can0  067   [8]  0B A6 A4 93 BE 00 00 00
 (124.777692)  can0  068   [8]  0B F7 52 93 3E 00 00 00
 (124.836930)  can0  067   [8]  00 7C 6F 99 BE 00 00 00
 (124.837684)  can0  068   [8]  00 66 A9 94 3E 00 00 00
 (124.856953)  can0  067   [8]  05 83 0C 01 51 0C 01 00
 (124.857723)  can0  068   [8]  05 15 01 01 BD 01 01 00
 (124.896918)  can0  067   [8]  0B 55 EC 85 BE 00 00 00
 (124.897589)  can0  068   [8]  0B 13 A4 85 3E 00 00 00
 (124.956920)  can0  067   [8]  00 44 C5 8A BE 00 00 00
 (124.957592)  can0  068   [8]  00 FB 95 86 3E 00 00 00
 (124.976907)  can0  067   [8]  05 98 11 01 33 10 01 00
 (124.977633)  can0  068   [8]  05 B7 04 00 B3 03 00 00
 (125.016952)  can0  067   [8]  0B 78 5B 70 BE 00 00 00
 (125.017720)  can0  068   [8]  0B 5F EA 6F 3E 00 00 00
 (125.036945)  can0  067   [8]  12 80 67 00 01 01 00 00
 (125.036966)  can0  067   [8]  0C 02 A1 A4 FF 00 00 7E
 (125.076959)  can0  067   [8]  00 DF 6C 73 BE 00 00 00
 (125.077614)  can0  068   [8]  00 DF 67 6C 3E 00 00 00
 (125.096932)  can0  067   [8]  05 5D 06 01 13 06 01 00
 (125.097680)  can0  068   [8]  05 A0 04 01 C8 02 01 00
 (125.097705)  can0  068   [8]  12 80 67 00 01 02 00 07
 (125.117689)  can0  068   [8]  0C 02 A1 B6 FF 00 00 7E
 (125.136944)  can0  067   [8]  0B E3 DF 55 BE 00 00 00
 (125.137689)  can0  068   [8]  0B A3 81 55 3E 00 00 00
 (125.156937)  can0  067   [8]  11 06 00 00 00 00 09 01
 (125.157697)  can0  068   [8]  11 06 00 00 00 00 09 06
 (125.196901)  can0  067   [8]  00 0F 32 62 BE 00 00 00
 (125.197698)  can0  068   [8]  00 E8 79 58 3E 00 00 00
 (125.216905)  can0  067   [8]  05 AC 0A 01 7E 0A 01 00
 (125.217688)  can0  068   [8]  05 B9 03 01 3D 04 01 00
 (125.256937)  can0  067   [8]  0B 62 01 3C BE 00 00 00
 (125.257640)  can0  068   [8]  0B 45 BC 3B 3E 00 00 00
 (125.316923)  can0  067   [8]  00 BB 9B 46 BE 00 00 00
 (125.317703)  can0  068   [8]  00 6C 6F 3E 3E 00 00 00
 (125.336954)  can0  067   [8]  05 C1 0F 01 A9 0F 01 00
 (125.337603)  can0  068   [8]  05 30 02 00 A7 00 00 00
 (125.376950)  can0  067   [8]  0B C2 56 23 BE 00 00 00
 (125.377654)  can0  068   [8]  0B 36 1E 23 3E 00 00 00
 (125.436973)  can0  067   [8]  00 86 0B 27 BE 00 00 00
 (125.437670)  can0  068   [8]  00 08 4A 1F 3E 00 00 00
 (125.456960)  can0  067   [8]  05 46 00 01 12 00 00 00
 (125.457657)  can0  068   [8]  05 F8 0A 01 1F 0B 01 00
 (125.496909)  can0  067   [8]  0B 69 2B 0C BE 00 00 00
 (125.497660)  can0  068   [8]  0B B6 05 0C 3E 00 00 00
 (125.556922)  can0  067   [8]  00 9A 17 1B BE 00 00 00
 (125.557667)  can0  068   [8]  00 5D 3B 12 3E 00 00 00
 (125.576911)  can0  067   [8]  05 99 0F 01 4B 0F 01 00
 (125.577666)  can0  068   [8]  05 FD 00 00 3F 00 00 00
 (125.616970)  can0  067   [8]  0B 99 AE ED BD 00 00 00
 (125.617585)  can0  068   [8]  0B 55 7C ED 3D 00 00 00
 (125.676963)  can0  067   [8]  00 58 94 F8 BD 00 00 00
 (125.677656)  can0  068   [8]  00 74 82 E9 3D 00 00 00
 (125.696955)  can0  067   [8]  05 97 02 01 4E 01 01 00
 (125.697697)  can0  068   [8]  05 D9 08 01 54 09 01 00
 (125.736919)  can0  067   [8]  0B 87 32 C7 BD 00 00 00
 (125.737674)  can0  068   [8]  0B 65 19 C7 3D 00 00 00
 (125.796939)  can0  067   [8]  00 E8 83 E6 BD 00 00 00
 (125.797667)  can0  068   [8]  00 DC BE D4 3D 00 00 00
 (125.816917)  can0  067   [8]  05 00 0C 01 95 0B 01 00
 (125.817668)  can0  068   [8]  05 22 02 01 54 02 01 00
 (125.856922)  can0  067   [8]  0B 2B EF A4 BD 00 00 00
 (125.857676)  can0  068   [8]  0B 9A E2 A4 3D 00 00 00
 (125.916950)  can0  067   [8]  00 D5 FD B1 BD 00 00 00
 (125.917664)  can0  068   [8]  00 9D F0 A1 3D 00 00 00
 (125.936919)  can0  067   [8]  05 B1 00 00 3B 01 00 00
 (125.937669)  can0  068   [8]  05 42 0D 01 BE 0D 01 00
 (125.976926)  can0  067   [8]  0B 16 F1 86 BD 00 00 00
 (125.977676)  can0  068   [8]  0B 16 F1 86 3D 00 00 00
 (126.036901)  can0  067   [8]  00 B5 DA A3 BD 00 00 00
 (126.036917)  can0  067   [8]  12 80 67 00 01 01 00 00
 (126.036918)  can0  067   [8]  0C 02 A1 89 FF 00 00 7E
 (126.037661)  can0  068   [8]  00 02 AB 95 3D 00 00 00
 (126.056914)  can0  067   [8]  05 AA 08 01 DC 08 01 00
 (126.057650)  can0  068   [8]  05 8C 03 01 29 03 01 00
 (126.096888)  can0  067   [8]  0B 6F 57 5A BD 00 00 00
 (126.097675)  can0  068   [8]  0B 91 70 5A 3D 00 00 00
 (126.097695)  can0  068   [8]  12 80 67 00 01 02 00 07
 (126.117700)  can0  068   [8]  0C 02 A1 A4 FB 00 00 7E
 (126.156930)  can0  067   [8]  00 1D 12 88 BD 00 00 00
 (126.156949)  can0  067   [8]  11 06 00 00 00 00 09 01
 (126.157673)  can0  068   [8]  00 F4 3E 6A 3D 00 00 00
 (126.157693)  can0  068   [8]  11 06 00 00 00 00 09 06
 (126.176901)  can0  067   [8]  05 CA 03 01 93 03 01 00
 (126.177678)  can0  068   [8]  05 04 0C 01 0C 0B 01 00
 (126.216927)  can0  067   [8]  0B 40 57 2F BD 00 00 00
 (126.217634)  can0  068   [8]  0B 62 70 2F 3D 00 00 00
 (126.276936)  can0  067   [8]  00 45 22 60 BD 00 00 00
 (126.277694)  can0  068   [8]  00 88 28 39 3D 00 00 00
 (126.296922)  can0  067   [8]  05 C7 01 01 97 01 01 00
 (126.297695)  can0  068   [8]  05 1B 0E 01 59 0E 01 00
 (126.336926)  can0  067   [8]  0B 17 7D 0C BD 00 00 00
 (126.337683)  can0  068   [8]  0B 39 96 0C 3D 00 00 00
 (126.396953)  can0  067   [8]  00 E3 49 42 BD 00 00 00
 (126.397543)  can0  068   [8]  00 DD 88 1F 3D 00 00 00
 (126.416930)  can0  067   [8]  05 57 01 01 38 01 01 00
 (126.417647)  can0  068   [8]  05 02 0C 01 0E 0C 01 00
 (126.456924)  can0  067   [8]  0B 0B 24 E5 BC 00 00 00
 (126.457660)  can0  068   [8]  0B 4F 56 E5 3C 00 00 00
 (126.516956)  can0  067   [8]  00 0F FC 2C BD 00 00 00
 (126.517667)  can0  068   [8]  00 6A F1 0E 3D 00 00 00
 (126.536935)  can0  067   [8]  05 D0 01 01 B9 01 01 00
 (126.537563)  can0  068   [8]  05 D0 09 01 6E 09 01 00
 (126.576897)  can0  067   [8]  0B 91 D5 BF BC 00 00 00
 (126.577590)  can0  068   [8]  0B D5 07 C0 3C 00 00 00
 (126.636886)  can0  067   [8]  00 26 50 1B BD 00 00 00
 (126.637620)  can0  068   [8]  00 D0 2F F8 3C 00 00 00
 (126.656876)  can0  067   [8]  05 46 01 01 16 01 01 00
 (126.657638)  can0  068   [8]  05 00 0C 01 DC 0B 01 00
 (126.696882)  can0  067   [8]  0B 5B 4A A7 BC 00 00 00
 (126.697647)  can0  068   [8]  0B 9F 7C A7 3C 00 00 00
 (126.756912)  can0  067   [8]  00 6A F1 0E BD 00 00 00
 (126.757539)  can0  068   [8]  00 B6 97 D7 3C 00 00 00
 (126.776920)  can0  067   [8]  05 DB 00 01 5B 04 01 00
 (126.777652)  can0  068   [8]  05 3D 0D 01 19 0D 01 00
 (126.816940)  can0  067   [8]  0B B2 C2 98 BC 00 00 00
 (126.817629)  can0  068   [8]  0B F6 F4 98 3C 00 00 00
 (126.876925)  can0  067   [8]  00 53 02 06 BD 00 00 00
 (126.877627)  can0  068   [8]  00 65 19 C7 3C 00 00 00
 (126.896926)  can0  067   [8]  05 6D 00 00 67 00 00 00
 (126.897634)  can0  068   [8]  05 2B 0E 01 40 0E 01 00
 (126.936942)  can0  067   [8]  0B 21 B1 91 BC 00 00 00
 (126.937654)  can0  068   [8]  0B 21 B1 91 3C 00 00 00
 (126.996950)  can0  067   [8]  00 F1 C4 02 BD 00 00 00
 (126.997704)  can0  068   [8]  00 3D DA BE 3C 00 00 00
 (127.016941)  can0  067   [8]  05 42 00 00 3C 00 00 00
 (127.017699)  can0  068   [8]  05 5A 0E 01 2D 0E 01 00
 (127.036941)  can0  067   [8]  12 80 67 00 01 01 00 00
 (127.036960)  can0  067   [8]  0C 02 A1 B6 51 00 00 7E
 (127.056897)  can0  067   [8]  0B F2 55 8F BC 00 00 00
 (127.057647)  can0  068   [8]  0B F2 55 8F 3C 00 00 00
 (127.097682)  can0  068   [8]  12 80 67 00 01 02 00 07
 (127.116902)  can0  067   [8]  00 F1 C4 02 BD 00 00 00
 (127.117667)  can0  068   [8]  00 F9 A7 BE 3C 00 00 00
 (127.117689)  can0  068   [8]  0C 02 A1 9B 3F 00 10 7E
 (127.136858)  can0  067   [8]  05 39 00 01 2F 00 01 00
 (127.137654)  can0  068   [8]  05 EB 0D 01 21 0E 01 00
 (127.156871)  can0  067   [8]  11 06 00 00 00 00 29 01
 (127.157673)  can0  068   [8]  11 06 00 00 00 00 09 06
 (127.176920)  can0  067   [8]  0B 6A F1 8E BC 00 00 00
 (127.177686)  can0  068   [8]  0B 6A F1 8E 3C 00 00 00
 (127.177710)  can0  068   [8]  11 06 00 00 00 00 29 06
 (127.236930)  can0  067   [8]  00 AD 92 02 BD 00 00 00
 (127.237672)  can0  068   [8]  00 B5 75 BE 3C 00 00 00
 (127.256895)  can0  067   [8]  05 7A 0B 00 A6 0B 00 00
 (127.257581)  can0  068   [8]  05 93 19 01 7F 19 01 00
 (127.296891)  can0  067   [8]  0B 6A F1 8E BC 00 00 00
 (127.297689)  can0  068   [8]  0B 6A F1 8E 3C 00 00 00
 (127.356904)  can0  067   [8]  00 AD 92 02 BD 00 00 00
 (127.357677)  can0  068   [8]  00 F9 A7 BE 3C 00 00 00
 (127.376900)  can0  067   [8]  05 6F 0B 00 6F 0B 00 00
 (127.377656)  can0  068   [8]  05 9D 19 01 92 19 01 00
 (127.416917)  can0  067   [8]  0B 6A F1 8E BC 00 00 00
 (127.417667)  can0  068   [8]  0B 6A F1 8E 3C 00 00 00
 (127.476890)  can0  067   [8]  00 F1 C4 02 BD 00 00 00
 (127.477659)  can0  068   [8]  00 F9 A7 BE 3C 00 00 00
 (127.496904)  can0  067   [8]  05 79 0B 00 6F 0B 00 00
 (127.497630)  can0  068   [8]  05 89 19 01 A0 1B 01 00
 (127.536910)  can0  067   [8]  0B 6A F1 8E BC 00 00 00
 (127.537657)  can0  068   [8]  0B 6A F1 8E 3C 00 00 00
 (127.596921)  can0  067   [8]  00 CF AB 02 BD 00 00 00
 (127.597588)  can0  068   [8]  00 F9 A7 BE 3C 00 00 00
 (127.616900)  can0  067   [8]  05 5A 0B 00 6F 0B 00 00
 (127.617668)  can0  068   [8]  05 92 19 01 D9 18 01 00
 (127.656916)  can0  067   [8]  0B 6A F1 8E BC 00 00 00
 (127.657668)  can0  068   [8]  0B 6A F1 8E 3C 00 00 00
 (127.716924)  can0  067   [8]  00 AD 92 02 BD 00 00 00
 (127.717638)  can0  068   [8]  00 F9 A7 BE 3C 00 00 00
 (127.736849)  can0  067   [8]  05 6D 0B 00 78 0B 00 00
 (127.737633)  can0  068   [8]  05 88 19 01 13 1A 01 00
 (127.776906)  can0  067   [8]  0B 6A F1 8E BC 00 00 00
 (127.777633)  can0  068   [8]  0B 6A F1 8E 3C 00 00 00
 (127.836922)  can0  067   [8]  00 AD 92 02 BD 00 00 00
 (127.837611)  can0  068   [8]  00 F9 A7 BE 3C 00 00 00
 (127.856903)  can0  067   [8]  05 6D 0B 00 65 0B 00 00
 (127.857576)  can0  068   [8]  05 88 19 01 6D 19 01 00
 (127.896913)  can0  067   [8]  0B 6A F1 8E BC 00 00 00
 (127.897582)  can0  068   [8]  0B 6A F1 8E 3C 00 00 00
 (127.956895)  can0  067   [8]  00 CF AB 02 BD 00 00 00
 (127.957629)  can0  068   [8]  00 F9 A7 BE 3C 00 00 00
 (127.976878)  can0  067   [8]  05 62 0B 00 65 0B 00 00
 (127.977627)  can0  068   [8]  05 88 19 01 76 19 01 00
 (128.016927)  can0  067   [8]  0B 6A F1 8E BC 00 00 00
 (128.017677)  can0  068   [8]  0B 6A F1 8E 3C 00 00 00
 (128.036945)  can0  067   [8]  12 80 67 00 01 01 00 00
 (128.036966)  can0  067   [8]  0C 02 A1 B6 00 00 70 40
 (128.076884)  can0  067   [8]  00 AD 92 02 BD 00 00 00
 (128.077624)  can0  068   [8]  00 B5 75 BE 3C 00 00 00
 (128.096873)  can0  067   [8]  05 6B 0B 00 B0 0B 00 00
 (128.097633)  can0  068   [8]  05 87 19 01 7F 19 01 00
 (128.097652)  can0  068   [8]  12 80 67 00 01 02 00 07
 (128.117667)  can0  068   [8]  0C 02 A1 9B 00 00 70 08
 (128.136890)  can0  067   [8]  0B 6A F1 8E BC 00 00 00
 (128.137658)  can0  068   [8]  0B 6A F1 8E 3C 00 00 00
 (128.156912)  can0  067   [8]  11 06 00 00 00 00 29 01
 (128.177717)  can0  068   [8]  11 06 00 00 00 00 29 06
 (128.196894)  can0  067   [8]  00 F1 C4 02 BD 00 00 00
 (128.197651)  can0  068   [8]  00 F9 A7 BE 3C 00 00 00
 (128.216895)  can0  067   [8]  05 6A 0B 00 5C 0B 00 00
 (128.217554)  can0  068   [8]  05 7D 19 01 6C 19 01 00
 (128.256899)  can0  067   [8]  0B 6A F1 8E BC 00 00 00
 (128.257552)  can0  068   [8]  0B 6A F1 8E 3C 00 00 00
 (128.316970)  can0  067   [8]  00 8B 79 02 BD 00 00 00
 (128.317700)  can0  068   [8]  00 3D DA BE 3C 00 00 00
 (128.336948)  can0  067   [8]  05 6A 0B 00 78 0B 00 00
 (128.337700)  can0  068   [8]  05 87 19 01 C9 19 01 00
 (128.376936)  can0  067   [8]  0B 6A F1 8E BC 00 00 00
 (128.377629)  can0  068   [8]  0B 6A F1 8E 3C 00 00 00
 (128.436894)  can0  067   [8]  00 CF AB 02 BD 00 00 00
 (128.437641)  can0  068   [8]  00 F9 A7 BE 3C 00 00 00
 (128.456893)  can0  067   [8]  05 69 0B 00 65 0B 00 00
 (128.457647)  can0  068   [8]  05 86 19 01 9B 19 01 00
 (128.496900)  can0  067   [8]  0B 6A F1 8E BC 00 00 00
 (128.497655)  can0  068   [8]  0B 6A F1 8E 3C 00 00 00
 (128.556916)  can0  067   [8]  00 AD 92 02 BD 00 00 00
 (128.557677)  can0  068   [8]  00 3D DA BE 3C 00 00 00
 (128.576857)  can0  067   [8]  05 72 0B 00 6F 0B 00 00
 (128.577634)  can0  068   [8]  05 86 19 01 D2 19 01 00
 (128.616942)  can0  067   [8]  0B 6A F1 8E BC 00 00 00
 (128.617635)  can0  068   [8]  0B 6A F1 8E 3C 00 00 00
 (128.676939)  can0  067   [8]  00 AD 92 02 BD 00 00 00
 (128.677599)  can0  068   [8]  00 F9 A7 BE 3C 00 00 00
 (128.696913)  can0  067   [8]  05 71 0B 00 5C 0B 00 00
 (128.697677)  can0  068   [8]  05 7C 19 01 7F 19 01 00
 (128.736907)  can0  067   [8]  0B 6A F1 8E BC 00 00 00
 (128.737614)  can0  068   [8]  0B 6A F1 8E 3C 00 00 00
 (128.796896)  can0  067   [8]  00 AD 92 02 BD 00 00 00
 (128.797640)  can0  068   [8]  00 F9 A7 BE 3C 00 00 00
 (128.816899)  can0  067   [8]  05 71 0B 00 5C 0B 00 00
 (128.817556)  can0  068   [8]  05 86 19 01 76 19 01 00
 (128.856892)  can0  067   [8]  0B 6A F1 8E BC 00 00 00
 (128.857646)  can0  068   [8]  0B 6A F1 8E 3C 00 00 00
 (128.916911)  can0  067   [8]  00 AD 92 02 BD 00 00 00
 (128.917675)  can0  068   [8]  00 3D DA BE 3C 00 00 00
 (128.936908)  can0  067   [8]  05 5C 0B 00 5C 0B 00 00
 (128.937656)  can0  068   [8]  05 7B 19 01 8D 1B 01 00
 (128.976922)  can0  067   [8]  0B 6A F1 8E BC 00 00 00
 (128.977678)  can0  068   [8]  0B 6A F1 8E 3C 00 00 00
 (129.036894)  can0  067   [8]  00 CF AB 02 BD 00 00 00
 (129.036909)  can0  067   [8]  12 80 67 00 01 01 00 00
 (129.036911)  can0  067   [8]  0C 02 A1 B6 00 00 70 40
 (129.037637)  can0  068   [8]  00 F9 A7 BE 3C 00 00 00
 (129.056896)  can0  067   [8]  05 5B 0B 00 65 0B 00 00
 (129.057662)  can0  068   [8]  05 7B 19 01 8B 1A 01 00
 (129.096839)  can0  067   [8]  0B 6A F1 8E BC 00 00 00
 (129.097664)  can0  068   [8]  0B 6A F1 8E 3C 00 00 00
 (129.097683)  can0  068   [8]  12 80 67 00 01 02 00 07
 (129.117649)  can0  068   [8]  0C 02 A1 9B 00 00 80 08
 (129.156769)  can0  067   [8]  00 CF AB 02 BD 00 00 00
 (129.156790)  can0  067   [8]  11 06 00 00 00 00 29 01
 (129.157417)  can0  068   [8]  00 F9 A7 BE 3C 00 00 00
 (129.176858)  can0  067   [8]  05 65 0B 00 65 0B 00 00
 (129.177623)  can0  068   [8]  05 85 19 01 76 19 01 00
 (129.177640)  can0  068   [8]  11 06 00 00 00 00 29 06
 (129.216914)  can0  067   [8]  0B 6A F1 8E BC 00 00 00
 (129.217674)  can0  068   [8]  0B 6A F1 8E 3C 00 00 00
 (129.276839)  can0  067   [8]  00 8B 79 02 BD 00 00 00
 (129.277615)  can0  068   [8]  00 F9 A7 BE 3C 00 00 00
 (129.296870)  can0  067   [8]  05 5A 0B 00 65 0B 00 00
 (129.297614)  can0  068   [8]  05 84 19 01 9B 19 01 00
 (129.336885)  can0  067   [8]  0B 6A F1 8E BC 00 00 00
 (129.337623)  can0  068   [8]  0B 6A F1 8E 3C 00 00 00
 (129.396856)  can0  067   [8]  00 69 60 02 BD 00 00 00
 (129.397627)  can0  068   [8]  00 3D DA BE 3C 00 00 00
 (129.416878)  can0  067   [8]  05 63 0B 00 65 0B 00 00
 (129.417630)  can0  068   [8]  05 8E 19 01 AB 18 01 00
 (129.456891)  can0  067   [8]  0B 6A F1 8E BC 00 00 00
 (129.457544)  can0  068   [8]  0B 6A F1 8E 3C 00 00 00
 (129.516930)  can0  067   [8]  00 AD 92 02 BD 00 00 00
 (129.517588)  can0  068   [8]  00 F9 A7 BE 3C 00 00 00
 (129.536891)  can0  067   [8]  05 4E 0B 00 40 0B 00 00
 (129.537667)  can0  068   [8]  05 84 19 01 76 19 01 00
 (129.576895)  can0  067   [8]  0B 6A F1 8E BC 00 00 00
 (129.577636)  can0  068   [8]  0B 6A F1 8E 3C 00 00 00
 (129.636891)  can0  067   [8]  00 AD 92 02 BD 00 00 00
 (129.637631)  can0  068   [8]  00 F9 A7 BE 3C 00 00 00
 (129.656888)  can0  067   [8]  05 58 0B 00 4A 0B 00 00
 (129.657624)  can0  068   [8]  05 83 19 01 8D 14 01 00
 (129.696895)  can0  067   [8]  0B 6A F1 8E BC 00 00 00
 (129.697662)  can0  068   [8]  0B 6A F1 8E 3C 00 00 00
 (129.756897)  can0  067   [8]  00 CF AB 02 BD 00 00 00
 (129.757638)  can0  068   [8]  00 3D DA BE 3C 00 00 00
 (129.776906)  can0  067   [8]  05 6B 0B 00 66 0B 00 00
 (129.777550)  can0  068   [8]  05 83 19 01 48 19 01 00
 (129.816890)  can0  067   [8]  0B 6A F1 8E BC 00 00 00
 (129.817634)  can0  068   [8]  0B 6A F1 8E 3C 00 00 00
 (129.876883)  can0  067   [8]  00 8B 79 02 BD 00 00 00
 (129.877649)  can0  068   [8]  00 F9 A7 BE 3C 00 00 00
 (129.896884)  can0  067   [8]  05 60 0B 00 8B 0B 00 00
 (129.897629)  can0  068   [8]  05 83 19 01 7F 19 01 00
 (129.936881)  can0  067   [8]  0B 6A F1 8E BC 00 00 00
 (129.937619)  can0  068   [8]  0B 6A F1 8E 3C 00 00 00
 (129.996915)  can0  067   [8]  00 CF AB 02 BD 00 00 00
 (129.997489)  can0  068   [8]  00 F9 A7 BE 3C 00 00 00
 (130.016862)  can0  067   [8]  05 6A 0B 00 DE 0B 00 00
 (130.017535)  can0  068   [8]  05 83 19 01 7F 19 01 00
 (130.036882)  can0  067   [8]  12 80 67 00 01 01 00 00
 (130.036902)  can0  067   [8]  0C 02 A1 B6 00 00 70 40
 (130.056891)  can0  067   [8]  0B 6A F1 8E BC 00 00 00
 (130.057639)  can0  068   [8]  0B 6A F1 8E 3C 00 00 00
 (130.097683)  can0  068   [8]  12 80 67 00 01 02 00 07
 (130.116886)  can0  067   [8]  00 8B 79 02 BD 00 00 00
 (130.117645)  can0  068   [8]  00 F9 A7 BE 3C 00 00 00
 (130.117667)  can0  068   [8]  0C 02 A1 9B 00 00 70 08
 (130.136875)  can0  067   [8]  05 55 0B 00 53 0B 00 00
 (130.137649)  can0  068   [8]  05 78 19 01 88 19 01 00
 (130.156904)  can0  067   [8]  11 06 00 00 00 00 29 01
 (130.166744)  can0  064   [8]  67 01 92 0A 86 BF 06 00
 (130.168839)  can0  064   [8]  68 01 92 0A 86 3F 06 00
 (130.176777)  can0  067   [8]  0B AD 92 02 BD 00 00 00
 (130.176793)  can0  067   [8]  11 06 00 00 00 00 09 01
 (130.177567)  can0  068   [8]  0B B5 75 BE 3C 00 00 00
 (130.177582)  can0  068   [8]  11 06 00 00 00 00 09 06
 (130.236921)  can0  067   [8]  00 42 39 05 BD 00 00 00
 (130.237582)  can0  068   [8]  00 05 63 C2 3C 00 00 00
 (130.256899)  can0  067   [8]  05 4A 2E 00 41 2E 00 00
 (130.257658)  can0  068   [8]  05 9B 2E 01 7F 2E 01 00
 (130.296849)  can0  067   [8]  0B 35 F7 02 BD 00 00 00
 (130.297638)  can0  068   [8]  0B C5 3E BF 3C 00 00 00
 (130.356918)  can0  067   [8]  00 2F 62 07 BD 00 00 00
 (130.357680)  can0  068   [8]  00 AD 59 C4 3C 00 00 00
 (130.376895)  can0  067   [8]  05 57 2E 00 7A 2E 00 00
 (130.377660)  can0  068   [8]  05 18 2F 01 D9 2E 01 00
 (130.416866)  can0  067   [8]  0B A8 84 05 BD 00 00 00
 (130.417574)  can0  068   [8]  0B AD 59 C4 3C 00 00 00
 (130.476865)  can0  067   [8]  00 D9 DF 07 BD 00 00 00
 (130.477618)  can0  068   [8]  00 35 BE C4 3C 00 00 00
 (130.496853)  can0  067   [8]  05 E4 30 00 3B 31 00 00
 (130.497597)  can0  068   [8]  05 EC 31 01 9B 31 01 00
 (130.536852)  can0  067   [8]  0B D3 4A 0C BD 00 00 00
 (130.537644)  can0  068   [8]  0B 01 E6 D1 3C 00 00 00
 (130.596862)  can0  067   [8]  00 A3 EF 09 BD 00 00 00
 (130.597601)  can0  068   [8]  00 CD EB C5 3C 00 00 00
 (130.616851)  can0  067   [8]  05 0A 35 00 E0 34 00 00
 (130.617610)  can0  068   [8]  05 64 36 01 8F 35 01 00
 (130.656869)  can0  067   [8]  0B 5C 40 19 BD 00 00 00
 (130.657621)  can0  068   [8]  0B 14 D1 EB 3C 00 00 00
 (130.716874)  can0  067   [8]  00 6D FF 0B BD 00 00 00
 (130.717613)  can0  068   [8]  00 31 B0 C7 3C 00 00 00
 (130.736793)  can0  067   [8]  05 0B 3C 00 F2 3B 00 00
 (130.737557)  can0  068   [8]  05 F2 3D 01 F7 3D 01 00
 (130.776873)  can0  067   [8]  0B 0E 75 2E BD 00 00 00
 (130.777607)  can0  068   [8]  0B 5D 36 0B 3D 00 00 00
 (130.836808)  can0  067   [8]  00 06 BE 19 BD 00 00 00
 (130.837580)  can0  068   [8]  00 EA 00 D7 3C 00 00 00
 (130.856852)  can0  067   [8]  05 06 3C 00 2A 3B 00 00
 (130.857596)  can0  068   [8]  05 2F 46 01 04 46 01 00
 (130.896882)  can0  067   [8]  0B 8F DF 4D BD 00 00 00
 (130.897635)  can0  068   [8]  0B 02 BA 2A 3D 00 00 00
 (130.956895)  can0  067   [8]  00 10 C3 6E BD 00 00 00
 (130.957671)  can0  068   [8]  00 FF 68 61 3D 00 00 00
 (130.976900)  can0  067   [8]  05 3F 25 00 12 2A 00 00
 (130.977644)  can0  068   [8]  05 41 1E 01 BF 1C 01 00
 (131.016855)  can0  067   [8]  0B BE DF 78 BD 00 00 00
 (131.017618)  can0  068   [8]  0B 0E A1 55 3D 00 00 00
 (131.036871)  can0  067   [8]  12 80 67 00 01 01 00 00
 (131.036890)  can0  067   [8]  0C 02 A1 AD 46 00 50 7E
 (131.076856)  can0  067   [8]  00 D1 59 A1 BD 00 00 00
 (131.077619)  can0  068   [8]  00 6A F1 8E 3D 00 00 00
 (131.096879)  can0  067   [8]  05 F9 1F 00 D9 1F 00 00
 (131.097539)  can0  068   [8]  05 B4 21 01 30 21 01 00
 (131.097552)  can0  068   [8]  12 80 67 00 01 02 00 07
 (131.117616)  can0  068   [8]  0C 02 A1 A4 51 00 60 7E
 (131.136851)  can0  067   [8]  0B 01 24 97 BD 00 00 00
 (131.137631)  can0  068   [8]  0B 30 E9 85 3D 00 00 00
 (131.176850)  can0  067   [8]  11 06 00 00 00 00 09 01
 (131.177623)  can0  068   [8]  11 06 00 00 00 00 09 06
 (131.196788)  can0  067   [8]  00 DE AF BF BD 00 00 00
 (131.197597)  can0  068   [8]  00 75 47 AD 3D 00 00 00
 (131.216755)  can0  067   [8]  05 D0 1D 00 C6 1D 00 00
 (131.217541)  can0  068   [8]  05 32 1F 01 A7 1F 01 00
 (131.256844)  can0  067   [8]  0B 8A AF B7 BD 00 00 00
 (131.257590)  can0  068   [8]  0B FE A6 A6 3D 00 00 00
 (131.316827)  can0  067   [8]  00 95 0A DD BD 00 00 00
 (131.317606)  can0  068   [8]  00 03 E1 CA 3D 00 00 00
 (131.336870)  can0  067   [8]  05 B2 23 00 36 23 00 00
 (131.337604)  can0  068   [8]  05 0C 25 01 6F 25 01 00
 (131.376843)  can0  067   [8]  0B A5 D3 DD BD 00 00 00
 (131.377609)  can0  068   [8]  0B EE 09 CD 3D 00 00 00
 (131.436898)  can0  067   [8]  00 17 78 05 BE 00 00 00
 (131.437620)  can0  068   [8]  00 58 94 F8 3D 00 00 00
 (131.456880)  can0  067   [8]  05 49 1A 00 E8 19 00 00
 (131.457610)  can0  068   [8]  05 78 1C 01 8C 1C 01 00
 (131.496884)  can0  067   [8]  0B 72 CE 04 BE 00 00 00
 (131.497617)  can0  068   [8]  0B 93 1E F9 3D 00 00 00
 (131.556879)  can0  067   [8]  00 4C 77 18 BE 00 00 00
 (131.557633)  can0  068   [8]  00 AE 23 0F 3E 00 00 00
 (131.576832)  can0  067   [8]  05 4A 27 00 B2 27 00 00
 (131.577636)  can0  068   [8]  05 30 2A 01 3F 2A 01 00
 (131.616910)  can0  067   [8]  0B 39 66 1D BE 00 00 00
 (131.617566)  can0  068   [8]  0B 54 59 15 3E 00 00 00
 (131.676928)  can0  067   [8]  00 27 B1 38 BE 00 00 00
 (131.677587)  can0  068   [8]  00 6B 18 2F 3E 00 00 00
 (131.696918)  can0  067   [8]  05 9E 1A 00 B4 19 00 00
 (131.697588)  can0  068   [8]  05 13 1C 01 8B 1B 01 00
 (131.736861)  can0  067   [8]  0B 30 59 38 BE 00 00 00
 (131.737492)  can0  068   [8]  0B 8F 7E 30 3E 00 00 00
 (131.796825)  can0  067   [8]  00 F6 EB 49 BE 00 00 00
 (131.797616)  can0  068   [8]  00 1F 5B 41 3E 00 00 00
 (131.816839)  can0  067   [8]  05 FA 28 00 A4 28 00 00
 (131.817645)  can0  068   [8]  05 95 2A 01 31 2A 01 00
 (131.856878)  can0  067   [8]  0B D3 16 55 BE 00 00 00
 (131.857530)  can0  068   [8]  0B BF 74 4D 3E 00 00 00
 (131.916915)  can0  067   [8]  00 41 DF 6C BE 00 00 00
 (131.917672)  can0  068   [8]  00 AC 33 63 3E 00 00 00
 (131.936893)  can0  067   [8]  05 BF 24 00 D5 23 00 00
 (131.937637)  can0  068   [8]  05 4C 27 01 DB 25 01 00
 (131.976841)  can0  067   [8]  0B C2 27 73 BE 00 00 00
 (131.977656)  can0  068   [8]  0B 83 C4 6B 3E 00 00 00
 (132.036870)  can0  067   [8]  00 18 DB 86 BE 00 00 00
 (132.036900)  can0  067   [8]  12 80 67 00 01 01 00 00
 (132.036902)  can0  067   [8]  0C 02 A1 B6 FF 00 00 7E
 (132.037651)  can0  068   [8]  00 1E 70 82 3E 00 00 00
 (132.056860)  can0  067   [8]  05 B3 1E 00 F9 1C 00 00
 (132.057641)  can0  068   [8]  05 73 21 01 D5 20 01 00
 (132.096864)  can0  067   [8]  0B E0 00 89 BE 00 00 00
 (132.097653)  can0  068   [8]  0B CF 71 85 3E 00 00 00
 (132.097688)  can0  068   [8]  12 80 67 00 01 02 00 07
 (132.117686)  can0  068   [8]  0C 02 A1 89 FF 00 00 7E
 (132.156845)  can0  067   [8]  00 07 7F 95 BE 00 00 00
 (132.157649)  can0  068   [8]  00 7C 07 91 3E 00 00 00
 (132.176852)  can0  067   [8]  05 81 1A 00 38 1A 00 00
 (132.176884)  can0  067   [8]  11 06 00 00 00 00 09 01
 (132.177648)  can0  068   [8]  05 28 1E 01 40 1E 01 00
 (132.177680)  can0  068   [8]  11 06 00 00 00 00 09 06
 (132.216875)  can0  067   [8]  0B B6 96 98 BE 00 00 00
 (132.217671)  can0  068   [8]  0B 34 2A 95 3E 00 00 00
 (132.276843)  can0  067   [8]  00 00 68 A2 BE 00 00 00
 (132.277666)  can0  068   [8]  00 90 4B 9E 3E 00 00 00
 (132.296857)  can0  067   [8]  05 B5 22 00 50 22 00 00
 (132.297585)  can0  068   [8]  05 C5 25 01 01 25 01 00
 (132.336886)  can0  067   [8]  0B 40 52 A8 BE 00 00 00
 (132.337634)  can0  068   [8]  0B 28 05 A5 3E 00 00 00
 (132.396871)  can0  067   [8]  00 B4 47 B3 BE 00 00 00
 (132.397650)  can0  068   [8]  00 72 D6 AE 3E 00 00 00
 (132.416889)  can0  067   [8]  05 38 25 00 E8 24 00 00
 (132.417665)  can0  068   [8]  05 A9 27 01 E8 26 01 00
 (132.456854)  can0  067   [8]  0B AC C8 B7 BE 00 00 00
 (132.457664)  can0  068   [8]  0B 23 9E B4 3E 00 00 00
 (132.516866)  can0  067   [8]  00 9B 09 C5 BE 00 00 00
 (132.517656)  can0  068   [8]  00 10 92 C0 3E 00 00 00
 (132.536862)  can0  067   [8]  05 38 1E 00 7D 1D 00 00
 (132.537660)  can0  068   [8]  05 9E 23 01 11 24 01 00
 (132.576883)  can0  067   [8]  0B A7 61 C7 BE 00 00 00
 (132.577659)  can0  068   [8]  0B AD 59 C4 3E 00 00 00
 (132.636907)  can0  067   [8]  00 CE 42 D5 BE 00 00 00
 (132.637668)  can0  068   [8]  00 43 CB D0 3E 00 00 00
 (132.656860)  can0  067   [8]  05 DE 18 00 A8 18 00 00
 (132.657571)  can0  068   [8]  05 0F 1D 01 79 1D 01 00
 (132.696875)  can0  067   [8]  0B A2 FA D6 BE 00 00 00
 (132.697664)  can0  068   [8]  0B 12 12 D4 3E 00 00 00
 (132.756883)  can0  067   [8]  00 7E 25 E2 BE 00 00 00
 (132.757663)  can0  068   [8]  00 72 6A DE 3E 00 00 00
 (132.776915)  can0  067   [8]  05 EA 19 00 D0 18 00 00
 (132.777666)  can0  068   [8]  05 93 1E 01 C8 1D 01 00
 (132.816856)  can0  067   [8]  0B 79 90 E6 BE 00 00 00
 (132.817661)  can0  068   [8]  0B 9C CD E3 3E 00 00 00
 (132.876839)  can0  067   [8]  00 86 3A F1 BE 00 00 00
 (132.877681)  can0  068   [8]  00 C9 43 ED 3E 00 00 00
 (132.896819)  can0  067   [8]  05 C7 22 00 01 22 00 00
 (132.897683)  can0  068   [8]  05 E5 26 01 7C 26 01 00
 (132.936868)  can0  067   [8]  0B 73 29 F6 BE 00 00 00
 (132.937687)  can0  068   [8]  0B 01 86 F3 3E 00 00 00
 (132.996895)  can0  067   [8]  00 83 58 01 BF 00 00 00
 (132.997669)  can0  068   [8]  00 56 4C FE 3E 00 00 00
 (133.016876)  can0  067   [8]  05 96 1F 00 80 1E 00 00
 (133.017669)  can0  068   [8]  05 FC 23 01 5A 23 01 00
 (133.036887)  can0  067   [8]  12 80 67 00 01 01 00 00
 (133.036922)  can0  067   [8]  0C 02 A1 92 FF 00 00 7E
 (133.056864)  can0  067   [8]  0B 37 E1 02 BF 00 00 00
 (133.057660)  can0  068   [8]  0B C5 A0 01 3F 00 00 00
 (133.097662)  can0  068   [8]  12 80 67 00 01 02 00 07
 (133.116874)  can0  067   [8]  00 C7 F2 09 BF 00 00 00
 (133.117673)  can0  068   [8]  00 20 F1 07 3F 00 00 00
 (133.117705)  can0  068   [8]  0C 02 A1 A4 FF 00 00 7E
 (133.136847)  can0  067   [8]  05 1A 18 00 BF 17 00 00
 (133.137671)  can0  068   [8]  05 AF 1D 01 97 1D 01 00
 (133.176853)  can0  067   [8]  0B B5 AD 0A BF 00 00 00
 (133.176889)  can0  067   [8]  11 06 00 00 00 00 09 01
 (133.177635)  can0  068   [8]  0B 8A 7E 09 3F 00 00 00
 (133.177664)  can0  068   [8]  11 06 00 00 00 00 09 06
 (133.236852)  can0  067   [8]  00 99 4C 11 BF 00 00 00
 (133.237679)  can0  068   [8]  00 3F 30 0F 3F 00 00 00
 (133.256813)  can0  067   [8]  05 5F 14 00 3B 14 00 00
 (133.257680)  can0  068   [8]  05 DE 1A 01 74 1B 01 00
 (133.296874)  can0  067   [8]  0B 32 7A 12 BF 00 00 00
 (133.297648)  can0  068   [8]  0B BC 5A 11 3F 00 00 00
 (133.356857)  can0  067   [8]  00 17 B6 17 BF 00 00 00
 (133.357670)  can0  068   [8]  00 D7 E9 15 3F 00 00 00
 (133.376841)  can0  067   [8]  05 AE 1B 00 0D 1B 00 00
 (133.377688)  can0  068   [8]  05 C2 20 01 DF 20 01 00
 (133.416865)  can0  067   [8]  0B 1D 45 1A BF 00 00 00
 (133.417688)  can0  068   [8]  0B 81 38 19 3F 00 00 00
 (133.476856)  can0  067   [8]  00 3C 16 20 BF 00 00 00
 (133.477619)  can0  068   [8]  00 95 14 1E 3F 00 00 00
 (133.496818)  can0  067   [8]  05 B4 1E 00 33 1D 00 00
 (133.497602)  can0  068   [8]  05 17 24 01 D2 23 01 00
 (133.536887)  can0  067   [8]  0B 9B 11 22 BF 00 00 00
 (133.537690)  can0  068   [8]  0B B4 14 21 3F 00 00 00
 (133.596866)  can0  067   [8]  00 A0 D4 28 BF 00 00 00
 (133.597700)  can0  068   [8]  00 65 E7 26 3F 00 00 00
 (133.616863)  can0  067   [8]  05 8E 18 00 67 18 00 00
 (133.617659)  can0  068   [8]  05 33 20 01 92 1F 01 00
 (133.656898)  can0  067   [8]  0B 5F EF 29 BF 00 00 00
 (133.657734)  can0  068   [8]  0B C0 03 29 3F 00 00 00
 (133.716884)  can0  067   [8]  00 A2 26 31 BF 00 00 00
 (133.717595)  can0  068   [8]  00 6B 18 2F 3F 00 00 00
 (133.736857)  can0  067   [8]  05 42 12 00 01 12 00 00
 (133.737600)  can0  068   [8]  05 CD 18 01 E5 18 01 00
 (133.776843)  can0  067   [8]  0B 95 AA 31 BF 00 00 00
 (133.777604)  can0  068   [8]  0B 3D D0 30 3F 00 00 00
 (133.836851)  can0  067   [8]  00 8F 83 37 BF 00 00 00
 (133.837592)  can0  068   [8]  00 07 B1 35 3F 00 00 00
 (133.856850)  can0  067   [8]  05 BE 12 00 7F 12 00 00
 (133.857602)  can0  068   [8]  05 A2 1A 01 AE 1A 01 00
 (133.896888)  can0  067   [8]  0B 12 77 39 BF 00 00 00
 (133.897613)  can0  068   [8]  0B 70 AC 38 3F 00 00 00
 (133.956898)  can0  067   [8]  00 5F F3 3E BF 00 00 00
 (133.957563)  can0  068   [8]  00 FB 23 3D 3F 00 00 00
 (133.976841)  can0  067   [8]  05 A5 1C 00 19 1C 00 00
 (133.977603)  can0  068   [8]  05 DE 22 01 76 22 01 00
 (134.016846)  can0  067   [8]  0B FD 41 41 BF 00 00 00
 (134.017590)  can0  068   [8]  0B 35 8A 40 3F 00 00 00
 (134.036857)  can0  067   [8]  12 80 67 00 01 01 00 00
 (134.036886)  can0  067   [8]  0C 02 A1 AD FF 00 00 7E
 (134.076867)  can0  067   [8]  00 0E A2 47 BF 00 00 00
 (134.077622)  can0  068   [8]  00 87 C4 45 3F 00 00 00
 (134.096854)  can0  067   [8]  05 5E 18 00 28 18 00 00
 (134.097654)  can0  068   [8]  05 BF 1F 01 D6 1E 01 00
 (134.097694)  can0  068   [8]  12 80 67 00 01 02 00 07
 (134.117659)  can0  068   [8]  0C 02 A1 A4 FF 00 00 7E
 (134.136837)  can0  067   [8]  0B 7B 0E 49 BF 00 00 00
 (134.137616)  can0  068   [8]  0B 68 66 48 3F 00 00 00
 (134.176883)  can0  067   [8]  11 06 00 00 00 00 09 01
 (134.177543)  can0  068   [8]  11 06 00 00 00 00 09 06
 (134.196831)  can0  067   [8]  00 2F 2E 50 BF 00 00 00
 (134.197621)  can0  068   [8]  00 12 7B 4E 3F 00 00 00
 (134.216871)  can0  067   [8]  05 BF 11 00 58 11 00 00
 (134.217619)  can0  068   [8]  05 CF 18 01 A8 18 01 00
 (134.256855)  can0  067   [8]  0B 66 D9 50 BF 00 00 00
 (134.257637)  can0  068   [8]  0B 9A 42 50 3F 00 00 00
 (134.316799)  can0  067   [8]  00 99 52 57 BF 00 00 00
 (134.317695)  can0  068   [8]  00 33 99 55 3F 00 00 00
 (134.336878)  can0  067   [8]  05 91 0D 00 B3 0C 00 00
 (134.337561)  can0  068   [8]  05 82 15 01 71 15 01 00
 (134.376858)  can0  067   [8]  0B 30 8B 58 BF 00 00 00
 (134.377636)  can0  068   [8]  0B AB 05 58 3F 00 00 00
 (134.436847)  can0  067   [8]  00 F6 8C 5D BF 00 00 00
 (134.437638)  can0  068   [8]  00 D5 05 5C 3F 00 00 00
 (134.456838)  can0  067   [8]  05 45 17 00 4D 16 00 00
 (134.457627)  can0  068   [8]  05 EB 1D 01 BD 1D 01 00
 (134.496869)  can0  067   [8]  0B 6C 04 60 BF 00 00 00
 (134.497583)  can0  068   [8]  0B 2F 90 5F 3F 00 00 00
 (134.556771)  can0  067   [8]  00 6A B1 65 BF 00 00 00
 (134.557593)  can0  068   [8]  00 4B 14 64 3F 00 00 00
 (134.576822)  can0  067   [8]  05 57 15 00 6E 14 00 00
 (134.577538)  can0  068   [8]  05 4C 1D 01 BB 1C 01 00
 (134.616828)  can0  067   [8]  0B B2 25 67 BF 00 00 00
 (134.617609)  can0  068   [8]  0B BD C2 66 3F 00 00 00
 (134.676808)  can0  067   [8]  00 29 C6 6D BF 00 00 00
 (134.677599)  can0  068   [8]  00 2D 42 6C 3F 00 00 00
 (134.696831)  can0  067   [8]  05 F9 0B 00 E5 0A 00 00
 (134.697623)  can0  068   [8]  05 6A 12 01 AF 12 01 00
 (134.736812)  can0  067   [8]  0B 04 CE 6D BF 00 00 00
 (134.737624)  can0  068   [8]  0B C3 7A 6D 3F 00 00 00
 (134.796846)  can0  067   [8]  00 4A 29 72 BF 00 00 00
 (134.797637)  can0  068   [8]  00 00 C0 70 3F 00 00 00
 (134.816857)  can0  067   [8]  05 B9 0F 00 D0 0F 00 00
 (134.817580)  can0  068   [8]  05 38 18 01 B3 18 01 00
 (134.856778)  can0  067   [8]  0B F8 DD 73 BF 00 00 00
 (134.857611)  can0  068   [8]  0B DB 98 73 3F 00 00 00
 (134.916868)  can0  067   [8]  00 C5 9D 78 BF 00 00 00
 (134.917651)  can0  068   [8]  00 4C AA 77 3F 00 00 00
 (134.936851)  can0  067   [8]  05 06 12 00 62 12 00 00
 (134.937669)  can0  068   [8]  05 C5 17 01 04 1A 01 00
 (134.976851)  can0  067   [8]  0B 6A 47 79 BF 00 00 00
 (134.977654)  can0  068   [8]  0B DE 0E 79 3F 00 00 00
 (135.036849)  can0  067   [8]  00 C1 60 7E BF 00 00 00
 (135.036878)  can0  067   [8]  12 80 67 00 01 01 00 00
 (135.036880)  can0  067   [8]  0C 02 A1 89 FF 00 00 7E
 (135.037462)  can0  068   [8]  00 C4 DC 7C 3F 00 00 00
 (135.056813)  can0  067   [8]  05 35 06 00 CB 06 00 00
 (135.057641)  can0  068   [8]  05 80 0D 01 B4 0D 01 00
 (135.096845)  can0  067   [8]  0B 3B E6 7D BF 00 00 00
 (135.097646)  can0  068   [8]  0B D1 BB 7D 3F 00 00 00
 (135.097678)  can0  068   [8]  12 80 67 00 01 02 00 07
 (135.117665)  can0  068   [8]  0C 02 A1 A4 FF 00 00 7E
 (135.156851)  can0  067   [8]  00 45 EF 80 BF 00 00 00
 (135.157536)  can0  068   [8]  00 AA 8E 80 3F 00 00 00
 (135.176809)  can0  067   [8]  05 C8 0F 00 04 11 00 00
 (135.176851)  can0  067   [8]  11 06 00 00 00 00 09 01
 (135.177595)  can0  068   [8]  05 1F 15 01 EB 14 01 00
 (135.177630)  can0  068   [8]  11 06 00 00 00 00 09 06
 (135.216825)  can0  067   [8]  0B 45 EF 80 BF 00 00 00
 (135.217554)  can0  068   [8]  0B C7 DE 80 3F 00 00 00
 (135.276810)  can0  067   [8]  00 81 DC 82 BF 00 00 00
 (135.277654)  can0  068   [8]  00 B3 5B 82 3F 00 00 00
 (135.296850)  can0  067   [8]  05 27 0B 00 B3 0A 00 00
 (135.297612)  can0  068   [8]  05 2C 10 01 61 10 01 00
 (135.336850)  can0  067   [8]  0B 52 90 82 BF 00 00 00
 (135.337607)  can0  068   [8]  0B 8A 84 82 3F 00 00 00
 (135.396874)  can0  067   [8]  00 C1 92 84 BF 00 00 00
 (135.397602)  can0  068   [8]  00 D9 62 84 3F 00 00 00
 (135.416826)  can0  067   [8]  05 6C 0B 00 28 0B 00 00
 (135.417612)  can0  068   [8]  05 93 0D 01 1D 0E 01 00
 (135.456870)  can0  067   [8]  0B 9E D8 83 BF 00 00 00
 (135.457598)  can0  068   [8]  0B C3 D0 83 3F 00 00 00
 (135.516883)  can0  067   [8]  00 20 D7 85 BF 00 00 00
 (135.517618)  can0  068   [8]  00 AE 4D 85 3F 00 00 00
 (135.536858)  can0  067   [8]  05 F3 07 00 E5 07 00 00
 (135.537614)  can0  068   [8]  05 85 0D 01 3D 0D 01 00
 (135.576773)  can0  067   [8]  0B 61 C7 84 BF 00 00 00
 (135.577533)  can0  068   [8]  0B AA C2 84 3F 00 00 00
 (135.636838)  can0  067   [8]  00 0F 87 86 BF 00 00 00
 (135.637528)  can0  068   [8]  00 3E 1C 86 3F 00 00 00
 (135.656847)  can0  067   [8]  05 C7 08 00 77 08 00 00
 (135.657597)  can0  068   [8]  05 AD 0D 01 64 0D 01 00
 (135.696803)  can0  067   [8]  0B D0 66 85 BF 00 00 00
 (135.697589)  can0  068   [8]  0B AC 63 85 3F 00 00 00
 (135.756827)  can0  067   [8]  00 12 1D 87 BF 00 00 00
 (135.757460)  can0  068   [8]  00 3D DE 86 3F 00 00 00
 (135.776790)  can0  067   [8]  05 FD 07 00 18 08 00 00
 (135.777600)  can0  068   [8]  05 C8 0A 01 58 0B 01 00
 (135.816820)  can0  067   [8]  0B D9 C5 85 BF 00 00 00
 (135.817618)  can0  068   [8]  0B 10 C5 85 3F 00 00 00
 (135.876814)  can0  067   [8]  00 AD 72 87 BF 00 00 00
 (135.877579)  can0  068   [8]  00 45 3D 87 3F 00 00 00
 (135.896812)  can0  067   [8]  05 4B 07 00 13 07 00 00
 (135.897611)  can0  068   [8]  05 68 0A 01 BD 0A 01 00
 (135.936795)  can0  067   [8]  0B 8A F6 85 BF 00 00 00
 (135.937631)  can0  068   [8]  0B C1 F5 85 3F 00 00 00
 (135.996732)  can0  067   [8]  00 72 9F 87 BF 00 00 00
 (135.997587)  can0  068   [8]  00 E8 50 87 3F 00 00 00
 (136.016827)  can0  067   [8]  05 BF 07 00 B6 07 00 00
 (136.017626)  can0  068   [8]  05 9E 0B 01 92 0B 01 00
 (136.036832)  can0  067   [8]  12 80 67 00 01 01 00 00
 (136.036867)  can0  067   [8]  0C 02 A1 B6 69 00 00 7E
 (136.056734)  can0  067   [8]  0B D3 07 86 BF 00 00 00
 (136.057619)  can0  068   [8]  0B D3 07 86 3F 00 00 00
 (136.097639)  can0  068   [8]  12 80 67 00 01 02 00 07
 (136.116824)  can0  067   [8]  00 A9 9E 87 BF 00 00 00
 (136.117619)  can0  068   [8]  00 30 57 87 3F 00 00 00
 (136.117649)  can0  068   [8]  0C 02 A1 AD 5B 00 10 7E
 (136.136830)  can0  067   [8]  05 7F 08 00 70 08 00 00
 (136.137635)  can0  068   [8]  05 BD 0B 01 B5 0B 01 00
 (136.176851)  can0  067   [8]  0B 2E 0A 86 BF 00 00 00
 (136.176887)  can0  067   [8]  11 06 00 00 00 00 29 01
 (136.177538)  can0  068   [8]  0B 2E 0A 86 3F 00 00 00
 (136.177563)  can0  068   [8]  11 06 00 00 00 00 29 06
 (136.236848)  can0  067   [8]  00 DE B3 87 BF 00 00 00
 (136.237624)  can0  068   [8]  00 2F 62 87 3F 00 00 00
 (136.256827)  can0  067   [8]  05 1D 04 01 31 04 01 00
 (136.257559)  can0  068   [8]  05 2B 00 01 45 00 01 00
 (136.296834)  can0  067   [8]  0B 2E 0A 86 BF 00 00 00
 (136.297629)  can0  068   [8]  0B 2E 0A 86 3F 00 00 00
 (136.356813)  can0  067   [8]  00 70 B5 87 BF 00 00 00
 (136.357465)  can0  068   [8]  00 9D 60 87 3F 00 00 00
 (136.376829)  can0  067   [8]  05 14 04 01 55 05 01 00
 (136.377612)  can0  068   [8]  05 21 00 01 1D 00 01 00
 (136.416809)  can0  067   [8]  0B 2E 0A 86 BF 00 00 00
 (136.417585)  can0  068   [8]  0B 2E 0A 86 3F 00 00 00
 (136.476799)  can0  067   [8]  00 DE B3 87 BF 00 00 00
 (136.477622)  can0  068   [8]  00 66 61 87 3F 00 00 00
 (136.496837)  can0  067   [8]  05 1F 04 01 53 04 01 00
 (136.497545)  can0  068   [8]  05 2A 00 01 30 00 01 00
 (136.536793)  can0  067   [8]  0B 2E 0A 86 BF 00 00 00
 (136.537644)  can0  068   [8]  0B 2E 0A 86 3F 00 00 00
 (136.596787)  can0  067   [8]  00 DE B3 87 BF 00 00 00
 (136.597557)  can0  068   [8]  00 66 61 87 3F 00 00 00
 (136.616756)  can0  067   [8]  05 15 04 01 2E 04 01 00
 (136.617581)  can0  068   [8]  05 34 00 01 39 00 01 00
 (136.656805)  can0  067   [8]  0B 2E 0A 86 BF 00 00 00
 (136.657585)  can0  068   [8]  0B 2E 0A 86 3F 00 00 00
 (136.716814)  can0  067   [8]  00 70 B5 87 BF 00 00 00
 (136.717596)  can0  068   [8]  00 9D 60 87 3F 00 00 00
 (136.736825)  can0  067   [8]  05 20 04 01 1B 04 01 00
 (136.737607)  can0  068   [8]  05 1F 00 01 1A 00 00 00
 (136.776736)  can0  067   [8]  0B 2E 0A 86 BF 00 00 00
 (136.777566)  can0  068   [8]  0B 2E 0A 86 3F 00 00 00
 (136.836797)  can0  067   [8]  00 A7 B4 87 BF 00 00 00
 (136.837532)  can0  068   [8]  00 66 61 87 3F 00 00 00
 (136.856787)  can0  067   [8]  05 21 04 01 00 04 01 00
 (136.857584)  can0  068   [8]  05 33 00 01 30 00 01 00
 (136.896806)  can0  067   [8]  0B 2E 0A 86 BF 00 00 00
 (136.897649)  can0  068   [8]  0B 2E 0A 86 3F 00 00 00
 (136.956873)  can0  067   [8]  00 A7 B4 87 BF 00 00 00
 (136.957647)  can0  068   [8]  00 D4 5F 87 3F 00 00 00
 (136.976813)  can0  067   [8]  05 21 04 01 71 05 01 00
 (136.977641)  can0  068   [8]  05 32 00 01 26 00 01 00
 (137.016790)  can0  067   [8]  0B 2E 0A 86 BF 00 00 00
 (137.017593)  can0  068   [8]  0B 2E 0A 86 3F 00 00 00
 (137.036818)  can0  067   [8]  12 80 67 00 01 01 00 00
 (137.036853)  can0  067   [8]  0C 02 A1 92 01 00 70 44
 (137.076820)  can0  067   [8]  00 A7 B4 87 BF 00 00 00
 (137.077600)  can0  068   [8]  00 9D 60 87 3F 00 00 00
 (137.096807)  can0  067   [8]  05 22 04 01 37 04 01 00
 (137.097621)  can0  068   [8]  05 28 00 01 30 00 01 00
 (137.097661)  can0  068   [8]  12 80 67 00 01 02 00 07
 (137.117637)  can0  068   [8]  0C 02 A1 89 01 00 60 02
 (137.136817)  can0  067   [8]  0B 2E 0A 86 BF 00 00 00
 (137.137522)  can0  068   [8]  0B 2E 0A 86 3F 00 00 00
 (137.176819)  can0  067   [8]  11 06 00 00 00 00 29 01
 (137.177618)  can0  068   [8]  11 06 00 00 00 00 29 06
 (137.196805)  can0  067   [8]  00 DE B3 87 BF 00 00 00
 (137.197607)  can0  068   [8]  00 9D 60 87 3F 00 00 00
 (137.216799)  can0  067   [8]  05 23 04 01 65 04 01 00
 (137.217601)  can0  068   [8]  05 31 00 01 30 00 01 00
 (137.256845)  can0  067   [8]  0B 2E 0A 86 BF 00 00 00
 (137.257627)  can0  068   [8]  0B 2E 0A 86 3F 00 00 00
 (137.316806)  can0  067   [8]  00 DE B3 87 BF 00 00 00
 (137.317609)  can0  068   [8]  00 D4 5F 87 3F 00 00 00
 (137.336786)  can0  067   [8]  05 19 04 01 6F 04 01 00
 (137.337503)  can0  068   [8]  05 27 00 01 39 00 01 00
 (137.376797)  can0  067   [8]  0B 2E 0A 86 BF 00 00 00
 (137.377585)  can0  068   [8]  0B 2E 0A 86 3F 00 00 00
 (137.436832)  can0  067   [8]  00 70 B5 87 BF 00 00 00
 (137.437628)  can0  068   [8]  00 66 61 87 3F 00 00 00
 (137.456817)  can0  067   [8]  05 24 04 01 25 04 01 00
 (137.457525)  can0  068   [8]  05 30 00 01 30 00 01 00
 (137.496813)  can0  067   [8]  0B 2E 0A 86 BF 00 00 00
 (137.497607)  can0  068   [8]  0B 2E 0A 86 3F 00 00 00
 (137.556842)  can0  067   [8]  00 DE B3 87 BF 00 00 00
 (137.557640)  can0  068   [8]  00 9D 60 87 3F 00 00 00
 (137.576824)  can0  067   [8]  05 25 04 01 F6 03 01 00
 (137.577632)  can0  068   [8]  05 26 00 01 1D 00 01 00
 (137.616829)  can0  067   [8]  0B 2E 0A 86 BF 00 00 00
 (137.617626)  can0  068   [8]  0B 2E 0A 86 3F 00 00 00
 (137.676861)  can0  067   [8]  00 39 B6 87 BF 00 00 00
 (137.677559)  can0  068   [8]  00 D4 5F 87 3F 00 00 00
 (137.696814)  can0  067   [8]  05 1B 04 01 09 04 01 00
 (137.697628)  can0  068   [8]  05 25 00 01 30 00 01 00
 (137.736827)  can0  067   [8]  0B 2E 0A 86 BF 00 00 00
 (137.737612)  can0  068   [8]  0B 2E 0A 86 3F 00 00 00
 (137.796827)  can0  067   [8]  00 70 B5 87 BF 00 00 00
 (137.797628)  can0  068   [8]  00 D4 5F 87 3F 00 00 00
 (137.816823)  can0  067   [8]  05 3B 04 01 37 04 01 00
 (137.817627)  can0  068   [8]  05 25 00 01 27 00 01 00
 (137.856818)  can0  067   [8]  0B 2E 0A 86 BF 00 00 00
 (137.857637)  can0  068   [8]  0B 2E 0A 86 3F 00 00 00
 (137.916840)  can0  067   [8]  00 A7 B4 87 BF 00 00 00
 (137.917614)  can0  068   [8]  00 D4 5F 87 3F 00 00 00
 (137.936837)  can0  067   [8]  05 31 04 01 5C 04 01 00
 (137.937621)  can0  068   [8]  05 2E 00 01 30 00 01 00
 (137.976844)  can0  067   [8]  0B 2E 0A 86 BF 00 00 00
 (137.977499)  can0  068   [8]  0B 2E 0A 86 3F 00 00 00
 (138.036830)  can0  067   [8]  00 70 B5 87 BF 00 00 00
 (138.036866)  can0  067   [8]  12 80 67 00 01 01 00 00
 (138.036868)  can0  067   [8]  0C 02 A1 92 00 00 70 04
 (138.037607)  can0  068   [8]  00 D4 5F 87 3F 00 00 00
 (138.056804)  can0  067   [8]  05 27 04 01 93 04 01 00
 (138.057640)  can0  068   [8]  05 2E 00 01 14 00 01 00
 (138.096855)  can0  067   [8]  0B 2E 0A 86 BF 00 00 00
 (138.097594)  can0  068   [8]  0B 2E 0A 86 3F 00 00 00
 (138.097634)  can0  068   [8]  12 80 67 00 01 02 00 07
 (138.117630)  can0  068   [8]  0C 02 A1 89 00 00 70 02
 (138.156818)  can0  067   [8]  00 A7 B4 87 BF 00 00 00
 (138.157577)  can0  068   [8]  00 9D 60 87 3F 00 00 00
 (138.176824)  can0  067   [8]  05 28 04 01 5C 04 01 00
 (138.176854)  can0  067   [8]  11 06 00 00 00 00 29 01
 (138.177592)  can0  068   [8]  05 2D 00 01 27 00 01 00
 (138.177622)  can0  068   [8]  11 06 00 00 00 00 29 06
 (138.216853)  can0  067   [8]  0B 2E 0A 86 BF 00 00 00
 (138.217625)  can0  068   [8]  0B 2E 0A 86 3F 00 00 00
 (138.276831)  can0  067   [8]  00 A7 B4 87 BF 00 00 00
 (138.277626)  can0  068   [8]  00 9D 60 87 3F 00 00 00
 (138.296825)  can0  067   [8]  05 28 04 01 37 04 01 00
 (138.297628)  can0  068   [8]  05 22 00 01 14 00 01 00
 (138.336844)  can0  067   [8]  0B 2E 0A 86 BF 00 00 00
 (138.337587)  can0  068   [8]  0B 2E 0A 86 3F 00 00 00
 (138.396850)  can0  067   [8]  00 A7 B4 87 BF 00 00 00
 (138.397571)  can0  068   [8]  00 9D 60 87 3F 00 00 00
 (138.416756)  can0  067   [8]  05 33 04 01 1B 04 01 00
 (138.417536)  can0  068   [8]  05 18 00 01 30 00 01 00
 (138.456742)  can0  067   [8]  0B 2E 0A 86 BF 00 00 00
 (138.457529)  can0  068   [8]  0B 2E 0A 86 3F 00 00 00
 (138.516842)  can0  067   [8]  00 70 B5 87 BF 00 00 00
 (138.517608)  can0  068   [8]  00 D4 5F 87 3F 00 00 00
 (138.536870)  can0  067   [8]  05 3F 04 01 5C 04 01 00
 (138.537544)  can0  068   [8]  05 2B 00 01 30 00 01 00
 (138.576849)  can0  067   [8]  0B 2E 0A 86 BF 00 00 00
 (138.577602)  can0  068   [8]  0B 2E 0A 86 3F 00 00 00
 (138.636886)  can0  067   [8]  00 70 B5 87 BF 00 00 00
 (138.637616)  can0  068   [8]  00 9D 60 87 3F 00 00 00
 (138.656854)  can0  067   [8]  05 34 04 01 53 04 01 00
 (138.657619)  can0  068   [8]  05 21 00 01 1D 00 01 00
 (138.696846)  can0  067   [8]  0B 2E 0A 86 BF 00 00 00
 (138.697601)  can0  068   [8]  0B 2E 0A 86 3F 00 00 00
 (138.756849)  can0  067   [8]  00 DE B3 87 BF 00 00 00
 (138.757608)  can0  068   [8]  00 0B 5F 87 3F 00 00 00
 (138.776858)  can0  067   [8]  05 2B 04 01 D1 03 01 00
 (138.777530)  can0  068   [8]  05 2A 00 01 27 00 01 00
 (138.816840)  can0  067   [8]  0B 2E 0A 86 BF 00 00 00
 (138.817607)  can0  068   [8]  0B 2E 0A 86 3F 00 00 00
 (138.876865)  can0  067   [8]  00 39 B6 87 BF 00 00 00
 (138.877622)  can0  068   [8]  00 D4 5F 87 3F 00 00 00
 (138.896862)  can0  067   [8]  05 22 04 01 5C 04 01 00
 (138.897615)  can0  068   [8]  05 2A 00 01 27 00 01 00
 (138.936882)  can0  067   [8]  0B 2E 0A 86 BF 00 00 00
 (138.937528)  can0  068   [8]  0B 2E 0A 86 3F 00 00 00
 (138.996857)  can0  067   [8]  00 A7 B4 87 BF 00 00 00
 (138.997646)  can0  068   [8]  00 D4 5F 87 3F 00 00 00
 (139.016782)  can0  067   [8]  05 36 04 01 AD 03 01 00
 (139.017619)  can0  068   [8]  05 29 00 01 27 00 01 00
 (139.036793)  can0  067   [8]  12 80 67 00 01 01 00 00
 (139.036828)  can0  067   [8]  0C 02 A1 92 00 00 70 04
 (139.056853)  can0  067   [8]  0B 2E 0A 86 BF 00 00 00
 (139.057537)  can0  068   [8]  0B 2E 0A 86 3F 00 00 00
 (139.097640)  can0  068   [8]  12 80 67 00 01 02 00 07
 (139.116846)  can0  067   [8]  00 A7 B4 87 BF 00 00 00
 (139.117622)  can0  068   [8]  00 D4 5F 87 3F 00 00 00
 (139.117655)  can0  068   [8]  0C 02 A1 89 00 00 70 02
 (139.136821)  can0  067   [8]  05 23 04 01 25 04 01 00
 (139.137632)  can0  068   [8]  05 1F 00 01 1E 00 01 00
 (139.176740)  can0  067   [8]  0B 2E 0A 86 BF 00 00 00
 (139.176772)  can0  067   [8]  11 06 00 00 00 00 29 01
 (139.177537)  can0  068   [8]  0B 2E 0A 86 3F 00 00 00
 (139.177562)  can0  068   [8]  11 06 00 00 00 00 29 06
 (139.236775)  can0  067   [8]  00 A7 B4 87 BF 00 00 00
 (139.237540)  can0  068   [8]  00 D4 5F 87 3F 00 00 00
 (139.256741)  can0  067   [8]  05 38 04 01 09 04 01 00
 (139.257608)  can0  068   [8]  05 1E 00 01 14 00 01 00
 (139.296774)  can0  067   [8]  0B 2E 0A 86 BF 00 00 00
 (139.297624)  can0  068   [8]  0B 2E 0A 86 3F 00 00 00
 (139.356748)  can0  067   [8]  00 14 B3 87 BF 00 00 00
 (139.357617)  can0  068   [8]  00 D4 5F 87 3F 00 00 00
 (139.376768)  can0  067   [8]  05 38 04 01 25 04 01 00
 (139.377608)  can0  068   [8]  05 28 00 01 0B 00 01 00
 (139.416789)  can0  067   [8]  0B 2E 0A 86 BF 00 00 00
 (139.417622)  can0  068   [8]  0B 2E 0A 86 3F 00 00 00
 (139.476816)  can0  067   [8]  00 A7 B4 87 BF 00 00 00
 (139.477609)  can0  068   [8]  00 9D 60 87 3F 00 00 00
 (139.496796)  can0  067   [8]  05 2F 04 01 2E 04 01 00
 (139.497587)  can0  068   [8]  05 27 00 01 27 00 01 00
 (139.536778)  can0  067   [8]  0B 2E 0A 86 BF 00 00 00
 (139.537627)  can0  068   [8]  0B 2E 0A 86 3F 00 00 00
 (139.596775)  can0  067   [8]  00 A7 B4 87 BF 00 00 00
 (139.597632)  can0  068   [8]  00 D4 5F 87 3F 00 00 00
 (139.616858)  can0  067   [8]  05 30 04 01 09 04 01 00
 (139.617623)  can0  068   [8]  05 27 00 01 27 00 01 00
 (139.656869)  can0  067   [8]  0B 2E 0A 86 BF 00 00 00
 (139.657595)  can0  068   [8]  0B 2E 0A 86 3F 00 00 00
 (139.716816)  can0  067   [8]  00 39 B6 87 BF 00 00 00
 (139.717630)  can0  068   [8]  00 D4 5F 87 3F 00 00 00
 (139.736805)  can0  067   [8]  05 30 04 01 2E 04 01 00
 (139.737589)  can0  068   [8]  05 30 00 01 42 00 01 00
 (139.776774)  can0  067   [8]  0B 2E 0A 86 BF 00 00 00
 (139.777606)  can0  068   [8]  0B 2E 0A 86 3F 00 00 00
 (139.836783)  can0  067   [8]  00 70 B5 87 BF 00 00 00
 (139.837582)  can0  068   [8]  00 D4 5F 87 3F 00 00 00
 (139.856785)  can0  067   [8]  05 3B 04 01 6F 04 01 00
 (139.857487)  can0  068   [8]  05 26 00 01 4B 00 01 00
 (139.896779)  can0  067   [8]  0B 2E 0A 86 BF 00 00 00
 (139.897572)  can0  068   [8]  0B 2E 0A 86 3F 00 00 00
 (139.956817)  can0  067   [8]  00 70 B5 87 BF 00 00 00
 (139.957592)  can0  068   [8]  00 9D 60 87 3F 00 00 00
 (139.976797)  can0  067   [8]  05 3C 04 01 5C 04 01 00
 (139.977606)  can0  068   [8]  05 1B 00 01 14 00 01 00
 (140.016810)  can0  067   [8]  0B 2E 0A 86 BF 00 00 00
 (140.017521)  can0  068   [8]  0B 2E 0A 86 3F 00 00 00
 (140.036792)  can0  067   [8]  12 80 67 00 01 01 00 00
 (140.036823)  can0  067   [8]  0C 02 A1 92 00 00 70 04
 (140.076783)  can0  067   [8]  00 A7 B4 87 BF 00 00 00
 (140.077518)  can0  068   [8]  00 D4 5F 87 3F 00 00 00
 (140.096713)  can0  067   [8]  05 32 04 01 2E 04 01 00
 (140.097605)  can0  068   [8]  05 2F 00 01 30 00 01 00
 (140.097641)  can0  068   [8]  12 80 67 00 01 02 00 07
 (140.117606)  can0  068   [8]  0C 02 A1 89 00 00 60 02
 (140.136780)  can0  067   [8]  0B 2E 0A 86 BF 00 00 00
 (140.137586)  can0  068   [8]  0B 2E 0A 86 3F 00 00 00
 (140.176652)  can0  067   [8]  11 06 00 00 00 00 29 01
 (140.177369)  can0  068   [8]  11 06 00 00 00 00 29 06
 (140.179328)  can0  064   [8]  67 01 35 FA 8E BC 07 00
 (140.182124)  can0  064   [8]  68 01 35 FA 8E 3C 07 00
 (140.196707)  can0  067   [8]  00 A7 B4 87 BF 00 00 00
 (140.196725)  can0  067   [8]  11 06 00 00 00 00 09 01
 (140.197524)  can0  068   [8]  00 0B 5F 87 3F 00 00 00
 (140.197542)  can0  068   [8]  11 06 00 00 00 00 09 06
 (140.216781)  can0  067   [8]  05 C2 07 00 C3 07 00 00
 (140.217605)  can0  068   [8]  05 1C 09 01 19 09 01 00
 (140.256794)  can0  067   [8]  0B 70 B5 87 BF 00 00 00
 (140.257602)  can0  068   [8]  0B D4 5F 87 3F 00 00 00
 (140.316814)  can0  067   [8]  00 49 C8 87 BF 00 00 00
 (140.317593)  can0  068   [8]  00 9D 60 87 3F 00 00 00
 (140.336793)  can0  067   [8]  05 CD 03 00 5C 03 00 00
 (140.337550)  can0  068   [8]  05 E2 04 01 BC 04 01 00
 (140.376750)  can0  067   [8]  0B 5E AE 87 BF 00 00 00
 (140.377604)  can0  068   [8]  0B C2 58 87 3F 00 00 00
 (140.436770)  can0  067   [8]  00 A4 CA 87 BF 00 00 00
 (140.437600)  can0  068   [8]  00 66 61 87 3F 00 00 00
 (140.456752)  can0  067   [8]  05 A9 02 00 06 01 00 00
 (140.457613)  can0  068   [8]  05 AA 03 01 C2 03 01 00
 (140.496762)  can0  067   [8]  0B 05 96 87 BF 00 00 00
 (140.497631)  can0  068   [8]  0B 32 41 87 3F 00 00 00
 (140.556777)  can0  067   [8]  00 A4 CA 87 BF 00 00 00
 (140.557606)  can0  068   [8]  00 9D 60 87 3F 00 00 00
 (140.576764)  can0  067   [8]  05 26 00 00 A0 00 00 00
 (140.577615)  can0  068   [8]  05 46 01 01 57 01 01 00
 (140.616751)  can0  067   [8]  0B 2F 62 87 BF 00 00 00
 (140.617538)  can0  068   [8]  0B 25 0E 87 3F 00 00 00
 (140.676751)  can0  067   [8]  00 A4 CA 87 BF 00 00 00
 (140.677552)  can0  068   [8]  00 9D 60 87 3F 00 00 00
 (140.696746)  can0  067   [8]  05 00 04 01 8F 03 01 00
 (140.697546)  can0  068   [8]  05 C3 02 00 C6 02 00 00
 (140.736757)  can0  067   [8]  0B A6 08 87 BF 00 00 00
 (140.737561)  can0  068   [8]  0B 65 B5 86 3F 00 00 00
 (140.796766)  can0  067   [8]  00 DB C9 87 BF 00 00 00
 (140.797576)  can0  068   [8]  00 54 5A 87 3F 00 00 00
 (140.816769)  can0  067   [8]  05 57 0A 01 D9 0A 01 00
 (140.817557)  can0  068   [8]  05 76 08 00 79 08 00 00
 (140.856773)  can0  067   [8]  0B 6B 7E 86 BF 00 00 00
 (140.857569)  can0  068   [8]  0B F4 2B 86 3F 00 00 00
 (140.916808)  can0  067   [8]  00 EF BA 87 BF 00 00 00
 (140.917559)  can0  068   [8]  00 0C 54 87 3F 00 00 00
 (140.936595)  can0  067   [8]  05 C8 12 01 89 12 01 00
 (140.937534)  can0  068   [8]  05 A8 11 00 21 12 00 00
 (140.976785)  can0  067   [8]  0B EC B6 85 BF 00 00 00
 (140.977526)  can0  068   [8]  0B 62 68 85 3F 00 00 00
 (141.036780)  can0  067   [8]  00 0B 5F 87 BF 00 00 00
 (141.036802)  can0  067   [8]  12 80 67 00 01 01 00 00
 (141.036804)  can0  067   [8]  0C 02 A1 AD 05 00 50 7C
 (141.037574)  can0  068   [8]  00 E2 24 86 3F 00 00 00
 (141.056776)  can0  067   [8]  05 EE 14 01 4C 14 01 00
 (141.057578)  can0  068   [8]  05 75 0A 00 1E 0B 00 00
 (141.096671)  can0  067   [8]  0B 63 B1 84 BF 00 00 00
 (141.097605)  can0  068   [8]  0B D9 62 84 3F 00 00 00
 (141.097628)  can0  068   [8]  12 80 67 00 01 02 00 07
 (141.117611)  can0  068   [8]  0C 02 A1 B6 21 00 60 7E
 (141.156679)  can0  067   [8]  00 8B 3F 85 BF 00 00 00
 (141.157479)  can0  068   [8]  00 7F 55 84 3F 00 00 00
 (141.176757)  can0  067   [8]  05 21 0C 01 B8 0B 01 00
 (141.177573)  can0  068   [8]  05 5D 04 00 51 04 00 00
 (141.196767)  can0  067   [8]  11 06 00 00 00 00 09 01
 (141.197569)  can0  068   [8]  11 06 00 00 00 00 09 06
 (141.216770)  can0  067   [8]  0B F3 65 83 BF 00 00 00
 (141.217564)  can0  068   [8]  0B FB 18 83 3F 00 00 00
 (141.276788)  can0  067   [8]  00 4D 1F 84 BF 00 00 00
 (141.277564)  can0  068   [8]  00 2B 5A 83 3F 00 00 00
 (141.296764)  can0  067   [8]  05 DA 0D 01 B7 0D 01 00
 (141.297507)  can0  068   [8]  05 E2 07 00 D4 07 00 00
 (141.336781)  can0  067   [8]  0B 2D D6 81 BF 00 00 00
 (141.337568)  can0  068   [8]  0B 90 8B 81 3F 00 00 00
 (141.396790)  can0  067   [8]  00 04 C1 82 BF 00 00 00
 (141.397583)  can0  068   [8]  00 F0 18 82 3F 00 00 00
 (141.416766)  can0  067   [8]  05 C5 13 01 68 14 01 00
 (141.417573)  can0  068   [8]  05 5C 0E 00 3F 0D 00 00
 (141.456766)  can0  067   [8]  0B A6 03 80 BF 00 00 00
 (141.457467)  can0  068   [8]  0B 37 75 7F 3F 00 00 00
 (141.516772)  can0  067   [8]  00 6D D1 80 BF 00 00 00
 (141.517570)  can0  068   [8]  00 0D A9 7F 3F 00 00 00
 (141.536769)  can0  067   [8]  05 5F 0F 01 5D 0F 01 00
 (141.537579)  can0  068   [8]  05 C9 06 00 09 07 00 00
 (141.576710)  can0  067   [8]  0B 03 D8 7B BF 00 00 00
 (141.577539)  can0  068   [8]  0B 36 4C 7B 3F 00 00 00
 (141.636819)  can0  067   [8]  00 55 E9 7C BF 00 00 00
 (141.637503)  can0  068   [8]  00 57 70 7B 3F 00 00 00
 (141.656789)  can0  067   [8]  05 AA 12 01 7C 12 01 00
 (141.657581)  can0  068   [8]  05 78 0C 00 80 0C 00 00
 (141.696693)  can0  067   [8]  0B 35 23 77 BF 00 00 00
 (141.697558)  can0  068   [8]  0B 1E 9C 76 3F 00 00 00
 (141.756769)  can0  067   [8]  00 24 2B 79 BF 00 00 00
 (141.757604)  can0  068   [8]  00 E8 48 77 3F 00 00 00
 (141.776765)  can0  067   [8]  05 C0 15 01 01 15 01 00
 (141.777599)  can0  068   [8]  05 63 0C 00 E7 0B 00 00
 (141.816756)  can0  067   [8]  0B 4F E7 71 BF 00 00 00
 (141.817558)  can0  068   [8]  0B 81 66 71 3F 00 00 00
 (141.876727)  can0  067   [8]  00 69 58 72 BF 00 00 00
 (141.877598)  can0  068   [8]  00 FC EB 70 3F 00 00 00
 (141.896750)  can0  067   [8]  05 A0 11 01 50 11 01 00
 (141.897600)  can0  068   [8]  05 E2 0B 00 92 09 00 00
 (141.936761)  can0  067   [8]  0B 77 32 6C BF 00 00 00
 (141.937603)  can0  068   [8]  0B 5F B6 6B 3F 00 00 00
 (141.996765)  can0  067   [8]  00 65 50 6E BF 00 00 00
 (141.997595)  can0  068   [8]  00 BC 59 6C 3F 00 00 00
 (142.016767)  can0  067   [8]  05 B4 14 01 6B 14 01 00
 (142.017568)  can0  068   [8]  05 B6 0A 00 79 0A 00 00
 (142.036753)  can0  067   [8]  12 80 67 00 01 01 00 00
 (142.036772)  can0  067   [8]  0C 02 A1 92 D5 00 00 7E
 (142.056736)  can0  067   [8]  0B 85 17 66 BF 00 00 00
 (142.057583)  can0  068   [8]  0B B5 A1 65 3F 00 00 00
 (142.097634)  can0  068   [8]  12 80 67 00 01 02 00 07
 (142.116749)  can0  067   [8]  00 8A 4E 67 BF 00 00 00
 (142.117612)  can0  068   [8]  00 67 D2 65 3F 00 00 00
 (142.117631)  can0  068   [8]  0C 02 A1 89 D5 00 00 7E
 (142.136731)  can0  067   [8]  05 26 17 01 6A 16 01 00
 (142.137546)  can0  068   [8]  05 E8 0F 00 FC 0F 00 00
 (142.176724)  can0  067   [8]  0B 08 AE 5F BF 00 00 00
 (142.177536)  can0  068   [8]  0B EF 3C 5F 3F 00 00 00
 (142.196740)  can0  067   [8]  11 06 00 00 00 00 09 01
 (142.197581)  can0  068   [8]  11 06 00 00 00 00 09 06
 (142.236757)  can0  067   [8]  00 6E F9 5F BF 00 00 00
 (142.237612)  can0  068   [8]  00 BE 4F 5E 3F 00 00 00
 (142.256770)  can0  067   [8]  05 8E 08 01 CC 08 01 00
 (142.257524)  can0  068   [8]  05 6D 01 00 C8 00 00 00
 (142.296780)  can0  067   [8]  0B B6 FA 58 BF 00 00 00
 (142.297589)  can0  068   [8]  0B 54 8E 58 3F 00 00 00
 (142.356755)  can0  067   [8]  00 2F 5C 5B BF 00 00 00
 (142.357604)  can0  068   [8]  00 18 72 59 3F 00 00 00
 (142.376742)  can0  067   [8]  05 DF 19 01 31 19 01 00
 (142.377495)  can0  068   [8]  05 6D 0F 00 F4 0E 00 00
 (142.416755)  can0  067   [8]  0B 8B 3F 52 BF 00 00 00
 (142.417589)  can0  068   [8]  0B DE D7 51 3F 00 00 00
 (142.476767)  can0  067   [8]  00 2C 15 53 BF 00 00 00
 (142.477588)  can0  068   [8]  00 56 73 51 3F 00 00 00
 (142.496766)  can0  067   [8]  05 8A 13 01 EE 12 01 00
 (142.497584)  can0  068   [8]  05 AF 0A 00 26 0A 00 00
 (142.536760)  can0  067   [8]  0B 63 63 4B BF 00 00 00
 (142.537595)  can0  068   [8]  0B 6D 00 4B 3F 00 00 00
 (142.596781)  can0  067   [8]  00 4B 4A 4C BF 00 00 00
 (142.597569)  can0  068   [8]  00 0E 73 4A 3F 00 00 00
 (142.616760)  can0  067   [8]  05 7D 09 01 AC 09 01 00
 (142.617605)  can0  068   [8]  05 E0 00 00 00 01 00 00
 (142.656776)  can0  067   [8]  0B 3A 87 44 BF 00 00 00
 (142.657465)  can0  068   [8]  0B 69 27 44 3F 00 00 00
 (142.716742)  can0  067   [8]  00 1E 08 47 BF 00 00 00
 (142.717569)  can0  068   [8]  00 2F F5 44 3F 00 00 00
 (142.736782)  can0  067   [8]  05 4C 18 01 EE 17 01 00
 (142.737442)  can0  068   [8]  05 B5 0C 00 00 0C 00 00
 (142.776771)  can0  067   [8]  0B 80 A9 3D BF 00 00 00
 (142.777569)  can0  068   [8]  0B 65 4E 3D 3F 00 00 00
 (142.836762)  can0  067   [8]  00 85 E0 3E BF 00 00 00
 (142.837668)  can0  068   [8]  00 43 35 3D 3F 00 00 00
 (142.856748)  can0  067   [8]  05 E3 13 01 EB 12 01 00
 (142.857572)  can0  068   [8]  05 2B 0A 00 AA 09 00 00
 (142.896773)  can0  067   [8]  0B C6 CB 36 BF 00 00 00
 (142.897550)  can0  068   [8]  0B 61 75 36 3F 00 00 00
 (142.956783)  can0  067   [8]  00 6A 80 37 BF 00 00 00
 (142.957611)  can0  068   [8]  00 08 A6 35 3F 00 00 00
 (142.976763)  can0  067   [8]  05 D6 08 01 B2 08 01 00
 (142.977553)  can0  068   [8]  05 08 01 01 06 01 01 00
 (143.016724)  can0  067   [8]  0B 0C EE 2F BF 00 00 00
 (143.017468)  can0  068   [8]  0B EF 9D 2F 3F 00 00 00
 (143.036735)  can0  067   [8]  12 80 67 00 01 01 00 00
 (143.036754)  can0  067   [8]  0C 02 A1 AD FF 00 00 7E
 (143.076736)  can0  067   [8]  00 0D B4 32 BF 00 00 00
 (143.077595)  can0  068   [8]  00 6A 86 30 3F 00 00 00
 (143.096740)  can0  067   [8]  05 54 17 01 24 16 01 00
 (143.097601)  can0  068   [8]  05 B0 0A 00 6B 0A 00 00
 (143.097623)  can0  068   [8]  12 80 67 00 01 02 00 07
 (143.117603)  can0  068   [8]  0C 02 A1 B6 FF 00 00 7E
 (143.136707)  can0  067   [8]  0B E3 11 29 BF 00 00 00
 (143.137589)  can0  068   [8]  0B EB C4 28 3F 00 00 00
 (143.196656)  can0  067   [8]  00 E1 95 2A BF 00 00 00
 (143.196681)  can0  067   [8]  11 06 00 00 00 00 09 01
 (143.197515)  can0  068   [8]  00 9F DF 28 3F 00 00 00
 (143.197533)  can0  068   [8]  11 06 00 00 00 00 09 06
 (143.216612)  can0  067   [8]  05 EE 13 01 6B 13 01 00
 (143.217480)  can0  068   [8]  05 D7 08 00 97 08 00 00
 (143.256729)  can0  067   [8]  0B 2A 34 22 BF 00 00 00
 (143.257573)  can0  068   [8]  0B E7 EB 21 3F 00 00 00
 (143.316747)  can0  067   [8]  00 66 B3 22 BF 00 00 00
 (143.317570)  can0  068   [8]  00 DE E0 20 3F 00 00 00
 (143.336733)  can0  067   [8]  05 D9 07 01 A2 07 01 00
 (143.337512)  can0  068   [8]  05 C5 01 01 38 01 01 00
 (143.376755)  can0  067   [8]  0B 6F 56 1B BF 00 00 00
 (143.377597)  can0  068   [8]  0B E4 12 1B 3F 00 00 00
 (143.436725)  can0  067   [8]  00 25 2C 1E BF 00 00 00
 (143.437566)  can0  068   [8]  00 15 F5 1B 3F 00 00 00
 (143.456753)  can0  067   [8]  05 1B 15 01 B1 14 01 00
 (143.457464)  can0  068   [8]  05 04 08 00 6A 07 00 00
 (143.496753)  can0  067   [8]  0B B4 78 14 BF 00 00 00
 (143.497587)  can0  068   [8]  0B DF 39 14 3F 00 00 00
 (143.556762)  can0  067   [8]  00 F4 44 16 BF 00 00 00
 (143.557608)  can0  068   [8]  00 45 85 14 3F 00 00 00
 (143.576744)  can0  067   [8]  05 11 14 01 CE 13 01 00
 (143.577649)  can0  068   [8]  05 85 08 00 61 08 00 00
 (143.616757)  can0  067   [8]  0B D7 8C 0D BF 00 00 00
 (143.617595)  can0  068   [8]  0B B8 52 0D 3F 00 00 00
 (143.676766)  can0  067   [8]  00 5C 12 0E BF 00 00 00
 (143.677534)  can0  068   [8]  00 68 36 0C 3F 00 00 00
 (143.696761)  can0  067   [8]  05 FC 07 01 B4 07 01 00
 (143.697609)  can0  068   [8]  05 2C 02 01 C9 01 01 00
 (143.736762)  can0  067   [8]  0B D2 BE 06 BF 00 00 00
 (143.737590)  can0  068   [8]  0B D8 87 06 3F 00 00 00
 (143.796739)  can0  067   [8]  00 AC 97 09 BF 00 00 00
 (143.797564)  can0  068   [8]  00 2F 62 07 3F 00 00 00
 (143.816780)  can0  067   [8]  05 75 11 01 63 11 01 00
 (143.817582)  can0  068   [8]  05 4B 05 00 05 05 00 00
 (143.856790)  can0  067   [8]  0B 2F C2 FF BE 00 00 00
 (143.857492)  can0  068   [8]  0B A7 5D FF 3E 00 00 00
 (143.916737)  can0  067   [8]  00 04 FF 01 BF 00 00 00
 (143.917582)  can0  068   [8]  00 A2 2F 00 3F 00 00 00
 (143.936720)  can0  067   [8]  05 3B 14 01 AD 12 01 00
 (143.937575)  can0  068   [8]  05 D6 07 00 6E 07 00 00
 (143.976782)  can0  067   [8]  0B DF 09 F2 BE 00 00 00
 (143.977574)  can0  068   [8]  0B 9F AB F1 3E 00 00 00
 (144.036747)  can0  067   [8]  00 0F 02 F3 BE 00 00 00
 (144.036768)  can0  067   [8]  12 80 67 00 01 01 00 00
 (144.036769)  can0  067   [8]  0C 02 A1 9B FF 00 00 7E
 (144.037538)  can0  068   [8]  00 27 4A EF 3E 00 00 00
 (144.056746)  can0  067   [8]  05 27 08 01 05 08 01 00
 (144.057460)  can0  068   [8]  05 58 02 01 8E 02 01 00
 (144.096741)  can0  067   [8]  0B 6A 4E E4 BE 00 00 00
 (144.097576)  can0  068   [8]  0B 97 F9 E3 3E 00 00 00
 (144.097600)  can0  068   [8]  12 80 67 00 01 02 00 07
 (144.117617)  can0  068   [8]  0C 02 A1 9B FF 00 00 7E
 (144.156702)  can0  067   [8]  00 D5 F9 E9 BE 00 00 00
 (144.157568)  can0  068   [8]  00 28 69 E5 3E 00 00 00
 (144.176714)  can0  067   [8]  05 2A 0E 01 3D 0E 01 00
 (144.177479)  can0  068   [8]  05 2E 02 00 6B 01 00 00
 (144.196765)  can0  067   [8]  11 06 00 00 00 00 09 01
 (144.197562)  can0  068   [8]  11 06 00 00 00 00 09 06
 (144.216722)  can0  067   [8]  0B F6 92 D6 BE 00 00 00
 (144.217572)  can0  068   [8]  0B 90 47 D6 3E 00 00 00
 (144.276780)  can0  067   [8]  00 78 62 DB BE 00 00 00
 (144.277607)  can0  068   [8]  00 75 4F D7 3E 00 00 00
 (144.296701)  can0  067   [8]  05 3B 14 01 D1 13 01 00
 (144.297465)  can0  068   [8]  05 C1 06 00 BF 06 00 00
 (144.336783)  can0  067   [8]  0B 81 D7 C8 BE 00 00 00
 (144.337584)  can0  068   [8]  0B 87 95 C8 3E 00 00 00
 (144.396758)  can0  067   [8]  00 AA 11 CA BE 00 00 00
 (144.397579)  can0  068   [8]  00 53 66 C6 3E 00 00 00
 (144.416782)  can0  067   [8]  05 98 08 01 0A 08 01 00
 (144.417589)  can0  068   [8]  05 1E 02 01 DD 02 01 00
 (144.456698)  can0  067   [8]  0B 31 1F BB BE 00 00 00
 (144.457466)  can0  068   [8]  0B 80 E3 BA 3E 00 00 00
 (144.516751)  can0  067   [8]  00 7C 9B C0 BE 00 00 00
 (144.517554)  can0  068   [8]  00 40 E8 BB 3E 00 00 00
 (144.536733)  can0  067   [8]  05 C5 0A 01 E7 0A 01 00
 (144.537567)  can0  068   [8]  05 D4 01 01 19 02 01 00
 (144.576721)  can0  067   [8]  0B BB 63 AD BE 00 00 00
 (144.577571)  can0  068   [8]  0B 9C 34 AD 3E 00 00 00
 (144.636746)  can0  067   [8]  00 E8 B0 B2 BE 00 00 00
 (144.637590)  can0  068   [8]  00 C8 58 AE 3E 00 00 00
 (144.656756)  can0  067   [8]  05 D0 13 01 D5 13 01 00
 (144.657489)  can0  068   [8]  05 1E 06 00 70 06 00 00
 (144.696730)  can0  067   [8]  0B 47 A8 9F BE 00 00 00
 (144.697577)  can0  068   [8]  0B 94 82 9F 3E 00 00 00
 (144.756718)  can0  067   [8]  00 43 37 A1 BE 00 00 00
 (144.757600)  can0  068   [8]  00 A1 9B 9D 3E 00 00 00
 (144.776752)  can0  067   [8]  05 3E 09 01 9D 08 01 00
 (144.777597)  can0  068   [8]  05 47 02 01 90 02 01 00
 (144.816743)  can0  067   [8]  0B F6 EF 91 BE 00 00 00
 (144.817463)  can0  068   [8]  0B 8C D0 91 3E 00 00 00
 (144.876791)  can0  067   [8]  00 79 BF 96 BE 00 00 00
 (144.877511)  can0  068   [8]  00 C8 5A 92 3E 00 00 00
 (144.896753)  can0  067   [8]  05 05 07 01 35 07 01 00
 (144.897522)  can0  068   [8]  05 01 05 01 2B 05 01 00
 (144.936760)  can0  067   [8]  0B 3C 18 84 BE 00 00 00
 (144.937587)  can0  068   [8]  0B 3E 02 84 3E 00 00 00
 (144.996766)  can0  067   [8]  00 36 E6 89 BE 00 00 00
 (144.997579)  can0  068   [8]  00 60 7E 85 3E 00 00 00
 (145.016750)  can0  067   [8]  05 0E 13 01 EB 11 01 00
 (145.017552)  can0  068   [8]  05 E1 04 00 31 04 00 00
 (145.036751)  can0  067   [8]  12 80 67 00 01 01 00 00
 (145.036773)  can0  067   [8]  0C 02 A1 A4 FF 00 00 7E
 (145.056714)  can0  067   [8]  0B 80 3D 6D BE 00 00 00
 (145.057584)  can0  068   [8]  0B 16 1E 6D 3E 00 00 00
 (145.097558)  can0  068   [8]  12 80 67 00 01 02 00 07
 (145.116675)  can0  067   [8]  00 C8 82 71 BE 00 00 00
 (145.117457)  can0  068   [8]  00 16 58 6A 3E 00 00 00
 (145.117467)  can0  068   [8]  0C 02 A1 A4 FF 00 00 7E
 (145.136698)  can0  067   [8]  05 70 09 01 F2 08 01 00
 (145.137504)  can0  068   [8]  05 CE 02 01 FA 02 01 00
 (145.176718)  can0  067   [8]  0B 39 9C 52 BE 00 00 00
 (145.177566)  can0  068   [8]  0B A8 8F 52 3E 00 00 00
 (145.196698)  can0  067   [8]  11 06 00 00 00 00 09 01
 (145.197571)  can0  068   [8]  11 06 00 00 00 00 09 06
 (145.236760)  can0  067   [8]  00 4D 04 5D BE 00 00 00
 (145.237597)  can0  068   [8]  00 83 EF 53 3E 00 00 00
 (145.256723)  can0  067   [8]  05 8C 05 01 8D 05 01 00
 (145.257602)  can0  068   [8]  05 5B 07 01 29 06 01 00
 (145.296769)  can0  067   [8]  0B 6A E3 38 BE 00 00 00
 (145.297506)  can0  068   [8]  0B 6A E3 38 3E 00 00 00
 (145.356732)  can0  067   [8]  00 52 03 45 BE 00 00 00
 (145.357593)  can0  068   [8]  00 EA 65 3C 3E 00 00 00
 (145.376719)  can0  067   [8]  05 DF 10 01 2B 11 01 00
 (145.377584)  can0  068   [8]  05 B7 02 00 BB 02 00 00
 (145.416722)  can0  067   [8]  0B C6 64 20 BE 00 00 00
 (145.417584)  can0  068   [8]  0B 0E 6B 20 3E 00 00 00
 (145.476716)  can0  067   [8]  00 F9 0C 24 BE 00 00 00
 (145.477574)  can0  068   [8]  00 98 90 1C 3E 00 00 00
 (145.496708)  can0  067   [8]  05 7E 02 01 9C 02 01 00
 (145.497531)  can0  068   [8]  05 11 09 01 63 09 01 00
 (145.536717)  can0  067   [8]  0B F9 71 09 BE 00 00 00
 (145.537578)  can0  068   [8]  0B 8A 7E 09 3E 00 00 00
 (145.596764)  can0  067   [8]  00 94 7D 18 BE 00 00 00
 (145.597607)  can0  068   [8]  00 CB 68 0F 3E 00 00 00
 (145.616733)  can0  067   [8]  05 C1 0E 01 40 0E 01 00
 (145.617496)  can0  068   [8]  05 36 00 01 A1 01 01 00
 (145.656716)  can0  067   [8]  0B 64 B9 E8 BD 00 00 00
 (145.657582)  can0  068   [8]  0B 17 DF E8 3D 00 00 00
 (145.716729)  can0  067   [8]  00 6D 6B F6 BD 00 00 00
 (145.717487)  can0  068   [8]  00 5D 98 E7 3D 00 00 00
 (145.736728)  can0  067   [8]  05 E5 04 01 5A 04 01 00
 (145.737558)  can0  068   [8]  05 0E 07 01 85 07 01 00
 (145.776718)  can0  067   [8]  0B 8D C7 C2 BD 00 00 00
 (145.777483)  can0  068   [8]  0B D1 F9 C2 3D 00 00 00
 (145.836744)  can0  067   [8]  00 D3 A7 E1 BD 00 00 00
 (145.837557)  can0  068   [8]  00 63 97 CF 3D 00 00 00
 (145.856725)  can0  067   [8]  05 E6 0A 01 AA 0A 01 00
 (145.857577)  can0  068   [8]  05 A1 03 01 86 04 01 00
 (145.896730)  can0  067   [8]  0B 6B 0E A1 BD 00 00 00
 (145.897581)  can0  068   [8]  0B AF 40 A1 3D 00 00 00
 (145.956727)  can0  067   [8]  00 D1 63 AF BD 00 00 00
 (145.957556)  can0  068   [8]  00 5C 45 A0 3D 00 00 00
 (145.976708)  can0  067   [8]  05 AD 00 01 37 00 00 00
 (145.977583)  can0  068   [8]  05 80 0B 01 2B 0D 01 00
 (146.016692)  can0  067   [8]  0B 01 8E 83 BD 00 00 00
 (146.017561)  can0  068   [8]  0B 45 C0 83 3D 00 00 00
 (146.036693)  can0  067   [8]  12 80 67 00 01 01 00 00
 (146.036712)  can0  067   [8]  0C 02 A1 B6 FF 00 00 7E
 (146.076671)  can0  067   [8]  00 62 66 A1 BD 00 00 00
 (146.077546)  can0  068   [8]  00 E5 9F 92 3D 00 00 00
 (146.096719)  can0  067   [8]  05 0E 09 01 EB 09 01 00
 (146.097557)  can0  068   [8]  05 C9 03 01 6C 02 01 00
 (146.097579)  can0  068   [8]  12 80 67 00 01 02 00 07
 (146.117583)  can0  068   [8]  0C 02 A1 89 FA 00 00 7E
 (146.136720)  can0  067   [8]  0B BA A5 54 BD 00 00 00
 (146.137586)  can0  068   [8]  0B 42 0A 55 3D 00 00 00
 (146.196734)  can0  067   [8]  00 08 AF 84 BD 00 00 00
 (146.196754)  can0  067   [8]  11 06 00 00 00 00 09 01
 (146.197562)  can0  068   [8]  00 B7 28 64 3D 00 00 00
 (146.197582)  can0  068   [8]  11 06 00 00 00 00 09 06
 (146.216605)  can0  067   [8]  05 52 03 01 1B 03 01 00
 (146.217576)  can0  068   [8]  05 6A 0C 01 7E 0D 01 00
 (146.256688)  can0  067   [8]  0B 7A 55 2A BD 00 00 00
 (146.257565)  can0  068   [8]  0B E0 A0 2A 3D 00 00 00
 (146.316690)  can0  067   [8]  00 B1 02 5C BD 00 00 00
 (146.317565)  can0  068   [8]  00 9C FF 36 3D 00 00 00
 (146.336729)  can0  067   [8]  05 4F 01 01 07 01 01 00
 (146.337571)  can0  068   [8]  05 40 0D 01 39 0D 01 00
 (146.376735)  can0  067   [8]  0B 71 0D 09 BD 00 00 00
 (146.377573)  can0  068   [8]  0B D7 58 09 3D 00 00 00
 (146.436728)  can0  067   [8]  00 C6 C5 3D BD 00 00 00
 (146.437561)  can0  068   [8]  00 8A 14 1D 3D 00 00 00
 (146.456744)  can0  067   [8]  05 FF 00 01 B5 00 01 00
 (146.457565)  can0  068   [8]  05 16 0C 01 39 0C 01 00
 (146.496718)  can0  067   [8]  0B DF D6 DF BC 00 00 00
 (146.497563)  can0  068   [8]  0B 67 3B E0 3C 00 00 00
 (146.556736)  can0  067   [8]  00 02 BA 2A BD 00 00 00
 (146.557578)  can0  068   [8]  00 E5 9A 0B 3D 00 00 00
 (146.576726)  can0  067   [8]  05 04 02 01 DD 01 01 00
 (146.577578)  can0  068   [8]  05 16 0A 01 EA 09 01 00
 (146.616681)  can0  067   [8]  0B C8 4C BC BC 00 00 00
 (146.617563)  can0  068   [8]  0B 50 B1 BC 3C 00 00 00
 (146.676669)  can0  067   [8]  00 E4 A4 19 BD 00 00 00
 (146.677606)  can0  068   [8]  00 80 42 F4 3C 00 00 00
 (146.696706)  can0  067   [8]  05 67 01 01 36 01 01 00
 (146.697552)  can0  068   [8]  05 7D 0B 01 8B 0B 01 00
 (146.736704)  can0  067   [8]  0B 6F 21 A5 BC 00 00 00
 (146.737418)  can0  068   [8]  0B B3 53 A5 3C 00 00 00
 (146.796700)  can0  067   [8]  00 5A 28 0E BD 00 00 00
 (146.797529)  can0  068   [8]  00 1F 6A D6 3C 00 00 00
 (146.816687)  can0  067   [8]  05 C9 00 01 B4 00 01 00
 (146.817533)  can0  068   [8]  05 33 0D 01 7A 0C 01 00
 (146.856708)  can0  067   [8]  0B 1A 95 97 BC 00 00 00
 (146.857593)  can0  068   [8]  0B 5E C7 97 3C 00 00 00
 (146.916705)  can0  067   [8]  00 EC B6 05 BD 00 00 00
 (146.917587)  can0  068   [8]  00 12 1E C6 3C 00 00 00
 (146.936750)  can0  067   [8]  05 75 00 00 6D 00 00 00
 (146.937466)  can0  068   [8]  05 21 0E 01 37 0E 01 00
 (146.976717)  can0  067   [8]  0B 55 1A 91 BC 00 00 00
 (146.977558)  can0  068   [8]  0B 99 4C 91 3C 00 00 00
 (147.036709)  can0  067   [8]  00 23 A7 03 BD 00 00 00
 (147.036728)  can0  067   [8]  12 80 67 00 01 01 00 00
 (147.036729)  can0  067   [8]  0C 02 A1 B6 54 00 00 7E
 (147.037549)  can0  068   [8]  00 15 2C C3 3C 00 00 00
 (147.056693)  can0  067   [8]  05 24 00 01 02 00 00 00
 (147.057449)  can0  068   [8]  05 74 0D 01 38 0D 01 00
 (147.096707)  can0  067   [8]  0B AE 23 8F BC 00 00 00
 (147.097537)  can0  068   [8]  0B AE 23 8F 3C 00 00 00
 (147.097557)  can0  068   [8]  12 80 67 00 01 02 00 07
 (147.117560)  can0  068   [8]  0C 02 A1 A4 44 00 10 7E
 (147.156695)  can0  067   [8]  00 01 8E 03 BD 00 00 00
 (147.157546)  can0  068   [8]  00 8D C7 C2 3C 00 00 00
 (147.176706)  can0  067   [8]  05 D1 00 01 CD 00 01 00
 (147.177552)  can0  068   [8]  05 04 0D 01 2E 0D 01 00
 (147.196547)  can0  067   [8]  11 06 00 00 00 00 29 01
 (147.197484)  can0  068   [8]  11 06 00 00 00 00 29 06
 (147.216704)  can0  067   [8]  0B 6A F1 8E BC 00 00 00
 (147.217538)  can0  068   [8]  0B 6A F1 8E 3C 00 00 00
 (147.276732)  can0  067   [8]  00 23 A7 03 BD 00 00 00
 (147.277548)  can0  068   [8]  00 D1 F9 C2 3C 00 00 00
 (147.296706)  can0  067   [8]  05 20 0B 00 25 0B 00 00
 (147.297566)  can0  068   [8]  05 AE 18 01 AE 17 01 00
 (147.336718)  can0  067   [8]  0B 6A F1 8E BC 00 00 00
 (147.337498)  can0  068   [8]  0B 6A F1 8E 3C 00 00 00
 (147.396704)  can0  067   [8]  00 DF 74 03 BD 00 00 00
 (147.397489)  can0  068   [8]  00 D1 F9 C2 3C 00 00 00
 (147.416724)  can0  067   [8]  05 0B 0B 00 1B 0B 00 00
 (147.417473)  can0  068   [8]  05 A3 18 01 83 18 01 00
 (147.456748)  can0  067   [8]  0B 6A F1 8E BC 00 00 00
 (147.457597)  can0  068   [8]  0B 6A F1 8E 3C 00 00 00
 (147.516732)  can0  067   [8]  00 23 A7 03 BD 00 00 00
 (147.517571)  can0  068   [8]  00 D1 F9 C2 3C 00 00 00
 (147.536722)  can0  067   [8]  05 0A 0B 00 2E 0B 00 00
 (147.537516)  can0  068   [8]  05 AD 18 01 70 18 01 00
 (147.576728)  can0  067   [8]  0B 6A F1 8E BC 00 00 00
 (147.577620)  can0  068   [8]  0B 6A F1 8E 3C 00 00 00
 (147.636747)  can0  067   [8]  00 01 8E 03 BD 00 00 00
 (147.637587)  can0  068   [8]  00 8D C7 C2 3C 00 00 00
 (147.656679)  can0  067   [8]  05 09 0B 00 09 0B 00 00
 (147.657576)  can0  068   [8]  05 B7 18 01 C3 18 01 00
 (147.696686)  can0  067   [8]  0B 6A F1 8E BC 00 00 00
 (147.697552)  can0  068   [8]  0B 6A F1 8E 3C 00 00 00
 (147.756667)  can0  067   [8]  00 DF 74 03 BD 00 00 00
 (147.757413)  can0  068   [8]  00 15 2C C3 3C 00 00 00
 (147.776674)  can0  067   [8]  05 FF 0A 00 19 0A 00 00
 (147.777523)  can0  068   [8]  05 A2 18 01 83 18 01 00
 (147.816694)  can0  067   [8]  0B 6A F1 8E BC 00 00 00
 (147.817538)  can0  068   [8]  0B 6A F1 8E 3C 00 00 00
 (147.876703)  can0  067   [8]  00 DF 74 03 BD 00 00 00
 (147.877549)  can0  068   [8]  00 D1 F9 C2 3C 00 00 00
 (147.896702)  can0  067   [8]  05 FE 0A 00 00 0B 00 00
 (147.897414)  can0  068   [8]  05 AC 18 01 B1 18 01 00
 (147.936714)  can0  067   [8]  0B 6A F1 8E BC 00 00 00
 (147.937563)  can0  068   [8]  0B 6A F1 8E 3C 00 00 00
 (147.996761)  can0  067   [8]  00 01 8E 03 BD 00 00 00
 (147.997489)  can0  068   [8]  00 D1 F9 C2 3C 00 00 00
 (148.016720)  can0  067   [8]  05 FD 0A 00 00 0B 00 00
 (148.017469)  can0  068   [8]  05 A2 18 01 8C 18 01 00
 (148.036721)  can0  067   [8]  12 80 67 00 01 01 00 00
 (148.036743)  can0  067   [8]  0C 02 A1 B6 00 00 70 40
 (148.056694)  can0  067   [8]  0B 6A F1 8E BC 00 00 00
 (148.057515)  can0  068   [8]  0B 6A F1 8E 3C 00 00 00
 (148.097610)  can0  068   [8]  12 80 67 00 01 02 00 07
 (148.116700)  can0  067   [8]  00 DF 74 03 BD 00 00 00
 (148.117517)  can0  068   [8]  00 D1 F9 C2 3C 00 00 00
 (148.117541)  can0  068   [8]  0C 02 A1 A4 00 00 70 10
 (148.136702)  can0  067   [8]  05 FC 0A 00 09 0B 00 00
 (148.137547)  can0  068   [8]  05 AC 18 01 B1 18 01 00
 (148.176694)  can0  067   [8]  0B 6A F1 8E BC 00 00 00
 (148.177543)  can0  068   [8]  0B 6A F1 8E 3C 00 00 00
 (148.196688)  can0  067   [8]  11 06 00 00 00 00 29 01
 (148.197447)  can0  068   [8]  11 06 00 00 00 00 29 06
 (148.236692)  can0  067   [8]  00 45 C0 03 BD 00 00 00
 (148.237562)  can0  068   [8]  00 D1 F9 C2 3C 00 00 00
 (148.256730)  can0  067   [8]  05 FC 0A 00 1B 0B 00 00
 (148.257546)  can0  068   [8]  05 AB 18 01 D6 18 01 00
 (148.296749)  can0  067   [8]  0B 6A F1 8E BC 00 00 00
 (148.297573)  can0  068   [8]  0B 6A F1 8E 3C 00 00 00
 (148.356700)  can0  067   [8]  00 45 C0 03 BD 00 00 00
 (148.357532)  can0  068   [8]  00 8D C7 C2 3C 00 00 00
 (148.376691)  can0  067   [8]  05 05 0B 00 09 0B 00 00
 (148.377515)  can0  068   [8]  05 AB 18 01 DF 18 01 00
 (148.416684)  can0  067   [8]  0B 6A F1 8E BC 00 00 00
 (148.417531)  can0  068   [8]  0B 6A F1 8E 3C 00 00 00
 (148.476701)  can0  067   [8]  00 23 A7 03 BD 00 00 00
 (148.477539)  can0  068   [8]  00 8D C7 C2 3C 00 00 00
 (148.496680)  can0  067   [8]  05 04 0B 00 00 0B 00 00
 (148.497440)  can0  068   [8]  05 A1 18 01 8C 18 01 00
 (148.536676)  can0  067   [8]  0B 6A F1 8E BC 00 00 00
 (148.537531)  can0  068   [8]  0B 6A F1 8E 3C 00 00 00
 (148.596676)  can0  067   [8]  00 01 8E 03 BD 00 00 00
 (148.597543)  can0  068   [8]  00 D1 F9 C2 3C 00 00 00
 (148.616690)  can0  067   [8]  05 0D 0B 00 09 0B 00 00
 (148.617527)  can0  068   [8]  05 AA 18 01 B1 18 01 00
 (148.656717)  can0  067   [8]  0B 6A F1 8E BC 00 00 00
 (148.657415)  can0  068   [8]  0B 6A F1 8E 3C 00 00 00
 (148.716714)  can0  067   [8]  00 23 A7 03 BD 00 00 00
 (148.717572)  can0  068   [8]  00 D1 F9 C2 3C 00 00 00
 (148.736699)  can0  067   [8]  05 03 0B 00 09 0B 00 00
 (148.737560)  can0  068   [8]  05 B4 18 01 9E 18 01 00
 (148.776721)  can0  067   [8]  0B 6A F1 8E BC 00 00 00
 (148.777462)  can0  068   [8]  0B 6A F1 8E 3C 00 00 00
 (148.836713)  can0  067   [8]  00 01 8E 03 BD 00 00 00
 (148.837543)  can0  068   [8]  00 8D C7 C2 3C 00 00 00
 (148.856689)  can0  067   [8]  05 F8 0A 00 EE 0A 00 00
 (148.857547)  can0  068   [8]  05 A0 18 01 F1 18 01 00
 (148.896701)  can0  067   [8]  0B 6A F1 8E BC 00 00 00
 (148.897558)  can0  068   [8]  0B 6A F1 8E 3C 00 00 00
 (148.956681)  can0  067   [8]  00 DF 74 03 BD 00 00 00
 (148.957532)  can0  068   [8]  00 D1 F9 C2 3C 00 00 00
 (148.976699)  can0  067   [8]  05 F7 0A 00 00 0B 00 00
 (148.977450)  can0  068   [8]  05 A9 18 01 A7 18 01 00
 (149.016674)  can0  067   [8]  0B 6A F1 8E BC 00 00 00
 (149.017553)  can0  068   [8]  0B 6A F1 8E 3C 00 00 00
 (149.036651)  can0  067   [8]  12 80 67 00 01 01 00 00
 (149.036671)  can0  067   [8]  0C 02 A1 B6 00 00 80 40
 (149.076601)  can0  067   [8]  00 DF 74 03 BD 00 00 00
 (149.077556)  can0  068   [8]  00 8D C7 C2 3C 00 00 00
 (149.096681)  can0  067   [8]  05 F6 0A 00 00 0B 00 00
 (149.097543)  can0  068   [8]  05 A9 18 01 D6 18 01 00
 (149.097565)  can0  068   [8]  12 80 67 00 01 02 00 07
 (149.117580)  can0  068   [8]  0C 02 A1 A4 00 00 60 10
 (149.136671)  can0  067   [8]  0B 6A F1 8E BC 00 00 00
 (149.137543)  can0  068   [8]  0B 6A F1 8E 3C 00 00 00
 (149.196674)  can0  067   [8]  00 23 A7 03 BD 00 00 00
 (149.196693)  can0  067   [8]  11 06 00 00 00 00 29 01
 (149.197548)  can0  068   [8]  00 15 2C C3 3C 00 00 00
 (149.197570)  can0  068   [8]  11 06 00 00 00 00 29 06
 (149.216691)  can0  067   [8]  05 F6 0A 00 E4 0A 00 00
 (149.217540)  can0  068   [8]  05 9F 18 01 95 18 01 00
 (149.256703)  can0  067   [8]  0B 6A F1 8E BC 00 00 00
 (149.257550)  can0  068   [8]  0B 6A F1 8E 3C 00 00 00
 (149.316708)  can0  067   [8]  00 23 A7 03 BD 00 00 00
 (149.317560)  can0  068   [8]  00 15 2C C3 3C 00 00 00
 (149.336717)  can0  067   [8]  05 F5 0A 00 F7 0A 00 00
 (149.337557)  can0  068   [8]  05 A8 18 01 20 19 01 00
 (149.376671)  can0  067   [8]  0B 6A F1 8E BC 00 00 00
 (149.377555)  can0  068   [8]  0B 6A F1 8E 3C 00 00 00
 (149.436651)  can0  067   [8]  00 23 A7 03 BD 00 00 00
 (149.437562)  can0  068   [8]  00 D1 F9 C2 3C 00 00 00
 (149.456689)  can0  067   [8]  05 FE 0A 00 00 0B 00 00
 (149.457539)  can0  068   [8]  05 9E 18 01 79 18 01 00
 (149.496701)  can0  067   [8]  0B 6A F1 8E BC 00 00 00
 (149.497571)  can0  068   [8]  0B 6A F1 8E 3C 00 00 00
 (149.556672)  can0  067   [8]  00 01 8E 03 BD 00 00 00
 (149.557618)  can0  068   [8]  00 D1 F9 C2 3C 00 00 00
 (149.576693)  can0  067   [8]  05 FE 0A 00 F7 0A 00 00
 (149.577577)  can0  068   [8]  05 A8 18 01 BA 18 01 00
 (149.616699)  can0  067   [8]  0B 6A F1 8E BC 00 00 00
 (149.617537)  can0  068   [8]  0B 6A F1 8E 3C 00 00 00
 (149.676667)  can0  067   [8]  00 23 A7 03 BD 00 00 00
 (149.677580)  can0  068   [8]  00 D1 F9 C2 3C 00 00 00
 (149.696663)  can0  067   [8]  05 FD 0A 00 09 0B 00 00
 (149.697461)  can0  068   [8]  05 9D 18 01 C2 1B 01 00
 (149.736680)  can0  067   [8]  0B 6A F1 8E BC 00 00 00
 (149.737522)  can0  068   [8]  0B 6A F1 8E 3C 00 00 00
 (149.796689)  can0  067   [8]  00 23 A7 03 BD 00 00 00
 (149.797407)  can0  068   [8]  00 D1 F9 C2 3C 00 00 00
 (149.816684)  can0  067   [8]  05 F2 0A 00 13 0B 00 00
 (149.817549)  can0  068   [8]  05 A7 18 01 EF 17 01 00
 (149.856699)  can0  067   [8]  0B 6A F1 8E BC 00 00 00
 (149.857533)  can0  068   [8]  0B 6A F1 8E 3C 00 00 00
 (149.916686)  can0  067   [8]  00 BD 5B 03 BD 00 00 00
 (149.917504)  can0  068   [8]  00 15 2C C3 3C 00 00 00
 (149.936674)  can0  067   [8]  05 05 0B 00 09 0B 00 00
 (149.937420)  can0  068   [8]  05 A7 18 01 A7 18 01 00
 (149.976706)  can0  067   [8]  0B 6A F1 8E BC 00 00 00
 (149.977519)  can0  068   [8]  0B 6A F1 8E 3C 00 00 00
 (150.036694)  can0  067   [8]  00 01 8E 03 BD 00 00 00
 (150.036713)  can0  067   [8]  12 80 67 00 01 01 00 00
 (150.036714)  can0  067   [8]  0C 02 A1 B6 00 00 70 40
 (150.037530)  can0  068   [8]  00 D1 F9 C2 3C 00 00 00
 (150.056685)  can0  067   [8]  05 F1 0A 00 E4 0A 00 00
 (150.057532)  can0  068   [8]  05 A6 18 01 83 18 01 00
 (150.096687)  can0  067   [8]  0B 6A F1 8E BC 00 00 00
 (150.097570)  can0  068   [8]  0B 6A F1 8E 3C 00 00 00
 (150.097593)  can0  068   [8]  12 80 67 00 01 02 00 07
 (150.117564)  can0  068   [8]  0C 02 A1 A4 00 00 70 10
 (150.156667)  can0  067   [8]  00 01 8E 03 BD 00 00 00
 (150.157514)  can0  068   [8]  00 15 2C C3 3C 00 00 00
 (150.176667)  can0  067   [8]  05 FA 0A 00 F7 0A 00 00
 (150.177521)  can0  068   [8]  05 9C 18 01 79 18 01 00
 (150.193734)  can0  064   [8]  67 01 92 0A 86 BF 06 00
 (150.196042)  can0  064   [8]  68 01 92 0A 86 3F 06 00
 (150.196616)  can0  067   [8]  11 06 00 00 00 00 09 01
 (150.197451)  can0  068   [8]  11 06 00 00 00 00 09 06
 (150.216646)  can0  067   [8]  0B 67 D9 03 BD 00 00 00
 (150.217447)  can0  068   [8]  0B D1 F9 C2 3C 00 00 00
 (150.276693)  can0  067   [8]  00 30 E9 05 BD 00 00 00
 (150.277461)  can0  068   [8]  00 9D 90 C3 3C 00 00 00
 (150.296643)  can0  067   [8]  05 9F 2E 00 6F 2E 00 00
 (150.297532)  can0  068   [8]  05 37 2F 01 8E 2E 01 00
 (150.336656)  can0  067   [8]  0B 11 57 04 BD 00 00 00
 (150.337526)  can0  068   [8]  0B 25 F5 C3 3C 00 00 00
 (150.396662)  can0  067   [8]  00 61 44 08 BD 00 00 00
 (150.397543)  can0  068   [8]  00 D1 F9 C2 3C 00 00 00
 (150.416658)  can0  067   [8]  05 D3 2E 00 F2 2E 00 00
 (150.417556)  can0  068   [8]  05 7B 30 01 67 30 01 00
 (150.456681)  can0  067   [8]  0B 0D 49 07 BD 00 00 00
 (150.457542)  can0  068   [8]  0B 1D D9 C9 3C 00 00 00
 (150.516687)  can0  067   [8]  00 A3 EF 09 BD 00 00 00
 (150.517558)  can0  068   [8]  00 F1 8B C4 3C 00 00 00
 (150.536690)  can0  067   [8]  05 10 31 00 04 31 00 00
 (150.537469)  can0  068   [8]  05 27 33 01 13 34 01 00
 (150.576693)  can0  067   [8]  0B 04 A6 0E BD 00 00 00
 (150.577463)  can0  068   [8]  0B C6 60 D8 3C 00 00 00
 (150.636679)  can0  067   [8]  00 0A 3B 0A BD 00 00 00
 (150.637533)  can0  068   [8]  00 69 27 C4 3C 00 00 00
 (150.656637)  can0  067   [8]  05 7D 35 00 73 35 00 00
 (150.657534)  can0  068   [8]  05 3F 38 01 39 38 01 00
 (150.696668)  can0  067   [8]  0B 9C 64 1C BD 00 00 00
 (150.697562)  can0  068   [8]  0B 3C 10 F4 3C 00 00 00
 (150.756708)  can0  067   [8]  00 D3 4A 0C BD 00 00 00
 (150.757523)  can0  068   [8]  00 89 B9 C5 3C 00 00 00
 (150.776676)  can0  067   [8]  05 6E 3D 00 13 3C 00 00
 (150.777570)  can0  068   [8]  05 3B 40 01 49 40 01 00
 (150.816685)  can0  067   [8]  0B A2 94 32 BD 00 00 00
 (150.817516)  can0  068   [8]  0B 45 51 10 3D 00 00 00
 (150.876699)  can0  067   [8]  00 8D C7 42 BD 00 00 00
 (150.877568)  can0  068   [8]  00 42 43 13 3D 00 00 00
 (150.896656)  can0  067   [8]  05 1B 25 00 1F 23 00 00
 (150.897452)  can0  068   [8]  05 A2 1F 01 C4 21 01 00
 (150.936657)  can0  067   [8]  0B 22 78 53 BD 00 00 00
 (150.937546)  can0  068   [8]  0B 81 02 31 3D 00 00 00
 (150.996665)  can0  067   [8]  00 49 64 94 BD 00 00 00
 (150.997496)  can0  068   [8]  00 FB F3 80 3D 00 00 00
 (151.016657)  can0  067   [8]  05 90 1A 00 5A 1A 00 00
 (151.017412)  can0  068   [8]  05 A4 1C 01 81 1C 01 00
 (151.036662)  can0  067   [8]  12 80 67 00 01 01 00 00
 (151.036680)  can0  067   [8]  0C 02 A1 89 3F 00 50 7E
 (151.056671)  can0  067   [8]  0B FB F5 7E BD 00 00 00
 (151.057515)  can0  068   [8]  0B 04 FE 5C 3D 00 00 00
 (151.097574)  can0  068   [8]  12 80 67 00 01 02 00 07
 (151.116668)  can0  067   [8]  00 DD 83 98 BD 00 00 00
 (151.117567)  can0  068   [8]  00 69 60 82 3D 00 00 00
 (151.117590)  can0  068   [8]  0C 02 A1 9B 41 00 50 7E
 (151.136657)  can0  067   [8]  05 CA 29 00 A3 29 00 00
 (151.137569)  can0  068   [8]  05 50 2D 01 1E 2D 01 00
 (151.176662)  can0  067   [8]  0B 2F F8 9A BD 00 00 00
 (151.177533)  can0  068   [8]  0B 79 2E 8A 3D 00 00 00
 (151.196504)  can0  067   [8]  11 06 00 00 00 00 09 01
 (151.197443)  can0  068   [8]  11 06 00 00 00 00 09 06
 (151.236646)  can0  067   [8]  00 0D 10 C9 BD 00 00 00
 (151.237525)  can0  068   [8]  00 BE 18 B7 3D 00 00 00
 (151.256672)  can0  067   [8]  05 DE 18 00 1E 19 00 00
 (151.257534)  can0  068   [8]  05 DD 19 01 3F 1A 01 00
 (151.296671)  can0  067   [8]  0B 84 1A BC BD 00 00 00
 (151.297526)  can0  068   [8]  0B 11 83 AB 3D 00 00 00
 (151.356648)  can0  067   [8]  00 47 A9 DE BD 00 00 00
 (151.357530)  can0  068   [8]  00 00 5A CC 3D 00 00 00
 (151.376646)  can0  067   [8]  05 77 26 00 94 23 00 00
 (151.377542)  can0  068   [8]  05 C0 28 01 20 2A 01 00
 (151.416621)  can0  067   [8]  0B 6C D5 E2 BD 00 00 00
 (151.417557)  can0  068   [8]  0B CE 7C D2 3D 00 00 00
 (151.476660)  can0  067   [8]  00 5A E9 09 BE 00 00 00
 (151.477536)  can0  068   [8]  00 9A 7C 00 3E 00 00 00
 (151.496684)  can0  067   [8]  05 E1 17 00 83 18 00 00
 (151.497542)  can0  068   [8]  05 B9 1A 01 44 1B 01 00
 (151.536701)  can0  067   [8]  0B 73 94 07 BE 00 00 00
 (151.537548)  can0  068   [8]  0B AE 1B FF 3D 00 00 00
 (151.596706)  can0  067   [8]  00 AC 67 1A BE 00 00 00
 (151.597564)  can0  068   [8]  00 3C A9 10 3E 00 00 00
 (151.616654)  can0  067   [8]  05 05 29 00 F5 29 00 00
 (151.617504)  can0  068   [8]  05 89 2C 01 F6 2C 01 00
 (151.656681)  can0  067   [8]  0B 9F 77 20 BE 00 00 00
 (151.657546)  can0  068   [8]  0B FF 9C 18 3E 00 00 00
 (151.716688)  can0  067   [8]  00 40 E8 3B BE 00 00 00
 (151.717402)  can0  068   [8]  00 51 E6 32 3E 00 00 00
 (151.736672)  can0  067   [8]  05 F9 1A 00 B1 1A 00 00
 (151.737541)  can0  068   [8]  05 0C 1D 01 01 1E 01 00
 (151.776679)  can0  067   [8]  0B 92 96 3B BE 00 00 00
 (151.777539)  can0  068   [8]  0B 7E F4 33 3E 00 00 00
 (151.836666)  can0  067   [8]  00 1D 18 4E BE 00 00 00
 (151.837447)  can0  068   [8]  00 B4 7A 45 3E 00 00 00
 (151.856624)  can0  067   [8]  05 CB 23 00 7C 23 00 00
 (151.857447)  can0  068   [8]  05 DF 25 01 DB 25 01 00
 (151.896648)  can0  067   [8]  0B 31 80 58 BE 00 00 00
 (151.897545)  can0  068   [8]  0B A9 16 51 3E 00 00 00
 (151.956615)  can0  067   [8]  00 40 58 6E BE 00 00 00
 (151.957577)  can0  068   [8]  00 9C 30 65 3E 00 00 00
 (151.976666)  can0  067   [8]  05 EE 26 00 D4 25 00 00
 (151.977446)  can0  068   [8]  05 BC 28 01 94 27 01 00
 (152.016667)  can0  067   [8]  0B 42 AA 76 BE 00 00 00
 (152.017548)  can0  068   [8]  0B 46 79 6F 3E 00 00 00
 (152.036657)  can0  067   [8]  12 80 67 00 01 01 00 00
 (152.036678)  can0  067   [8]  0C 02 A1 9B FF 00 00 7E
 (152.076659)  can0  067   [8]  00 CE 4D 88 BE 00 00 00
 (152.077549)  can0  068   [8]  00 AF DF 83 3E 00 00 00
 (152.096653)  can0  067   [8]  05 7E 20 00 E4 1F 00 00
 (152.097553)  can0  068   [8]  05 6C 24 01 4A 24 01 00
 (152.097575)  can0  068   [8]  12 80 67 00 01 02 00 07
 (152.117548)  can0  068   [8]  0C 02 A1 B6 FF 00 00 7E
 (152.136640)  can0  067   [8]  0B 69 C8 8A BE 00 00 00
 (152.137540)  can0  068   [8]  0B 7A 52 87 3E 00 00 00
 (152.196661)  can0  067   [8]  00 03 71 98 BE 00 00 00
 (152.196685)  can0  067   [8]  11 06 00 00 00 00 09 01
 (152.197579)  can0  068   [8]  00 EA D6 93 3E 00 00 00
 (152.197605)  can0  068   [8]  11 06 00 00 00 00 09 06
 (152.216640)  can0  067   [8]  05 D1 1A 00 9D 1A 00 00
 (152.217559)  can0  068   [8]  05 6D 1E 01 7E 1E 01 00
 (152.256678)  can0  067   [8]  0B CE 80 9A BE 00 00 00
 (152.257547)  can0  068   [8]  0B 4A 2A 97 3E 00 00 00
 (152.316643)  can0  067   [8]  00 51 DC A4 BE 00 00 00
 (152.317386)  can0  068   [8]  00 DF D5 A0 3E 00 00 00
 (152.336666)  can0  067   [8]  05 10 1E 00 A1 1D 00 00
 (152.337512)  can0  068   [8]  05 AE 21 01 A0 21 01 00
 (152.376697)  can0  067   [8]  0B 39 F7 A9 BE 00 00 00
 (152.377407)  can0  068   [8]  0B 20 C0 A6 3E 00 00 00
 (152.436690)  can0  067   [8]  00 BB 68 B4 BE 00 00 00
 (152.437512)  can0  068   [8]  00 94 52 B0 3E 00 00 00
 (152.456664)  can0  067   [8]  05 C4 25 00 2E 25 00 00
 (152.457381)  can0  068   [8]  05 72 28 01 A5 29 01 00
 (152.496658)  can0  067   [8]  0B 10 8D B9 BE 00 00 00
 (152.497503)  can0  068   [8]  0B 86 78 B6 3E 00 00 00
 (152.556692)  can0  067   [8]  00 12 1E C6 BE 00 00 00
 (152.557497)  can0  068   [8]  00 F7 83 C1 3E 00 00 00
 (152.576652)  can0  067   [8]  05 E3 20 00 75 20 00 00
 (152.577401)  can0  068   [8]  05 E4 25 01 36 25 01 00
 (152.616671)  can0  067   [8]  0B 0B 26 C9 BE 00 00 00
 (152.617517)  can0  068   [8]  0B EB 30 C6 3E 00 00 00
 (152.676704)  can0  067   [8]  00 EA 00 D7 BE 00 00 00
 (152.677563)  can0  068   [8]  00 34 C8 D2 3E 00 00 00
 (152.696660)  can0  067   [8]  05 1E 1A 00 CB 19 00 00
 (152.697508)  can0  068   [8]  05 94 1E 01 71 1E 01 00
 (152.736672)  can0  067   [8]  0B E1 BB D8 BE 00 00 00
 (152.737532)  can0  068   [8]  0B 4F E9 D5 3E 00 00 00
 (152.796663)  can0  067   [8]  00 B9 75 E5 BE 00 00 00
 (152.797548)  can0  068   [8]  00 6E 5C E1 3E 00 00 00
 (152.816674)  can0  067   [8]  05 0F 17 00 4C 15 00 00
 (152.817415)  can0  068   [8]  05 6F 1C 01 49 1C 01 00
 (152.856678)  can0  067   [8]  0B DC 54 E8 BE 00 00 00
 (152.857422)  can0  068   [8]  0B B5 A1 E5 3E 00 00 00
 (152.916675)  can0  067   [8]  00 63 9A F2 BE 00 00 00
 (152.917398)  can0  068   [8]  00 12 AD EE 3E 00 00 00
 (152.936652)  can0  067   [8]  05 6E 20 00 88 1F 00 00
 (152.937521)  can0  068   [8]  05 08 24 01 5D 23 01 00
 (152.976625)  can0  067   [8]  0B B3 EA F7 BE 00 00 00
 (152.977512)  can0  068   [8]  0B 1A 5A F5 3E 00 00 00
 (153.036686)  can0  067   [8]  00 52 CE 01 BF 00 00 00
 (153.036704)  can0  067   [8]  12 80 67 00 01 01 00 00
 (153.036705)  can0  067   [8]  0C 02 A1 A4 FF 00 00 7E
 (153.037512)  can0  068   [8]  00 A5 73 FF 3E 00 00 00
 (153.056648)  can0  067   [8]  05 DF 20 00 8A 20 00 00
 (153.057439)  can0  068   [8]  05 FD 24 01 16 24 01 00
 (153.096589)  can0  067   [8]  0B 45 C0 03 BF 00 00 00
 (153.097537)  can0  068   [8]  0B 40 89 02 3F 00 00 00
 (153.097560)  can0  068   [8]  12 80 67 00 01 02 00 07
 (153.117535)  can0  068   [8]  0C 02 A1 A4 FF 00 00 7E
 (153.156529)  can0  067   [8]  00 DB 9A 0A BF 00 00 00
 (153.157415)  can0  068   [8]  00 35 8E 08 3F 00 00 00
 (153.176639)  can0  067   [8]  05 2B 1A 00 DA 19 00 00
 (153.177511)  can0  068   [8]  05 BD 20 01 1B 20 01 00
 (153.196637)  can0  067   [8]  11 06 00 00 00 00 09 01
 (153.197513)  can0  068   [8]  11 06 00 00 00 00 09 06
 (153.216651)  can0  067   [8]  0B C2 8C 0B BF 00 00 00
 (153.217522)  can0  068   [8]  0B 73 65 0A 3F 00 00 00
 (153.276662)  can0  067   [8]  00 9A AF 12 BF 00 00 00
 (153.277541)  can0  068   [8]  00 1D 7A 10 3F 00 00 00
 (153.296659)  can0  067   [8]  05 FA 14 00 91 14 00 00
 (153.297530)  can0  068   [8]  05 B8 1A 01 EF 1A 01 00
 (153.336623)  can0  067   [8]  0B AE 57 13 BF 00 00 00
 (153.337513)  can0  068   [8]  0B 13 40 12 3F 00 00 00
 (153.396639)  can0  067   [8]  00 D0 FC 18 BF 00 00 00
 (153.397529)  can0  068   [8]  00 B6 33 17 3F 00 00 00
 (153.416640)  can0  067   [8]  05 F2 16 00 F7 16 00 00
 (153.417409)  can0  068   [8]  05 20 1D 01 D9 1C 01 00
 (153.456650)  can0  067   [8]  0B 2B 24 1B BF 00 00 00
 (153.457553)  can0  068   [8]  0B 46 1C 1A 3F 00 00 00
 (153.516681)  can0  067   [8]  00 51 A8 20 BF 00 00 00
 (153.517573)  can0  068   [8]  00 83 C4 1E 3F 00 00 00
 (153.536665)  can0  067   [8]  05 8A 1F 00 BA 1D 00 00
 (153.537561)  can0  068   [8]  05 29 25 01 E7 24 01 00
 (153.576608)  can0  067   [8]  0B 5E 00 23 BF 00 00 00
 (153.577525)  can0  068   [8]  0B C0 09 22 3F 00 00 00
 (153.636708)  can0  067   [8]  00 6D 60 29 BF 00 00 00
 (153.637572)  can0  068   [8]  00 35 5D 27 3F 00 00 00
 (153.656671)  can0  067   [8]  05 E4 1A 00 FE 19 00 00
 (153.657576)  can0  068   [8]  05 B5 21 01 1E 21 01 00
 (153.696671)  can0  067   [8]  0B 02 BA 2A BF 00 00 00
 (153.697563)  can0  068   [8]  0B AA D4 29 3F 00 00 00
 (153.756689)  can0  067   [8]  00 FC EA 31 BF 00 00 00
 (153.757566)  can0  068   [8]  00 2E 07 30 3F 00 00 00
 (153.776681)  can0  067   [8]  05 1F 14 00 CE 13 00 00
 (153.777392)  can0  068   [8]  05 B3 1A 01 C0 1A 01 00
 (153.816673)  can0  067   [8]  0B 7F 86 32 BF 00 00 00
 (153.817572)  can0  068   [8]  0B DD B0 31 3F 00 00 00
 (153.876677)  can0  067   [8]  00 3E 2D 39 BF 00 00 00
 (153.877448)  can0  068   [8]  00 98 2B 37 3F 00 00 00
 (153.896659)  can0  067   [8]  05 0C 10 00 F4 0F 00 00
 (153.897381)  can0  068   [8]  05 42 18 01 2E 18 01 00
 (153.936676)  can0  067   [8]  0B 6A 51 3A BF 00 00 00
 (153.937509)  can0  068   [8]  0B 10 8D 39 3F 00 00 00
 (153.996646)  can0  067   [8]  00 73 90 3F BF 00 00 00
 (153.997504)  can0  068   [8]  00 0D D7 3D 3F 00 00 00
 (154.016615)  can0  067   [8]  05 C9 19 00 FC 18 00 00
 (154.017510)  can0  068   [8]  05 17 20 01 4B 20 01 00
 (154.036625)  can0  067   [8]  12 80 67 00 01 01 00 00
 (154.036646)  can0  067   [8]  0C 02 A1 89 FF 00 00 7E
 (154.056674)  can0  067   [8]  0B E8 1D 42 BF 00 00 00
 (154.057516)  can0  068   [8]  0B 43 69 41 3F 00 00 00
 (154.097591)  can0  068   [8]  12 80 67 00 01 02 00 07
 (154.116633)  can0  067   [8]  00 25 29 48 BF 00 00 00
 (154.117523)  can0  068   [8]  00 9F 4B 46 3F 00 00 00
 (154.117547)  can0  068   [8]  0C 02 A1 92 FF 00 00 7E
 (154.136608)  can0  067   [8]  05 1B 1A 00 4B 19 00 00
 (154.137563)  can0  068   [8]  05 3F 21 01 5B 21 01 00
 (154.176673)  can0  067   [8]  0B D2 E8 49 BF 00 00 00
 (154.177392)  can0  068   [8]  0B 75 45 49 3F 00 00 00
 (154.196679)  can0  067   [8]  11 06 00 00 00 00 09 01
 (154.197564)  can0  068   [8]  11 06 00 00 00 00 09 06
 (154.236673)  can0  067   [8]  00 8D C6 50 BF 00 00 00
 (154.237562)  can0  068   [8]  00 70 13 4F 3F 00 00 00
 (154.256583)  can0  067   [8]  05 15 14 00 90 13 00 00
 (154.257424)  can0  068   [8]  05 65 1B 01 5D 1B 01 00
 (154.296628)  can0  067   [8]  0B 99 B0 51 BF 00 00 00
 (154.297304)  can0  068   [8]  0B 84 1E 51 3F 00 00 00
 (154.356638)  can0  067   [8]  00 2C AC 58 BF 00 00 00
 (154.357535)  can0  068   [8]  00 7F EC 56 3F 00 00 00
 (154.376626)  can0  067   [8]  05 AA 0D 00 73 0D 00 00
 (154.377393)  can0  068   [8]  05 C4 14 01 F5 14 01 00
 (154.416637)  can0  067   [8]  0B AC 5D 59 BF 00 00 00
 (154.417515)  can0  068   [8]  0B 4C DB 58 3F 00 00 00
 (154.476604)  can0  067   [8]  00 4E 67 5E BF 00 00 00
 (154.477526)  can0  068   [8]  00 4E F9 5C 3F 00 00 00
 (154.496628)  can0  067   [8]  05 B7 12 00 86 12 00 00
 (154.497518)  can0  068   [8]  05 0A 1A 01 23 1A 01 00
 (154.536635)  can0  067   [8]  0B 0E CF 60 BF 00 00 00
 (154.537520)  can0  068   [8]  0B F5 5D 60 3F 00 00 00
 (154.596666)  can0  067   [8]  00 15 2F 66 BF 00 00 00
 (154.597528)  can0  068   [8]  00 40 82 64 3F 00 00 00
 (154.616636)  can0  067   [8]  05 77 16 00 41 16 00 00
 (154.617537)  can0  068   [8]  05 BE 1E 01 06 1D 01 00
 (154.656642)  can0  067   [8]  0B 55 E5 67 BF 00 00 00
 (154.657542)  can0  068   [8]  0B F2 83 67 3F 00 00 00
 (154.716602)  can0  067   [8]  00 1D 4A 6E BF 00 00 00
 (154.717519)  can0  068   [8]  00 D2 EB 6C 3F 00 00 00
 (154.736624)  can0  067   [8]  05 19 0E 00 38 0E 00 00
 (154.737433)  can0  068   [8]  05 2E 14 01 A2 13 01 00
 (154.776621)  can0  067   [8]  0B F3 7D 6E BF 00 00 00
 (154.777510)  can0  068   [8]  0B 44 2C 6E 3F 00 00 00
 (154.836639)  can0  067   [8]  00 2D 3C 73 BF 00 00 00
 (154.837532)  can0  068   [8]  00 0C B5 71 3F 00 00 00
 (154.856660)  can0  067   [8]  05 93 0B 00 B8 0B 00 00
 (154.857534)  can0  068   [8]  05 99 13 01 EA 13 01 00
 (154.896646)  can0  067   [8]  0B 0B 86 74 BF 00 00 00
 (154.897412)  can0  068   [8]  0B 12 44 74 3F 00 00 00
 (154.956658)  can0  067   [8]  00 06 F1 78 BF 00 00 00
 (154.957408)  can0  068   [8]  00 FB F0 77 3F 00 00 00
 (154.976637)  can0  067   [8]  05 CB 12 00 F5 13 00 00
 (154.977408)  can0  068   [8]  05 19 19 01 5C 19 01 00
 (155.016600)  can0  067   [8]  0B 14 C5 79 BF 00 00 00
 (155.017519)  can0  068   [8]  0B AC 8F 79 3F 00 00 00
 (155.036632)  can0  067   [8]  12 80 67 00 01 01 00 00
 (155.036651)  can0  067   [8]  0C 02 A1 AD FF 00 00 7E
 (155.076640)  can0  067   [8]  00 5E 62 7F BF 00 00 00
 (155.077527)  can0  068   [8]  00 CD E7 7D 3F 00 00 00
 (155.096632)  can0  067   [8]  05 F5 04 00 B8 04 00 00
 (155.097437)  can0  068   [8]  05 2C 0C 01 FE 0B 01 00
 (155.097451)  can0  068   [8]  12 80 67 00 01 02 00 07
 (155.117430)  can0  068   [8]  0C 02 A1 89 FF 00 00 7E
 (155.136595)  can0  067   [8]  0B 0B 5C 7E BF 00 00 00
 (155.137528)  can0  068   [8]  0B 34 33 7E 3F 00 00 00
 (155.196569)  can0  067   [8]  00 F8 14 81 BF 00 00 00
 (155.196594)  can0  067   [8]  11 06 00 00 00 00 09 01
 (155.197456)  can0  068   [8]  00 BA AB 80 3F 00 00 00
 (155.197478)  can0  068   [8]  11 06 00 00 00 00 09 06
 (155.216583)  can0  067   [8]  05 BB 0F 00 71 10 00 00
 (155.217505)  can0  068   [8]  05 E9 15 01 B6 15 01 00
 (155.256606)  can0  067   [8]  0B F7 1F 81 BF 00 00 00
 (155.257509)  can0  068   [8]  0B 41 10 81 3F 00 00 00
 (155.316636)  can0  067   [8]  00 8D 1A 83 BF 00 00 00
 (155.317545)  can0  068   [8]  00 06 AB 82 3F 00 00 00
 (155.336650)  can0  067   [8]  05 86 09 00 EC 09 00 00
 (155.337404)  can0  068   [8]  05 11 0E 01 C3 0E 01 00
 (155.376621)  can0  067   [8]  0B 60 B8 82 BF 00 00 00
 (155.377499)  can0  068   [8]  0B 98 AC 82 3F 00 00 00
 (155.436570)  can0  067   [8]  00 53 94 84 BF 00 00 00
 (155.437503)  can0  068   [8]  00 58 68 84 3F 00 00 00
 (155.456590)  can0  067   [8]  05 2F 0C 00 18 0C 00 00
 (155.457509)  can0  068   [8]  05 04 0F 01 E5 0E 01 00
 (155.496644)  can0  067   [8]  0B 76 F6 83 BF 00 00 00
 (155.497543)  can0  068   [8]  0B 9B EE 83 3F 00 00 00
 (155.556662)  can0  067   [8]  00 8C EB 85 BF 00 00 00
 (155.557546)  can0  068   [8]  00 74 6F 85 3F 00 00 00
 (155.576647)  can0  067   [8]  05 27 08 00 4B 09 00 00
 (155.577548)  can0  068   [8]  05 90 0D 01 AE 0D 01 00
 (155.616520)  can0  067   [8]  0B CC DB 84 BF 00 00 00
 (155.617473)  can0  068   [8]  0B 16 D7 84 3F 00 00 00
 (155.676626)  can0  067   [8]  00 1F 99 86 BF 00 00 00
 (155.677560)  can0  068   [8]  00 E1 2F 86 3F 00 00 00
 (155.696621)  can0  067   [8]  05 9F 08 00 92 08 00 00
 (155.697412)  can0  068   [8]  05 5B 0D 01 17 0D 01 00
 (155.736624)  can0  067   [8]  0B 61 73 85 BF 00 00 00
 (155.737516)  can0  068   [8]  0B 06 71 85 3F 00 00 00
 (155.796624)  can0  067   [8]  00 47 27 87 BF 00 00 00
 (155.797530)  can0  068   [8]  00 CE EA 86 3F 00 00 00
 (155.816606)  can0  067   [8]  05 29 08 00 0A 08 00 00
 (155.817510)  can0  068   [8]  05 97 0A 01 70 0A 01 00
 (155.856609)  can0  067   [8]  0B EA CC 85 BF 00 00 00
 (155.857520)  can0  068   [8]  0B 21 CC 85 3F 00 00 00
 (155.916629)  can0  067   [8]  00 AC 7D 87 BF 00 00 00
 (155.917363)  can0  068   [8]  00 20 45 87 3F 00 00 00
 (155.936609)  can0  067   [8]  05 12 07 00 82 07 00 00
 (155.937520)  can0  068   [8]  05 2E 0A 01 5B 0A 01 00
 (155.976614)  can0  067   [8]  0B AF F9 85 BF 00 00 00
 (155.977530)  can0  068   [8]  0B E6 F8 85 3F 00 00 00
 (156.036615)  can0  067   [8]  00 CE 96 87 BF 00 00 00
 (156.036634)  can0  067   [8]  12 80 67 00 01 01 00 00
 (156.036636)  can0  067   [8]  0C 02 A1 A4 73 00 00 7E
 (156.037497)  can0  068   [8]  00 B1 51 87 3F 00 00 00
 (156.056606)  can0  067   [8]  05 29 08 00 26 08 00 00
 (156.057489)  can0  068   [8]  05 C1 0B 01 B1 0B 01 00
 (156.096618)  can0  067   [8]  0B 9C 08 86 BF 00 00 00
 (156.097513)  can0  068   [8]  0B 9C 08 86 3F 00 00 00
 (156.097536)  can0  068   [8]  12 80 67 00 01 02 00 07
 (156.117530)  can0  068   [8]  0C 02 A1 AD 5F 00 10 7E
 (156.156604)  can0  067   [8]  00 38 C1 87 BF 00 00 00
 (156.157509)  can0  068   [8]  00 E7 5B 87 3F 00 00 00
 (156.176615)  can0  067   [8]  05 CE 06 00 78 05 00 00
 (156.177387)  can0  068   [8]  05 AD 0B 01 0F 0B 01 00
 (156.196621)  can0  067   [8]  11 06 00 00 00 00 29 01
 (156.197510)  can0  068   [8]  11 06 00 00 00 00 29 06
 (156.216611)  can0  067   [8]  0B 2E 0A 86 BF 00 00 00
 (156.217412)  can0  068   [8]  0B 2E 0A 86 3F 00 00 00
 (156.276623)  can0  067   [8]  00 01 C2 87 BF 00 00 00
 (156.277507)  can0  068   [8]  00 9D 60 87 3F 00 00 00
 (156.296611)  can0  067   [8]  05 CB 04 01 2F 05 01 00
 (156.297533)  can0  068   [8]  05 2B 00 01 30 00 01 00
 (156.336617)  can0  067   [8]  0B 2E 0A 86 BF 00 00 00
 (156.337347)  can0  068   [8]  0B 2E 0A 86 3F 00 00 00
 (156.396651)  can0  067   [8]  00 38 C1 87 BF 00 00 00
 (156.397560)  can0  068   [8]  00 D4 5F 87 3F 00 00 00
 (156.416651)  can0  067   [8]  05 CC 04 01 C0 04 01 00
 (156.417553)  can0  068   [8]  05 34 00 01 39 00 01 00
 (156.456638)  can0  067   [8]  0B 2E 0A 86 BF 00 00 00
 (156.457541)  can0  068   [8]  0B 2E 0A 86 3F 00 00 00
 (156.516636)  can0  067   [8]  00 01 C2 87 BF 00 00 00
 (156.517556)  can0  068   [8]  00 D4 5F 87 3F 00 00 00
 (156.536594)  can0  067   [8]  05 C2 04 01 A5 04 01 00
 (156.537526)  can0  068   [8]  05 34 00 01 30 00 01 00
 (156.576627)  can0  067   [8]  0B 2E 0A 86 BF 00 00 00
 (156.577508)  can0  068   [8]  0B 2E 0A 86 3F 00 00 00
 (156.636590)  can0  067   [8]  00 01 C2 87 BF 00 00 00
 (156.637358)  can0  068   [8]  00 9D 60 87 3F 00 00 00
 (156.656599)  can0  067   [8]  05 C3 04 01 AE 04 01 00
 (156.657365)  can0  068   [8]  05 33 00 01 30 00 01 00
 (156.696615)  can0  067   [8]  0B 2E 0A 86 BF 00 00 00
 (156.697504)  can0  068   [8]  0B 2E 0A 86 3F 00 00 00
 (156.756616)  can0  067   [8]  00 01 C2 87 BF 00 00 00
 (156.757493)  can0  068   [8]  00 9D 60 87 3F 00 00 00
 (156.776612)  can0  067   [8]  05 C4 04 01 76 04 01 00
 (156.777506)  can0  068   [8]  05 29 00 01 1D 00 01 00
 (156.816529)  can0  067   [8]  0B 2E 0A 86 BF 00 00 00
 (156.817546)  can0  068   [8]  0B 2E 0A 86 3F 00 00 00
 (156.876662)  can0  067   [8]  00 38 C1 87 BF 00 00 00
 (156.877566)  can0  068   [8]  00 D4 5F 87 3F 00 00 00
 (156.896659)  can0  067   [8]  05 C5 04 01 6D 04 01 00
 (156.897559)  can0  068   [8]  05 32 00 01 42 00 01 00
 (156.936627)  can0  067   [8]  0B 2E 0A 86 BF 00 00 00
 (156.937361)  can0  068   [8]  0B 2E 0A 86 3F 00 00 00
 (156.996595)  can0  067   [8]  00 CA C2 87 BF 00 00 00
 (156.997520)  can0  068   [8]  00 9D 60 87 3F 00 00 00
 (157.016625)  can0  067   [8]  05 DA 04 01 54 05 01 00
 (157.017520)  can0  068   [8]  05 31 00 01 42 00 01 00
 (157.036628)  can0  067   [8]  12 80 67 00 01 01 00 00
 (157.036652)  can0  067   [8]  0C 02 A1 9B 03 00 60 4C
 (157.056582)  can0  067   [8]  0B 2E 0A 86 BF 00 00 00
 (157.057531)  can0  068   [8]  0B 2E 0A 86 3F 00 00 00
 (157.097542)  can0  068   [8]  12 80 67 00 01 02 00 07
 (157.116582)  can0  067   [8]  00 01 C2 87 BF 00 00 00
 (157.117492)  can0  068   [8]  00 D4 5F 87 3F 00 00 00
 (157.117512)  can0  068   [8]  0C 02 A1 89 01 00 60 02
 (157.136590)  can0  067   [8]  05 C6 04 01 E5 04 01 00
 (157.137488)  can0  068   [8]  05 31 00 01 30 00 01 00
 (157.176604)  can0  067   [8]  0B 2E 0A 86 BF 00 00 00
 (157.177501)  can0  068   [8]  0B 2E 0A 86 3F 00 00 00
 (157.196608)  can0  067   [8]  11 06 00 00 00 00 29 01
 (157.197512)  can0  068   [8]  11 06 00 00 00 00 29 06
 (157.236593)  can0  067   [8]  00 38 C1 87 BF 00 00 00
 (157.237505)  can0  068   [8]  00 9D 60 87 3F 00 00 00
 (157.256612)  can0  067   [8]  05 D1 04 01 DC 04 01 00
 (157.257380)  can0  068   [8]  05 30 00 01 39 00 01 00
 (157.296617)  can0  067   [8]  0B 2E 0A 86 BF 00 00 00
 (157.297381)  can0  068   [8]  0B 2E 0A 86 3F 00 00 00
 (157.356606)  can0  067   [8]  00 CA C2 87 BF 00 00 00
 (157.357484)  can0  068   [8]  00 9D 60 87 3F 00 00 00
 (157.376600)  can0  067   [8]  05 DC 04 01 2F 05 01 00
 (157.377503)  can0  068   [8]  05 26 00 01 26 00 01 00
 (157.416619)  can0  067   [8]  0B 2E 0A 86 BF 00 00 00
 (157.417497)  can0  068   [8]  0B 2E 0A 86 3F 00 00 00
 (157.476608)  can0  067   [8]  00 01 C2 87 BF 00 00 00
 (157.477487)  can0  068   [8]  00 D4 5F 87 3F 00 00 00
 (157.496611)  can0  067   [8]  05 D2 04 01 C0 04 01 00
 (157.497400)  can0  068   [8]  05 25 00 01 30 00 01 00
 (157.536599)  can0  067   [8]  0B 2E 0A 86 BF 00 00 00
 (157.537370)  can0  068   [8]  0B 2E 0A 86 3F 00 00 00
 (157.596636)  can0  067   [8]  00 01 C2 87 BF 00 00 00
 (157.597524)  can0  068   [8]  00 D4 5F 87 3F 00 00 00
 (157.616617)  can0  067   [8]  05 DE 04 01 1C 05 01 00
 (157.617412)  can0  068   [8]  05 1B 00 01 1D 00 01 00
 (157.656637)  can0  067   [8]  0B 2E 0A 86 BF 00 00 00
 (157.657508)  can0  068   [8]  0B 2E 0A 86 3F 00 00 00
 (157.716637)  can0  067   [8]  00 CA C2 87 BF 00 00 00
 (157.717511)  can0  068   [8]  00 9D 60 87 3F 00 00 00
 (157.736580)  can0  067   [8]  05 E8 04 01 B7 04 01 00
 (157.737523)  can0  068   [8]  05 24 00 01 26 00 01 00
 (157.776585)  can0  067   [8]  0B 2E 0A 86 BF 00 00 00
 (157.777526)  can0  068   [8]  0B 2E 0A 86 3F 00 00 00
 (157.836631)  can0  067   [8]  00 CA C2 87 BF 00 00 00
 (157.837512)  can0  068   [8]  00 9D 60 87 3F 00 00 00
 (157.856576)  can0  067   [8]  05 D4 04 01 6D 04 01 00
 (157.857536)  can0  068   [8]  05 24 00 01 39 00 01 00
 (157.896586)  can0  067   [8]  0B 2E 0A 86 BF 00 00 00
 (157.897524)  can0  068   [8]  0B 2E 0A 86 3F 00 00 00
 (157.956618)  can0  067   [8]  00 01 C2 87 BF 00 00 00
 (157.957427)  can0  068   [8]  00 D4 5F 87 3F 00 00 00
 (157.976586)  can0  067   [8]  05 CB 04 01 6D 04 01 00
 (157.977394)  can0  068   [8]  05 23 00 01 30 00 01 00
 (158.016573)  can0  067   [8]  0B 2E 0A 86 BF 00 00 00
 (158.017462)  can0  068   [8]  0B 2E 0A 86 3F 00 00 00
 (158.036620)  can0  067   [8]  12 80 67 00 01 01 00 00
 (158.036640)  can0  067   [8]  0C 02 A1 9B 00 00 60 08
 (158.076501)  can0  067   [8]  00 93 C3 87 BF 00 00 00
 (158.077430)  can0  068   [8]  00 D4 5F 87 3F 00 00 00
 (158.096593)  can0  067   [8]  05 E0 04 01 F8 04 01 00
 (158.097559)  can0  068   [8]  05 37 00 01 39 00 01 00
 (158.097587)  can0  068   [8]  12 80 67 00 01 02 00 07
 (158.117564)  can0  068   [8]  0C 02 A1 89 00 00 70 02
 (158.136607)  can0  067   [8]  0B 2E 0A 86 BF 00 00 00
 (158.137558)  can0  068   [8]  0B 2E 0A 86 3F 00 00 00
 (158.196630)  can0  067   [8]  00 CA C2 87 BF 00 00 00
 (158.196654)  can0  067   [8]  11 06 00 00 00 00 29 01
 (158.197553)  can0  068   [8]  00 0B 5F 87 3F 00 00 00
 (158.197581)  can0  068   [8]  11 06 00 00 00 00 29 06
 (158.216609)  can0  067   [8]  05 E1 04 01 4D 06 01 00
 (158.217542)  can0  068   [8]  05 2C 00 01 27 00 01 00
 (158.256648)  can0  067   [8]  0B 2E 0A 86 BF 00 00 00
 (158.257525)  can0  068   [8]  0B 2E 0A 86 3F 00 00 00
 (158.316602)  can0  067   [8]  00 01 C2 87 BF 00 00 00
 (158.317505)  can0  068   [8]  00 D4 5F 87 3F 00 00 00
 (158.336606)  can0  067   [8]  05 CD 04 01 B7 04 01 00
 (158.337398)  can0  068   [8]  05 22 00 01 1D 00 01 00
 (158.376639)  can0  067   [8]  0B 2E 0A 86 BF 00 00 00
 (158.377494)  can0  068   [8]  0B 2E 0A 86 3F 00 00 00
 (158.436583)  can0  067   [8]  00 01 C2 87 BF 00 00 00
 (158.437500)  can0  068   [8]  00 D4 5F 87 3F 00 00 00
 (158.456594)  can0  067   [8]  05 D7 04 01 A5 04 01 00
 (158.457501)  can0  068   [8]  05 2B 00 01 0B 00 01 00
 (158.496603)  can0  067   [8]  0B 2E 0A 86 BF 00 00 00
 (158.497387)  can0  068   [8]  0B 2E 0A 86 3F 00 00 00
 (158.556581)  can0  067   [8]  00 6F C0 87 BF 00 00 00
 (158.557337)  can0  068   [8]  00 9D 60 87 3F 00 00 00
 (158.576572)  can0  067   [8]  05 D8 04 01 13 05 01 00
 (158.577354)  can0  068   [8]  05 2B 00 01 30 00 01 00
 (158.616622)  can0  067   [8]  0B 2E 0A 86 BF 00 00 00
 (158.617493)  can0  068   [8]  0B 2E 0A 86 3F 00 00 00
 (158.676635)  can0  067   [8]  00 CA C2 87 BF 00 00 00
 (158.677520)  can0  068   [8]  00 D4 5F 87 3F 00 00 00
 (158.696607)  can0  067   [8]  05 E4 04 01 0A 05 01 00
 (158.697486)  can0  068   [8]  05 20 00 01 27 00 01 00
 (158.736625)  can0  067   [8]  0B 2E 0A 86 BF 00 00 00
 (158.737503)  can0  068   [8]  0B 2E 0A 86 3F 00 00 00
 (158.796615)  can0  067   [8]  00 38 C1 87 BF 00 00 00
 (158.797518)  can0  068   [8]  00 0B 5F 87 3F 00 00 00
 (158.816584)  can0  067   [8]  05 D9 04 01 D2 04 01 00
 (158.817513)  can0  068   [8]  05 2A 00 01 E5 00 00 00
 (158.856612)  can0  067   [8]  0B 2E 0A 86 BF 00 00 00
 (158.857494)  can0  068   [8]  0B 2E 0A 86 3F 00 00 00
 (158.916620)  can0  067   [8]  00 CA C2 87 BF 00 00 00
 (158.917521)  can0  068   [8]  00 D4 5F 87 3F 00 00 00
 (158.936619)  can0  067   [8]  05 D0 04 01 AE 04 01 00
 (158.937412)  can0  068   [8]  05 29 00 01 B1 00 01 00
 (158.976604)  can0  067   [8]  0B 2E 0A 86 BF 00 00 00
 (158.977307)  can0  068   [8]  0B 2E 0A 86 3F 00 00 00
 (159.036590)  can0  067   [8]  00 CA C2 87 BF 00 00 00
 (159.036609)  can0  067   [8]  12 80 67 00 01 01 00 00
 (159.036610)  can0  067   [8]  0C 02 A1 9B 00 00 70 08
 (159.037475)  can0  068   [8]  00 D4 5F 87 3F 00 00 00
 (159.056556)  can0  067   [8]  05 E6 04 01 F8 04 01 00
 (159.057489)  can0  068   [8]  05 29 00 01 30 00 01 00
 (159.096559)  can0  067   [8]  0B 2E 0A 86 BF 00 00 00
 (159.097493)  can0  068   [8]  0B 2E 0A 86 3F 00 00 00
 (159.097513)  can0  068   [8]  12 80 67 00 01 02 00 07
 (159.117510)  can0  068   [8]  0C 02 A1 89 00 00 60 02
 (159.156593)  can0  067   [8]  00 93 C3 87 BF 00 00 00
 (159.157469)  can0  068   [8]  00 D4 5F 87 3F 00 00 00
 (159.176597)  can0  067   [8]  05 E6 04 01 D3 04 01 00
 (159.177481)  can0  068   [8]  05 28 00 01 26 00 01 00
 (159.196448)  can0  067   [8]  11 06 00 00 00 00 29 01
 (159.197362)  can0  068   [8]  11 06 00 00 00 00 29 06
 (159.216605)  can0  067   [8]  0B 2E 0A 86 BF 00 00 00
 (159.217363)  can0  068   [8]  0B 2E 0A 86 3F 00 00 00
 (159.276624)  can0  067   [8]  00 01 C2 87 BF 00 00 00
 (159.277494)  can0  068   [8]  00 D4 5F 87 3F 00 00 00
 (159.296593)  can0  067   [8]  05 DC 04 01 F8 04 01 00
 (159.297480)  can0  068   [8]  05 1E 00 01 14 00 01 00
 (159.336565)  can0  067   [8]  0B 2E 0A 86 BF 00 00 00
 (159.337500)  can0  068   [8]  0B 2E 0A 86 3F 00 00 00
 (159.396571)  can0  067   [8]  00 CA C2 87 BF 00 00 00
 (159.397502)  can0  068   [8]  00 D4 5F 87 3F 00 00 00
 (159.416585)  can0  067   [8]  05 E8 04 01 E5 04 01 00
 (159.417495)  can0  068   [8]  05 27 00 01 30 00 01 00
 (159.456585)  can0  067   [8]  0B 2E 0A 86 BF 00 00 00
 (159.457493)  can0  068   [8]  0B 2E 0A 86 3F 00 00 00
 (159.516535)  can0  067   [8]  00 01 C2 87 BF 00 00 00
 (159.517490)  can0  068   [8]  00 D4 5F 87 3F 00 00 00
 (159.536568)  can0  067   [8]  05 DD 04 01 EE 04 01 00
 (159.537382)  can0  068   [8]  05 26 00 01 27 00 01 00
 (159.576575)  can0  067   [8]  0B 2E 0A 86 BF 00 00 00
 (159.577454)  can0  068   [8]  0B 2E 0A 86 3F 00 00 00
 (159.636581)  can0  067   [8]  00 01 C2 87 BF 00 00 00
 (159.637460)  can0  068   [8]  00 D4 5F 87 3F 00 00 00
 (159.656585)  can0  067   [8]  05 DE 04 01 5D 05 01 00
 (159.657451)  can0  068   [8]  05 26 00 01 30 00 01 00
 (159.696592)  can0  067   [8]  0B 2E 0A 86 BF 00 00 00
 (159.697450)  can0  068   [8]  0B 2E 0A 86 3F 00 00 00
 (159.756595)  can0  067   [8]  00 5C C4 87 BF 00 00 00
 (159.757455)  can0  068   [8]  00 0B 5F 87 3F 00 00 00
 (159.776567)  can0  067   [8]  05 DF 04 01 E5 04 01 00
 (159.777381)  can0  068   [8]  05 25 00 01 1D 00 01 00
 (159.816583)  can0  067   [8]  0B 2E 0A 86 BF 00 00 00
 (159.817429)  can0  068   [8]  0B 2E 0A 86 3F 00 00 00
 (159.876611)  can0  067   [8]  00 CA C2 87 BF 00 00 00
 (159.877457)  can0  068   [8]  00 D4 5F 87 3F 00 00 00
 (159.896589)  can0  067   [8]  05 EA 04 01 F8 04 01 00
 (159.897368)  can0  068   [8]  05 25 00 01 1D 00 01 00
 (159.936584)  can0  067   [8]  0B 2E 0A 86 BF 00 00 00
 (159.937458)  can0  068   [8]  0B 2E 0A 86 3F 00 00 00
 (159.996604)  can0  067   [8]  00 CA C2 87 BF 00 00 00
 (159.997305)  can0  068   [8]  00 D4 5F 87 3F 00 00 00
 (160.016592)  can0  067   [8]  05 E0 04 01 E5 04 01 00
 (160.017348)  can0  068   [8]  05 24 00 01 26 00 01 00
 (160.036581)  can0  067   [8]  12 80 67 00 01 01 00 00
 (160.036600)  can0  067   [8]  0C 02 A1 9B 00 00 70 08
 (160.056580)  can0  067   [8]  0B 2E 0A 86 BF 00 00 00
 (160.057291)  can0  068   [8]  0B 2E 0A 86 3F 00 00 00
 (160.097495)  can0  068   [8]  12 80 67 00 01 02 00 07
 (160.116577)  can0  067   [8]  00 CA C2 87 BF 00 00 00
 (160.117492)  can0  068   [8]  00 D4 5F 87 3F 00 00 00
 (160.117511)  can0  068   [8]  0C 02 A1 89 00 00 70 02
 (160.136575)  can0  067   [8]  05 F6 04 01 0A 05 01 00
 (160.137462)  can0  068   [8]  05 24 00 01 26 00 01 00
 (160.176606)  can0  067   [8]  0B 2E 0A 86 BF 00 00 00
 (160.177358)  can0  068   [8]  0B 2E 0A 86 3F 00 00 00
 (160.196587)  can0  067   [8]  11 06 00 00 00 00 29 01
 (160.197461)  can0  068   [8]  11 06 00 00 00 00 29 06
 (160.206220)  can0  064   [8]  67 01 35 FA 8E BC 07 00
 (160.208166)  can0  064   [8]  68 01 35 FA 8E 3C 07 00
 (160.216435)  can0  067   [8]  11 06 00 00 00 00 09 01
 (160.217340)  can0  068   [8]  11 06 00 00 00 00 09 06
 (160.236481)  can0  067   [8]  00 00 CD 87 BF 00 00 00
 (160.237401)  can0  068   [8]  00 66 61 87 3F 00 00 00
 (160.256589)  can0  067   [8]  05 58 04 00 45 04 00 00
 (160.257484)  can0  068   [8]  05 CA 05 01 DA 05 01 00
 (160.296542)  can0  067   [8]  0B 01 C2 87 BF 00 00 00
 (160.297483)  can0  068   [8]  0B D4 5F 87 3F 00 00 00
 (160.356606)  can0  067   [8]  00 C7 D8 87 BF 00 00 00
 (160.357465)  can0  068   [8]  00 66 61 87 3F 00 00 00
 (160.376533)  can0  067   [8]  05 8D 03 00 9E 03 00 00
 (160.377477)  can0  068   [8]  05 BA 04 01 BC 04 01 00
 (160.416541)  can0  067   [8]  0B 5D B9 87 BF 00 00 00
 (160.417463)  can0  068   [8]  0B 30 57 87 3F 00 00 00
 (160.476547)  can0  067   [8]  00 C7 D8 87 BF 00 00 00
 (160.477448)  can0  068   [8]  00 2F 62 87 3F 00 00 00
 (160.496538)  can0  067   [8]  05 41 02 00 52 02 00 00
 (160.497391)  can0  068   [8]  05 6D 03 01 66 03 01 00
 (160.536521)  can0  067   [8]  0B A9 9E 87 BF 00 00 00
 (160.537431)  can0  068   [8]  0B 7C 3C 87 3F 00 00 00
 (160.596523)  can0  067   [8]  00 35 D7 87 BF 00 00 00
 (160.597458)  can0  068   [8]  00 2F 62 87 3F 00 00 00
 (160.616577)  can0  067   [8]  05 60 00 01 48 00 01 00
 (160.617438)  can0  068   [8]  05 E1 00 01 E8 00 01 00
 (160.656512)  can0  067   [8]  0B E5 66 87 BF 00 00 00
 (160.657430)  can0  068   [8]  0B 82 05 87 3F 00 00 00
 (160.716535)  can0  067   [8]  00 C7 D8 87 BF 00 00 00
 (160.717445)  can0  068   [8]  00 2F 62 87 3F 00 00 00
 (160.736524)  can0  067   [8]  05 B8 04 01 A5 04 01 00
 (160.737440)  can0  068   [8]  05 77 03 00 75 03 00 00
 (160.776521)  can0  067   [8]  0B A6 08 87 BF 00 00 00
 (160.777473)  can0  068   [8]  0B 0B A8 86 3F 00 00 00
 (160.836565)  can0  067   [8]  00 91 D9 87 BF 00 00 00
 (160.837453)  can0  068   [8]  00 9E 55 87 3F 00 00 00
 (160.856581)  can0  067   [8]  05 73 0B 01 3F 0B 01 00
 (160.857443)  can0  068   [8]  05 53 09 00 4E 09 00 00
 (160.896610)  can0  067   [8]  0B 5A 77 86 BF 00 00 00
 (160.897468)  can0  068   [8]  0B 1A 19 86 3F 00 00 00
 (160.956518)  can0  067   [8]  00 80 C7 87 BF 00 00 00
 (160.957467)  can0  068   [8]  00 D5 54 87 3F 00 00 00
 (160.976552)  can0  067   [8]  05 00 14 01 0D 14 01 00
 (160.977469)  can0  068   [8]  05 79 12 00 F0 11 00 00
 (161.016527)  can0  067   [8]  0B B7 AC 85 BF 00 00 00
 (161.017387)  can0  068   [8]  0B AE 4D 85 3F 00 00 00
 (161.036502)  can0  067   [8]  12 80 67 00 01 01 00 00
 (161.036519)  can0  067   [8]  0C 02 A1 9B 02 00 60 0A
 (161.076523)  can0  067   [8]  00 C8 21 87 BF 00 00 00
 (161.077489)  can0  068   [8]  00 42 F0 85 3F 00 00 00
 (161.096569)  can0  067   [8]  05 68 12 01 09 12 01 00
 (161.097476)  can0  068   [8]  05 F3 09 00 49 0A 00 00
 (161.097494)  can0  068   [8]  12 80 67 00 01 02 00 07
 (161.117509)  can0  068   [8]  0C 02 A1 92 1C 00 60 7E
 (161.136542)  can0  067   [8]  0B F7 9C 84 BF 00 00 00
 (161.137413)  can0  068   [8]  0B 4A 40 84 3F 00 00 00
 (161.196518)  can0  067   [8]  00 D6 2F 85 BF 00 00 00
 (161.197475)  can0  068   [8]  00 92 46 84 3F 00 00 00
 (161.216549)  can0  067   [8]  05 9F 0C 01 73 0C 01 00
 (161.216568)  can0  067   [8]  11 06 00 00 00 00 09 01
 (161.217272)  can0  068   [8]  05 E1 05 00 02 06 00 00
 (161.217530)  can0  068   [8]  11 06 00 00 00 00 09 06
 (161.256551)  can0  067   [8]  0B 75 4A 83 BF 00 00 00
 (161.257473)  can0  068   [8]  0B 91 EE 82 3F 00 00 00
 (161.316545)  can0  067   [8]  00 D2 ED 83 BF 00 00 00
 (161.317470)  can0  068   [8]  00 B0 28 83 3F 00 00 00
 (161.336336)  can0  067   [8]  05 25 0D 01 EE 0C 01 00
 (161.337453)  can0  068   [8]  05 3D 08 00 2C 08 00 00
 (161.376512)  can0  067   [8]  0B 9E B3 81 BF 00 00 00
 (161.377450)  can0  068   [8]  0B 4C 59 81 3F 00 00 00
 (161.436576)  can0  067   [8]  00 F4 A3 82 BF 00 00 00
 (161.437461)  can0  068   [8]  00 61 F6 81 3F 00 00 00
 (161.456572)  can0  067   [8]  05 18 14 01 12 14 01 00
 (161.457491)  can0  068   [8]  05 64 0E 00 99 0E 00 00
 (161.496558)  can0  067   [8]  0B E8 B0 7F BF 00 00 00
 (161.497477)  can0  068   [8]  0B FA 00 7F 3F 00 00 00
 (161.556566)  can0  067   [8]  00 2C 7E 80 BF 00 00 00
 (161.557493)  can0  068   [8]  00 67 0A 7F 3F 00 00 00
 (161.576557)  can0  067   [8]  05 41 0D 01 43 0D 01 00
 (161.577450)  can0  068   [8]  05 BC 05 00 E8 03 00 00
 (161.616565)  can0  067   [8]  0B 0D 75 7B BF 00 00 00
 (161.617451)  can0  068   [8]  0B D6 C9 7A 3F 00 00 00
 (161.676534)  can0  067   [8]  00 12 AC 7C BF 00 00 00
 (161.677450)  can0  068   [8]  00 A6 34 7B 3F 00 00 00
 (161.696538)  can0  067   [8]  05 2D 13 01 27 13 01 00
 (161.697450)  can0  068   [8]  05 47 0E 00 AD 0D 00 00
 (161.736555)  can0  067   [8]  0B 8A B0 76 BF 00 00 00
 (161.737449)  can0  068   [8]  0B 09 0A 76 3F 00 00 00
 (161.796543)  can0  067   [8]  00 34 91 78 BF 00 00 00
 (161.797448)  can0  068   [8]  00 B1 9D 76 3F 00 00 00
 (161.816540)  can0  067   [8]  05 07 14 01 E6 13 01 00
 (161.817452)  can0  068   [8]  05 9B 0A 00 9E 0A 00 00
 (161.856442)  can0  067   [8]  0B 81 66 71 BF 00 00 00
 (161.857460)  can0  068   [8]  0B B7 C4 70 3F 00 00 00
 (161.916547)  can0  067   [8]  00 25 26 72 BF 00 00 00
 (161.917462)  can0  068   [8]  00 6E BE 70 3F 00 00 00
 (161.936558)  can0  067   [8]  05 70 13 01 93 11 01 00
 (161.937461)  can0  068   [8]  05 B5 0E 00 12 0E 00 00
 (161.976516)  can0  067   [8]  0B 86 A3 6B BF 00 00 00
 (161.977462)  can0  068   [8]  0B 04 08 6B 3F 00 00 00
 (162.036554)  can0  067   [8]  00 E9 72 6D BF 00 00 00
 (162.036571)  can0  067   [8]  12 80 67 00 01 01 00 00
 (162.036572)  can0  067   [8]  0C 02 A1 9B CC 00 00 7E
 (162.037380)  can0  068   [8]  00 45 50 6B 3F 00 00 00
 (162.056542)  can0  067   [8]  05 3D 0F 01 61 0F 01 00
 (162.057465)  can0  068   [8]  05 19 07 00 CB 06 00 00
 (162.096517)  can0  067   [8]  0B B8 80 65 BF 00 00 00
 (162.097449)  can0  068   [8]  0B 5A E8 64 3F 00 00 00
 (162.097465)  can0  068   [8]  12 80 67 00 01 02 00 07
 (162.117493)  can0  068   [8]  0C 02 A1 A4 D6 00 00 7E
 (162.156529)  can0  067   [8]  00 21 19 67 BF 00 00 00
 (162.157443)  can0  068   [8]  00 6C 9B 65 3F 00 00 00
 (162.176449)  can0  067   [8]  05 C2 18 01 08 16 01 00
 (162.177384)  can0  068   [8]  05 9B 11 00 D9 10 00 00
 (162.216584)  can0  067   [8]  0B AC FF 5E BF 00 00 00
 (162.216603)  can0  067   [8]  11 06 00 00 00 00 09 01
 (162.217484)  can0  068   [8]  0B 96 6D 5E 3F 00 00 00
 (162.217504)  can0  068   [8]  11 06 00 00 00 00 09 06
 (162.276547)  can0  067   [8]  00 B4 B2 5E BF 00 00 00
 (162.277429)  can0  068   [8]  00 01 1F 5D 3F 00 00 00
 (162.296550)  can0  067   [8]  05 3E 09 01 2B 09 01 00
 (162.297429)  can0  068   [8]  05 A0 02 00 BA 02 00 00
 (162.336597)  can0  067   [8]  0B EA 63 58 BF 00 00 00
 (162.337391)  can0  068   [8]  0B 8B D6 57 3F 00 00 00
 (162.396581)  can0  067   [8]  00 AD C0 5A BF 00 00 00
 (162.397413)  can0  068   [8]  00 BC C3 58 3F 00 00 00
 (162.416545)  can0  067   [8]  05 93 18 01 AA 17 01 00
 (162.417410)  can0  068   [8]  05 CC 0D 00 20 0D 00 00
 (162.456570)  can0  067   [8]  0B E5 95 51 BF 00 00 00
 (162.457437)  can0  068   [8]  0B CE 0E 51 3F 00 00 00
 (162.516569)  can0  067   [8]  00 58 CB 52 BF 00 00 00
 (162.517434)  can0  068   [8]  00 5E 26 51 3F 00 00 00
 (162.536521)  can0  067   [8]  05 B2 15 01 13 15 01 00
 (162.537349)  can0  068   [8]  05 AB 0C 00 01 0C 00 00
 (162.576552)  can0  067   [8]  0B BE B9 4A BF 00 00 00
 (162.577434)  can0  068   [8]  0B 5D 37 4A 3F 00 00 00
 (162.636512)  can0  067   [8]  00 DD E8 4A BF 00 00 00
 (162.637470)  can0  068   [8]  00 0B 26 49 3F 00 00 00
 (162.656536)  can0  067   [8]  05 8B 09 01 1B 09 01 00
 (162.657464)  can0  068   [8]  05 CA 01 00 69 02 00 00
 (162.696517)  can0  067   [8]  0B 03 DC 43 BF 00 00 00
 (162.697441)  can0  068   [8]  0B 59 5E 43 3F 00 00 00
 (162.756489)  can0  067   [8]  00 54 5B 46 BF 00 00 00
 (162.757442)  can0  068   [8]  00 1E 37 44 3F 00 00 00
 (162.776489)  can0  067   [8]  05 A5 16 01 8B 16 01 00
 (162.777431)  can0  068   [8]  05 21 0B 00 CD 0A 00 00
 (162.816566)  can0  067   [8]  0B B6 FC 3C BF 00 00 00
 (162.817432)  can0  068   [8]  0B 55 85 3C 3F 00 00 00
 (162.876562)  can0  067   [8]  00 B3 8B 3E BF 00 00 00
 (162.877478)  can0  068   [8]  00 29 CF 3C 3F 00 00 00
 (162.896564)  can0  067   [8]  05 1E 16 01 2B 16 01 00
 (162.897437)  can0  068   [8]  05 86 0B 00 4E 0B 00 00
 (162.936530)  can0  067   [8]  0B FD 1E 36 BF 00 00 00
 (162.937443)  can0  068   [8]  0B 51 AC 35 3F 00 00 00
 (162.996445)  can0  067   [8]  00 89 57 36 BF 00 00 00
 (162.997371)  can0  068   [8]  00 DD 81 34 3F 00 00 00
 (163.016519)  can0  067   [8]  05 9D 09 01 89 09 01 00
 (163.017429)  can0  068   [8]  05 01 01 00 37 00 00 00
 (163.036543)  can0  067   [8]  12 80 67 00 01 01 00 00
 (163.036562)  can0  067   [8]  0C 02 A1 AD FF 00 00 7E
 (163.056530)  can0  067   [8]  0B 42 41 2F BF 00 00 00
 (163.057354)  can0  068   [8]  0B 4D D3 2E 3F 00 00 00
 (163.097478)  can0  068   [8]  12 80 67 00 01 02 00 07
 (163.116553)  can0  067   [8]  00 FD DF 31 BF 00 00 00
 (163.117434)  can0  068   [8]  00 12 AC 2F 3F 00 00 00
 (163.117453)  can0  068   [8]  0C 02 A1 92 FF 00 00 7E
 (163.136468)  can0  067   [8]  05 A0 13 01 46 13 01 00
 (163.137430)  can0  068   [8]  05 53 08 00 FB 07 00 00
 (163.176517)  can0  067   [8]  0B 87 63 28 BF 00 00 00
 (163.177415)  can0  068   [8]  0B 49 FA 27 3F 00 00 00
 (163.216503)  can0  067   [8]  11 06 00 00 00 00 09 01
 (163.217435)  can0  068   [8]  11 06 00 00 00 00 09 06
 (163.236508)  can0  067   [8]  00 E9 48 2A BF 00 00 00
 (163.237433)  can0  068   [8]  00 3D 73 28 3F 00 00 00
 (163.256512)  can0  067   [8]  05 BB 15 01 AE 14 01 00
 (163.257452)  can0  068   [8]  05 B7 0A 00 96 0A 00 00
 (163.296512)  can0  067   [8]  0B CD 85 21 BF 00 00 00
 (163.297437)  can0  068   [8]  0B 45 21 21 3F 00 00 00
 (163.356539)  can0  067   [8]  00 33 D1 21 BF 00 00 00
 (163.357451)  can0  068   [8]  00 62 03 20 3F 00 00 00
 (163.376526)  can0  067   [8]  05 89 09 01 85 08 01 00
 (163.377461)  can0  068   [8]  05 D2 00 00 56 03 01 00
 (163.416537)  can0  067   [8]  0B 13 A8 1A BF 00 00 00
 (163.417433)  can0  068   [8]  0B 42 48 1A 3F 00 00 00
 (163.476543)  can0  067   [8]  00 A9 4E 1D BF 00 00 00
 (163.477429)  can0  068   [8]  00 53 06 1B 3F 00 00 00
 (163.496505)  can0  067   [8]  05 C1 0F 01 83 0F 01 00
 (163.497336)  can0  068   [8]  05 6B 05 00 23 05 00 00
 (163.536505)  can0  067   [8]  0B A3 BA 13 BF 00 00 00
 (163.537430)  can0  068   [8]  0B 1A 61 13 3F 00 00 00
 (163.596545)  can0  067   [8]  00 1F FB 15 BF 00 00 00
 (163.597453)  can0  068   [8]  00 9D FC 13 3F 00 00 00
 (163.616534)  can0  067   [8]  05 3D 15 01 E6 14 01 00
 (163.617456)  can0  068   [8]  05 88 09 00 9D 08 00 00
 (163.656538)  can0  067   [8]  0B 9E EC 0C BF 00 00 00
 (163.657456)  can0  068   [8]  0B 39 96 0C 3F 00 00 00
 (163.716539)  can0  067   [8]  00 FF 63 0D BF 00 00 00
 (163.717475)  can0  068   [8]  00 79 91 0B 3F 00 00 00
 (163.736535)  can0  067   [8]  05 1B 0A 01 BB 09 01 00
 (163.737461)  can0  068   [8]  05 B3 00 00 9B 00 01 00
 (163.776508)  can0  067   [8]  0B 52 0D 06 BF 00 00 00
 (163.777448)  can0  068   [8]  0B 35 BD 05 3F 00 00 00
 (163.836548)  can0  067   [8]  00 59 91 08 BF 00 00 00
 (163.837416)  can0  068   [8]  00 4B 4F 06 3F 00 00 00
 (163.856533)  can0  067   [8]  05 D7 0B 01 59 0B 01 00
 (163.857372)  can0  068   [8]  05 55 01 00 89 00 00 00
 (163.896536)  can0  067   [8]  0B 2F 5F FE BE 00 00 00
 (163.897423)  can0  068   [8]  0B 87 CB FD 3E 00 00 00
 (163.956494)  can0  067   [8]  00 56 AD 01 BF 00 00 00
 (163.957431)  can0  068   [8]  00 61 41 FF 3E 00 00 00
 (163.976534)  can0  067   [8]  05 E4 14 01 32 15 01 00
 (163.977412)  can0  068   [8]  05 BC 08 00 0C 09 00 00
 (164.016548)  can0  067   [8]  0B BA A3 F0 BE 00 00 00
 (164.017342)  can0  068   [8]  0B 7F 19 F0 3E 00 00 00
 (164.036492)  can0  067   [8]  12 80 67 00 01 01 00 00
 (164.036508)  can0  067   [8]  0C 02 A1 9B FF 00 00 7E
 (164.076485)  can0  067   [8]  00 E0 F3 F1 BE 00 00 00
 (164.077356)  can0  068   [8]  00 1B 55 EE 3E 00 00 00
 (164.096505)  can0  067   [8]  05 79 0A 01 64 0A 01 00
 (164.097461)  can0  068   [8]  05 87 00 00 F0 00 01 00
 (164.097479)  can0  068   [8]  12 80 67 00 01 02 00 07
 (164.117483)  can0  068   [8]  0C 02 A1 92 FF 00 00 7E
 (164.136532)  can0  067   [8]  0B 46 E8 E2 BE 00 00 00
 (164.137415)  can0  068   [8]  0B 78 67 E2 3E 00 00 00
 (164.196551)  can0  067   [8]  00 AA 72 E7 BE 00 00 00
 (164.197478)  can0  068   [8]  00 8A 1A E3 3E 00 00 00
 (164.216548)  can0  067   [8]  05 C2 08 01 4F 08 01 00
 (164.216567)  can0  067   [8]  11 06 00 00 00 00 09 01
 (164.217443)  can0  068   [8]  05 E3 01 01 B9 01 01 00
 (164.217462)  can0  068   [8]  11 06 00 00 00 00 09 06
 (164.256542)  can0  067   [8]  0B D1 2C D5 BE 00 00 00
 (164.257416)  can0  068   [8]  0B 6F B5 D4 3E 00 00 00
 (164.316514)  can0  067   [8]  00 B1 9F DA BE 00 00 00
 (164.317348)  can0  068   [8]  00 B4 4A D6 3E 00 00 00
 (164.336500)  can0  067   [8]  05 77 14 01 06 13 01 00
 (164.337402)  can0  068   [8]  05 6C 07 00 40 07 00 00
 (164.376505)  can0  067   [8]  0B 5C 71 C7 BE 00 00 00
 (164.377422)  can0  068   [8]  0B 68 03 C7 3E 00 00 00
 (164.436514)  can0  067   [8]  00 E4 38 C9 BE 00 00 00
 (164.437392)  can0  068   [8]  00 67 A0 C5 3E 00 00 00
 (164.456508)  can0  067   [8]  05 64 0B 01 D4 0A 01 00
 (164.457424)  can0  068   [8]  05 B7 00 00 99 00 01 00
 (164.496516)  can0  067   [8]  0B E7 B5 B9 BE 00 00 00
 (164.497439)  can0  068   [8]  0B 5F 51 B9 3E 00 00 00
 (164.556497)  can0  067   [8]  00 F1 86 BD BE 00 00 00
 (164.557427)  can0  068   [8]  00 AA 41 B9 3E 00 00 00
 (164.576509)  can0  067   [8]  05 93 05 01 2B 05 01 00
 (164.577461)  can0  068   [8]  05 9A 05 01 E2 04 01 00
 (164.616522)  can0  067   [8]  0B 4F F7 AB BE 00 00 00
 (164.617429)  can0  068   [8]  0B 58 9F AB 3E 00 00 00
 (164.676554)  can0  067   [8]  00 27 AC B1 BE 00 00 00
 (164.677446)  can0  068   [8]  00 75 47 AD 3E 00 00 00
 (164.696514)  can0  067   [8]  05 F9 13 01 2F 13 01 00
 (164.697437)  can0  068   [8]  05 8E 06 00 CD 05 00 00
 (164.736510)  can0  067   [8]  0B DA 3B 9E BE 00 00 00
 (164.737417)  can0  068   [8]  0B 4F ED 9D 3E 00 00 00
 (164.796503)  can0  067   [8]  00 30 84 A0 BE 00 00 00
 (164.797432)  can0  068   [8]  00 46 E2 9C 3E 00 00 00
 (164.816516)  can0  067   [8]  05 EC 0B 01 33 0C 01 00
 (164.817432)  can0  068   [8]  05 85 00 00 5C 00 01 00
 (164.856543)  can0  067   [8]  0B 1F 64 90 BE 00 00 00
 (164.857434)  can0  068   [8]  0B 01 1F 90 3E 00 00 00
 (164.916490)  can0  067   [8]  00 CE 7B 93 BE 00 00 00
 (164.917436)  can0  068   [8]  00 A7 65 8F 3E 00 00 00
 (164.936529)  can0  067   [8]  05 F0 02 01 04 03 01 00
 (164.937435)  can0  068   [8]  05 4C 08 01 F9 06 01 00
 (164.976520)  can0  067   [8]  0B 15 C8 82 BE 00 00 00
 (164.977453)  can0  068   [8]  0B 89 8F 82 3E 00 00 00
 (165.036526)  can0  067   [8]  00 53 C8 88 BE 00 00 00
 (165.036545)  can0  067   [8]  12 80 67 00 01 01 00 00
 (165.036546)  can0  067   [8]  0C 02 A1 9B FF 00 00 7E
 (165.037436)  can0  068   [8]  00 33 70 84 3E 00 00 00
 (165.056518)  can0  067   [8]  05 B6 12 01 15 12 01 00
 (165.057345)  can0  068   [8]  05 F8 04 00 8F 04 00 00
 (165.096494)  can0  067   [8]  0B EF 6A 6A BE 00 00 00
 (165.097369)  can0  068   [8]  0B 67 06 6A 3E 00 00 00
 (165.097382)  can0  068   [8]  12 80 67 00 01 02 00 07
 (165.117478)  can0  068   [8]  0C 02 A1 9B FF 00 00 7E
 (165.156530)  can0  067   [8]  00 C1 61 70 BE 00 00 00
 (165.157461)  can0  068   [8]  00 F1 F1 68 3E 00 00 00
 (165.176506)  can0  067   [8]  05 C5 0B 01 E3 0A 01 00
 (165.177462)  can0  068   [8]  05 66 00 01 9B 00 01 00
 (165.216500)  can0  067   [8]  0B 80 DC 4F BE 00 00 00
 (165.216518)  can0  067   [8]  11 06 00 00 00 00 09 01
 (165.217446)  can0  068   [8]  0B D2 8A 4F 3E 00 00 00
 (165.217464)  can0  068   [8]  11 06 00 00 00 00 09 06
 (165.276482)  can0  067   [8]  00 80 E1 56 BE 00 00 00
 (165.277450)  can0  068   [8]  00 83 63 4E 3E 00 00 00
 (165.296482)  can0  067   [8]  05 B9 01 01 FF 00 01 00
 (165.297353)  can0  068   [8]  05 51 0A 01 14 09 01 00
 (165.336452)  can0  067   [8]  0B 1D 43 36 BE 00 00 00
 (165.337417)  can0  068   [8]  0B FF FD 35 3E 00 00 00
 (165.396489)  can0  067   [8]  00 A2 64 43 BE 00 00 00
 (165.397417)  can0  068   [8]  00 43 6F 3A 3E 00 00 00
 (165.416465)  can0  067   [8]  05 EF 10 01 6D 10 01 00
 (165.417423)  can0  068   [8]  05 DA 02 00 54 02 00 00
 (165.456370)  can0  067   [8]  0B E2 E3 1D BE 00 00 00
 (165.457447)  can0  068   [8]  0B 9E B1 1D 3E 00 00 00
 (165.516499)  can0  067   [8]  00 D5 A6 22 BE 00 00 00
 (165.517421)  can0  068   [8]  00 26 50 1B 3E 00 00 00
 (165.536539)  can0  067   [8]  05 5F 05 01 A7 04 01 00
 (165.537425)  can0  068   [8]  05 CB 05 01 A8 06 01 00
 (165.576404)  can0  067   [8]  0B 12 1D 07 BE 00 00 00
 (165.577431)  can0  068   [8]  0B 5F F7 06 3E 00 00 00
 (165.636453)  can0  067   [8]  00 DC BD 15 BE 00 00 00
 (165.637423)  can0  068   [8]  00 CF 76 0C 3E 00 00 00
 (165.656452)  can0  067   [8]  05 4B 0C 01 1C 0C 01 00
 (165.657440)  can0  068   [8]  05 07 03 01 DA 03 01 00
 (165.696468)  can0  067   [8]  0B AE 80 E4 BD 00 00 00
 (165.697424)  can0  068   [8]  0B 6A 4E E4 3D 00 00 00
 (165.756466)  can0  067   [8]  00 3A 89 F5 BD 00 00 00
 (165.757455)  can0  068   [8]  00 2C B6 E6 3D 00 00 00
 (165.776468)  can0  067   [8]  05 27 07 01 77 06 01 00
 (165.777472)  can0  068   [8]  05 66 04 01 D0 04 01 00
 (165.816513)  can0  067   [8]  0B F0 FF BE BD 00 00 00
 (165.817478)  can0  068   [8]  0B 3D DA BE 3D 00 00 00
 (165.876501)  can0  067   [8]  00 16 4E DC BD 00 00 00
 (165.877452)  can0  068   [8]  00 37 4A CA 3D 00 00 00
 (165.896502)  can0  067   [8]  05 EF 08 01 1B 09 01 00
 (165.897477)  can0  068   [8]  05 8D 05 01 54 05 01 00
 (165.936517)  can0  067   [8]  0B E7 B7 9D BD 00 00 00
 (165.937389)  can0  068   [8]  0B C5 9E 9D 3D 00 00 00
 (165.996507)  can0  067   [8]  00 CA 42 AE BD 00 00 00
 (165.997477)  can0  068   [8]  00 55 24 9F 3D 00 00 00
 (166.016506)  can0  067   [8]  05 82 02 01 03 02 01 00
 (166.017468)  can0  068   [8]  05 8D 09 01 4F 09 01 00
 (166.036514)  can0  067   [8]  12 80 67 00 01 01 00 00
 (166.036533)  can0  067   [8]  0C 02 A1 9B FF 00 00 7E
 (166.056484)  can0  067   [8]  0B 95 A8 80 BD 00 00 00
 (166.057368)  can0  068   [8]  0B 95 A8 80 3D 00 00 00
 (166.097497)  can0  068   [8]  12 80 67 00 01 02 00 07
 (166.116473)  can0  067   [8]  00 11 F2 9E BD 00 00 00
 (166.117372)  can0  068   [8]  00 D0 3C 8F 3D 00 00 00
 (166.117384)  can0  068   [8]  0C 02 A1 89 FD 00 00 7E
 (166.136490)  can0  067   [8]  05 BC 08 01 7C 08 01 00
 (166.137458)  can0  068   [8]  05 D8 04 01 77 05 01 00
 (166.176518)  can0  067   [8]  0B 8E 58 4F BD 00 00 00
 (166.177485)  can0  068   [8]  0B 8E 58 4F 3D 00 00 00
 (166.216468)  can0  067   [8]  11 06 00 00 00 00 09 01
 (166.217455)  can0  068   [8]  11 06 00 00 00 00 09 06
 (166.236503)  can0  067   [8]  00 36 7E 81 BD 00 00 00
 (166.237464)  can0  068   [8]  00 F4 34 5C 3D 00 00 00
 (166.256464)  can0  067   [8]  05 88 02 01 4C 02 01 00
 (166.257378)  can0  068   [8]  05 51 0D 01 D9 0C 01 00
 (166.296503)  can0  067   [8]  0B 6D 9A 26 BD 00 00 00
 (166.297480)  can0  068   [8]  0B 8F B3 26 3D 00 00 00
 (166.356512)  can0  067   [8]  00 E8 79 58 BD 00 00 00
 (166.357312)  can0  068   [8]  00 E4 3F 34 3D 00 00 00
 (166.376506)  can0  067   [8]  05 1C 01 01 C8 00 01 00
 (166.377393)  can0  068   [8]  05 21 0D 01 49 0D 01 00
 (166.416540)  can0  067   [8]  0B 53 02 06 BD 00 00 00
 (166.417467)  can0  068   [8]  0B 53 02 06 3D 00 00 00
 (166.476510)  can0  067   [8]  00 0F 06 3B BD 00 00 00
 (166.477485)  can0  068   [8]  00 D3 54 1A 3D 00 00 00
 (166.496516)  can0  067   [8]  05 44 01 01 16 01 01 00
 (166.497489)  can0  068   [8]  05 A7 0B 01 CF 0B 01 00
 (166.536523)  can0  067   [8]  0B C3 52 DB BC 00 00 00
 (166.537488)  can0  068   [8]  0B 07 85 DB 3C 00 00 00
 (166.596521)  can0  067   [8]  00 F3 77 28 BD 00 00 00
 (166.597478)  can0  068   [8]  00 81 D6 09 3D 00 00 00
 (166.616516)  can0  067   [8]  05 B4 01 01 75 01 01 00
 (166.617472)  can0  068   [8]  05 5C 0A 01 60 0A 01 00
 (166.656527)  can0  067   [8]  0B CC 5A B9 BC 00 00 00
 (166.657466)  can0  068   [8]  0B CC 5A B9 3C 00 00 00
 (166.716525)  can0  067   [8]  00 80 E0 17 BD 00 00 00
 (166.717477)  can0  068   [8]  00 64 BE EF 3C 00 00 00
 (166.736520)  can0  067   [8]  05 0A 01 01 A2 00 01 00
 (166.737333)  can0  068   [8]  05 80 0C 01 67 0C 01 00
 (166.776522)  can0  067   [8]  0B C7 2A A3 BC 00 00 00
 (166.777316)  can0  068   [8]  0B 0B 5D A3 3C 00 00 00
 (166.836498)  can0  067   [8]  00 49 5F 0D BD 00 00 00
 (166.837475)  can0  068   [8]  00 32 41 D4 3C 00 00 00
 (166.856522)  can0  067   [8]  05 AB 00 01 AA 00 01 00
 (166.857483)  can0  068   [8]  05 50 0D 01 59 0D 01 00
 (166.896544)  can0  067   [8]  0B C6 99 96 BC 00 00 00
 (166.897414)  can0  068   [8]  0B C6 99 96 3C 00 00 00
 (166.956573)  can0  067   [8]  00 99 BB 04 BD 00 00 00
 (166.957431)  can0  068   [8]  00 BD 22 C5 3C 00 00 00
 (166.976527)  can0  067   [8]  05 94 00 00 89 00 00 00
 (166.977334)  can0  068   [8]  05 34 0E 01 09 0E 01 00
 (167.016524)  can0  067   [8]  0B CD B5 90 BC 00 00 00
 (167.017494)  can0  068   [8]  0B 11 E8 90 3C 00 00 00
 (167.036518)  can0  067   [8]  12 80 67 00 01 01 00 00
 (167.036536)  can0  067   [8]  0C 02 A1 B6 56 00 00 7E
 (167.076496)  can0  067   [8]  00 23 A7 03 BD 00 00 00
 (167.077405)  can0  068   [8]  00 59 5E C3 3C 00 00 00
 (167.096501)  can0  067   [8]  05 42 00 01 4C 00 01 00
 (167.097411)  can0  068   [8]  05 56 0D 01 CF 0B 01 00
 (167.097429)  can0  068   [8]  12 80 67 00 01 02 00 07
 (167.117438)  can0  068   [8]  0C 02 A1 A4 4A 00 10 7E
 (167.136505)  can0  067   [8]  0B AE 23 8F BC 00 00 00
 (167.137212)  can0  068   [8]  0B AE 23 8F 3C 00 00 00
 (167.196443)  can0  067   [8]  00 01 8E 03 BD 00 00 00
 (167.197347)  can0  068   [8]  00 15 2C C3 3C 00 00 00
 (167.216464)  can0  067   [8]  05 71 01 00 D3 00 00 00
 (167.216480)  can0  067   [8]  11 06 00 00 00 00 29 01
 (167.217326)  can0  068   [8]  05 CC 0E 01 CE 0E 01 00
 (167.217342)  can0  068   [8]  11 06 00 00 00 00 29 06
 (167.256570)  can0  067   [8]  0B 6A F1 8E BC 00 00 00
 (167.257431)  can0  068   [8]  0B 6A F1 8E 3C 00 00 00
 (167.316565)  can0  067   [8]  00 BD 5B 03 BD 00 00 00
 (167.317428)  can0  068   [8]  00 15 2C C3 3C 00 00 00
 (167.336540)  can0  067   [8]  05 16 0B 00 1B 0B 00 00
 (167.337429)  can0  068   [8]  05 A3 18 01 9E 18 01 00
 (167.376543)  can0  067   [8]  0B 6A F1 8E BC 00 00 00
 (167.377363)  can0  068   [8]  0B 6A F1 8E 3C 00 00 00
 (167.436563)  can0  067   [8]  00 9B 42 03 BD 00 00 00
 (167.437457)  can0  068   [8]  00 15 2C C3 3C 00 00 00
 (167.456548)  can0  067   [8]  05 0B 0B 00 12 0B 00 00
 (167.457422)  can0  068   [8]  05 A3 18 01 79 18 01 00
 (167.496540)  can0  067   [8]  0B 6A F1 8E BC 00 00 00
 (167.497415)  can0  068   [8]  0B 6A F1 8E 3C 00 00 00
 (167.556558)  can0  067   [8]  00 DF 74 03 BD 00 00 00
 (167.557428)  can0  068   [8]  00 15 2C C3 3C 00 00 00
 (167.576456)  can0  067   [8]  05 14 0B 00 09 0B 00 00
 (167.577355)  can0  068   [8]  05 A3 18 01 BA 18 01 00
 (167.616441)  can0  067   [8]  0B 6A F1 8E BC 00 00 00
 (167.617407)  can0  068   [8]  0B 6A F1 8E 3C 00 00 00
 (167.676485)  can0  067   [8]  00 DF 74 03 BD 00 00 00
 (167.677435)  can0  068   [8]  00 59 5E C3 3C 00 00 00
 (167.696466)  can0  067   [8]  05 14 0B 00 25 0B 00 00
 (167.697435)  can0  068   [8]  05 A2 18 01 B1 18 01 00
 (167.736473)  can0  067   [8]  0B 6A F1 8E BC 00 00 00
 (167.737437)  can0  068   [8]  0B 6A F1 8E 3C 00 00 00
 (167.796445)  can0  067   [8]  00 01 8E 03 BD 00 00 00
 (167.797438)  can0  068   [8]  00 15 2C C3 3C 00 00 00
 (167.816465)  can0  067   [8]  05 09 0B 00 09 0B 00 00
 (167.817439)  can0  068   [8]  05 A2 18 01 BA 18 01 00
 (167.856476)  can0  067   [8]  0B 6A F1 8E BC 00 00 00
 (167.857437)  can0  068   [8]  0B 6A F1 8E 3C 00 00 00
 (167.916459)  can0  067   [8]  00 DF 74 03 BD 00 00 00
 (167.917416)  can0  068   [8]  00 15 2C C3 3C 00 00 00
 (167.936473)  can0  067   [8]  05 12 0B 00 12 0B 00 00
 (167.937452)  can0  068   [8]  05 A2 18 01 4B 18 01 00
 (167.976481)  can0  067   [8]  0B 6A F1 8E BC 00 00 00
 (167.977402)  can0  068   [8]  0B 6A F1 8E 3C 00 00 00
 (168.036480)  can0  067   [8]  00 9B 42 03 BD 00 00 00
 (168.036499)  can0  067   [8]  12 80 67 00 01 01 00 00
 (168.036501)  can0  067   [8]  0C 02 A1 B6 00 00 70 40
 (168.037269)  can0  068   [8]  00 15 2C C3 3C 00 00 00
 (168.056460)  can0  067   [8]  05 FD 0A 00 EE 0A 00 00
 (168.057434)  can0  068   [8]  05 A1 18 01 8C 18 01 00
 (168.096464)  can0  067   [8]  0B 6A F1 8E BC 00 00 00
 (168.097437)  can0  068   [8]  0B 6A F1 8E 3C 00 00 00
 (168.097457)  can0  068   [8]  12 80 67 00 01 02 00 07
 (168.117463)  can0  068   [8]  0C 02 A1 A4 00 00 70 10
 (168.156459)  can0  067   [8]  00 9B 42 03 BD 00 00 00
 (168.157267)  can0  068   [8]  00 15 2C C3 3C 00 00 00
 (168.176554)  can0  067   [8]  05 1B 0B 00 ED 0A 00 00
 (168.177347)  can0  068   [8]  05 97 18 01 D6 18 01 00
 (168.216449)  can0  067   [8]  0B 6A F1 8E BC 00 00 00
 (168.216465)  can0  067   [8]  11 06 00 00 00 00 29 01
 (168.217416)  can0  068   [8]  0B 6A F1 8E 3C 00 00 00
 (168.217432)  can0  068   [8]  11 06 00 00 00 00 29 06
 (168.276310)  can0  067   [8]  00 45 C0 03 BD 00 00 00
 (168.277407)  can0  068   [8]  00 59 5E C3 3C 00 00 00
 (168.296457)  can0  067   [8]  05 06 0B 00 66 0B 00 00
 (168.297429)  can0  068   [8]  05 A1 18 01 79 18 01 00
 (168.336471)  can0  067   [8]  0B 6A F1 8E BC 00 00 00
 (168.337431)  can0  068   [8]  0B 6A F1 8E 3C 00 00 00
 (168.396458)  can0  067   [8]  00 01 8E 03 BD 00 00 00
 (168.397342)  can0  068   [8]  00 15 2C C3 3C 00 00 00
 (168.416470)  can0  067   [8]  05 05 0B 00 F7 0A 00 00
 (168.417431)  can0  068   [8]  05 A1 18 01 BA 18 01 00
 (168.456471)  can0  067   [8]  0B 6A F1 8E BC 00 00 00
 (168.457385)  can0  068   [8]  0B 6A F1 8E 3C 00 00 00
 (168.516480)  can0  067   [8]  00 DF 74 03 BD 00 00 00
 (168.517436)  can0  068   [8]  00 15 2C C3 3C 00 00 00
 (168.536465)  can0  067   [8]  05 0F 0B 00 12 0B 00 00
 (168.537436)  can0  068   [8]  05 A0 18 01 CD 18 01 00
 (168.576467)  can0  067   [8]  0B 6A F1 8E BC 00 00 00
 (168.577395)  can0  068   [8]  0B 6A F1 8E 3C 00 00 00
 (168.636486)  can0  067   [8]  00 DF 74 03 BD 00 00 00
 (168.637401)  can0  068   [8]  00 15 2C C3 3C 00 00 00
 (168.656466)  can0  067   [8]  05 0E 0B 00 22 0A 00 00
 (168.657406)  can0  068   [8]  05 A0 18 01 4B 18 01 00
 (168.696464)  can0  067   [8]  0B 6A F1 8E BC 00 00 00
 (168.697395)  can0  068   [8]  0B 6A F1 8E 3C 00 00 00
 (168.756458)  can0  067   [8]  00 DF 74 03 BD 00 00 00
 (168.757460)  can0  068   [8]  00 15 2C C3 3C 00 00 00
 (168.776466)  can0  067   [8]  05 0D 0B 00 00 0B 00 00
 (168.777461)  can0  068   [8]  05 A0 18 01 D6 18 01 00
 (168.816481)  can0  067   [8]  0B 6A F1 8E BC 00 00 00
 (168.817374)  can0  068   [8]  0B 6A F1 8E 3C 00 00 00
 (168.876465)  can0  067   [8]  00 DF 74 03 BD 00 00 00
 (168.877415)  can0  068   [8]  00 15 2C C3 3C 00 00 00
 (168.896474)  can0  067   [8]  05 02 0B 00 ED 0A 00 00
 (168.897415)  can0  068   [8]  05 9F 18 01 04 19 01 00
 (168.936497)  can0  067   [8]  0B 6A F1 8E BC 00 00 00
 (168.937428)  can0  068   [8]  0B 6A F1 8E 3C 00 00 00
 (168.996501)  can0  067   [8]  00 DF 74 03 BD 00 00 00
 (168.997419)  can0  068   [8]  00 15 2C C3 3C 00 00 00
 (169.016442)  can0  067   [8]  05 0C 0B 00 00 0B 00 00
 (169.017394)  can0  068   [8]  05 9F 18 01 CD 18 01 00
 (169.036484)  can0  067   [8]  12 80 67 00 01 01 00 00
 (169.036502)  can0  067   [8]  0C 02 A1 B6 00 00 70 40
 (169.056480)  can0  067   [8]  0B 6A F1 8E BC 00 00 00
 (169.057413)  can0  068   [8]  0B 6A F1 8E 3C 00 00 00
 (169.097411)  can0  068   [8]  12 80 67 00 01 02 00 07
 (169.116478)  can0  067   [8]  00 DF 74 03 BD 00 00 00
 (169.117414)  can0  068   [8]  00 15 2C C3 3C 00 00 00
 (169.117433)  can0  068   [8]  0C 02 A1 A4 00 00 60 10
 (169.136397)  can0  067   [8]  05 0B 0B 00 F7 0A 00 00
 (169.137327)  can0  068   [8]  05 9F 18 01 79 18 01 00
 (169.176420)  can0  067   [8]  0B 6A F1 8E BC 00 00 00
 (169.177245)  can0  068   [8]  0B 6A F1 8E 3C 00 00 00
 (169.216478)  can0  067   [8]  11 06 00 00 00 00 29 01
 (169.217398)  can0  068   [8]  11 06 00 00 00 00 29 06
 (169.236435)  can0  067   [8]  00 23 A7 03 BD 00 00 00
 (169.237395)  can0  068   [8]  00 15 2C C3 3C 00 00 00
 (169.256434)  can0  067   [8]  05 0A 0B 00 00 0B 00 00
 (169.257402)  can0  068   [8]  05 94 18 01 95 18 01 00
 (169.296452)  can0  067   [8]  0B 6A F1 8E BC 00 00 00
 (169.297427)  can0  068   [8]  0B 6A F1 8E 3C 00 00 00
 (169.356456)  can0  067   [8]  00 DF 74 03 BD 00 00 00
 (169.357431)  can0  068   [8]  00 15 2C C3 3C 00 00 00
 (169.376447)  can0  067   [8]  05 FF 0A 00 F7 0A 00 00
 (169.377424)  can0  068   [8]  05 94 18 01 A7 18 01 00
 (169.416460)  can0  067   [8]  0B 6A F1 8E BC 00 00 00
 (169.417424)  can0  068   [8]  0B 6A F1 8E 3C 00 00 00
 (169.476447)  can0  067   [8]  00 BD 5B 03 BD 00 00 00
 (169.477439)  can0  068   [8]  00 59 5E C3 3C 00 00 00
 (169.496502)  can0  067   [8]  05 FF 0A 00 12 0B 00 00
 (169.497435)  can0  068   [8]  05 9E 18 01 FB 18 01 00
 (169.536472)  can0  067   [8]  0B 6A F1 8E BC 00 00 00
 (169.537421)  can0  068   [8]  0B 6A F1 8E 3C 00 00 00
 (169.596438)  can0  067   [8]  00 BD 5B 03 BD 00 00 00
 (169.597353)  can0  068   [8]  00 15 2C C3 3C 00 00 00
 (169.616453)  can0  067   [8]  05 12 0B 00 09 0B 00 00
 (169.617427)  can0  068   [8]  05 B1 18 01 A7 18 01 00
 (169.656446)  can0  067   [8]  0B 6A F1 8E BC 00 00 00
 (169.657216)  can0  068   [8]  0B 6A F1 8E 3C 00 00 00
 (169.716442)  can0  067   [8]  00 01 8E 03 BD 00 00 00
 (169.717404)  can0  068   [8]  00 15 2C C3 3C 00 00 00
 (169.736444)  can0  067   [8]  05 07 0B 00 09 0B 00 00
 (169.737413)  can0  068   [8]  05 9D 18 01 42 18 01 00
 (169.776460)  can0  067   [8]  0B 6A F1 8E BC 00 00 00
 (169.777315)  can0  068   [8]  0B 6A F1 8E 3C 00 00 00
 (169.836459)  can0  067   [8]  00 DF 74 03 BD 00 00 00
 (169.837439)  can0  068   [8]  00 59 5E C3 3C 00 00 00
 (169.856463)  can0  067   [8]  05 06 0B 00 EB 09 00 00
 (169.857429)  can0  068   [8]  05 9D 18 01 E8 18 01 00
 (169.896461)  can0  067   [8]  0B 6A F1 8E BC 00 00 00
 (169.897282)  can0  068   [8]  0B 6A F1 8E 3C 00 00 00
 (169.956447)  can0  067   [8]  00 01 8E 03 BD 00 00 00
 (169.957332)  can0  068   [8]  00 15 2C C3 3C 00 00 00
 (169.976472)  can0  067   [8]  05 06 0B 00 F7 0A 00 00
 (169.977380)  can0  068   [8]  05 92 18 01 7A 18 01 00
 (170.016459)  can0  067   [8]  0B 6A F1 8E BC 00 00 00
 (170.017326)  can0  068   [8]  0B 6A F1 8E 3C 00 00 00
 (170.036445)  can0  067   [8]  12 80 67 00 01 01 00 00
 (170.036464)  can0  067   [8]  0C 02 A1 B6 00 00 80 40
 (170.076474)  can0  067   [8]  00 DF 74 03 BD 00 00 00
 (170.077423)  can0  068   [8]  00 15 2C C3 3C 00 00 00
 (170.096464)  can0  067   [8]  05 0F 0B 00 00 0B 00 00
 (170.097334)  can0  068   [8]  05 9C 18 01 67 18 01 00
 (170.097345)  can0  068   [8]  12 80 67 00 01 02 00 07
 (170.117453)  can0  068   [8]  0C 02 A1 A4 00 00 70 10
 (170.136450)  can0  067   [8]  0B 6A F1 8E BC 00 00 00
 (170.137446)  can0  068   [8]  0B 6A F1 8E 3C 00 00 00
 (170.196486)  can0  067   [8]  00 DF 74 03 BD 00 00 00
 (170.197227)  can0  068   [8]  00 15 2C C3 3C 00 00 00
 (170.216278)  can0  067   [8]  05 FA 0A 00 09 0B 00 00
 (170.216360)  can0  067   [8]  11 06 00 00 00 00 29 01
 (170.217014)  can0  064   [8]  67 01 92 0A 86 BF 06 00
 (170.217228)  can0  068   [8]  05 92 18 01 A7 18 01 00
 (170.217339)  can0  068   [8]  11 06 00 00 00 00 29 06
 (170.218893)  can0  064   [8]  68 01 92 0A 86 3F 06 00
 (170.236337)  can0  067   [8]  11 06 00 00 00 00 09 01
 (170.237294)  can0  068   [8]  11 06 00 00 00 00 09 06
 (170.256465)  can0  067   [8]  0B DF 74 03 BD 00 00 00
 (170.257400)  can0  068   [8]  0B 15 2C C3 3C 00 00 00
 (170.316499)  can0  067   [8]  00 30 E9 05 BD 00 00 00
 (170.317405)  can0  068   [8]  00 E1 C2 C3 3C 00 00 00
 (170.336476)  can0  067   [8]  05 8B 2E 00 DE 2E 00 00
 (170.337414)  can0  068   [8]  05 5F 2F 01 5A 2F 01 00
 (170.376422)  can0  067   [8]  0B CD 24 04 BD 00 00 00
 (170.377415)  can0  068   [8]  0B F1 8B C4 3C 00 00 00
 (170.436475)  can0  067   [8]  00 83 5D 08 BD 00 00 00
 (170.437236)  can0  068   [8]  00 69 27 C4 3C 00 00 00
 (170.456458)  can0  067   [8]  05 10 2F 00 05 2F 00 00
 (170.457428)  can0  068   [8]  05 DF 30 01 17 31 01 00
 (170.496452)  can0  067   [8]  0B 73 94 07 BD 00 00 00
 (170.497419)  can0  068   [8]  0B 3E 6B CB 3C 00 00 00
 (170.556466)  can0  067   [8]  00 C6 08 0A BD 00 00 00
 (170.557420)  can0  068   [8]  00 35 BE C4 3C 00 00 00
 (170.576467)  can0  067   [8]  05 74 31 00 D8 31 00 00
 (170.577262)  can0  068   [8]  05 2B 34 01 2E 34 01 00
 (170.616442)  can0  067   [8]  0B 7A BA 0F BD 00 00 00
 (170.617423)  can0  068   [8]  0B 4B B7 DB 3C 00 00 00
 (170.676429)  can0  067   [8]  00 7F 4F 0B BD 00 00 00
 (170.677434)  can0  068   [8]  00 AD 59 C4 3C 00 00 00
 (170.696452)  can0  067   [8]  05 1D 36 00 10 36 00 00
 (170.697435)  can0  068   [8]  05 25 39 01 20 39 01 00
 (170.736456)  can0  067   [8]  0B 67 74 1E BD 00 00 00
 (170.737264)  can0  068   [8]  0B 68 5D F9 3C 00 00 00
 (170.796459)  can0  067   [8]  00 D3 4A 0C BD 00 00 00
 (170.797428)  can0  068   [8]  00 89 B9 C5 3C 00 00 00
 (170.816495)  can0  067   [8]  05 AF 3E 00 A4 3C 00 00
 (170.817428)  can0  068   [8]  05 E1 41 01 3C 42 01 00
 (170.856515)  can0  067   [8]  0B 8C 36 36 BD 00 00 00
 (170.857443)  can0  068   [8]  0B B8 57 14 3D 00 00 00
 (170.916488)  can0  067   [8]  00 F2 AD 5D BD 00 00 00
 (170.917454)  can0  068   [8]  00 3F F2 49 3D 00 00 00
 (170.936475)  can0  067   [8]  05 9F 1A 00 23 1B 00 00
 (170.937256)  can0  068   [8]  05 8D 18 01 CA 18 01 00
 (170.976466)  can0  067   [8]  0B 82 2E 58 BD 00 00 00
 (170.977439)  can0  068   [8]  0B 14 9B 36 3D 00 00 00
 (171.036490)  can0  067   [8]  00 C8 20 95 BD 00 00 00
 (171.036511)  can0  067   [8]  12 80 67 00 01 01 00 00
 (171.036512)  can0  067   [8]  0C 02 A1 89 3F 00 50 7E
 (171.037437)  can0  068   [8]  00 14 65 81 3D 00 00 00
 (171.056471)  can0  067   [8]  05 29 1C 00 D2 1B 00 00
 (171.057279)  can0  068   [8]  05 05 1F 01 EC 1E 01 00
 (171.096465)  can0  067   [8]  0B 60 B8 82 BD 00 00 00
 (171.097436)  can0  068   [8]  0B D9 41 64 3D 00 00 00
 (171.097456)  can0  068   [8]  12 80 67 00 01 02 00 07
 (171.117446)  can0  068   [8]  0C 02 A1 B6 41 00 50 7E
 (171.156443)  can0  067   [8]  00 90 AE 9F BD 00 00 00
 (171.157404)  can0  068   [8]  00 A1 68 8B 3D 00 00 00
 (171.176473)  can0  067   [8]  05 FC 25 00 E9 25 00 00
 (171.177415)  can0  068   [8]  05 A8 26 01 B2 25 01 00
 (171.216370)  can0  067   [8]  0B 33 0B 9F BD 00 00 00
 (171.217227)  can0  068   [8]  0B 73 99 8E 3D 00 00 00
 (171.236477)  can0  067   [8]  11 06 00 00 00 00 09 01
 (171.237456)  can0  068   [8]  11 06 00 00 00 00 09 06
 (171.276501)  can0  067   [8]  00 2B 1B CC BD 00 00 00
 (171.277421)  can0  068   [8]  00 7F 80 B9 3D 00 00 00
 (171.296503)  can0  067   [8]  05 3A 1C 00 88 17 00 00
 (171.297437)  can0  068   [8]  05 B1 1D 01 A7 1D 01 00
 (171.336476)  can0  067   [8]  0B 06 EA C0 BD 00 00 00
 (171.337441)  can0  068   [8]  0B 1B B7 B0 3D 00 00 00
 (171.396368)  can0  067   [8]  00 3F 8D E4 BD 00 00 00
 (171.397319)  can0  068   [8]  00 D0 03 D1 3D 00 00 00
 (171.416488)  can0  067   [8]  05 DD 25 00 DF 25 00 00
 (171.417416)  can0  068   [8]  05 7C 29 01 CC 27 01 00
 (171.456501)  can0  067   [8]  0B FE 6D E8 BD 00 00 00
 (171.457419)  can0  068   [8]  0B 79 86 D8 3D 00 00 00
 (171.516534)  can0  067   [8]  00 90 DE 0E BE 00 00 00
 (171.517505)  can0  068   [8]  00 B1 2C 05 3E 00 00 00
 (171.536512)  can0  067   [8]  05 36 1A 00 54 19 00 00
 (171.537462)  can0  068   [8]  05 0A 1C 01 57 1C 01 00
 (171.576509)  can0  067   [8]  0B 44 C5 0A BE 00 00 00
 (171.577491)  can0  068   [8]  0B 7D FD 02 3E 00 00 00
 (171.636512)  can0  067   [8]  00 71 A3 1C BE 00 00 00
 (171.637480)  can0  068   [8]  00 C3 86 12 3E 00 00 00
 (171.656514)  can0  067   [8]  05 2C 2A 00 5C 29 00 00
 (171.657490)  can0  068   [8]  05 88 2D 01 70 2D 01 00
 (171.696533)  can0  067   [8]  0B 68 00 24 BE 00 00 00
 (171.697518)  can0  068   [8]  0B 9C 64 1C 3E 00 00 00
 (171.756550)  can0  067   [8]  00 7C 38 3F BE 00 00 00
 (171.757390)  can0  068   [8]  00 1D 43 36 3E 00 00 00
 (171.776505)  can0  067   [8]  05 A8 1D 00 78 1D 00 00
 (171.777517)  can0  068   [8]  05 6F 20 01 57 1F 01 00
 (171.816552)  can0  067   [8]  0B C0 6A 3F BE 00 00 00
 (171.817524)  can0  068   [8]  0B 39 01 38 3E 00 00 00
 (171.876573)  can0  067   [8]  00 3B E9 53 BE 00 00 00
 (171.877553)  can0  068   [8]  00 60 84 4B 3E 00 00 00
 (171.896536)  can0  067   [8]  05 77 1E 00 27 1E 00 00
 (171.897552)  can0  068   [8]  05 C1 21 01 1E 21 01 00
 (171.936597)  can0  067   [8]  0B A3 86 5C BE 00 00 00
 (171.937493)  can0  068   [8]  0B F0 5B 55 3E 00 00 00
 (171.996608)  can0  067   [8]  00 F7 17 71 BE 00 00 00
 (171.997564)  can0  068   [8]  00 D3 AC 68 3E 00 00 00
 (172.016577)  can0  067   [8]  05 04 27 00 20 26 00 00
 (172.017453)  can0  068   [8]  05 3F 29 01 2D 29 01 00
 (172.036582)  can0  067   [8]  12 80 67 00 01 01 00 00
 (172.036602)  can0  067   [8]  0C 02 A1 89 FF 00 00 7E
 (172.056591)  can0  067   [8]  0B 1E D0 7A BE 00 00 00
 (172.057569)  can0  068   [8]  0B 41 E4 73 3E 00 00 00
 (172.097585)  can0  068   [8]  12 80 67 00 01 02 00 07
 (172.116580)  can0  067   [8]  00 63 91 89 BE 00 00 00
 (172.117573)  can0  068   [8]  00 6E FA 84 3E 00 00 00
 (172.117595)  can0  068   [8]  0C 02 A1 92 FF 00 00 7E
 (172.136597)  can0  067   [8]  05 98 23 00 86 22 00 00
 (172.137568)  can0  068   [8]  05 CA 27 01 B4 26 01 00
 (172.176618)  can0  067   [8]  0B 52 07 8D BE 00 00 00
 (172.177569)  can0  068   [8]  0B CE B0 89 3E 00 00 00
 (172.236608)  can0  067   [8]  00 81 A6 9A BE 00 00 00
 (172.236628)  can0  067   [8]  11 06 00 00 00 00 09 01
 (172.237530)  can0  068   [8]  00 F4 44 96 3E 00 00 00
 (172.237550)  can0  068   [8]  11 06 00 00 00 00 09 06
 (172.256492)  can0  067   [8]  05 27 1C 00 0A 1B 00 00
 (172.257635)  can0  068   [8]  05 D6 1F 01 6E 20 01 00
 (172.296569)  can0  067   [8]  0B BE 7D 9C BE 00 00 00
 (172.297553)  can0  068   [8]  0B A4 46 99 3E 00 00 00
 (172.356647)  can0  067   [8]  00 A6 9D A8 BE 00 00 00
 (172.357612)  can0  068   [8]  00 A7 5E A4 3E 00 00 00
 (172.376634)  can0  067   [8]  05 0B 1A 00 B1 19 00 00
 (172.377610)  can0  068   [8]  05 9A 1E 01 3F 1F 01 00
 (172.416653)  can0  067   [8]  0B 95 13 AC BE 00 00 00
 (172.417632)  can0  068   [8]  0B 0A FF A8 3E 00 00 00
 (172.476686)  can0  067   [8]  00 22 17 B6 BE 00 00 00
 (172.477651)  can0  068   [8]  00 3E 33 B2 3E 00 00 00
 (172.496677)  can0  067   [8]  05 18 22 00 04 22 00 00
 (172.497627)  can0  068   [8]  05 16 25 01 A6 25 01 00
 (172.536634)  can0  067   [8]  0B 90 AC BB BE 00 00 00
 (172.537653)  can0  068   [8]  0B 6F B7 B8 3E 00 00 00
 (172.596660)  can0  067   [8]  00 85 48 C7 BE 00 00 00
 (172.597659)  can0  068   [8]  00 6B AE C2 3E 00 00 00
 (172.616682)  can0  067   [8]  05 82 23 00 8B 23 00 00
 (172.617544)  can0  068   [8]  05 A5 27 01 1F 27 01 00
 (172.656684)  can0  067   [8]  0B 8B 45 CB BE 00 00 00
 (172.657549)  can0  068   [8]  0B D4 6F C8 3E 00 00 00
 (172.716712)  can0  067   [8]  00 97 CB D8 BE 00 00 00
 (172.717663)  can0  068   [8]  00 05 96 D4 3E 00 00 00
 (172.736677)  can0  067   [8]  05 6C 1C 00 D7 1B 00 00
 (172.737680)  can0  068   [8]  05 10 22 01 64 21 01 00
 (172.776712)  can0  067   [8]  0B 61 DB DA BE 00 00 00
 (172.777694)  can0  068   [8]  0B 3A 28 D8 3E 00 00 00
 (172.836727)  can0  067   [8]  00 A6 01 E9 BE 00 00 00
 (172.837713)  can0  068   [8]  00 F4 9C E4 3E 00 00 00
 (172.856743)  can0  067   [8]  05 A9 17 00 FC 16 00 00
 (172.857717)  can0  068   [8]  05 0D 1C 01 28 1C 01 00
 (172.896714)  can0  067   [8]  0B 5C 74 EA BE 00 00 00
 (172.897745)  can0  068   [8]  0B 7B DD E7 3E 00 00 00
 (172.956772)  can0  067   [8]  00 F4 6C F5 BE 00 00 00
 (172.957730)  can0  068   [8]  00 7B A8 F1 3E 00 00 00
 (172.976764)  can0  067   [8]  05 35 1A 00 BD 19 00 00
 (172.977655)  can0  068   [8]  05 81 1F 01 FC 1E 01 00
 (173.016710)  can0  067   [8]  0B 33 0A FA BE 00 00 00
 (173.017692)  can0  068   [8]  0B E0 95 F7 3E 00 00 00
 (173.036712)  can0  067   [8]  12 80 67 00 01 01 00 00
 (173.036735)  can0  067   [8]  0C 02 A1 89 FF 00 00 7E
 (173.076755)  can0  067   [8]  00 1D 7B 02 BF 00 00 00
 (173.077745)  can0  068   [8]  00 04 9C 00 3F 00 00 00
 (173.096731)  can0  067   [8]  05 24 22 00 00 21 00 00
 (173.097756)  can0  068   [8]  05 0F 26 01 CB 25 01 00
 (173.097783)  can0  068   [8]  12 80 67 00 01 02 00 07
 (173.117731)  can0  068   [8]  0C 02 A1 89 FF 00 00 7E
 (173.136769)  can0  067   [8]  0B 96 D1 04 BF 00 00 00
 (173.137699)  can0  068   [8]  0B 23 A7 03 3F 00 00 00
 (173.196701)  can0  067   [8]  00 A5 47 0B BF 00 00 00
 (173.197583)  can0  068   [8]  00 93 26 09 3F 00 00 00
 (173.216726)  can0  067   [8]  05 4A 1D 00 99 1C 00 00
 (173.217621)  can0  068   [8]  05 77 23 01 FF 22 01 00
 (173.236720)  can0  067   [8]  11 06 00 00 00 00 09 01
 (173.237730)  can0  068   [8]  11 06 00 00 00 00 09 06
 (173.256761)  can0  067   [8]  0B 82 9C 0C BF 00 00 00
 (173.257758)  can0  068   [8]  0B 55 83 0B 3F 00 00 00
 (173.316765)  can0  067   [8]  00 EC C0 13 BF 00 00 00
 (173.317752)  can0  068   [8]  00 20 BC 11 3F 00 00 00
 (173.336761)  can0  067   [8]  05 66 16 00 F8 15 00 00
 (173.337739)  can0  068   [8]  05 9C 1C 01 68 1C 01 00
 (173.376820)  can0  067   [8]  0B FF 68 14 BF 00 00 00
 (173.377771)  can0  068   [8]  0B 88 5F 13 3F 00 00 00
 (173.436790)  can0  067   [8]  00 0C EA 1A BF 00 00 00
 (173.437762)  can0  068   [8]  00 87 01 19 3F 00 00 00
 (173.456772)  can0  067   [8]  05 1A 13 00 05 13 00 00
 (173.457838)  can0  068   [8]  05 A9 1A 01 68 1A 01 00
 (173.496867)  can0  067   [8]  0B 32 45 1C BF 00 00 00
 (173.497826)  can0  068   [8]  0B 02 4D 1B 3F 00 00 00
 (173.556796)  can0  067   [8]  00 18 76 21 BF 00 00 00
 (173.557760)  can0  068   [8]  00 90 AE 1F 3F 00 00 00
 (173.576769)  can0  067   [8]  05 DA 1B 00 8B 1B 00 00
 (173.577760)  can0  068   [8]  05 66 21 01 15 22 01 00
 (173.616803)  can0  067   [8]  0B 68 00 24 BF 00 00 00
 (173.617679)  can0  068   [8]  0B ED 17 23 3F 00 00 00
 (173.676874)  can0  067   [8]  00 A7 F5 29 BF 00 00 00
 (173.677842)  can0  068   [8]  00 49 FA 27 3F 00 00 00
 (173.696839)  can0  067   [8]  05 E6 1C 00 54 1C 00 00
 (173.697824)  can0  068   [8]  05 84 23 01 BC 23 01 00
 (173.736863)  can0  067   [8]  0B 53 CB 2B BF 00 00 00
 (173.737826)  can0  068   [8]  0B 20 F4 2A 3F 00 00 00
 (173.796852)  can0  067   [8]  00 31 B7 32 BF 00 00 00
 (173.797823)  can0  068   [8]  00 F3 DF 30 3F 00 00 00
 (173.816845)  can0  067   [8]  05 67 16 00 A9 15 00 00
 (173.817827)  can0  068   [8]  05 16 1E 01 A1 1D 01 00
 (173.856889)  can0  067   [8]  0B D1 97 33 BF 00 00 00
 (173.857851)  can0  068   [8]  0B C1 CE 32 3F 00 00 00
 (173.916878)  can0  067   [8]  00 A5 DB 3A BF 00 00 00
 (173.917852)  can0  068   [8]  00 FE D9 38 3F 00 00 00
 (173.936867)  can0  067   [8]  05 05 11 00 AB 10 00 00
 (173.937849)  can0  068   [8]  05 C2 17 01 DD 17 01 00
 (173.976882)  can0  067   [8]  0B BC 62 3B BF 00 00 00
 (173.977849)  can0  068   [8]  0B F3 AA 3A 3F 00 00 00
 (174.036915)  can0  067   [8]  00 BC F9 40 BF 00 00 00
 (174.036933)  can0  067   [8]  12 80 67 00 01 01 00 00
 (174.036934)  can0  067   [8]  0C 02 A1 AD FF 00 00 7E
 (174.037848)  can0  068   [8]  00 C3 54 3F 3F 00 00 00
 (174.056865)  can0  067   [8]  05 2F 13 00 E7 12 00 00
 (174.057874)  can0  068   [8]  05 A2 1A 01 6B 1A 01 00
 (174.096860)  can0  067   [8]  0B 39 2F 43 BF 00 00 00
 (174.097889)  can0  068   [8]  0B 26 87 42 3F 00 00 00
 (174.097910)  can0  068   [8]  12 80 67 00 01 02 00 07
 (174.117873)  can0  068   [8]  0C 02 A1 9B FF 00 00 7E
 (174.156872)  can0  067   [8]  00 14 CE 48 BF 00 00 00
 (174.157850)  can0  068   [8]  00 B0 09 47 3F 00 00 00
 (174.176887)  can0  067   [8]  05 FB 1B 00 FD 1A 00 00
 (174.177854)  can0  068   [8]  05 54 22 01 8C 21 01 00
 (174.216920)  can0  067   [8]  0B 25 FA 4A BF 00 00 00
 (174.217866)  can0  068   [8]  0B 59 63 4A 3F 00 00 00
 (174.236914)  can0  067   [8]  11 06 00 00 00 00 09 01
 (174.237875)  can0  068   [8]  11 06 00 00 00 00 09 06
 (174.276914)  can0  067   [8]  00 C4 71 51 BF 00 00 00
 (174.277885)  can0  068   [8]  00 A9 B3 4F 3F 00 00 00
 (174.296920)  can0  067   [8]  05 FA 15 00 AA 15 00 00
 (174.297879)  can0  068   [8]  05 75 1E 01 7B 1E 01 00
 (174.336936)  can0  067   [8]  0B EC C1 52 BF 00 00 00
 (174.337895)  can0  068   [8]  0B D5 3A 52 3F 00 00 00
 (174.396934)  can0  067   [8]  00 E8 DC 59 BF 00 00 00
 (174.397896)  can0  068   [8]  00 81 39 58 3F 00 00 00
 (174.416939)  can0  067   [8]  05 82 0F 00 3A 11 00 00
 (174.417897)  can0  068   [8]  05 70 16 01 4E 16 01 00
 (174.456764)  can0  067   [8]  0B B6 68 5A BF 00 00 00
 (174.457781)  can0  068   [8]  0B 54 F1 59 3F 00 00 00
 (174.516959)  can0  067   [8]  00 68 30 60 BF 00 00 00
 (174.517911)  can0  068   [8]  00 23 A6 5E 3F 00 00 00
 (174.536938)  can0  067   [8]  05 35 0D 00 0C 0D 00 00
 (174.537903)  can0  068   [8]  05 48 15 01 65 15 01 00
 (174.576925)  can0  067   [8]  0B 19 CF 61 BF 00 00 00
 (174.577827)  can0  068   [8]  0B FF 68 61 3F 00 00 00
 (174.636934)  can0  067   [8]  00 BA D8 66 BF 00 00 00
 (174.637837)  can0  068   [8]  00 76 38 65 3F 00 00 00
 (174.656976)  can0  067   [8]  05 AD 17 00 6A 17 00 00
 (174.657941)  can0  068   [8]  05 82 1F 01 E6 1D 01 00
 (174.696941)  can0  067   [8]  0B AA D5 68 BF 00 00 00
 (174.697948)  can0  068   [8]  0B B3 7D 68 3F 00 00 00
 (174.756982)  can0  067   [8]  00 C6 C7 6E BF 00 00 00
 (174.757945)  can0  068   [8]  00 7A 7F 6D 3F 00 00 00
 (174.776987)  can0  067   [8]  05 24 11 00 74 10 00 00
 (174.777945)  can0  068   [8]  05 60 17 01 AA 16 01 00
 (174.816988)  can0  067   [8]  0B FF 67 6F BF 00 00 00
 (174.817965)  can0  068   [8]  0B BD 1F 6F 3F 00 00 00
 (174.877023)  can0  067   [8]  00 6E F2 74 BF 00 00 00
 (174.877980)  can0  068   [8]  00 03 70 73 3F 00 00 00
 (174.897000)  can0  067   [8]  05 B8 07 00 1D 07 00 00
 (174.897993)  can0  068   [8]  05 6A 0F 01 E0 0F 01 00
 (174.936999)  can0  067   [8]  0B 66 3F 75 BF 00 00 00
 (174.937974)  can0  068   [8]  0B 47 05 75 3F 00 00 00
 (174.997015)  can0  067   [8]  00 42 70 79 BF 00 00 00
 (174.997983)  can0  068   [8]  00 A9 4D 78 3F 00 00 00
 (175.017027)  can0  067   [8]  05 FD 12 00 06 13 00 00
 (175.017990)  can0  068   [8]  05 0C 1A 01 57 18 01 00
 (175.037041)  can0  067   [8]  12 80 67 00 01 01 00 00
 (175.037061)  can0  067   [8]  0C 02 A1 9B FF 00 00 7E
 (175.057013)  can0  067   [8]  0B DF 71 7A BF 00 00 00
 (175.057986)  can0  068   [8]  0B BF 42 7A 3F 00 00 00
 (175.098037)  can0  068   [8]  12 80 67 00 01 02 00 07
 (175.117025)  can0  067   [8]  00 D9 2E 80 BF 00 00 00
 (175.118010)  can0  068   [8]  00 AF 10 7F 3F 00 00 00
 (175.118035)  can0  068   [8]  0C 02 A1 89 FF 00 00 7E
 (175.137022)  can0  067   [8]  05 EB 05 00 11 06 00 00
 (175.137930)  can0  068   [8]  05 9F 0B 01 CC 0B 01 00
 (175.177012)  can0  067   [8]  0B B3 EF 7E BF 00 00 00
 (175.177968)  can0  068   [8]  0B 24 CD 7E 3F 00 00 00
 (175.237059)  can0  067   [8]  00 15 5A 81 BF 00 00 00
 (175.237080)  can0  067   [8]  11 06 00 00 00 00 09 01
 (175.238030)  can0  068   [8]  00 EC D6 80 3F 00 00 00
 (175.238054)  can0  068   [8]  11 06 00 00 00 00 09 06
 (175.257026)  can0  067   [8]  05 C0 0F 00 E0 0F 00 00
 (175.257933)  can0  068   [8]  05 91 16 01 5B 17 01 00
 (175.297049)  can0  067   [8]  0B 03 5E 81 BF 00 00 00
 (175.298026)  can0  068   [8]  0B A9 50 81 3F 00 00 00
 (175.357066)  can0  067   [8]  00 A7 80 83 BF 00 00 00
 (175.358052)  can0  068   [8]  00 8D 1A 83 3F 00 00 00
 (175.377088)  can0  067   [8]  05 C4 06 00 74 07 00 00
 (175.378062)  can0  068   [8]  05 1C 0B 01 52 0B 01 00
 (175.417089)  can0  067   [8]  0B 12 E9 82 BF 00 00 00
 (175.418073)  can0  068   [8]  0B 6E E0 82 3F 00 00 00
 (175.477065)  can0  067   [8]  00 74 B8 84 BF 00 00 00
 (175.478074)  can0  068   [8]  00 D6 78 84 3F 00 00 00
 (175.497088)  can0  067   [8]  05 44 0B 00 D2 0A 00 00
 (175.498074)  can0  068   [8]  05 B0 0F 01 46 0F 01 00
 (175.537116)  can0  067   [8]  0B 60 1B 84 BF 00 00 00
 (175.537978)  can0  068   [8]  0B 17 15 84 3F 00 00 00
 (175.597058)  can0  067   [8]  00 2E FF 85 BF 00 00 00
 (175.597945)  can0  068   [8]  00 95 93 85 3F 00 00 00
 (175.617084)  can0  067   [8]  05 8D 08 00 B4 08 00 00
 (175.618055)  can0  068   [8]  05 54 0D 01 40 0D 01 00
 (175.657077)  can0  067   [8]  0B EE F4 84 BF 00 00 00
 (175.658054)  can0  068   [8]  0B 01 F1 84 3F 00 00 00
 (175.717105)  can0  067   [8]  00 AF B0 86 BF 00 00 00
 (175.718085)  can0  068   [8]  00 DE 50 86 3F 00 00 00
 (175.737107)  can0  067   [8]  05 52 08 00 62 08 00 00
 (175.738108)  can0  068   [8]  05 C8 0C 01 EC 0C 01 00
 (175.777105)  can0  067   [8]  0B 16 83 85 BF 00 00 00
 (175.778097)  can0  068   [8]  0B 84 81 85 3F 00 00 00
 (175.837100)  can0  067   [8]  00 0F 33 87 BF 00 00 00
 (175.838098)  can0  068   [8]  00 27 03 87 3F 00 00 00
 (175.857133)  can0  067   [8]  05 1B 08 00 15 08 00 00
 (175.858109)  can0  068   [8]  05 4E 0A 01 36 0A 01 00
 (175.897100)  can0  067   [8]  0B 8E D5 85 BF 00 00 00
 (175.898149)  can0  068   [8]  0B C5 D4 85 3F 00 00 00
 (175.957152)  can0  067   [8]  00 3D 8A 87 BF 00 00 00
 (175.958113)  can0  068   [8]  00 FA 4C 87 3F 00 00 00
 (175.977108)  can0  067   [8]  05 19 07 00 29 07 00 00
 (175.978115)  can0  068   [8]  05 75 0A 01 7D 0A 01 00
 (176.017159)  can0  067   [8]  0B D3 FC 85 BF 00 00 00
 (176.018138)  can0  068   [8]  0B D3 FC 85 3F 00 00 00
 (176.037171)  can0  067   [8]  12 80 67 00 01 01 00 00
 (176.037196)  can0  067   [8]  0C 02 A1 A4 7B 00 00 7E
 (176.077141)  can0  067   [8]  00 05 96 87 BF 00 00 00
 (176.078155)  can0  068   [8]  00 E8 50 87 3F 00 00 00
 (176.097080)  can0  067   [8]  05 46 08 00 1C 08 00 00
 (176.098091)  can0  068   [8]  05 FE 0B 01 BE 0B 01 00
 (176.098110)  can0  068   [8]  12 80 67 00 01 02 00 07
 (176.118205)  can0  068   [8]  0C 02 A1 AD 65 00 10 7E
 (176.137184)  can0  067   [8]  0B 9C 08 86 BF 00 00 00
 (176.138203)  can0  068   [8]  0B 9C 08 86 3F 00 00 00
 (176.197197)  can0  067   [8]  00 CD A1 87 BF 00 00 00
 (176.198155)  can0  068   [8]  00 66 61 87 3F 00 00 00
 (176.217184)  can0  067   [8]  05 8C 08 00 82 08 00 00
 (176.218157)  can0  068   [8]  05 B7 0B 01 BE 0B 01 00
 (176.237192)  can0  067   [8]  11 06 00 00 00 00 29 01
 (176.238181)  can0  068   [8]  11 06 00 00 00 00 29 06
 (176.257197)  can0  067   [8]  0B 2E 0A 86 BF 00 00 00
 (176.258192)  can0  068   [8]  0B 2E 0A 86 3F 00 00 00
 (176.317228)  can0  067   [8]  00 CD A1 87 BF 00 00 00
 (176.318123)  can0  068   [8]  00 66 61 87 3F 00 00 00
 (176.337221)  can0  067   [8]  05 2A 03 01 25 03 01 00
 (176.338089)  can0  068   [8]  05 20 00 01 1D 00 01 00
 (176.377218)  can0  067   [8]  0B 2E 0A 86 BF 00 00 00
 (176.378186)  can0  068   [8]  0B 2E 0A 86 3F 00 00 00
 (176.437247)  can0  067   [8]  00 5F A3 87 BF 00 00 00
 (176.438205)  can0  068   [8]  00 66 61 87 3F 00 00 00
 (176.457197)  can0  067   [8]  05 3F 03 01 2E 03 01 00
 (176.458123)  can0  068   [8]  05 2A 00 01 1D 00 01 00
 (176.497201)  can0  067   [8]  0B 2E 0A 86 BF 00 00 00
 (176.498119)  can0  068   [8]  0B 2E 0A 86 3F 00 00 00
 (176.557252)  can0  067   [8]  00 28 A4 87 BF 00 00 00
 (176.558196)  can0  068   [8]  00 66 61 87 3F 00 00 00
 (176.577220)  can0  067   [8]  05 36 03 01 38 03 01 00
 (176.578252)  can0  068   [8]  05 15 00 01 14 00 01 00
 (176.617270)  can0  067   [8]  0B 2E 0A 86 BF 00 00 00
 (176.618274)  can0  068   [8]  0B 2E 0A 86 3F 00 00 00
 (176.677230)  can0  067   [8]  00 96 A2 87 BF 00 00 00
 (176.678244)  can0  068   [8]  00 66 61 87 3F 00 00 00
 (176.697266)  can0  067   [8]  05 36 03 01 41 03 01 00
 (176.698274)  can0  068   [8]  05 29 00 01 27 00 01 00
 (176.737227)  can0  067   [8]  0B 2E 0A 86 BF 00 00 00
 (176.738269)  can0  068   [8]  0B 2E 0A 86 3F 00 00 00
 (176.797323)  can0  067   [8]  00 28 A4 87 BF 00 00 00
 (176.798293)  can0  068   [8]  00 9D 60 87 3F 00 00 00
 (176.817309)  can0  067   [8]  05 41 03 01 41 03 01 00
 (176.818283)  can0  068   [8]  05 28 00 01 7A 00 01 00
 (176.857278)  can0  067   [8]  0B 2E 0A 86 BF 00 00 00
 (176.858253)  can0  068   [8]  0B 2E 0A 86 3F 00 00 00
 (176.917207)  can0  067   [8]  00 96 A2 87 BF 00 00 00
 (176.918206)  can0  068   [8]  00 D4 5F 87 3F 00 00 00
 (176.937284)  can0  067   [8]  05 42 03 01 4A 03 01 00
 (176.938306)  can0  068   [8]  05 28 00 01 30 00 01 00
 (176.977288)  can0  067   [8]  0B 2E 0A 86 BF 00 00 00
 (176.978309)  can0  068   [8]  0B 2E 0A 86 3F 00 00 00
 (177.037306)  can0  067   [8]  00 5F A3 87 BF 00 00 00
 (177.037324)  can0  067   [8]  12 80 67 00 01 01 00 00
 (177.037326)  can0  067   [8]  0C 02 A1 B6 01 00 70 50
 (177.038295)  can0  068   [8]  00 9D 60 87 3F 00 00 00
 (177.057255)  can0  067   [8]  05 42 03 01 41 03 01 00
 (177.058305)  can0  068   [8]  05 27 00 01 27 00 01 00
 (177.097318)  can0  067   [8]  0B 2E 0A 86 BF 00 00 00
 (177.098291)  can0  068   [8]  0B 2E 0A 86 3F 00 00 00
 (177.098313)  can0  068   [8]  12 80 67 00 01 02 00 07
 (177.118303)  can0  068   [8]  0C 02 A1 89 01 00 60 02
 (177.157212)  can0  067   [8]  00 5F A3 87 BF 00 00 00
 (177.158171)  can0  068   [8]  00 9D 60 87 3F 00 00 00
 (177.177296)  can0  067   [8]  05 43 03 01 00 03 01 00
 (177.178277)  can0  068   [8]  05 27 00 01 14 00 01 00
 (177.217303)  can0  067   [8]  0B 2E 0A 86 BF 00 00 00
 (177.218320)  can0  068   [8]  0B 2E 0A 86 3F 00 00 00
 (177.237307)  can0  067   [8]  11 06 00 00 00 00 29 01
 (177.238343)  can0  068   [8]  11 06 00 00 00 00 29 06
 (177.277344)  can0  067   [8]  00 96 A2 87 BF 00 00 00
 (177.278341)  can0  068   [8]  00 9D 60 87 3F 00 00 00
 (177.297338)  can0  067   [8]  05 39 03 01 2E 03 01 00
 (177.298246)  can0  068   [8]  05 1C 00 01 0B 00 01 00
 (177.337324)  can0  067   [8]  0B 2E 0A 86 BF 00 00 00
 (177.338214)  can0  068   [8]  0B 2E 0A 86 3F 00 00 00
 (177.397355)  can0  067   [8]  00 96 A2 87 BF 00 00 00
 (177.398364)  can0  068   [8]  00 9D 60 87 3F 00 00 00
 (177.417351)  can0  067   [8]  05 44 03 01 41 03 01 00
 (177.418394)  can0  068   [8]  05 30 00 01 27 00 01 00
 (177.457367)  can0  067   [8]  0B 2E 0A 86 BF 00 00 00
 (177.458382)  can0  068   [8]  0B 2E 0A 86 3F 00 00 00
 (177.517397)  can0  067   [8]  00 96 A2 87 BF 00 00 00
 (177.518357)  can0  068   [8]  00 9D 60 87 3F 00 00 00
 (177.537380)  can0  067   [8]  05 3B 03 01 53 03 01 00
 (177.538376)  can0  068   [8]  05 25 00 01 1E 00 01 00
 (177.577404)  can0  067   [8]  0B 2E 0A 86 BF 00 00 00
 (177.578380)  can0  068   [8]  0B 2E 0A 86 3F 00 00 00
 (177.637383)  can0  067   [8]  00 28 A4 87 BF 00 00 00
 (177.638393)  can0  068   [8]  00 D4 5F 87 3F 00 00 00
 (177.657371)  can0  067   [8]  05 45 03 01 4A 03 01 00
 (177.658253)  can0  068   [8]  05 25 00 01 26 00 01 00
 (177.697374)  can0  067   [8]  0B 2E 0A 86 BF 00 00 00
 (177.698397)  can0  068   [8]  0B 2E 0A 86 3F 00 00 00
 (177.757402)  can0  067   [8]  00 5F A3 87 BF 00 00 00
 (177.758421)  can0  068   [8]  00 D4 5F 87 3F 00 00 00
 (177.777396)  can0  067   [8]  05 50 03 01 4A 03 01 00
 (177.778269)  can0  068   [8]  05 1A 00 01 14 00 01 00
 (177.817423)  can0  067   [8]  0B 2E 0A 86 BF 00 00 00
 (177.818439)  can0  068   [8]  0B 2E 0A 86 3F 00 00 00
 (177.877416)  can0  067   [8]  00 96 A2 87 BF 00 00 00
 (177.878443)  can0  068   [8]  00 9D 60 87 3F 00 00 00
 (177.897407)  can0  067   [8]  05 3D 03 01 2F 03 01 00
 (177.898258)  can0  068   [8]  05 24 00 01 14 00 01 00
 (177.937431)  can0  067   [8]  0B 2E 0A 86 BF 00 00 00
 (177.938446)  can0  068   [8]  0B 2E 0A 86 3F 00 00 00
 (177.997443)  can0  067   [8]  00 04 A1 87 BF 00 00 00
 (177.998486)  can0  068   [8]  00 D4 5F 87 3F 00 00 00
 (178.017439)  can0  067   [8]  05 47 03 01 4A 03 01 00
 (178.018472)  can0  068   [8]  05 2D 00 01 30 00 01 00
 (178.037427)  can0  067   [8]  12 80 67 00 01 01 00 00
 (178.037452)  can0  067   [8]  0C 02 A1 B6 00 00 70 40
 (178.057401)  can0  067   [8]  0B 2E 0A 86 BF 00 00 00
 (178.058445)  can0  068   [8]  0B 2E 0A 86 3F 00 00 00
 (178.098474)  can0  068   [8]  12 80 67 00 01 02 00 07
 (178.117490)  can0  067   [8]  00 5F A3 87 BF 00 00 00
 (178.118501)  can0  068   [8]  00 9D 60 87 3F 00 00 00
 (178.118528)  can0  068   [8]  0C 02 A1 89 00 00 70 02
 (178.137445)  can0  067   [8]  05 48 03 01 4A 03 01 00
 (178.138494)  can0  068   [8]  05 23 00 01 1D 00 01 00
 (178.177435)  can0  067   [8]  0B 2E 0A 86 BF 00 00 00
 (178.178458)  can0  068   [8]  0B 2E 0A 86 3F 00 00 00
 (178.237443)  can0  067   [8]  00 96 A2 87 BF 00 00 00
 (178.237463)  can0  067   [8]  11 06 00 00 00 00 29 01
 (178.238474)  can0  068   [8]  00 D4 5F 87 3F 00 00 00
 (178.238495)  can0  068   [8]  11 06 00 00 00 00 29 06
 (178.257430)  can0  067   [8]  05 52 03 01 66 03 01 00
 (178.258362)  can0  068   [8]  05 2C 00 01 30 00 01 00
 (178.297466)  can0  067   [8]  0B 2E 0A 86 BF 00 00 00
 (178.298479)  can0  068   [8]  0B 2E 0A 86 3F 00 00 00
 (178.357506)  can0  067   [8]  00 28 A4 87 BF 00 00 00
 (178.358354)  can0  068   [8]  00 9D 60 87 3F 00 00 00
 (178.377510)  can0  067   [8]  05 3F 03 01 4A 03 01 00
 (178.378415)  can0  068   [8]  05 2C 00 01 1E 00 01 00
 (178.417513)  can0  067   [8]  0B 2E 0A 86 BF 00 00 00
 (178.418487)  can0  068   [8]  0B 2E 0A 86 3F 00 00 00
 (178.477539)  can0  067   [8]  00 28 A4 87 BF 00 00 00
 (178.478527)  can0  068   [8]  00 9D 60 87 3F 00 00 00
 (178.497536)  can0  067   [8]  05 4A 03 01 53 03 01 00
 (178.498437)  can0  068   [8]  05 2B 00 01 27 00 01 00
 (178.537562)  can0  067   [8]  0B 2E 0A 86 BF 00 00 00
 (178.538527)  can0  068   [8]  0B 2E 0A 86 3F 00 00 00
 (178.597548)  can0  067   [8]  00 5F A3 87 BF 00 00 00
 (178.598535)  can0  068   [8]  00 D4 5F 87 3F 00 00 00
 (178.617545)  can0  067   [8]  05 40 03 01 A7 03 01 00
 (178.618532)  can0  068   [8]  05 2A 00 01 30 00 01 00
 (178.657505)  can0  067   [8]  0B 2E 0A 86 BF 00 00 00
 (178.658559)  can0  068   [8]  0B 2E 0A 86 3F 00 00 00
 (178.717516)  can0  067   [8]  00 28 A4 87 BF 00 00 00
 (178.718536)  can0  068   [8]  00 D4 5F 87 3F 00 00 00
 (178.737535)  can0  067   [8]  05 4B 03 01 38 03 01 00
 (178.738410)  can0  068   [8]  05 2A 00 01 26 00 01 00
 (178.777546)  can0  067   [8]  0B 2E 0A 86 BF 00 00 00
 (178.778545)  can0  068   [8]  0B 2E 0A 86 3F 00 00 00
 (178.837570)  can0  067   [8]  00 F1 A4 87 BF 00 00 00
 (178.838559)  can0  068   [8]  00 0B 5F 87 3F 00 00 00
 (178.857587)  can0  067   [8]  05 4C 03 01 53 03 01 00
 (178.858569)  can0  068   [8]  05 29 00 01 14 00 01 00
 (178.897620)  can0  067   [8]  0B 2E 0A 86 BF 00 00 00
 (178.898585)  can0  068   [8]  0B 2E 0A 86 3F 00 00 00
 (178.957580)  can0  067   [8]  00 28 A4 87 BF 00 00 00
 (178.958584)  can0  068   [8]  00 9D 60 87 3F 00 00 00
 (178.977567)  can0  067   [8]  05 4C 03 01 4A 03 01 00
 (178.978597)  can0  068   [8]  05 29 00 01 27 00 01 00
 (179.017543)  can0  067   [8]  0B 2E 0A 86 BF 00 00 00
 (179.018466)  can0  068   [8]  0B 2E 0A 86 3F 00 00 00
 (179.037568)  can0  067   [8]  12 80 67 00 01 01 00 00
 (179.037590)  can0  067   [8]  0C 02 A1 B6 00 00 70 40
 (179.077622)  can0  067   [8]  00 5F A3 87 BF 00 00 00
 (179.078589)  can0  068   [8]  00 D4 5F 87 3F 00 00 00
 (179.097421)  can0  067   [8]  05 43 03 01 2E 03 01 00
 (179.098618)  can0  068   [8]  05 1E 00 01 08 00 00 00
 (179.098645)  can0  068   [8]  12 80 67 00 01 02 00 07
 (179.118611)  can0  068   [8]  0C 02 A1 89 00 00 70 02
 (179.137559)  can0  067   [8]  0B 2E 0A 86 BF 00 00 00
 (179.138591)  can0  068   [8]  0B 2E 0A 86 3F 00 00 00
 (179.197481)  can0  067   [8]  00 28 A4 87 BF 00 00 00
 (179.198499)  can0  068   [8]  00 D4 5F 87 3F 00 00 00
 (179.217449)  can0  067   [8]  05 61 03 01 9D 03 01 00
 (179.218513)  can0  068   [8]  05 1E 00 01 14 00 01 00
 (179.237590)  can0  067   [8]  11 06 00 00 00 00 29 01
 (179.238597)  can0  068   [8]  11 06 00 00 00 00 29 06
 (179.257599)  can0  067   [8]  0B 2E 0A 86 BF 00 00 00
 (179.258619)  can0  068   [8]  0B 2E 0A 86 3F 00 00 00
 (179.317588)  can0  067   [8]  00 5F A3 87 BF 00 00 00
 (179.318637)  can0  068   [8]  00 9D 60 87 3F 00 00 00
 (179.337625)  can0  067   [8]  05 4E 03 01 5D 03 01 00
 (179.338649)  can0  068   [8]  05 31 00 01 26 00 01 00
 (179.377540)  can0  067   [8]  0B 2E 0A 86 BF 00 00 00
 (179.378579)  can0  068   [8]  0B 2E 0A 86 3F 00 00 00
 (179.437663)  can0  067   [8]  00 28 A4 87 BF 00 00 00
 (179.438681)  can0  068   [8]  00 9D 60 87 3F 00 00 00
 (179.457674)  can0  067   [8]  05 59 03 01 5C 03 01 00
 (179.458674)  can0  068   [8]  05 27 00 01 39 00 01 00
 (179.497691)  can0  067   [8]  0B 2E 0A 86 BF 00 00 00
 (179.498668)  can0  068   [8]  0B 2E 0A 86 3F 00 00 00
 (179.557684)  can0  067   [8]  00 96 A2 87 BF 00 00 00
 (179.558708)  can0  068   [8]  00 D4 5F 87 3F 00 00 00
 (179.577672)  can0  067   [8]  05 4F 03 01 4A 03 01 00
 (179.578609)  can0  068   [8]  05 26 00 01 26 00 01 00
 (179.617672)  can0  067   [8]  0B 2E 0A 86 BF 00 00 00
 (179.618609)  can0  068   [8]  0B 2E 0A 86 3F 00 00 00
 (179.677655)  can0  067   [8]  00 F1 A4 87 BF 00 00 00
 (179.678697)  can0  068   [8]  00 0B 5F 87 3F 00 00 00
 (179.697691)  can0  067   [8]  05 46 03 01 53 03 01 00
 (179.698728)  can0  068   [8]  05 30 00 01 26 00 01 00
 (179.737680)  can0  067   [8]  0B 2E 0A 86 BF 00 00 00
 (179.738701)  can0  068   [8]  0B 2E 0A 86 3F 00 00 00
 (179.797707)  can0  067   [8]  00 5F A3 87 BF 00 00 00
 (179.798700)  can0  068   [8]  00 D4 5F 87 3F 00 00 00
 (179.817728)  can0  067   [8]  05 47 03 01 41 03 01 00
 (179.818695)  can0  068   [8]  05 25 00 01 30 00 01 00
 (179.857707)  can0  067   [8]  0B 2E 0A 86 BF 00 00 00
 (179.858737)  can0  068   [8]  0B 2E 0A 86 3F 00 00 00
 (179.917751)  can0  067   [8]  00 5F A3 87 BF 00 00 00
 (179.918749)  can0  068   [8]  00 0B 5F 87 3F 00 00 00
 (179.937716)  can0  067   [8]  05 65 03 01 6F 03 01 00
 (179.938743)  can0  068   [8]  05 25 00 01 1D 00 01 00
 (179.977735)  can0  067   [8]  0B 2E 0A 86 BF 00 00 00
 (179.978759)  can0  068   [8]  0B 2E 0A 86 3F 00 00 00
 (180.037745)  can0  067   [8]  00 5F A3 87 BF 00 00 00
 (180.037769)  can0  067   [8]  12 80 67 00 01 01 00 00
 (180.037771)  can0  067   [8]  0C 02 A1 B6 00 00 70 40
 (180.038774)  can0  068   [8]  00 D4 5F 87 3F 00 00 00
 (180.057752)  can0  067   [8]  05 52 03 01 6F 03 01 00
 (180.058771)  can0  068   [8]  05 24 00 01 1E 00 01 00
 (180.097749)  can0  067   [8]  0B 2E 0A 86 BF 00 00 00
 (180.098774)  can0  068   [8]  0B 2E 0A 86 3F 00 00 00
 (180.098796)  can0  068   [8]  12 80 67 00 01 02 00 07
 (180.118818)  can0  068   [8]  0C 02 A1 89 00 00 80 02
 (180.157745)  can0  067   [8]  00 5F A3 87 BF 00 00 00
 (180.158789)  can0  068   [8]  00 D4 5F 87 3F 00 00 00
 (180.177767)  can0  067   [8]  05 52 03 01 66 03 01 00
 (180.178768)  can0  068   [8]  05 24 00 01 14 00 01 00
 (180.217749)  can0  067   [8]  0B 2E 0A 86 BF 00 00 00
 (180.218761)  can0  068   [8]  0B 2E 0A 86 3F 00 00 00
 (180.226854)  can0  064   [8]  67 01 35 FA 8E BC 07 00
 (180.228450)  can0  064   [8]  68 01 35 FA 8E 3C 07 00
 (180.237641)  can0  067   [8]  11 06 00 00 00 00 09 01
 (180.238651)  can0  068   [8]  11 06 00 00 00 00 09 06
 (180.277766)  can0  067   [8]  00 4A BD 87 BF 00 00 00
 (180.278770)  can0  068   [8]  00 C1 63 87 3F 00 00 00
 (180.297801)  can0  067   [8]  05 F5 03 00 12 04 00 00
 (180.298772)  can0  068   [8]  05 0F 05 01 6B 05 01 00
 (180.337749)  can0  067   [8]  0B 96 A2 87 BF 00 00 00
 (180.338785)  can0  068   [8]  0B 0B 5F 87 3F 00 00 00
 (180.397812)  can0  067   [8]  00 4A BD 87 BF 00 00 00
 (180.398806)  can0  068   [8]  00 53 65 87 3F 00 00 00
 (180.417799)  can0  067   [8]  05 5D 03 00 5C 03 00 00
 (180.418809)  can0  068   [8]  05 62 04 01 44 04 01 00
 (180.457776)  can0  067   [8]  0B 97 97 87 BF 00 00 00
 (180.458825)  can0  068   [8]  0B 0C 54 87 3F 00 00 00
 (180.517835)  can0  067   [8]  00 81 BC 87 BF 00 00 00
 (180.518837)  can0  068   [8]  00 53 65 87 3F 00 00 00
 (180.537831)  can0  067   [8]  05 CA 01 00 34 02 00 00
 (180.538817)  can0  068   [8]  05 F8 02 01 78 03 01 00
 (180.577814)  can0  067   [8]  0B F6 78 87 BF 00 00 00
 (180.578839)  can0  068   [8]  0B 6B 35 87 3F 00 00 00
 (180.637825)  can0  067   [8]  00 4A BD 87 BF 00 00 00
 (180.638839)  can0  068   [8]  00 8A 64 87 3F 00 00 00
 (180.657806)  can0  067   [8]  05 08 01 01 DC 00 01 00
 (180.658770)  can0  068   [8]  05 02 00 00 27 00 01 00
 (180.697794)  can0  067   [8]  0B B3 3B 87 BF 00 00 00
 (180.698833)  can0  068   [8]  0B F1 F8 86 3F 00 00 00
 (180.757845)  can0  067   [8]  00 81 BC 87 BF 00 00 00
 (180.758900)  can0  068   [8]  00 8A 64 87 3F 00 00 00
 (180.777865)  can0  067   [8]  05 CF 05 01 0E 06 01 00
 (180.778741)  can0  068   [8]  05 A1 04 00 8A 04 00 00
 (180.817825)  can0  067   [8]  0B 07 D4 86 BF 00 00 00
 (180.818850)  can0  068   [8]  0B D7 92 86 3F 00 00 00
 (180.877831)  can0  067   [8]  00 4A BD 87 BF 00 00 00
 (180.878838)  can0  068   [8]  00 0C 54 87 3F 00 00 00
 (180.897833)  can0  067   [8]  05 E3 0C 01 C4 0C 01 00
 (180.898863)  can0  068   [8]  05 DF 0A 00 DB 0A 00 00
 (180.937857)  can0  067   [8]  0B A9 3B 86 BF 00 00 00
 (180.938875)  can0  068   [8]  0B AF F9 85 3F 00 00 00
 (180.997851)  can0  067   [8]  00 71 AA 87 BF 00 00 00
 (180.998873)  can0  068   [8]  00 21 3A 87 3F 00 00 00
 (181.017761)  can0  067   [8]  05 CB 15 01 80 15 01 00
 (181.018829)  can0  068   [8]  05 C0 10 00 4C 10 00 00
 (181.037847)  can0  067   [8]  12 80 67 00 01 01 00 00
 (181.037879)  can0  067   [8]  0C 02 A1 B6 02 00 60 44
 (181.057847)  can0  067   [8]  0B 75 64 85 BF 00 00 00
 (181.058897)  can0  068   [8]  0B 45 23 85 3F 00 00 00
 (181.098863)  can0  068   [8]  12 80 67 00 01 02 00 07
 (181.117864)  can0  067   [8]  00 A2 7D 86 BF 00 00 00
 (181.118914)  can0  068   [8]  00 37 A7 85 3F 00 00 00
 (181.118950)  can0  068   [8]  0C 02 A1 AD 19 00 60 7E
 (181.137908)  can0  067   [8]  05 DF 0E 01 18 0F 01 00
 (181.138869)  can0  068   [8]  05 D6 07 00 4F 07 00 00
 (181.177898)  can0  067   [8]  0B B7 49 84 BF 00 00 00
 (181.178880)  can0  068   [8]  0B 19 0A 84 3F 00 00 00
 (181.237895)  can0  067   [8]  00 B6 00 85 BF 00 00 00
 (181.237924)  can0  067   [8]  11 06 00 00 00 00 09 01
 (181.238903)  can0  068   [8]  00 BA 28 84 3F 00 00 00
 (181.238935)  can0  068   [8]  11 06 00 00 00 00 09 06
 (181.257889)  can0  067   [8]  05 54 0E 01 17 0E 01 00
 (181.258917)  can0  068   [8]  05 4C 07 00 F2 06 00 00
 (181.297910)  can0  067   [8]  0B 6D EB 82 BF 00 00 00
 (181.298870)  can0  068   [8]  0B 98 AC 82 3F 00 00 00
 (181.357906)  can0  067   [8]  00 13 8A 83 BF 00 00 00
 (181.358903)  can0  068   [8]  00 EF DA 82 3F 00 00 00
 (181.377909)  can0  067   [8]  05 A5 0E 01 80 0E 01 00
 (181.378914)  can0  068   [8]  05 F7 08 00 17 08 00 00
 (181.417934)  can0  067   [8]  0B 97 49 81 BF 00 00 00
 (181.418944)  can0  068   [8]  0B 8B 0B 81 3F 00 00 00
 (181.477853)  can0  067   [8]  00 33 56 82 BF 00 00 00
 (181.478879)  can0  068   [8]  00 B4 8E 81 3F 00 00 00
 (181.497916)  can0  067   [8]  05 39 15 01 71 15 01 00
 (181.498943)  can0  068   [8]  05 14 0D 00 26 0D 00 00
 (181.537932)  can0  067   [8]  0B 6D C8 7E BF 00 00 00
 (181.538941)  can0  068   [8]  0B E8 4D 7E 3F 00 00 00
 (181.597939)  can0  067   [8]  00 5B 78 7F BF 00 00 00
 (181.598959)  can0  068   [8]  00 AC C3 7D 3F 00 00 00
 (181.617965)  can0  067   [8]  05 0A 0B 01 9B 0A 01 00
 (181.618956)  can0  068   [8]  05 A8 03 00 21 04 00 00
 (181.657952)  can0  067   [8]  0B 03 75 7A BF 00 00 00
 (181.658963)  can0  068   [8]  0B A1 FD 79 3F 00 00 00
 (181.717930)  can0  067   [8]  00 D8 16 7C BF 00 00 00
 (181.718948)  can0  068   [8]  00 D8 B3 7A 3F 00 00 00
 (181.737925)  can0  067   [8]  05 9A 15 01 08 16 01 00
 (181.738931)  can0  068   [8]  05 92 0F 00 57 10 00 00
 (181.777946)  can0  067   [8]  0B 81 9A 75 BF 00 00 00
 (181.778939)  can0  068   [8]  0B 44 26 75 3F 00 00 00
 (181.837872)  can0  067   [8]  00 A6 00 77 BF 00 00 00
 (181.838887)  can0  068   [8]  00 90 0B 75 3F 00 00 00
 (181.857960)  can0  067   [8]  05 B8 0D 01 2B 0E 01 00
 (181.858979)  can0  068   [8]  05 3B 05 00 67 05 00 00
 (181.897990)  can0  067   [8]  0B 7C 3A 70 BF 00 00 00
 (181.898986)  can0  068   [8]  0B F5 CA 6F 3F 00 00 00
 (181.957898)  can0  067   [8]  00 0D AA 71 BF 00 00 00
 (181.959011)  can0  068   [8]  00 C1 61 70 3F 00 00 00
 (181.977974)  can0  067   [8]  05 7E 17 01 84 17 01 00
 (181.979006)  can0  068   [8]  05 32 11 00 F7 0E 00 00
 (182.017966)  can0  067   [8]  0B CB 67 6A BF 00 00 00
 (182.019015)  can0  068   [8]  0B 68 FB 69 3F 00 00 00
 (182.038002)  can0  067   [8]  12 80 67 00 01 01 00 00
 (182.038034)  can0  067   [8]  0C 02 A1 AD C2 00 00 7E
 (182.078029)  can0  067   [8]  00 E3 E3 6A BF 00 00 00
 (182.079019)  can0  068   [8]  00 35 24 69 3F 00 00 00
 (182.097902)  can0  067   [8]  05 9A 08 01 E7 08 01 00
 (182.099031)  can0  068   [8]  05 4F 01 00 C3 00 00 00
 (182.099066)  can0  068   [8]  12 80 67 00 01 02 00 07
 (182.119071)  can0  068   [8]  0C 02 A1 92 D5 00 00 7E
 (182.138020)  can0  067   [8]  0B B7 28 64 BF 00 00 00
 (182.139058)  can0  068   [8]  0B 79 BF 63 3F 00 00 00
 (182.197930)  can0  067   [8]  00 33 69 66 BF 00 00 00
 (182.198976)  can0  068   [8]  00 A9 AC 64 3F 00 00 00
 (182.218023)  can0  067   [8]  05 4B 1B 01 8A 1A 01 00
 (182.219048)  can0  068   [8]  05 27 11 00 0C 11 00 00
 (182.238039)  can0  067   [8]  11 06 00 00 00 00 09 01
 (182.239055)  can0  068   [8]  11 06 00 00 00 00 09 06
 (182.258009)  can0  067   [8]  0B 83 BA 5D BF 00 00 00
 (182.259057)  can0  068   [8]  0B FB 55 5D 3F 00 00 00
 (182.318072)  can0  067   [8]  00 62 96 5D BF 00 00 00
 (182.319002)  can0  068   [8]  00 F8 13 5C 3F 00 00 00
 (182.338026)  can0  067   [8]  05 2A 0E 01 92 0D 01 00
 (182.339052)  can0  068   [8]  05 E3 06 00 5B 06 00 00
 (182.378053)  can0  067   [8]  0B 57 0A 57 BF 00 00 00
 (182.379067)  can0  068   [8]  0B F3 A8 56 3F 00 00 00
 (182.438054)  can0  067   [8]  00 1C 46 59 BF 00 00 00
 (182.438950)  can0  068   [8]  00 C4 13 57 3F 00 00 00
 (182.458050)  can0  067   [8]  05 51 11 01 1B 11 01 00
 (182.458967)  can0  068   [8]  05 4D 07 00 06 07 00 00
 (182.498049)  can0  067   [8]  0B C0 3A 50 BF 00 00 00
 (182.499099)  can0  068   [8]  0B 80 DC 4F 3F 00 00 00
 (182.558122)  can0  067   [8]  00 D5 3A 52 BF 00 00 00
 (182.559104)  can0  068   [8]  00 E2 53 50 3F 00 00 00
 (182.578140)  can0  067   [8]  05 C3 18 01 5A 18 01 00
 (182.579091)  can0  068   [8]  05 7A 0E 00 CF 0C 00 00
 (182.618143)  can0  067   [8]  0B 97 5E 49 BF 00 00 00
 (182.619154)  can0  068   [8]  0B 7C 03 49 3F 00 00 00
 (182.678086)  can0  067   [8]  00 B6 98 49 BF 00 00 00
 (182.679123)  can0  068   [8]  00 06 EF 47 3F 00 00 00
 (182.698090)  can0  067   [8]  05 DB 0D 01 CA 0D 01 00
 (182.699169)  can0  068   [8]  05 71 05 00 94 05 00 00
 (182.738119)  can0  067   [8]  0B 70 82 42 BF 00 00 00
 (182.739155)  can0  068   [8]  0B 79 2A 42 3F 00 00 00
 (182.797982)  can0  067   [8]  00 EC B7 44 BF 00 00 00
 (182.799093)  can0  068   [8]  00 02 84 42 3F 00 00 00
 (182.818110)  can0  067   [8]  05 E6 0E 01 73 0E 01 00
 (182.819129)  can0  068   [8]  05 98 04 00 B5 04 00 00
 (182.858137)  can0  067   [8]  0B 47 A6 3B BF 00 00 00
 (182.859139)  can0  068   [8]  0B 75 51 3B 3F 00 00 00
 (182.918117)  can0  067   [8]  00 2E FB 3D BF 00 00 00
 (182.919123)  can0  068   [8]  00 1B F0 3B 3F 00 00 00
 (182.938111)  can0  067   [8]  05 60 18 01 68 18 01 00
 (182.939139)  can0  068   [8]  05 A4 0C 00 1A 0C 00 00
 (182.978145)  can0  067   [8]  0B 1F CA 34 BF 00 00 00
 (182.979150)  can0  068   [8]  0B 02 7A 34 3F 00 00 00
 (183.038145)  can0  067   [8]  00 5A 54 35 BF 00 00 00
 (183.038165)  can0  067   [8]  12 80 67 00 01 01 00 00
 (183.038167)  can0  067   [8]  0C 02 A1 89 FF 00 00 7E
 (183.039166)  can0  068   [8]  00 63 99 33 3F 00 00 00
 (183.058147)  can0  067   [8]  05 86 0E 01 B2 0E 01 00
 (183.059153)  can0  068   [8]  05 69 05 00 D0 04 00 00
 (183.097955)  can0  067   [8]  0B 64 EC 2D BF 00 00 00
 (183.099179)  can0  068   [8]  0B FE A0 2D 3F 00 00 00
 (183.099202)  can0  068   [8]  12 80 67 00 01 02 00 07
 (183.119191)  can0  068   [8]  0C 02 A1 B6 FF 00 00 7E
 (183.158157)  can0  067   [8]  00 0D E3 2F BF 00 00 00
 (183.159177)  can0  068   [8]  00 8C CE 2D 3F 00 00 00
 (183.178181)  can0  067   [8]  05 32 0B 01 03 0B 01 00
 (183.179187)  can0  068   [8]  05 74 01 00 21 01 00 00
 (183.218154)  can0  067   [8]  0B 3D 10 27 BF 00 00 00
 (183.219188)  can0  068   [8]  0B FB C7 26 3F 00 00 00
 (183.238130)  can0  067   [8]  11 06 00 00 00 00 09 01
 (183.239190)  can0  068   [8]  11 06 00 00 00 00 09 06
 (183.278146)  can0  067   [8]  00 D4 A0 29 BF 00 00 00
 (183.279189)  can0  068   [8]  00 E7 8D 27 3F 00 00 00
 (183.298174)  can0  067   [8]  05 D6 17 01 21 17 01 00
 (183.299187)  can0  068   [8]  05 7C 0B 00 36 0B 00 00
 (183.338191)  can0  067   [8]  0B 14 34 20 BF 00 00 00
 (183.339232)  can0  068   [8]  0B F7 EE 1F 3F 00 00 00
 (183.398252)  can0  067   [8]  00 DA 01 21 BF 00 00 00
 (183.399233)  can0  068   [8]  00 BE 4E 1F 3F 00 00 00
 (183.418223)  can0  067   [8]  05 A6 0E 01 44 0E 01 00
 (183.419172)  can0  068   [8]  05 BD 05 00 D5 04 00 00
 (183.458234)  can0  067   [8]  0B C9 49 19 BF 00 00 00
 (183.459202)  can0  068   [8]  0B 3D 06 19 3F 00 00 00
 (183.518229)  can0  067   [8]  00 E6 FC 1A BF 00 00 00
 (183.519247)  can0  068   [8]  00 61 09 19 3F 00 00 00
 (183.538250)  can0  067   [8]  05 6B 08 01 99 06 01 00
 (183.539126)  can0  068   [8]  05 A1 01 01 D0 01 01 00
 (183.578209)  can0  067   [8]  0B C4 7B 12 BF 00 00 00
 (183.579246)  can0  068   [8]  0B EF 3C 12 3F 00 00 00
 (183.638251)  can0  067   [8]  00 0E 3D 15 BF 00 00 00
 (183.639255)  can0  068   [8]  00 D9 18 13 3F 00 00 00
 (183.658241)  can0  067   [8]  05 D7 16 01 AE 15 01 00
 (183.659278)  can0  068   [8]  05 EA 09 00 2C 09 00 00
 (183.698253)  can0  067   [8]  0B 9C 9F 0B BF 00 00 00
 (183.699286)  can0  068   [8]  0B EB 63 0B 3F 00 00 00
 (183.758271)  can0  067   [8]  00 10 BF 0C BF 00 00 00
 (183.759268)  can0  068   [8]  00 1B F9 0A 3F 00 00 00
 (183.778259)  can0  067   [8]  05 FE 0E 01 AB 0E 01 00
 (183.779294)  can0  068   [8]  05 B8 04 00 54 04 00 00
 (183.818274)  can0  067   [8]  0B 73 C3 04 BF 00 00 00
 (183.819179)  can0  068   [8]  0B E7 8A 04 3F 00 00 00
 (183.878304)  can0  067   [8]  00 9C 08 06 BF 00 00 00
 (183.879308)  can0  068   [8]  00 CC 2F 04 3F 00 00 00
 (183.898275)  can0  067   [8]  05 98 05 01 EB 05 01 00
 (183.899299)  can0  068   [8]  05 33 04 01 0A 03 01 00
 (183.938283)  can0  067   [8]  0B 96 CE FB BE 00 00 00
 (183.939298)  can0  068   [8]  0B C6 63 FB 3E 00 00 00
 (183.998289)  can0  067   [8]  00 92 C9 00 BF 00 00 00
 (183.999178)  can0  068   [8]  00 27 3E FD 3E 00 00 00
 (184.018294)  can0  067   [8]  05 53 15 01 21 15 01 00
 (184.019305)  can0  068   [8]  05 89 08 00 23 08 00 00
 (184.038300)  can0  067   [8]  12 80 67 00 01 01 00 00
 (184.038321)  can0  067   [8]  0C 02 A1 AD FF 00 00 7E
 (184.058311)  can0  067   [8]  0B 22 13 EE BE 00 00 00
 (184.059347)  can0  068   [8]  0B BE B1 ED 3E 00 00 00
 (184.099357)  can0  068   [8]  12 80 67 00 01 02 00 07
 (184.118304)  can0  067   [8]  00 22 D9 F0 BE 00 00 00
 (184.119323)  can0  068   [8]  00 80 3D ED 3E 00 00 00
 (184.119343)  can0  068   [8]  0C 02 A1 89 FF 00 00 7E
 (184.138321)  can0  067   [8]  05 99 0F 01 73 0E 01 00
 (184.139350)  can0  068   [8]  05 E3 03 00 73 03 00 00
 (184.178186)  can0  067   [8]  0B D1 5A E0 BE 00 00 00
 (184.179345)  can0  068   [8]  0B B6 FF DF 3E 00 00 00
 (184.238289)  can0  067   [8]  00 31 4B E2 BE 00 00 00
 (184.238308)  can0  067   [8]  11 06 00 00 00 00 09 01
 (184.239362)  can0  068   [8]  00 B4 B2 DE 3E 00 00 00
 (184.239382)  can0  068   [8]  11 06 00 00 00 00 09 06
 (184.258294)  can0  067   [8]  05 82 04 01 F4 04 01 00
 (184.259347)  can0  068   [8]  05 F0 05 01 27 05 01 00
 (184.298292)  can0  067   [8]  0B 81 A2 D2 BE 00 00 00
 (184.299236)  can0  068   [8]  0B AF 4D D2 3E 00 00 00
 (184.358308)  can0  067   [8]  00 E4 A5 D8 BE 00 00 00
 (184.359402)  can0  068   [8]  00 58 2E D4 3E 00 00 00
 (184.378318)  can0  067   [8]  05 ED 13 01 4A 13 01 00
 (184.379340)  can0  068   [8]  05 5F 06 00 90 06 00 00
 (184.418335)  can0  067   [8]  0B 30 EA C4 BE 00 00 00
 (184.419375)  can0  068   [8]  0B A6 9B C4 3E 00 00 00
 (184.478338)  can0  067   [8]  00 FD 46 C8 BE 00 00 00
 (184.479251)  can0  068   [8]  00 A8 85 C4 3E 00 00 00
 (184.498336)  can0  067   [8]  05 22 10 01 19 0F 01 00
 (184.499368)  can0  068   [8]  05 69 03 00 C0 02 00 00
 (184.538359)  can0  067   [8]  0B E0 31 B7 BE 00 00 00
 (184.539384)  can0  068   [8]  0B C3 EC B6 3E 00 00 00
 (184.598373)  can0  067   [8]  00 BC 91 B8 BE 00 00 00
 (184.599397)  can0  068   [8]  00 8E BD B4 3E 00 00 00
 (184.618366)  can0  067   [8]  05 C9 03 01 44 02 01 00
 (184.619281)  can0  068   [8]  05 E1 06 01 00 06 01 00
 (184.658354)  can0  067   [8]  0B 8F 79 A9 BE 00 00 00
 (184.659395)  can0  068   [8]  0B BA 3A A9 3E 00 00 00
 (184.718354)  can0  067   [8]  00 A8 8C AF BE 00 00 00
 (184.719400)  can0  068   [8]  00 65 1B AB 3E 00 00 00
 (184.738380)  can0  067   [8]  05 76 12 01 DD 11 01 00
 (184.739409)  can0  068   [8]  05 24 04 00 6A 03 00 00
 (184.778388)  can0  067   [8]  0B D5 A1 9B BE 00 00 00
 (184.779443)  can0  068   [8]  0B 48 69 9B 3E 00 00 00
 (184.838394)  can0  067   [8]  00 B8 85 9F BE 00 00 00
 (184.839405)  can0  068   [8]  00 AE B4 9B 3E 00 00 00
 (184.858394)  can0  067   [8]  05 AC 10 01 5C 10 01 00
 (184.859418)  can0  068   [8]  05 1B 03 00 F5 02 00 00
 (184.898431)  can0  067   [8]  0B CB 05 8E BE 00 00 00
 (184.899435)  can0  068   [8]  0B AA D6 8D 3E 00 00 00
 (184.958438)  can0  067   [8]  00 67 07 8F BE 00 00 00
 (184.959478)  can0  068   [8]  00 A4 52 8B 3E 00 00 00
 (184.978441)  can0  067   [8]  05 DB 03 01 D5 03 01 00
 (184.979486)  can0  068   [8]  05 E0 06 01 7A 07 01 00
 (185.018423)  can0  067   [8]  0B E7 56 80 BE 00 00 00
 (185.019455)  can0  068   [8]  0B EB 2A 80 3E 00 00 00
 (185.038432)  can0  067   [8]  12 80 67 00 01 01 00 00
 (185.038454)  can0  067   [8]  0C 02 A1 92 FF 00 00 7E
 (185.078454)  can0  067   [8]  00 21 83 86 BE 00 00 00
 (185.079468)  can0  068   [8]  00 DF 11 82 3E 00 00 00
 (185.098421)  can0  067   [8]  05 A0 0F 01 61 0F 01 00
 (185.099482)  can0  068   [8]  05 9A 01 00 B1 00 00 00
 (185.099506)  can0  068   [8]  12 80 67 00 01 02 00 07
 (185.119379)  can0  068   [8]  0C 02 A1 A4 FF 00 00 7E
 (185.138279)  can0  067   [8]  0B B5 A1 65 BE 00 00 00
 (185.139490)  can0  068   [8]  0B 4F 56 65 3E 00 00 00
 (185.198466)  can0  067   [8]  00 62 71 6E BE 00 00 00
 (185.199380)  can0  068   [8]  00 30 8A 66 3E 00 00 00
 (185.218335)  can0  067   [8]  05 F4 0F 01 5E 0E 01 00
 (185.219488)  can0  068   [8]  05 F0 01 00 0A 01 00 00
 (185.238472)  can0  067   [8]  11 06 00 00 00 00 09 01
 (185.239500)  can0  068   [8]  11 06 00 00 00 00 09 06
 (185.258397)  can0  067   [8]  0B FA 38 4B BE 00 00 00
 (185.259442)  can0  068   [8]  0B 6D 00 4B 3E 00 00 00
 (185.318442)  can0  067   [8]  00 18 44 4E BE 00 00 00
 (185.319500)  can0  068   [8]  00 2A 8F 46 3E 00 00 00
 (185.338420)  can0  067   [8]  05 11 02 01 AC 02 01 00
 (185.339408)  can0  068   [8]  05 45 09 01 C0 07 01 00
 (185.378477)  can0  067   [8]  0B DA D1 31 BE 00 00 00
 (185.379533)  can0  068   [8]  0B DE A5 31 3E 00 00 00
 (185.438501)  can0  067   [8]  00 73 90 3F BE 00 00 00
 (185.439545)  can0  068   [8]  00 5D A1 36 3E 00 00 00
 (185.458467)  can0  067   [8]  05 04 10 01 6B 0E 01 00
 (185.459547)  can0  068   [8]  05 82 01 00 B4 00 00 00
 (185.498493)  can0  067   [8]  0B 06 BE 19 BE 00 00 00
 (185.499455)  can0  068   [8]  0B 53 98 19 3E 00 00 00
 (185.558516)  can0  067   [8]  00 AF 40 21 BE 00 00 00
 (185.559571)  can0  068   [8]  00 46 1C 1A 3E 00 00 00
 (185.578492)  can0  067   [8]  05 BB 09 01 6B 09 01 00
 (185.579574)  can0  068   [8]  05 9F 02 01 15 03 01 00
 (185.618528)  can0  067   [8]  0B E3 48 03 BE 00 00 00
 (185.619521)  can0  068   [8]  0B C1 2F 03 3E 00 00 00
 (185.678509)  can0  067   [8]  00 01 1F 10 BE 00 00 00
 (185.679587)  can0  068   [8]  00 FD 7F 06 3E 00 00 00
 (185.698513)  can0  067   [8]  05 71 04 01 4D 04 01 00
 (185.699577)  can0  068   [8]  05 14 09 01 77 09 01 00
 (185.738508)  can0  067   [8]  0B D0 94 DD BD 00 00 00
 (185.739575)  can0  068   [8]  0B 1D 6F DD 3D 00 00 00
 (185.798516)  can0  067   [8]  00 F8 DD F3 BD 00 00 00
 (185.799568)  can0  068   [8]  00 E0 62 E5 3D 00 00 00
 (185.818447)  can0  067   [8]  05 65 0A 01 8C 09 01 00
 (185.819569)  can0  068   [8]  05 51 01 01 AD 01 01 00
 (185.858551)  can0  067   [8]  0B 22 DD B8 BD 00 00 00
 (185.859509)  can0  068   [8]  0B 6F B7 B8 3D 00 00 00
 (185.918555)  can0  067   [8]  00 A3 BB D2 BD 00 00 00
 (185.919505)  can0  068   [8]  00 CC 5F C0 3D 00 00 00
 (185.938549)  can0  067   [8]  05 D6 03 01 2A 04 01 00
 (185.939442)  can0  068   [8]  05 4C 0A 01 AB 09 01 00
 (185.978532)  can0  067   [8]  0B 99 51 98 BD 00 00 00
 (185.979598)  can0  068   [8]  0B 08 45 98 3D 00 00 00
 (186.038601)  can0  067   [8]  00 A0 08 AD BD 00 00 00
 (186.038621)  can0  067   [8]  12 80 67 00 01 01 00 00
 (186.038623)  can0  067   [8]  0C 02 A1 89 FF 00 00 7E
 (186.039632)  can0  068   [8]  00 4E 03 9E 3D 00 00 00
 (186.058572)  can0  067   [8]  05 3E 05 01 EB 04 01 00
 (186.059601)  can0  068   [8]  05 BD 06 01 6C 06 01 00
 (186.098592)  can0  067   [8]  0B 26 B2 77 BD 00 00 00
 (186.099654)  can0  068   [8]  0B 04 99 77 3D 00 00 00
 (186.099676)  can0  068   [8]  12 80 67 00 01 02 00 07
 (186.119697)  can0  068   [8]  0C 02 A1 AD FF 00 00 7E
 (186.158597)  can0  067   [8]  00 86 7A 9A BD 00 00 00
 (186.159597)  can0  068   [8]  00 F9 71 89 3D 00 00 00
 (186.178579)  can0  067   [8]  05 26 08 01 CD 07 01 00
 (186.179603)  can0  068   [8]  05 42 06 01 2B 05 01 00
 (186.218603)  can0  067   [8]  0B 97 FB 47 BD 00 00 00
 (186.219617)  can0  068   [8]  0B 97 FB 47 3D 00 00 00
 (186.238574)  can0  067   [8]  11 06 00 00 00 00 09 01
 (186.239625)  can0  068   [8]  11 06 00 00 00 00 09 06
 (186.278634)  can0  067   [8]  00 24 2B 79 BD 00 00 00
 (186.279625)  can0  068   [8]  00 46 18 52 3D 00 00 00
 (186.298619)  can0  067   [8]  05 DA 00 01 C3 00 01 00
 (186.299646)  can0  068   [8]  05 AB 0D 01 B0 0D 01 00
 (186.338504)  can0  067   [8]  0B EC 51 20 BD 00 00 00
 (186.339653)  can0  068   [8]  0B EC 51 20 3D 00 00 00
 (186.398574)  can0  067   [8]  00 CE 7C 52 BD 00 00 00
 (186.399645)  can0  068   [8]  00 FC 24 2F 3D 00 00 00
 (186.418432)  can0  067   [8]  05 12 01 01 DB 00 01 00
 (186.419639)  can0  068   [8]  05 B5 0C 01 D1 0C 01 00
 (186.458616)  can0  067   [8]  0B D0 32 01 BD 00 00 00
 (186.459661)  can0  068   [8]  0B D0 32 01 3D 00 00 00
 (186.518637)  can0  067   [8]  00 AC C8 37 BD 00 00 00
 (186.519687)  can0  068   [8]  00 D6 62 17 3D 00 00 00
 (186.538635)  can0  067   [8]  05 CC 01 01 AF 01 01 00
 (186.539680)  can0  068   [8]  05 E4 0A 01 89 0A 01 00
 (186.578637)  can0  067   [8]  0B 76 73 D4 BC 00 00 00
 (186.579691)  can0  068   [8]  0B 76 73 D4 3C 00 00 00
 (186.638642)  can0  067   [8]  00 E7 BC 24 BD 00 00 00
 (186.639688)  can0  068   [8]  00 85 E4 06 3D 00 00 00
 (186.658670)  can0  067   [8]  05 7D 01 01 6B 01 01 00
 (186.659703)  can0  068   [8]  05 D9 0A 01 D0 0B 01 00
 (186.698631)  can0  067   [8]  0B 6C A4 B4 BC 00 00 00
 (186.699687)  can0  068   [8]  0B 6C A4 B4 3C 00 00 00
 (186.758695)  can0  067   [8]  00 0C 53 15 BD 00 00 00
 (186.759723)  can0  068   [8]  00 60 1F E6 3C 00 00 00
 (186.778707)  can0  067   [8]  05 E0 00 01 D5 00 01 00
 (186.779714)  can0  068   [8]  05 CA 0C 01 D3 0C 01 00
 (186.818668)  can0  067   [8]  0B 0E 6B A0 BC 00 00 00
 (186.819707)  can0  068   [8]  0B 52 9D A0 3C 00 00 00
 (186.878684)  can0  067   [8]  00 3B 1D 0B BD 00 00 00
 (186.879724)  can0  068   [8]  00 26 86 D0 3C 00 00 00
 (186.898678)  can0  067   [8]  05 4D 00 01 6D 00 01 00
 (186.899724)  can0  068   [8]  05 B9 0D 01 C8 0D 01 00
 (186.938707)  can0  067   [8]  0B EA 39 95 BC 00 00 00
 (186.939754)  can0  068   [8]  0B EA 39 95 3C 00 00 00
 (186.998672)  can0  067   [8]  00 23 A7 03 BD 00 00 00
 (186.999731)  can0  068   [8]  00 25 F5 C3 3C 00 00 00
 (187.018711)  can0  067   [8]  05 98 00 00 C7 00 00 00
 (187.019746)  can0  068   [8]  05 FD 0D 01 34 0E 01 00
 (187.038701)  can0  067   [8]  12 80 67 00 01 01 00 00
 (187.038721)  can0  067   [8]  0C 02 A1 B6 57 00 00 7E
 (187.058618)  can0  067   [8]  0B 45 51 90 BC 00 00 00
 (187.059789)  can0  068   [8]  0B 45 51 90 3C 00 00 00
 (187.099781)  can0  068   [8]  12 80 67 00 01 02 00 07
 (187.118725)  can0  067   [8]  00 23 A7 03 BD 00 00 00
 (187.119632)  can0  068   [8]  00 59 5E C3 3C 00 00 00
 (187.119644)  can0  068   [8]  0C 02 A1 A4 4F 00 10 7E
 (187.138682)  can0  067   [8]  05 5C 00 01 39 00 01 00
 (187.139746)  can0  068   [8]  05 32 0D 01 65 0D 01 00
 (187.178754)  can0  067   [8]  0B AE 23 8F BC 00 00 00
 (187.179748)  can0  068   [8]  0B AE 23 8F 3C 00 00 00
 (187.238734)  can0  067   [8]  00 9B 42 03 BD 00 00 00
 (187.238758)  can0  067   [8]  11 06 00 00 00 00 29 01
 (187.239779)  can0  068   [8]  00 59 5E C3 3C 00 00 00
 (187.239803)  can0  068   [8]  11 06 00 00 00 00 29 06
 (187.258743)  can0  067   [8]  05 66 06 00 3D 06 00 00
 (187.259767)  can0  068   [8]  05 AE 13 01 63 13 01 00
 (187.298757)  can0  067   [8]  0B 6A F1 8E BC 00 00 00
 (187.299772)  can0  068   [8]  0B 6A F1 8E 3C 00 00 00
 (187.358777)  can0  067   [8]  00 DF 74 03 BD 00 00 00
 (187.359802)  can0  068   [8]  00 59 5E C3 3C 00 00 00
 (187.378787)  can0  067   [8]  05 15 0B 00 09 0B 00 00
 (187.379831)  can0  068   [8]  05 90 18 01 B1 18 01 00
 (187.418770)  can0  067   [8]  0B 6A F1 8E BC 00 00 00
 (187.419820)  can0  068   [8]  0B 6A F1 8E 3C 00 00 00
 (187.478776)  can0  067   [8]  00 DF 74 03 BD 00 00 00
 (187.479786)  can0  068   [8]  00 59 5E C3 3C 00 00 00
 (187.498792)  can0  067   [8]  05 29 0B 00 25 0B 00 00
 (187.499796)  can0  068   [8]  05 8F 18 01 83 18 01 00
 (187.538818)  can0  067   [8]  0B 6A F1 8E BC 00 00 00
 (187.539813)  can0  068   [8]  0B 6A F1 8E 3C 00 00 00
 (187.598808)  can0  067   [8]  00 9B 42 03 BD 00 00 00
 (187.599834)  can0  068   [8]  00 59 5E C3 3C 00 00 00
 (187.618818)  can0  067   [8]  05 28 0B 00 40 0B 00 00
 (187.619834)  can0  068   [8]  05 8F 18 01 9E 18 01 00
 (187.658824)  can0  067   [8]  0B 6A F1 8E BC 00 00 00
 (187.659831)  can0  068   [8]  0B 6A F1 8E 3C 00 00 00
 (187.718851)  can0  067   [8]  00 9B 42 03 BD 00 00 00
 (187.719867)  can0  068   [8]  00 59 5E C3 3C 00 00 00
 (187.738829)  can0  067   [8]  05 27 0B 00 25 0B 00 00
 (187.739868)  can0  068   [8]  05 99 18 01 8C 18 01 00
 (187.778824)  can0  067   [8]  0B 6A F1 8E BC 00 00 00
 (187.779831)  can0  068   [8]  0B 6A F1 8E 3C 00 00 00
 (187.838801)  can0  067   [8]  00 9B 42 03 BD 00 00 00
 (187.839855)  can0  068   [8]  00 9D 90 C3 3C 00 00 00
 (187.858802)  can0  067   [8]  05 13 0B 00 6F 0B 00 00
 (187.859879)  can0  068   [8]  05 98 18 01 79 18 01 00
 (187.898822)  can0  067   [8]  0B 6A F1 8E BC 00 00 00
 (187.899873)  can0  068   [8]  0B 6A F1 8E 3C 00 00 00
 (187.958835)  can0  067   [8]  00 01 8E 03 BD 00 00 00
 (187.959883)  can0  068   [8]  00 15 2C C3 3C 00 00 00
 (187.978826)  can0  067   [8]  05 1C 0B 00 09 0B 00 00
 (187.979872)  can0  068   [8]  05 98 18 01 CD 18 01 00
 (188.018799)  can0  067   [8]  0B 6A F1 8E BC 00 00 00
 (188.019894)  can0  068   [8]  0B 6A F1 8E 3C 00 00 00
 (188.038901)  can0  067   [8]  12 80 67 00 01 01 00 00
 (188.038923)  can0  067   [8]  0C 02 A1 B6 00 00 70 40
 (188.078836)  can0  067   [8]  00 BD 5B 03 BD 00 00 00
 (188.079884)  can0  068   [8]  00 15 2C C3 3C 00 00 00
 (188.098875)  can0  067   [8]  05 25 0B 00 2E 0B 00 00
 (188.099910)  can0  068   [8]  05 98 18 01 BA 18 01 00
 (188.099932)  can0  068   [8]  12 80 67 00 01 02 00 07
 (188.119938)  can0  068   [8]  0C 02 A1 A4 00 00 70 10
 (188.138834)  can0  067   [8]  0B 6A F1 8E BC 00 00 00
 (188.139894)  can0  068   [8]  0B 6A F1 8E 3C 00 00 00
 (188.198877)  can0  067   [8]  00 01 8E 03 BD 00 00 00
 (188.199900)  can0  068   [8]  00 59 5E C3 3C 00 00 00
 (188.218857)  can0  067   [8]  05 2E 0B 00 25 0B 00 00
 (188.219936)  can0  068   [8]  05 97 18 01 CD 18 01 00
 (188.238860)  can0  067   [8]  11 06 00 00 00 00 29 01
 (188.239824)  can0  068   [8]  11 06 00 00 00 00 29 06
 (188.258865)  can0  067   [8]  0B 6A F1 8E BC 00 00 00
 (188.259912)  can0  068   [8]  0B 6A F1 8E 3C 00 00 00
 (188.318899)  can0  067   [8]  00 9B 42 03 BD 00 00 00
 (188.319923)  can0  068   [8]  00 59 5E C3 3C 00 00 00
 (188.338873)  can0  067   [8]  05 10 0B 00 1C 0B 00 00
 (188.339925)  can0  068   [8]  05 97 18 01 95 18 01 00
 (188.378905)  can0  067   [8]  0B 6A F1 8E BC 00 00 00
 (188.379950)  can0  068   [8]  0B 6A F1 8E 3C 00 00 00
 (188.438941)  can0  067   [8]  00 BD 5B 03 BD 00 00 00
 (188.439964)  can0  068   [8]  00 15 2C C3 3C 00 00 00
 (188.458916)  can0  067   [8]  05 23 0B 00 1B 0B 00 00
 (188.459986)  can0  068   [8]  05 A1 18 01 F1 18 01 00
 (188.498935)  can0  067   [8]  0B 6A F1 8E BC 00 00 00
 (188.499975)  can0  068   [8]  0B 6A F1 8E 3C 00 00 00
 (188.558926)  can0  067   [8]  00 BD 5B 03 BD 00 00 00
 (188.559970)  can0  068   [8]  00 9D 90 C3 3C 00 00 00
 (188.578912)  can0  067   [8]  05 2C 0B 00 2E 0B 00 00
 (188.579928)  can0  068   [8]  05 97 18 01 A7 18 01 00
 (188.618929)  can0  067   [8]  0B 6A F1 8E BC 00 00 00
 (188.619950)  can0  068   [8]  0B 6A F1 8E 3C 00 00 00
 (188.678959)  can0  067   [8]  00 BD 5B 03 BD 00 00 00
 (188.679999)  can0  068   [8]  00 59 5E C3 3C 00 00 00
 (188.698954)  can0  067   [8]  05 0D 0B 00 09 0B 00 00
 (188.699949)  can0  068   [8]  05 8C 18 01 D6 18 01 00
 (188.738949)  can0  067   [8]  0B 6A F1 8E BC 00 00 00
 (188.739993)  can0  068   [8]  0B 6A F1 8E 3C 00 00 00
 (188.798935)  can0  067   [8]  00 9B 42 03 BD 00 00 00
 (188.800024)  can0  068   [8]  00 15 2C C3 3C 00 00 00
 (188.818956)  can0  067   [8]  05 21 0B 00 25 0B 00 00
 (188.820011)  can0  068   [8]  05 A0 18 01 54 18 01 00
 (188.858974)  can0  067   [8]  0B 6A F1 8E BC 00 00 00
 (188.859983)  can0  068   [8]  0B 6A F1 8E 3C 00 00 00
 (188.918998)  can0  067   [8]  00 9B 42 03 BD 00 00 00
 (188.919995)  can0  068   [8]  00 59 5E C3 3C 00 00 00
 (188.938983)  can0  067   [8]  05 0C 0B 00 00 0B 00 00
 (188.939990)  can0  068   [8]  05 96 18 01 83 18 01 00
 (188.978850)  can0  067   [8]  0B 6A F1 8E BC 00 00 00
 (188.979942)  can0  068   [8]  0B 6A F1 8E 3C 00 00 00
 (189.039007)  can0  067   [8]  00 BD 5B 03 BD 00 00 00
 (189.039025)  can0  067   [8]  12 80 67 00 01 01 00 00
 (189.039027)  can0  067   [8]  0C 02 A1 B6 00 00 70 40
 (189.039923)  can0  068   [8]  00 9D 90 C3 3C 00 00 00
 (189.058959)  can0  067   [8]  05 1F 0B 00 1C 0B 00 00
 (189.060005)  can0  068   [8]  05 8B 18 01 67 18 01 00
 (189.099010)  can0  067   [8]  0B 6A F1 8E BC 00 00 00
 (189.100035)  can0  068   [8]  0B 6A F1 8E 3C 00 00 00
 (189.100055)  can0  068   [8]  12 80 67 00 01 02 00 07
 (189.120057)  can0  068   [8]  0C 02 A1 A4 00 00 70 10
 (189.158897)  can0  067   [8]  00 DF 74 03 BD 00 00 00
 (189.159974)  can0  068   [8]  00 59 5E C3 3C 00 00 00
 (189.178973)  can0  067   [8]  05 1E 0B 00 2E 0B 00 00
 (189.180033)  can0  068   [8]  05 95 18 01 0D 19 01 00
 (189.218976)  can0  067   [8]  0B 6A F1 8E BC 00 00 00
 (189.220053)  can0  068   [8]  0B 6A F1 8E 3C 00 00 00
 (189.239004)  can0  067   [8]  11 06 00 00 00 00 29 01
 (189.240065)  can0  068   [8]  11 06 00 00 00 00 29 06
 (189.279006)  can0  067   [8]  00 DF 74 03 BD 00 00 00
 (189.280063)  can0  068   [8]  00 59 5E C3 3C 00 00 00
 (189.298920)  can0  067   [8]  05 28 0B 00 2E 0B 00 00
 (189.300067)  can0  068   [8]  05 95 18 01 70 18 01 00
 (189.339028)  can0  067   [8]  0B 6A F1 8E BC 00 00 00
 (189.340064)  can0  068   [8]  0B 6A F1 8E 3C 00 00 00
 (189.399059)  can0  067   [8]  00 DF 74 03 BD 00 00 00
 (189.400084)  can0  068   [8]  00 9D 90 C3 3C 00 00 00
 (189.419041)  can0  067   [8]  05 13 0B 00 37 0B 00 00
 (189.420098)  can0  068   [8]  05 8A 18 01 83 18 01 00
 (189.459058)  can0  067   [8]  0B 6A F1 8E BC 00 00 00
 (189.460122)  can0  068   [8]  0B 6A F1 8E 3C 00 00 00
 (189.519045)  can0  067   [8]  00 79 29 03 BD 00 00 00
 (189.520088)  can0  068   [8]  00 59 5E C3 3C 00 00 00
 (189.539059)  can0  067   [8]  05 08 0B 00 F7 0A 00 00
 (189.540109)  can0  068   [8]  05 94 18 01 C3 18 01 00
 (189.579083)  can0  067   [8]  0B 6A F1 8E BC 00 00 00
 (189.580134)  can0  068   [8]  0B 6A F1 8E 3C 00 00 00
 (189.639090)  can0  067   [8]  00 BD 5B 03 BD 00 00 00
 (189.640153)  can0  068   [8]  00 59 5E C3 3C 00 00 00
 (189.659093)  can0  067   [8]  05 12 0B 00 09 0B 00 00
 (189.660154)  can0  068   [8]  05 94 18 01 B1 18 01 00
 (189.699111)  can0  067   [8]  0B 6A F1 8E BC 00 00 00
 (189.700166)  can0  068   [8]  0B 6A F1 8E 3C 00 00 00
 (189.759124)  can0  067   [8]  00 BD 5B 03 BD 00 00 00
 (189.760152)  can0  068   [8]  00 59 5E C3 3C 00 00 00
 (189.779107)  can0  067   [8]  05 11 0B 00 00 0B 00 00
 (189.780158)  can0  068   [8]  05 89 18 01 B1 18 01 00
 (189.819116)  can0  067   [8]  0B 6A F1 8E BC 00 00 00
 (189.820169)  can0  068   [8]  0B 6A F1 8E 3C 00 00 00
 (189.879152)  can0  067   [8]  00 BD 5B 03 BD 00 00 00
 (189.880173)  can0  068   [8]  00 9D 90 C3 3C 00 00 00
 (189.899116)  can0  067   [8]  05 10 0B 00 09 0B 00 00
 (189.900172)  can0  068   [8]  05 93 18 01 42 18 01 00
 (189.939122)  can0  067   [8]  0B 6A F1 8E BC 00 00 00
 (189.940198)  can0  068   [8]  0B 6A F1 8E 3C 00 00 00
 (189.999135)  can0  067   [8]  00 BD 5B 03 BD 00 00 00
 (190.000094)  can0  068   [8]  00 59 5E C3 3C 00 00 00
 (190.019146)  can0  067   [8]  05 FB 0A 00 12 0B 00 00
 (190.020225)  can0  068   [8]  05 93 18 01 D6 18 01 00
 (190.039142)  can0  067   [8]  12 80 67 00 01 01 00 00
 (190.039169)  can0  067   [8]  0C 02 A1 B6 00 00 70 40
 (190.059172)  can0  067   [8]  0B 6A F1 8E BC 00 00 00
 (190.060237)  can0  068   [8]  0B 6A F1 8E 3C 00 00 00
 (190.100290)  can0  068   [8]  12 80 67 00 01 02 00 07
 (190.119166)  can0  067   [8]  00 DF 74 03 BD 00 00 00
 (190.120215)  can0  068   [8]  00 15 2C C3 3C 00 00 00
 (190.120242)  can0  068   [8]  0C 02 A1 A4 00 00 80 10
 (190.139148)  can0  067   [8]  05 19 0B 00 25 0B 00 00
 (190.140184)  can0  068   [8]  05 92 18 01 C9 1A 01 00
 (190.179140)  can0  067   [8]  0B 6A F1 8E BC 00 00 00
 (190.180187)  can0  068   [8]  0B 6A F1 8E 3C 00 00 00
 (190.238929)  can0  064   [8]  67 01 92 0A 86 BF 06 00
 (190.238972)  can0  067   [8]  00 BD 5B 03 BD 00 00 00
 (190.239237)  can0  067   [8]  11 06 00 00 00 00 29 01
 (190.240151)  can0  068   [8]  00 59 5E C3 3C 00 00 00
 (190.240172)  can0  068   [8]  11 06 00 00 00 00 29 06
 (190.241223)  can0  064   [8]  68 01 92 0A 86 3F 06 00
 (190.259105)  can0  067   [8]  05 85 27 00 0C 28 00 00
 (190.259123)  can0  067   [8]  11 06 00 00 00 00 09 01
 (190.260173)  can0  068   [8]  05 72 27 01 04 27 01 00
 (190.260191)  can0  068   [8]  11 06 00 00 00 00 09 06
 (190.299163)  can0  067   [8]  0B BD 5B 03 BD 00 00 00
 (190.300217)  can0  068   [8]  0B 9D 90 C3 3C 00 00 00
 (190.359176)  can0  067   [8]  00 0E D0 05 BD 00 00 00
 (190.360229)  can0  068   [8]  00 E1 C2 C3 3C 00 00 00
 (190.379132)  can0  067   [8]  05 AE 2E 00 A7 2E 00 00
 (190.380161)  can0  068   [8]  05 AA 2F 01 7F 2F 01 00
 (190.419169)  can0  067   [8]  0B 33 70 04 BD 00 00 00
 (190.420216)  can0  068   [8]  0B 89 B9 C5 3C 00 00 00
 (190.479190)  can0  067   [8]  00 1D 12 08 BD 00 00 00
 (190.480236)  can0  068   [8]  00 59 5E C3 3C 00 00 00
 (190.499202)  can0  067   [8]  05 83 2F 00 46 2F 00 00
 (190.500234)  can0  068   [8]  05 5C 31 01 73 31 01 00
 (190.539183)  can0  067   [8]  0B A5 76 08 BD 00 00 00
 (190.540169)  can0  068   [8]  0B 6D C6 CD 3C 00 00 00
 (190.599198)  can0  067   [8]  00 0A 3B 0A BD 00 00 00
 (190.600172)  can0  068   [8]  00 F1 8B C4 3C 00 00 00
 (190.619188)  can0  067   [8]  05 0F 32 00 84 31 00 00
 (190.620246)  can0  068   [8]  05 B2 34 01 A7 34 01 00
 (190.659186)  can0  067   [8]  0B FF 97 11 BD 00 00 00
 (190.660233)  can0  068   [8]  0B 23 09 E0 3C 00 00 00
 (190.719248)  can0  067   [8]  00 B1 31 0C BD 00 00 00
 (190.720317)  can0  068   [8]  00 25 F5 C3 3C 00 00 00
 (190.739228)  can0  067   [8]  05 45 37 00 2E 37 00 00
 (190.740322)  can0  068   [8]  05 57 3A 01 71 3A 01 00
 (190.779272)  can0  067   [8]  0B 2E FD 21 BD 00 00 00
 (190.780273)  can0  068   [8]  0B 7C 37 00 3D 00 00 00
 (190.839228)  can0  067   [8]  00 39 96 0C BD 00 00 00
 (190.840290)  can0  068   [8]  00 DD B4 C6 3C 00 00 00
 (190.859228)  can0  067   [8]  05 31 3E 00 F1 3D 00 00
 (190.860301)  can0  068   [8]  05 06 43 01 A5 39 01 00
 (190.899239)  can0  067   [8]  0B 0F 06 3B BD 00 00 00
 (190.900297)  can0  068   [8]  0B C2 8B 19 3D 00 00 00
 (190.959275)  can0  067   [8]  00 86 75 93 BD 00 00 00
 (190.960338)  can0  068   [8]  00 26 B5 80 3D 00 00 00
 (190.979271)  can0  067   [8]  05 C4 0E 00 47 0E 00 00
 (190.980345)  can0  068   [8]  05 F5 10 01 9E 10 01 00
 (191.019285)  can0  067   [8]  0B CF 0D 5F BD 00 00 00
 (191.020343)  can0  068   [8]  0B E8 DE 3D 3D 00 00 00
 (191.039280)  can0  067   [8]  12 80 67 00 01 01 00 00
 (191.039300)  can0  067   [8]  0C 02 A1 9B 40 00 60 7E
 (191.079272)  can0  067   [8]  00 FC 89 94 BD 00 00 00
 (191.080353)  can0  068   [8]  00 0B BD 81 3D 00 00 00
 (191.099282)  can0  067   [8]  05 7F 20 00 2F 20 00 00
 (191.100369)  can0  068   [8]  05 4D 22 01 03 22 01 00
 (191.100392)  can0  068   [8]  12 80 67 00 01 02 00 07
 (191.120382)  can0  068   [8]  0C 02 A1 AD 41 00 50 7E
 (191.139301)  can0  067   [8]  0B EB 2F 87 BD 00 00 00
 (191.140357)  can0  068   [8]  0B 33 63 6D 3D 00 00 00
 (191.199184)  can0  067   [8]  00 34 92 9D BD 00 00 00
 (191.200267)  can0  068   [8]  00 8A 7E 89 3D 00 00 00
 (191.219301)  can0  067   [8]  05 B7 28 00 E5 26 00 00
 (191.220340)  can0  068   [8]  05 6E 29 01 32 29 01 00
 (191.259319)  can0  067   [8]  0B 81 71 A4 BD 00 00 00
 (191.259338)  can0  067   [8]  11 06 00 00 00 00 09 01
 (191.260334)  can0  068   [8]  0B 74 25 94 3D 00 00 00
 (191.260353)  can0  068   [8]  11 06 00 00 00 00 09 06
 (191.319325)  can0  067   [8]  00 A1 34 D4 BD 00 00 00
 (191.320367)  can0  068   [8]  00 C1 30 C2 3D 00 00 00
 (191.339300)  can0  067   [8]  05 45 1D 00 21 1B 00 00
 (191.340381)  can0  068   [8]  05 34 1F 01 4C 1F 01 00
 (191.379328)  can0  067   [8]  0B A9 4B C7 BD 00 00 00
 (191.380388)  can0  068   [8]  0B 71 3E B7 3D 00 00 00
 (191.439336)  can0  067   [8]  00 E4 70 E2 BD 00 00 00
 (191.440395)  can0  068   [8]  00 16 BD CF 3D 00 00 00
 (191.459332)  can0  067   [8]  05 31 2C 00 4A 2A 00 00
 (191.460260)  can0  068   [8]  05 D0 2F 01 21 30 01 00
 (191.499369)  can0  067   [8]  0B F5 CA EF BD 00 00 00
 (191.500406)  can0  068   [8]  0B 92 FC DF 3D 00 00 00
 (191.559349)  can0  067   [8]  00 96 3E 14 BE 00 00 00
 (191.560409)  can0  068   [8]  00 15 30 0B 3E 00 00 00
 (191.579355)  can0  067   [8]  05 B7 18 00 04 18 00 00
 (191.580416)  can0  068   [8]  05 AB 1A 01 99 1A 01 00
 (191.619373)  can0  067   [8]  0B 6A F1 0E BE 00 00 00
 (191.620295)  can0  068   [8]  0B EB 2F 07 3E 00 00 00
 (191.679391)  can0  067   [8]  00 40 87 1E BE 00 00 00
 (191.680444)  can0  068   [8]  00 40 BC 14 3E 00 00 00
 (191.699394)  can0  067   [8]  05 58 2D 00 68 2C 00 00
 (191.700450)  can0  068   [8]  05 BF 2E 01 94 2F 01 00
 (191.739388)  can0  067   [8]  0B 15 91 28 BE 00 00 00
 (191.740456)  can0  068   [8]  0B DA 01 21 3E 00 00 00
 (191.799392)  can0  067   [8]  00 89 F3 42 BE 00 00 00
 (191.800450)  can0  068   [8]  00 CC 5A 39 3E 00 00 00
 (191.819359)  can0  067   [8]  05 CD 1F 00 AA 1F 00 00
 (191.820457)  can0  068   [8]  05 CB 23 01 00 23 01 00
 (191.859371)  can0  067   [8]  0B 64 53 44 BE 00 00 00
 (191.860473)  can0  068   [8]  0B 6E F6 3C 3E 00 00 00
 (191.919394)  can0  067   [8]  00 EE D9 5D BE 00 00 00
 (191.920479)  can0  068   [8]  00 BE 79 54 3E 00 00 00
 (191.939375)  can0  067   [8]  05 CC 1C 00 24 1D 00 00
 (191.940265)  can0  068   [8]  05 D2 1F 01 10 20 01 00
 (191.979371)  can0  067   [8]  0B 1C AE 61 BE 00 00 00
 (191.980450)  can0  068   [8]  0B B3 89 5A 3E 00 00 00
 (192.039518)  can0  067   [8]  00 3E 5D 75 BE 00 00 00
 (192.039542)  can0  067   [8]  12 80 67 00 01 01 00 00
 (192.039543)  can0  067   [8]  0C 02 A1 B6 FF 00 00 7E
 (192.040496)  can0  068   [8]  00 85 11 6D 3E 00 00 00
 (192.059430)  can0  067   [8]  05 C0 22 00 D0 21 00 00
 (192.060518)  can0  068   [8]  05 2D 25 01 59 24 01 00
 (192.099436)  can0  067   [8]  0B 34 31 80 BE 00 00 00
 (192.100494)  can0  068   [8]  0B D3 7C 79 3E 00 00 00
 (192.100517)  can0  068   [8]  12 80 67 00 01 02 00 07
 (192.120504)  can0  068   [8]  0C 02 A1 B6 FF 00 00 7E
 (192.159412)  can0  067   [8]  00 62 0A 8B BE 00 00 00
 (192.160472)  can0  068   [8]  00 46 86 86 3E 00 00 00
 (192.179429)  can0  067   [8]  05 D3 26 00 EC 26 00 00
 (192.180475)  can0  068   [8]  05 05 29 01 3A 29 01 00
 (192.219413)  can0  067   [8]  0B EB 97 8F BE 00 00 00
 (192.220475)  can0  068   [8]  0B 66 41 8C 3E 00 00 00
 (192.259432)  can0  067   [8]  11 06 00 00 00 00 09 01
 (192.260510)  can0  068   [8]  11 06 00 00 00 00 09 06
 (192.279416)  can0  067   [8]  00 4B B6 9C BE 00 00 00
 (192.280381)  can0  068   [8]  00 2C 48 98 3E 00 00 00
 (192.299435)  can0  067   [8]  05 52 1F 00 D8 1E 00 00
 (192.300485)  can0  068   [8]  05 44 24 01 F8 23 01 00
 (192.339453)  can0  067   [8]  0B C1 2D 9F BE 00 00 00
 (192.340491)  can0  068   [8]  0B CC F9 9B 3E 00 00 00
 (192.399457)  can0  067   [8]  00 7E EF AC BE 00 00 00
 (192.400513)  can0  068   [8]  00 3E 68 A8 3E 00 00 00
 (192.419463)  can0  067   [8]  05 22 1A 00 18 1A 00 00
 (192.420408)  can0  068   [8]  05 26 1E 01 70 1E 01 00
 (192.459448)  can0  067   [8]  0B BC C6 AE BE 00 00 00
 (192.460540)  can0  068   [8]  0B 31 B2 AB 3E 00 00 00
 (192.519491)  can0  067   [8]  00 4F EB B9 BE 00 00 00
 (192.520554)  can0  068   [8]  00 B7 F7 B5 3E 00 00 00
 (192.539485)  can0  067   [8]  05 0F 1B 00 D8 1A 00 00
 (192.540374)  can0  068   [8]  05 A0 1F 01 2E 1F 01 00
 (192.579505)  can0  067   [8]  0B 93 5C BE BE 00 00 00
 (192.580551)  can0  068   [8]  0B 97 6A BB 3E 00 00 00
 (192.639472)  can0  067   [8]  00 C9 DD C8 BE 00 00 00
 (192.640498)  can0  068   [8]  00 59 C1 C4 3E 00 00 00
 (192.659478)  can0  067   [8]  05 93 24 00 2E 23 00 00
 (192.660577)  can0  068   [8]  05 85 28 01 03 29 01 00
 (192.699507)  can0  067   [8]  0B 8D F5 CD BE 00 00 00
 (192.700577)  can0  068   [8]  0B FC 22 CB 3E 00 00 00
 (192.759533)  can0  067   [8]  00 6A 83 DA BE 00 00 00
 (192.760596)  can0  068   [8]  00 72 02 D6 3E 00 00 00
 (192.779503)  can0  067   [8]  05 AD 20 00 EB 1F 00 00
 (192.780586)  can0  068   [8]  05 2E 25 01 6E 25 01 00
 (192.819484)  can0  067   [8]  0B 63 8B DD BE 00 00 00
 (192.820590)  can0  068   [8]  0B 61 DB DA 3E 00 00 00
 (192.879527)  can0  067   [8]  00 3F 92 EB BE 00 00 00
 (192.880624)  can0  068   [8]  00 F3 78 E7 3E 00 00 00
 (192.899540)  can0  067   [8]  05 8D 19 00 A3 19 00 00
 (192.900597)  can0  068   [8]  05 D8 1E 01 D8 1E 01 00
 (192.939563)  can0  067   [8]  0B 5E 24 ED BE 00 00 00
 (192.940611)  can0  068   [8]  0B A2 90 EA 3E 00 00 00
 (192.999589)  can0  067   [8]  00 9B 3F FA BE 00 00 00
 (193.000600)  can0  068   [8]  00 9A 16 F6 3E 00 00 00
 (193.019540)  can0  067   [8]  05 19 16 00 FB 15 00 00
 (193.020589)  can0  068   [8]  05 F2 1B 01 71 1C 01 00
 (193.039539)  can0  067   [8]  12 80 67 00 01 01 00 00
 (193.039559)  can0  067   [8]  0C 02 A1 9B FF 00 00 7E
 (193.059547)  can0  067   [8]  0B 35 BA FC BE 00 00 00
 (193.060617)  can0  068   [8]  0B 08 49 FA 3E 00 00 00
 (193.100616)  can0  068   [8]  12 80 67 00 01 02 00 07
 (193.119551)  can0  067   [8]  00 25 91 03 BF 00 00 00
 (193.120644)  can0  068   [8]  00 9D BE 01 3F 00 00 00
 (193.120664)  can0  068   [8]  0C 02 A1 B6 FF 00 00 7E
 (193.139518)  can0  067   [8]  05 96 1D 00 9A 1C 00 00
 (193.140647)  can0  068   [8]  05 DC 21 01 54 21 01 00
 (193.179582)  can0  067   [8]  0B 98 29 06 BF 00 00 00
 (193.180627)  can0  068   [8]  0B B6 00 05 3F 00 00 00
 (193.239591)  can0  067   [8]  00 91 02 0C BF 00 00 00
 (193.240659)  can0  068   [8]  00 10 EE 09 3F 00 00 00
 (193.259560)  can0  067   [8]  05 1E 20 00 DF 1E 00 00
 (193.259579)  can0  067   [8]  11 06 00 00 00 00 09 01
 (193.260636)  can0  068   [8]  05 8A 25 01 E4 23 01 00
 (193.260656)  can0  068   [8]  11 06 00 00 00 00 09 06
 (193.299538)  can0  067   [8]  0B 15 F6 0D BF 00 00 00
 (193.300577)  can0  068   [8]  0B E9 DC 0C 3F 00 00 00
 (193.359604)  can0  067   [8]  00 D1 C8 14 BF 00 00 00
 (193.360700)  can0  068   [8]  00 E2 C0 12 3F 00 00 00
 (193.379570)  can0  067   [8]  05 CF 19 00 8D 19 00 00
 (193.380674)  can0  068   [8]  05 21 21 01 11 21 01 00
 (193.419646)  can0  067   [8]  0B 48 D2 15 BF 00 00 00
 (193.420695)  can0  068   [8]  0B D1 C8 14 3F 00 00 00
 (193.479631)  can0  067   [8]  00 D5 04 1D BF 00 00 00
 (193.480658)  can0  068   [8]  00 31 ED 1A 3F 00 00 00
 (193.499615)  can0  067   [8]  05 C9 13 00 C1 13 00 00
 (193.500686)  can0  068   [8]  05 ED 19 01 99 19 01 00
 (193.539597)  can0  067   [8]  0B 7E 8D 1D BF 00 00 00
 (193.540678)  can0  068   [8]  0B BC 93 1C 3F 00 00 00
 (193.599642)  can0  067   [8]  00 C2 56 23 BF 00 00 00
 (193.600687)  can0  068   [8]  00 5E 92 21 3F 00 00 00
 (193.619647)  can0  067   [8]  05 9D 14 00 97 14 00 00
 (193.620694)  can0  068   [8]  05 10 1C 01 E5 1B 01 00
 (193.659660)  can0  067   [8]  0B 69 58 25 BF 00 00 00
 (193.660708)  can0  068   [8]  0B EF 6F 24 3F 00 00 00
 (193.719706)  can0  067   [8]  00 6C D9 2A BF 00 00 00
 (193.720698)  can0  068   [8]  00 0A FF 28 3F 00 00 00
 (193.739655)  can0  067   [8]  05 5E 1E 00 BE 1D 00 00
 (193.740708)  can0  068   [8]  05 31 24 01 6B 25 01 00
 (193.779633)  can0  067   [8]  0B E6 24 2D BF 00 00 00
 (193.780718)  can0  068   [8]  0B 21 4C 2C 3F 00 00 00
 (193.839661)  can0  067   [8]  00 F6 8F 33 BF 00 00 00
 (193.840732)  can0  068   [8]  00 05 93 31 3F 00 00 00
 (193.859668)  can0  067   [8]  05 51 1A 00 DF 19 00 00
 (193.860765)  can0  068   [8]  05 42 21 01 2B 20 01 00
 (193.899649)  can0  067   [8]  0B D2 EF 34 BF 00 00 00
 (193.900746)  can0  068   [8]  0B 54 28 34 3F 00 00 00
 (193.959674)  can0  067   [8]  00 F2 18 3C BF 00 00 00
 (193.960760)  can0  068   [8]  00 90 49 3A 3F 00 00 00
 (193.979669)  can0  067   [8]  05 8D 13 00 FE 12 00 00
 (193.980772)  can0  068   [8]  05 90 1A 01 48 1A 01 00
 (194.019719)  can0  067   [8]  0B 4F BC 3C BF 00 00 00
 (194.020793)  can0  068   [8]  0B 87 04 3C 3F 00 00 00
 (194.039719)  can0  067   [8]  12 80 67 00 01 01 00 00
 (194.039742)  can0  067   [8]  0C 02 A1 9B FF 00 00 7E
 (194.079742)  can0  067   [8]  00 0E 6E 43 BF 00 00 00
 (194.080773)  can0  068   [8]  00 AB 9E 41 3F 00 00 00
 (194.099739)  can0  067   [8]  05 B7 0F 00 18 0F 00 00
 (194.100792)  can0  068   [8]  05 18 17 01 53 17 01 00
 (194.100815)  can0  068   [8]  12 80 67 00 01 02 00 07
 (194.120818)  can0  068   [8]  0C 02 A1 89 FF 00 00 7E
 (194.139654)  can0  067   [8]  0B CD 88 44 BF 00 00 00
 (194.140779)  can0  068   [8]  0B B9 E0 43 3F 00 00 00
 (194.199707)  can0  067   [8]  00 42 D1 49 BF 00 00 00
 (194.200786)  can0  068   [8]  00 25 29 48 3F 00 00 00
 (194.219688)  can0  067   [8]  05 69 17 00 8C 16 00 00
 (194.220783)  can0  068   [8]  05 8C 1E 01 8B 1E 01 00
 (194.259711)  can0  067   [8]  0B B8 53 4C BF 00 00 00
 (194.259735)  can0  067   [8]  11 06 00 00 00 00 09 01
 (194.260804)  can0  068   [8]  0B 5A BB 4B 3F 00 00 00
 (194.260826)  can0  068   [8]  11 06 00 00 00 00 09 06
 (194.319716)  can0  067   [8]  00 F8 48 52 BF 00 00 00
 (194.320813)  can0  068   [8]  00 BA 71 50 3F 00 00 00
 (194.339706)  can0  067   [8]  05 08 19 00 65 18 00 00
 (194.340803)  can0  068   [8]  05 9A 20 01 79 1F 01 00
 (194.379722)  can0  067   [8]  0B C9 16 54 BF 00 00 00
 (194.380830)  can0  068   [8]  0B B2 8F 53 3F 00 00 00
 (194.439745)  can0  067   [8]  00 1A CA 5A BF 00 00 00
 (194.440819)  can0  068   [8]  00 1D 3B 59 3F 00 00 00
 (194.459741)  can0  067   [8]  05 A6 12 00 3C 12 00 00
 (194.460838)  can0  068   [8]  05 36 1A 01 9E 19 01 00
 (194.499744)  can0  067   [8]  0B B8 B5 5B BF 00 00 00
 (194.500842)  can0  068   [8]  0B 57 3E 5B 3F 00 00 00
 (194.559766)  can0  067   [8]  00 75 7D 62 BF 00 00 00
 (194.560861)  can0  068   [8]  00 A1 D0 60 3F 00 00 00
 (194.579753)  can0  067   [8]  05 9F 0B 00 CC 0B 00 00
 (194.580853)  can0  068   [8]  05 58 13 01 88 13 01 00
 (194.619752)  can0  067   [8]  0B F9 0D 63 BF 00 00 00
 (194.620863)  can0  068   [8]  0B 4D A6 62 3F 00 00 00
 (194.679772)  can0  067   [8]  00 C7 C2 67 BF 00 00 00
 (194.680864)  can0  068   [8]  00 83 2D 66 3F 00 00 00
 (194.699773)  can0  067   [8]  05 39 15 00 DC 14 00 00
 (194.700874)  can0  068   [8]  05 A9 1C 01 D3 1C 01 00
 (194.739779)  can0  067   [8]  0B 42 0E 6A BF 00 00 00
 (194.740876)  can0  068   [8]  0B 4A B6 69 3F 00 00 00
 (194.799799)  can0  067   [8]  00 95 48 6F BF 00 00 00
 (194.800768)  can0  068   [8]  00 6D 03 6E 3F 00 00 00
 (194.819800)  can0  067   [8]  05 BD 13 00 AA 13 00 00
 (194.820782)  can0  068   [8]  05 74 1A 01 B5 19 01 00
 (194.859825)  can0  067   [8]  0B C0 6C 70 BF 00 00 00
 (194.860871)  can0  068   [8]  0B EC 22 70 3F 00 00 00
 (194.919870)  can0  067   [8]  00 1C B2 76 BF 00 00 00
 (194.920877)  can0  068   [8]  00 1C 44 75 3F 00 00 00
 (194.939726)  can0  067   [8]  05 CE 07 00 58 07 00 00
 (194.940776)  can0  068   [8]  05 1C 0E 01 7B 0E 01 00
 (194.979843)  can0  067   [8]  0B E0 32 76 BF 00 00 00
 (194.980889)  can0  068   [8]  0B 2E F7 75 3F 00 00 00
 (195.039854)  can0  067   [8]  00 2D 41 7A BF 00 00 00
 (195.039874)  can0  067   [8]  12 80 67 00 01 01 00 00
 (195.039876)  can0  067   [8]  0C 02 A1 9B FF 00 00 7E
 (195.040872)  can0  068   [8]  00 04 FC 78 3F 00 00 00
 (195.059800)  can0  067   [8]  05 21 13 00 EB 12 00 00
 (195.060884)  can0  068   [8]  05 77 1A 01 27 1A 01 00
 (195.099851)  can0  067   [8]  0B EE 45 7B BF 00 00 00
 (195.100927)  can0  068   [8]  0B CE 16 7B 3F 00 00 00
 (195.100949)  can0  068   [8]  12 80 67 00 01 02 00 07
 (195.120946)  can0  068   [8]  0C 02 A1 89 FF 00 00 7E
 (195.159862)  can0  067   [8]  00 9B 71 80 BF 00 00 00
 (195.160913)  can0  068   [8]  00 2C E3 7F 3F 00 00 00
 (195.179863)  can0  067   [8]  05 36 09 00 0F 09 00 00
 (195.180936)  can0  068   [8]  05 E3 0C 01 C9 0C 01 00
 (195.219868)  can0  067   [8]  0B E9 A5 7F BF 00 00 00
 (195.220892)  can0  068   [8]  0B C8 81 7F 3F 00 00 00
 (195.259873)  can0  067   [8]  11 06 00 00 00 00 09 01
 (195.260933)  can0  068   [8]  11 06 00 00 00 00 09 06
 (195.279872)  can0  067   [8]  00 7A B0 81 BF 00 00 00
 (195.280936)  can0  068   [8]  00 40 1B 81 3F 00 00 00
 (195.299858)  can0  067   [8]  05 EC 0E 00 F8 0E 00 00
 (195.300940)  can0  068   [8]  05 22 16 01 32 16 01 00
 (195.339899)  can0  067   [8]  0B A0 A8 81 BF 00 00 00
 (195.340943)  can0  068   [8]  0B 45 9B 81 3F 00 00 00
 (195.399917)  can0  067   [8]  00 99 04 84 BF 00 00 00
 (195.400987)  can0  068   [8]  00 5A A6 83 3F 00 00 00
 (195.419860)  can0  067   [8]  05 C9 05 00 A3 05 00 00
 (195.420849)  can0  068   [8]  05 7F 09 01 91 09 01 00
 (195.459908)  can0  067   [8]  0B C2 24 83 BF 00 00 00
 (195.460955)  can0  068   [8]  0B 56 1B 83 3F 00 00 00
 (195.519890)  can0  067   [8]  00 B7 F5 84 BF 00 00 00
 (195.520986)  can0  068   [8]  00 C1 92 84 3F 00 00 00
 (195.539931)  can0  067   [8]  05 79 09 00 AA 09 00 00
 (195.540985)  can0  068   [8]  05 B0 0F 01 B0 0F 01 00
 (195.579971)  can0  067   [8]  0B 5B 47 84 BF 00 00 00
 (195.580940)  can0  068   [8]  0B 13 41 84 3F 00 00 00
 (195.639957)  can0  067   [8]  00 3E 1C 86 BF 00 00 00
 (195.640978)  can0  068   [8]  00 A3 BB 85 3F 00 00 00
 (195.659925)  can0  067   [8]  05 F0 08 00 BC 08 00 00
 (195.660980)  can0  068   [8]  05 AC 0D 01 CF 0D 01 00
 (195.699940)  can0  067   [8]  0B C6 12 85 BF 00 00 00
 (195.700987)  can0  068   [8]  0B D9 0E 85 3F 00 00 00
 (195.759810)  can0  067   [8]  00 51 CF 86 BF 00 00 00
 (195.760997)  can0  068   [8]  00 5A 77 86 3F 00 00 00
 (195.779949)  can0  067   [8]  05 13 08 00 FB 07 00 00
 (195.781025)  can0  068   [8]  05 24 0C 01 D5 0B 01 00
 (195.819954)  can0  067   [8]  0B 27 95 85 BF 00 00 00
 (195.821008)  can0  068   [8]  0B 95 93 85 3F 00 00 00
 (195.879959)  can0  067   [8]  00 45 3D 87 BF 00 00 00
 (195.881026)  can0  068   [8]  00 37 15 87 3F 00 00 00
 (195.899982)  can0  067   [8]  05 1C 08 00 4D 08 00 00
 (195.901036)  can0  068   [8]  05 3A 0A 01 15 0A 01 00
 (195.940010)  can0  067   [8]  0B FB DE 85 BF 00 00 00
 (195.941031)  can0  068   [8]  0B 31 DE 85 3F 00 00 00
 (196.000032)  can0  067   [8]  00 18 92 87 BF 00 00 00
 (196.001042)  can0  068   [8]  00 B1 51 87 3F 00 00 00
 (196.019972)  can0  067   [8]  05 78 07 00 8B 07 00 00
 (196.021049)  can0  068   [8]  05 B4 0A 01 B3 0A 01 00
 (196.040005)  can0  067   [8]  12 80 67 00 01 01 00 00
 (196.040025)  can0  067   [8]  0C 02 A1 A4 81 00 00 7E
 (196.060006)  can0  067   [8]  0B C1 00 86 BF 00 00 00
 (196.061085)  can0  068   [8]  0B C1 00 86 3F 00 00 00
 (196.101086)  can0  068   [8]  12 80 67 00 01 02 00 07
 (196.120035)  can0  067   [8]  00 29 99 87 BF 00 00 00
 (196.121054)  can0  068   [8]  00 7A 52 87 3F 00 00 00
 (196.121076)  can0  068   [8]  0C 02 A1 AD 6B 00 10 7E
 (196.140055)  can0  067   [8]  05 03 08 00 26 08 00 00
 (196.141052)  can0  068   [8]  05 20 0C 01 12 0C 01 00
 (196.179984)  can0  067   [8]  0B 65 09 86 BF 00 00 00
 (196.181072)  can0  068   [8]  0B 65 09 86 3F 00 00 00
 (196.239992)  can0  067   [8]  00 96 A2 87 BF 00 00 00
 (196.241106)  can0  068   [8]  00 C1 63 87 3F 00 00 00
 (196.260063)  can0  067   [8]  05 10 04 00 8B 04 00 00
 (196.260087)  can0  067   [8]  11 06 00 00 00 00 29 01
 (196.261087)  can0  068   [8]  05 97 07 01 32 07 01 00
 (196.261111)  can0  068   [8]  11 06 00 00 00 00 29 06
 (196.300072)  can0  067   [8]  0B 2E 0A 86 BF 00 00 00
 (196.301074)  can0  068   [8]  0B 2E 0A 86 3F 00 00 00
 (196.359999)  can0  067   [8]  00 96 A2 87 BF 00 00 00
 (196.361088)  can0  068   [8]  00 9D 60 87 3F 00 00 00
 (196.380087)  can0  067   [8]  05 21 03 01 1C 03 01 00
 (196.381086)  can0  068   [8]  05 2A 00 01 30 00 01 00
 (196.420103)  can0  067   [8]  0B 2E 0A 86 BF 00 00 00
 (196.421092)  can0  068   [8]  0B 2E 0A 86 3F 00 00 00
 (196.480081)  can0  067   [8]  00 96 A2 87 BF 00 00 00
 (196.481010)  can0  068   [8]  00 66 61 87 3F 00 00 00
 (196.500096)  can0  067   [8]  05 35 03 01 38 03 01 00
 (196.501108)  can0  068   [8]  05 20 00 01 1E 00 01 00
 (196.540019)  can0  067   [8]  0B 2E 0A 86 BF 00 00 00
 (196.541119)  can0  068   [8]  0B 2E 0A 86 3F 00 00 00
 (196.600039)  can0  067   [8]  00 72 9F 87 BF 00 00 00
 (196.601144)  can0  068   [8]  00 9D 60 87 3F 00 00 00
 (196.620043)  can0  067   [8]  05 22 03 01 25 03 01 00
 (196.621146)  can0  068   [8]  05 29 00 01 1E 00 01 00
 (196.660114)  can0  067   [8]  0B 2E 0A 86 BF 00 00 00
 (196.661162)  can0  068   [8]  0B 2E 0A 86 3F 00 00 00
 (196.720142)  can0  067   [8]  00 96 A2 87 BF 00 00 00
 (196.721134)  can0  068   [8]  00 D4 5F 87 3F 00 00 00
 (196.740121)  can0  067   [8]  05 37 03 01 38 03 01 00
 (196.741179)  can0  068   [8]  05 1F 00 01 1D 00 01 00
 (196.780144)  can0  067   [8]  0B 2E 0A 86 BF 00 00 00
 (196.781159)  can0  068   [8]  0B 2E 0A 86 3F 00 00 00
 (196.840077)  can0  067   [8]  00 96 A2 87 BF 00 00 00
 (196.841174)  can0  068   [8]  00 9D 60 87 3F 00 00 00
 (196.860067)  can0  067   [8]  05 41 03 01 38 03 01 00
 (196.861170)  can0  068   [8]  05 32 00 01 30 00 01 00
 (196.900081)  can0  067   [8]  0B 2E 0A 86 BF 00 00 00
 (196.901185)  can0  068   [8]  0B 2E 0A 86 3F 00 00 00
 (196.960102)  can0  067   [8]  00 96 A2 87 BF 00 00 00
 (196.961181)  can0  068   [8]  00 D4 5F 87 3F 00 00 00
 (196.980063)  can0  067   [8]  05 38 03 01 2E 03 01 00
 (196.981188)  can0  068   [8]  05 28 00 01 C9 00 00 00
 (197.020072)  can0  067   [8]  0B 2E 0A 86 BF 00 00 00
 (197.021198)  can0  068   [8]  0B 2E 0A 86 3F 00 00 00
 (197.040107)  can0  067   [8]  12 80 67 00 01 01 00 00
 (197.040128)  can0  067   [8]  0C 02 A1 B6 01 00 70 50
 (197.080117)  can0  067   [8]  00 96 A2 87 BF 00 00 00
 (197.081212)  can0  068   [8]  00 9D 60 87 3F 00 00 00
 (197.100088)  can0  067   [8]  05 42 03 01 4A 03 01 00
 (197.101221)  can0  068   [8]  05 31 00 01 30 00 01 00
 (197.101243)  can0  068   [8]  12 80 67 00 01 02 00 07
 (197.121268)  can0  068   [8]  0C 02 A1 89 01 00 60 02
 (197.140133)  can0  067   [8]  0B 2E 0A 86 BF 00 00 00
 (197.141249)  can0  068   [8]  0B 2E 0A 86 3F 00 00 00
 (197.200024)  can0  067   [8]  00 CD A1 87 BF 00 00 00
 (197.201153)  can0  068   [8]  00 D4 5F 87 3F 00 00 00
 (197.220123)  can0  067   [8]  05 4D 03 01 4A 03 01 00
 (197.221190)  can0  068   [8]  05 30 00 01 A5 00 00 00
 (197.260185)  can0  067   [8]  0B 2E 0A 86 BF 00 00 00
 (197.260207)  can0  067   [8]  11 06 00 00 00 00 29 01
 (197.261219)  can0  068   [8]  0B 2E 0A 86 3F 00 00 00
 (197.261241)  can0  068   [8]  11 06 00 00 00 00 29 06
 (197.320138)  can0  067   [8]  00 CD A1 87 BF 00 00 00
 (197.321156)  can0  068   [8]  00 0B 5F 87 3F 00 00 00
 (197.340148)  can0  067   [8]  05 30 03 01 38 03 01 00
 (197.341255)  can0  068   [8]  05 30 00 01 1D 00 01 00
 (197.380161)  can0  067   [8]  0B 2E 0A 86 BF 00 00 00
 (197.381214)  can0  068   [8]  0B 2E 0A 86 3F 00 00 00
 (197.440191)  can0  067   [8]  00 96 A2 87 BF 00 00 00
 (197.441162)  can0  068   [8]  00 D4 5F 87 3F 00 00 00
 (197.460193)  can0  067   [8]  05 44 03 01 5C 03 01 00
 (197.461250)  can0  068   [8]  05 2F 00 01 30 00 01 00
 (197.500193)  can0  067   [8]  0B 2E 0A 86 BF 00 00 00
 (197.501250)  can0  068   [8]  0B 2E 0A 86 3F 00 00 00
 (197.560218)  can0  067   [8]  00 CD A1 87 BF 00 00 00
 (197.561261)  can0  068   [8]  00 D4 5F 87 3F 00 00 00
 (197.580203)  can0  067   [8]  05 45 03 01 2E 03 01 00
 (197.581264)  can0  068   [8]  05 2F 00 01 26 00 01 00
 (197.620183)  can0  067   [8]  0B 2E 0A 86 BF 00 00 00
 (197.621277)  can0  068   [8]  0B 2E 0A 86 3F 00 00 00
 (197.680239)  can0  067   [8]  00 96 A2 87 BF 00 00 00
 (197.681179)  can0  068   [8]  00 D4 5F 87 3F 00 00 00
 (197.700227)  can0  067   [8]  05 46 03 01 4A 03 01 00
 (197.701286)  can0  068   [8]  05 2E 00 01 42 00 01 00
 (197.740205)  can0  067   [8]  0B 2E 0A 86 BF 00 00 00
 (197.741238)  can0  068   [8]  0B 2E 0A 86 3F 00 00 00
 (197.800215)  can0  067   [8]  00 5F A3 87 BF 00 00 00
 (197.801303)  can0  068   [8]  00 9D 60 87 3F 00 00 00
 (197.820183)  can0  067   [8]  05 65 03 01 6F 03 01 00
 (197.821309)  can0  068   [8]  05 2E 00 01 30 00 01 00
 (197.860215)  can0  067   [8]  0B 2E 0A 86 BF 00 00 00
 (197.861315)  can0  068   [8]  0B 2E 0A 86 3F 00 00 00
 (197.920251)  can0  067   [8]  00 5F A3 87 BF 00 00 00
 (197.921335)  can0  068   [8]  00 D4 5F 87 3F 00 00 00
 (197.940227)  can0  067   [8]  05 33 03 01 37 03 01 00
 (197.941215)  can0  068   [8]  05 23 00 01 1E 00 01 00
 (197.980236)  can0  067   [8]  0B 2E 0A 86 BF 00 00 00
 (197.981336)  can0  068   [8]  0B 2E 0A 86 3F 00 00 00
 (198.040261)  can0  067   [8]  00 28 A4 87 BF 00 00 00
 (198.040279)  can0  067   [8]  12 80 67 00 01 01 00 00
 (198.040280)  can0  067   [8]  0C 02 A1 B6 00 00 70 40
 (198.041337)  can0  068   [8]  00 0B 5F 87 3F 00 00 00
 (198.060236)  can0  067   [8]  05 47 03 01 4A 03 01 00
 (198.061322)  can0  068   [8]  05 37 00 01 30 00 01 00
 (198.100241)  can0  067   [8]  0B 2E 0A 86 BF 00 00 00
 (198.101349)  can0  068   [8]  0B 2E 0A 86 3F 00 00 00
 (198.101370)  can0  068   [8]  12 80 67 00 01 02 00 07
 (198.121363)  can0  068   [8]  0C 02 A1 89 00 00 70 02
 (198.160250)  can0  067   [8]  00 96 A2 87 BF 00 00 00
 (198.161194)  can0  068   [8]  00 D4 5F 87 3F 00 00 00
 (198.180241)  can0  067   [8]  05 3E 03 01 5D 03 01 00
 (198.181344)  can0  068   [8]  05 2C 00 01 30 00 01 00
 (198.220188)  can0  067   [8]  0B 2E 0A 86 BF 00 00 00
 (198.221276)  can0  068   [8]  0B 2E 0A 86 3F 00 00 00
 (198.260257)  can0  067   [8]  11 06 00 00 00 00 29 01
 (198.261380)  can0  068   [8]  11 06 00 00 00 00 29 06
 (198.280285)  can0  067   [8]  00 96 A2 87 BF 00 00 00
 (198.281229)  can0  068   [8]  00 D4 5F 87 3F 00 00 00
 (198.300269)  can0  067   [8]  05 49 03 01 4A 03 01 00
 (198.301363)  can0  068   [8]  05 36 00 01 39 00 01 00
 (198.340253)  can0  067   [8]  0B 2E 0A 86 BF 00 00 00
 (198.341376)  can0  068   [8]  0B 2E 0A 86 3F 00 00 00
 (198.400305)  can0  067   [8]  00 28 A4 87 BF 00 00 00
 (198.401402)  can0  068   [8]  00 0B 5F 87 3F 00 00 00
 (198.420310)  can0  067   [8]  05 49 03 01 53 03 01 00
 (198.421415)  can0  068   [8]  05 35 00 01 39 00 01 00
 (198.460319)  can0  067   [8]  0B 2E 0A 86 BF 00 00 00
 (198.461269)  can0  068   [8]  0B 2E 0A 86 3F 00 00 00
 (198.520316)  can0  067   [8]  00 5F A3 87 BF 00 00 00
 (198.521423)  can0  068   [8]  00 0B 5F 87 3F 00 00 00
 (198.540318)  can0  067   [8]  05 40 03 01 13 03 01 00
 (198.541431)  can0  068   [8]  05 2B 00 01 30 00 01 00
 (198.580342)  can0  067   [8]  0B 2E 0A 86 BF 00 00 00
 (198.581481)  can0  068   [8]  0B 2E 0A 86 3F 00 00 00
 (198.640376)  can0  067   [8]  00 28 A4 87 BF 00 00 00
 (198.641268)  can0  068   [8]  00 0B 5F 87 3F 00 00 00
 (198.660336)  can0  067   [8]  05 4B 03 01 41 03 01 00
 (198.661440)  can0  068   [8]  05 34 00 01 39 00 01 00
 (198.700347)  can0  067   [8]  0B 2E 0A 86 BF 00 00 00
 (198.701439)  can0  068   [8]  0B 2E 0A 86 3F 00 00 00
 (198.760387)  can0  067   [8]  00 5F A3 87 BF 00 00 00
 (198.761328)  can0  068   [8]  00 D4 5F 87 3F 00 00 00
 (198.780359)  can0  067   [8]  05 4B 03 01 38 03 01 00
 (198.781453)  can0  068   [8]  05 2A 00 01 1D 00 01 00
 (198.820375)  can0  067   [8]  0B 2E 0A 86 BF 00 00 00
 (198.821468)  can0  068   [8]  0B 2E 0A 86 3F 00 00 00
 (198.880384)  can0  067   [8]  00 28 A4 87 BF 00 00 00
 (198.881481)  can0  068   [8]  00 0B 5F 87 3F 00 00 00
 (198.900383)  can0  067   [8]  05 4C 03 01 5D 03 01 00
 (198.901483)  can0  068   [8]  05 29 00 01 1D 00 01 00
 (198.940373)  can0  067   [8]  0B 2E 0A 86 BF 00 00 00
 (198.941489)  can0  068   [8]  0B 2E 0A 86 3F 00 00 00
 (199.000427)  can0  067   [8]  00 CD A1 87 BF 00 00 00
 (199.001518)  can0  068   [8]  00 0B 5F 87 3F 00 00 00
 (199.020423)  can0  067   [8]  05 42 03 01 C9 02 01 00
 (199.021516)  can0  068   [8]  05 33 00 01 1D 00 01 00
 (199.040357)  can0  067   [8]  12 80 67 00 01 01 00 00
 (199.040386)  can0  067   [8]  0C 02 A1 B6 00 00 70 40
 (199.060388)  can0  067   [8]  0B 2E 0A 86 BF 00 00 00
 (199.061522)  can0  068   [8]  0B 2E 0A 86 3F 00 00 00
 (199.101568)  can0  068   [8]  12 80 67 00 01 02 00 07
 (199.120432)  can0  067   [8]  00 5F A3 87 BF 00 00 00
 (199.121545)  can0  068   [8]  00 0B 5F 87 3F 00 00 00
 (199.121569)  can0  068   [8]  0C 02 A1 89 00 00 70 02
 (199.140387)  can0  067   [8]  05 57 03 01 66 03 01 00
 (199.141547)  can0  068   [8]  05 32 00 01 39 00 01 00
 (199.180413)  can0  067   [8]  0B 2E 0A 86 BF 00 00 00
 (199.181562)  can0  068   [8]  0B 2E 0A 86 3F 00 00 00
 (199.240409)  can0  067   [8]  00 5F A3 87 BF 00 00 00
 (199.241545)  can0  068   [8]  00 0B 5F 87 3F 00 00 00
 (199.260397)  can0  067   [8]  05 44 03 01 2F 03 01 00
 (199.260417)  can0  067   [8]  11 06 00 00 00 00 29 01
 (199.261564)  can0  068   [8]  05 3C 00 01 48 00 00 00
 (199.261584)  can0  068   [8]  11 06 00 00 00 00 29 06
 (199.300406)  can0  067   [8]  0B 2E 0A 86 BF 00 00 00
 (199.301553)  can0  068   [8]  0B 2E 0A 86 3F 00 00 00
 (199.360456)  can0  067   [8]  00 5F A3 87 BF 00 00 00
 (199.361555)  can0  068   [8]  00 0B 5F 87 3F 00 00 00
 (199.380464)  can0  067   [8]  05 58 03 01 5D 03 01 00
 (199.381566)  can0  068   [8]  05 27 00 01 5E 00 01 00
 (199.420486)  can0  067   [8]  0B 2E 0A 86 BF 00 00 00
 (199.421482)  can0  068   [8]  0B 2E 0A 86 3F 00 00 00
 (199.480463)  can0  067   [8]  00 5F A3 87 BF 00 00 00
 (199.481594)  can0  068   [8]  00 D4 5F 87 3F 00 00 00
 (199.500451)  can0  067   [8]  05 59 03 01 25 03 01 00
 (199.501597)  can0  068   [8]  05 3B 00 01 39 00 01 00
 (199.540446)  can0  067   [8]  0B 2E 0A 86 BF 00 00 00
 (199.541604)  can0  068   [8]  0B 2E 0A 86 3F 00 00 00
 (199.600483)  can0  067   [8]  00 96 A2 87 BF 00 00 00
 (199.601591)  can0  068   [8]  00 D4 5F 87 3F 00 00 00
 (199.620456)  can0  067   [8]  05 3C 03 01 79 03 01 00
 (199.621649)  can0  068   [8]  05 30 00 01 30 00 01 00
 (199.660500)  can0  067   [8]  0B 2E 0A 86 BF 00 00 00
 (199.661636)  can0  068   [8]  0B 2E 0A 86 3F 00 00 00
 (199.720523)  can0  067   [8]  00 28 A4 87 BF 00 00 00
 (199.721652)  can0  068   [8]  00 0B 5F 87 3F 00 00 00
 (199.740535)  can0  067   [8]  05 3C 03 01 25 03 01 00
 (199.741654)  can0  068   [8]  05 30 00 01 42 00 01 00
 (199.780478)  can0  067   [8]  0B 2E 0A 86 BF 00 00 00
 (199.781661)  can0  068   [8]  0B 2E 0A 86 3F 00 00 00
 (199.840501)  can0  067   [8]  00 5F A3 87 BF 00 00 00
 (199.841650)  can0  068   [8]  00 0B 5F 87 3F 00 00 00
 (199.860362)  can0  067   [8]  05 47 03 01 53 03 01 00
 (199.861570)  can0  068   [8]  05 2F 00 01 30 00 01 00
 (199.900554)  can0  067   [8]  0B 2E 0A 86 BF 00 00 00
 (199.901667)  can0  068   [8]  0B 2E 0A 86 3F 00 00 00
 (199.960560)  can0  067   [8]  00 5F A3 87 BF 00 00 00
 (199.961694)  can0  068   [8]  00 D4 5F 87 3F 00 00 00
 (199.980577)  can0  067   [8]  05 47 03 01 5D 03 01 00
 (199.981698)  can0  068   [8]  05 2E 00 01 39 00 01 00
 (200.020569)  can0  067   [8]  0B 2E 0A 86 BF 00 00 00
 (200.021698)  can0  068   [8]  0B 2E 0A 86 3F 00 00 00
 (200.040562)  can0  067   [8]  12 80 67 00 01 01 00 00
 (200.040587)  can0  067   [8]  0C 02 A1 B6 00 00 70 40
 (200.080601)  can0  067   [8]  00 96 A2 87 BF 00 00 00
 (200.081712)  can0  068   [8]  00 0B 5F 87 3F 00 00 00
 (200.100587)  can0  067   [8]  05 66 03 01 DB 02 01 00
 (200.101743)  can0  068   [8]  05 2E 00 01 26 00 01 00
 (200.101774)  can0  068   [8]  12 80 67 00 01 02 00 07
 (200.121672)  can0  068   [8]  0C 02 A1 89 00 00 70 02
 (200.140507)  can0  067   [8]  0B 2E 0A 86 BF 00 00 00
 (200.141645)  can0  068   [8]  0B 2E 0A 86 3F 00 00 00
 (200.200569)  can0  067   [8]  00 5F A3 87 BF 00 00 00
 (200.201618)  can0  068   [8]  00 0B 5F 87 3F 00 00 00
 (200.220537)  can0  067   [8]  05 53 03 01 66 03 01 00
 (200.221646)  can0  068   [8]  05 2D 00 01 1E 00 01 00
 (200.252688)  can0  064   [8]  67 01 35 FA 8E BC 07 00
 (200.255097)  can0  064   [8]  68 01 35 FA 8E 3C 07 00
 (200.260463)  can0  067   [8]  0B 28 A4 87 BF 00 00 00
 (200.260491)  can0  067   [8]  11 06 00 00 00 00 09 01
 (200.261574)  can0  068   [8]  0B 0B 5F 87 3F 00 00 00
 (200.261595)  can0  068   [8]  11 06 00 00 00 00 09 06
 (200.320557)  can0  067   [8]  00 13 BE 87 BF 00 00 00
 (200.321642)  can0  068   [8]  00 53 65 87 3F 00 00 00
 (200.340527)  can0  067   [8]  05 F2 03 00 F7 03 00 00
 (200.341647)  can0  068   [8]  05 02 05 01 0F 05 01 00
 (200.380585)  can0  067   [8]  0B 96 A2 87 BF 00 00 00
 (200.381670)  can0  068   [8]  0B 79 5D 87 3F 00 00 00
 (200.440623)  can0  067   [8]  00 4A BD 87 BF 00 00 00
 (200.441655)  can0  068   [8]  00 C1 63 87 3F 00 00 00
 (200.460517)  can0  067   [8]  05 3B 03 00 2E 03 00 00
 (200.461713)  can0  068   [8]  05 38 04 01 4D 04 01 00
 (200.500591)  can0  067   [8]  0B 3C 95 87 BF 00 00 00
 (200.501685)  can0  068   [8]  0B E8 50 87 3F 00 00 00
 (200.560622)  can0  067   [8]  00 81 BC 87 BF 00 00 00
 (200.561708)  can0  068   [8]  00 8A 64 87 3F 00 00 00
 (200.580609)  can0  067   [8]  05 95 01 00 AA 01 00 00
 (200.581712)  can0  068   [8]  05 9C 02 01 9B 02 01 00
 (200.620640)  can0  067   [8]  0B AD 72 87 BF 00 00 00
 (200.621733)  can0  068   [8]  0B 59 2E 87 3F 00 00 00
 (200.680551)  can0  067   [8]  00 B8 BB 87 BF 00 00 00
 (200.681783)  can0  068   [8]  00 8A 64 87 3F 00 00 00
 (200.700673)  can0  067   [8]  05 98 01 01 BA 01 01 00
 (200.701822)  can0  068   [8]  05 87 00 00 64 00 00 00
 (200.740692)  can0  067   [8]  0B EB 2F 87 BF 00 00 00
 (200.741738)  can0  068   [8]  0B 60 EC 86 3F 00 00 00
 (200.800657)  can0  067   [8]  00 4A BD 87 BF 00 00 00
 (200.801758)  can0  068   [8]  00 53 65 87 3F 00 00 00
 (200.820634)  can0  067   [8]  05 86 06 01 7D 06 01 00
 (200.821750)  can0  068   [8]  05 6B 05 00 4C 05 00 00
 (200.860648)  can0  067   [8]  0B 89 C3 86 BF 00 00 00
 (200.861746)  can0  068   [8]  0B C6 80 86 3F 00 00 00
 (200.920698)  can0  067   [8]  00 4A BD 87 BF 00 00 00
 (200.921767)  can0  068   [8]  00 9E 55 87 3F 00 00 00
 (200.940680)  can0  067   [8]  05 12 0E 01 23 0E 01 00
 (200.941769)  can0  068   [8]  05 21 0C 00 27 0C 00 00
 (200.980700)  can0  067   [8]  0B BE 21 86 BF 00 00 00
 (200.981789)  can0  068   [8]  0B C4 DF 85 3F 00 00 00
 (201.040687)  can0  067   [8]  00 16 A8 87 BF 00 00 00
 (201.040717)  can0  067   [8]  12 80 67 00 01 01 00 00
 (201.040718)  can0  067   [8]  0C 02 A1 B6 02 00 60 44
 (201.041774)  can0  068   [8]  00 93 0C 87 3F 00 00 00
 (201.060682)  can0  067   [8]  05 C2 16 01 95 16 01 00
 (201.061785)  can0  068   [8]  05 0D 0F 00 AC 0E 00 00
 (201.100673)  can0  067   [8]  0B 1D 41 85 BF 00 00 00
 (201.101805)  can0  068   [8]  0B B6 00 85 3F 00 00 00
 (201.101837)  can0  068   [8]  12 80 67 00 01 02 00 07
 (201.121811)  can0  068   [8]  0C 02 A1 92 16 00 70 7E
 (201.160479)  can0  067   [8]  00 61 2A 86 BF 00 00 00
 (201.161677)  can0  068   [8]  00 BF 5F 85 3F 00 00 00
 (201.180694)  can0  067   [8]  05 7B 0D 01 2B 0E 01 00
 (201.181689)  can0  068   [8]  05 73 05 00 79 05 00 00
 (201.220696)  can0  067   [8]  0B F2 1C 84 BF 00 00 00
 (201.221798)  can0  068   [8]  0B 54 DD 83 3F 00 00 00
 (201.260691)  can0  067   [8]  11 06 00 00 00 00 09 01
 (201.261844)  can0  068   [8]  11 06 00 00 00 00 09 06
 (201.280725)  can0  067   [8]  00 3A DA 84 BF 00 00 00
 (201.281822)  can0  068   [8]  00 98 0F 84 3F 00 00 00
 (201.300714)  can0  067   [8]  05 D6 0E 01 C1 0E 01 00
 (201.301831)  can0  068   [8]  05 0B 08 00 EA 07 00 00
 (201.340738)  can0  067   [8]  0B 3C B5 82 BF 00 00 00
 (201.341826)  can0  068   [8]  0B 30 77 82 3F 00 00 00
 (201.400733)  can0  067   [8]  00 4F 5D 83 BF 00 00 00
 (201.401833)  can0  068   [8]  00 17 B2 82 3F 00 00 00
 (201.420730)  can0  067   [8]  05 C7 0F 01 F4 0F 01 00
 (201.421835)  can0  068   [8]  05 4E 0A 00 23 0A 00 00
 (201.460730)  can0  067   [8]  0B 30 09 81 BF 00 00 00
 (201.461852)  can0  068   [8]  0B B6 CC 80 3F 00 00 00
 (201.520738)  can0  067   [8]  00 39 1F 82 BF 00 00 00
 (201.521814)  can0  068   [8]  00 85 42 81 3F 00 00 00
 (201.540754)  can0  067   [8]  05 F6 14 01 35 14 01 00
 (201.541883)  can0  068   [8]  05 6C 0C 00 51 0C 00 00
 (201.580626)  can0  067   [8]  0B C6 34 7E BF 00 00 00
 (201.581768)  can0  068   [8]  0B F6 BE 7D 3F 00 00 00
 (201.640620)  can0  067   [8]  00 E0 9A 7E BF 00 00 00
 (201.641800)  can0  068   [8]  00 09 04 7D 3F 00 00 00
 (201.660755)  can0  067   [8]  05 16 0B 01 BB 0A 01 00
 (201.661894)  can0  068   [8]  05 D3 03 00 DF 03 00 00
 (201.700746)  can0  067   [8]  0B 81 CE 79 BF 00 00 00
 (201.701842)  can0  068   [8]  0B D6 5B 79 3F 00 00 00
 (201.760785)  can0  067   [8]  00 77 9F 7B BF 00 00 00
 (201.761902)  can0  068   [8]  00 09 3E 7A 3F 00 00 00
 (201.780739)  can0  067   [8]  05 3B 17 01 88 15 01 00
 (201.781868)  can0  068   [8]  05 DA 0F 00 8B 10 00 00
 (201.820753)  can0  067   [8]  0B 94 DF 74 BF 00 00 00
 (201.821871)  can0  068   [8]  0B A0 71 74 3F 00 00 00
 (201.880798)  can0  067   [8]  00 3B 7E 75 BF 00 00 00
 (201.881889)  can0  068   [8]  00 B3 B6 73 3F 00 00 00
 (201.900775)  can0  067   [8]  05 E1 09 01 63 0A 01 00
 (201.901912)  can0  068   [8]  05 64 02 00 E1 02 00 00
 (201.940769)  can0  067   [8]  0B 48 6E 6F BF 00 00 00
 (201.941926)  can0  068   [8]  0B 09 05 6F 3F 00 00 00
 (202.000880)  can0  067   [8]  00 17 47 71 BF 00 00 00
 (202.001930)  can0  068   [8]  00 16 EF 6F 3F 00 00 00
 (202.020847)  can0  067   [8]  05 2D 19 01 69 19 01 00
 (202.021943)  can0  068   [8]  05 CD 11 00 EA 10 00 00
 (202.040838)  can0  067   [8]  12 80 67 00 01 01 00 00
 (202.040858)  can0  067   [8]  0C 02 A1 B6 BA 00 00 7E
 (202.060842)  can0  067   [8]  0B E2 80 69 BF 00 00 00
 (202.061941)  can0  068   [8]  0B C8 1A 69 3F 00 00 00
 (202.101948)  can0  068   [8]  12 80 67 00 01 02 00 07
 (202.120807)  can0  067   [8]  00 C4 3B 69 BF 00 00 00
 (202.121923)  can0  068   [8]  00 5C A3 67 3F 00 00 00
 (202.121942)  can0  068   [8]  0C 02 A1 A4 D0 00 00 7E
 (202.140801)  can0  067   [8]  05 35 09 01 D9 08 01 00
 (202.141915)  can0  068   [8]  05 6A 01 00 46 01 00 00
 (202.180824)  can0  067   [8]  0B F2 4F 63 BF 00 00 00
 (202.181918)  can0  068   [8]  0B 8E EE 62 3F 00 00 00
 (202.240860)  can0  067   [8]  00 FA C8 65 BF 00 00 00
 (202.241940)  can0  068   [8]  00 51 DD 63 3F 00 00 00
 (202.260837)  can0  067   [8]  05 2F 1B 01 EB 19 01 00
 (202.260856)  can0  067   [8]  11 06 00 00 00 00 09 01
 (202.261947)  can0  068   [8]  05 74 10 00 7D 0F 00 00
 (202.261966)  can0  068   [8]  11 06 00 00 00 00 09 06
 (202.300822)  can0  067   [8]  0B C0 CB 5C BF 00 00 00
 (202.301949)  can0  068   [8]  0B 13 6F 5C 3F 00 00 00
 (202.360865)  can0  067   [8]  00 91 36 5D BF 00 00 00
 (202.361967)  can0  068   [8]  00 4B B7 5B 3F 00 00 00
 (202.380889)  can0  067   [8]  05 E8 11 01 24 11 01 00
 (202.381955)  can0  068   [8]  05 70 0A 00 F1 09 00 00
 (202.420884)  can0  067   [8]  0B 4C 15 56 BF 00 00 00
 (202.421981)  can0  068   [8]  0B C2 BB 55 3F 00 00 00
 (202.480864)  can0  067   [8]  00 03 72 57 BF 00 00 00
 (202.481982)  can0  068   [8]  00 36 78 55 3F 00 00 00
 (202.500863)  can0  067   [8]  05 2B 0B 01 89 0B 01 00
 (202.501988)  can0  068   [8]  05 A3 02 00 88 02 00 00
 (202.540861)  can0  067   [8]  0B 90 42 4F BF 00 00 00
 (202.541986)  can0  068   [8]  0B 2B EC 4E 3F 00 00 00
 (202.600872)  can0  067   [8]  00 2E 9C 51 BF 00 00 00
 (202.602044)  can0  068   [8]  00 3C AA 4F 3F 00 00 00
 (202.620860)  can0  067   [8]  05 B3 19 01 0D 19 01 00
 (202.622010)  can0  068   [8]  05 63 0E 00 18 10 00 00
 (202.660898)  can0  067   [8]  0B 68 66 48 BF 00 00 00
 (202.662011)  can0  068   [8]  0B B9 14 48 3F 00 00 00
 (202.720943)  can0  067   [8]  00 54 21 49 BF 00 00 00
 (202.722026)  can0  068   [8]  00 ED 7D 47 3F 00 00 00
 (202.740928)  can0  067   [8]  05 EB 11 01 E4 10 01 00
 (202.742021)  can0  068   [8]  05 D7 08 00 79 08 00 00
 (202.780897)  can0  067   [8]  0B 3F 8A 41 BF 00 00 00
 (202.782028)  can0  068   [8]  0B B5 3B 41 3F 00 00 00
 (202.840915)  can0  067   [8]  00 1F C9 42 BF 00 00 00
 (202.842038)  can0  068   [8]  00 09 D4 40 3F 00 00 00
 (202.860865)  can0  067   [8]  05 B3 09 01 C5 09 01 00
 (202.862043)  can0  068   [8]  05 4E 00 00 06 00 00 00
 (202.900947)  can0  067   [8]  0B 18 AE 3A BF 00 00 00
 (202.902057)  can0  068   [8]  0B B2 62 3A 3F 00 00 00
 (202.960966)  can0  067   [8]  00 40 4B 3D BF 00 00 00
 (202.962055)  can0  068   [8]  00 9C 33 3B 3F 00 00 00
 (202.980893)  can0  067   [8]  05 B9 18 01 56 18 01 00
 (202.982063)  can0  068   [8]  05 70 0C 00 19 0C 00 00
 (203.020952)  can0  067   [8]  0B 5D D0 33 BF 00 00 00
 (203.022067)  can0  068   [8]  0B AD 89 33 3F 00 00 00
 (203.040964)  can0  067   [8]  12 80 67 00 01 01 00 00
 (203.040983)  can0  067   [8]  0C 02 A1 A4 FF 00 00 7E
 (203.080952)  can0  067   [8]  00 F7 E7 34 BF 00 00 00
 (203.082092)  can0  068   [8]  00 49 33 33 3F 00 00 00
 (203.100945)  can0  067   [8]  05 ED 11 01 39 11 01 00
 (203.102118)  can0  068   [8]  05 2E 08 00 A7 07 00 00
 (203.102137)  can0  068   [8]  12 80 67 00 01 02 00 07
 (203.122116)  can0  068   [8]  0C 02 A1 A4 FF 00 00 7E
 (203.140874)  can0  067   [8]  0B 35 F4 2C BF 00 00 00
 (203.142033)  can0  068   [8]  0B A9 B0 2C 3F 00 00 00
 (203.200913)  can0  067   [8]  00 88 EF 2D BF 00 00 00
 (203.202019)  can0  068   [8]  00 4B 18 2C 3F 00 00 00
 (203.220937)  can0  067   [8]  05 24 08 01 46 08 01 00
 (203.222096)  can0  068   [8]  05 EA 01 01 EB 01 01 00
 (203.260943)  can0  067   [8]  0B 0D 18 26 BF 00 00 00
 (203.260962)  can0  067   [8]  11 06 00 00 00 00 09 01
 (203.262109)  can0  068   [8]  0B A5 D7 25 3F 00 00 00
 (203.262127)  can0  068   [8]  11 06 00 00 00 00 09 06
 (203.320961)  can0  067   [8]  00 0C E9 28 BF 00 00 00
 (203.322142)  can0  068   [8]  00 8F B3 26 3F 00 00 00
 (203.340986)  can0  067   [8]  05 5C 17 01 DB 16 01 00
 (203.342153)  can0  068   [8]  05 EE 0A 00 1E 0A 00 00
 (203.381015)  can0  067   [8]  0B C1 2D 1F BF 00 00 00
 (203.382123)  can0  068   [8]  0B 7F F0 1E 3F 00 00 00
 (203.441026)  can0  067   [8]  00 E5 9E 20 BF 00 00 00
 (203.442105)  can0  068   [8]  00 36 EA 1E 3F 00 00 00
 (203.461015)  can0  067   [8]  05 22 12 01 25 12 01 00
 (203.462129)  can0  068   [8]  05 69 07 00 69 07 00 00
 (203.501024)  can0  067   [8]  0B BC 5F 18 BF 00 00 00
 (203.502037)  can0  068   [8]  0B 9E 25 18 3F 00 00 00
 (203.561001)  can0  067   [8]  00 A8 25 19 BF 00 00 00
 (203.562122)  can0  068   [8]  00 FC 5A 17 3F 00 00 00
 (203.581021)  can0  067   [8]  05 3C 07 01 F9 06 01 00
 (203.582121)  can0  068   [8]  05 F7 02 01 66 02 01 00
 (203.621033)  can0  067   [8]  0B 94 83 11 BF 00 00 00
 (203.622139)  can0  068   [8]  0B 99 4C 11 3F 00 00 00
 (203.681032)  can0  067   [8]  00 90 75 14 BF 00 00 00
 (203.682156)  can0  068   [8]  00 5D 3B 12 3F 00 00 00
 (203.701041)  can0  067   [8]  05 DC 15 01 4A 15 01 00
 (203.702159)  can0  068   [8]  05 4E 08 00 EA 07 00 00
 (203.741056)  can0  067   [8]  0B DA A5 0A BF 00 00 00
 (203.742166)  can0  068   [8]  0B 28 75 0A 3F 00 00 00
 (203.801093)  can0  067   [8]  00 64 57 0C BF 00 00 00
 (203.802202)  can0  068   [8]  00 B8 8C 0A 3F 00 00 00
 (203.821091)  can0  067   [8]  05 7A 12 01 14 12 01 00
 (203.822126)  can0  068   [8]  05 6E 06 00 52 06 00 00
 (203.861097)  can0  067   [8]  0B B1 C9 03 BF 00 00 00
 (203.862048)  can0  068   [8]  0B 24 9C 03 3F 00 00 00
 (203.921128)  can0  067   [8]  00 EE 48 04 BF 00 00 00
 (203.922191)  can0  068   [8]  00 D2 8A 02 3F 00 00 00
 (203.941116)  can0  067   [8]  05 65 06 01 4A 06 01 00
 (203.942218)  can0  068   [8]  05 A1 03 01 A9 03 01 00
 (203.981116)  can0  067   [8]  0B 12 DB F9 BE 00 00 00
 (203.982128)  can0  068   [8]  0B 3F 86 F9 3E 00 00 00
 (204.041138)  can0  067   [8]  00 0B BF FF BE 00 00 00
 (204.041160)  can0  067   [8]  12 80 67 00 01 01 00 00
 (204.041161)  can0  067   [8]  0C 02 A1 9B FF 00 00 7E
 (204.042259)  can0  068   [8]  00 11 54 FB 3E 00 00 00
 (204.061124)  can0  067   [8]  05 F4 13 01 06 12 01 00
 (204.062223)  can0  068   [8]  05 CB 05 00 69 05 00 00
 (204.101135)  can0  067   [8]  0B C2 22 EC BE 00 00 00
 (204.102273)  can0  068   [8]  0B 38 D4 EB 3E 00 00 00
 (204.102297)  can0  068   [8]  12 80 67 00 01 02 00 07
 (204.122293)  can0  068   [8]  0C 02 A1 89 FF 00 00 7E
 (204.161102)  can0  067   [8]  00 CA 09 F0 BE 00 00 00
 (204.162240)  can0  068   [8]  00 08 3F EC 3E 00 00 00
 (204.181107)  can0  067   [8]  05 DB 12 01 69 12 01 00
 (204.182272)  can0  068   [8]  05 AF 05 00 D7 04 00 00
 (204.221113)  can0  067   [8]  0B 72 6A DE BE 00 00 00
 (204.222250)  can0  068   [8]  0B 30 22 DE 3E 00 00 00
 (204.261150)  can0  067   [8]  11 06 00 00 00 00 09 01
 (204.262252)  can0  068   [8]  11 06 00 00 00 00 09 06
 (204.281116)  can0  067   [8]  00 7D 5F DF BE 00 00 00
 (204.282157)  can0  068   [8]  00 DC C3 DB 3E 00 00 00
 (204.301116)  can0  067   [8]  05 76 06 01 20 06 01 00
 (204.302251)  can0  068   [8]  05 B5 03 01 37 03 01 00
 (204.341112)  can0  067   [8]  0B 21 B2 D0 BE 00 00 00
 (204.342240)  can0  068   [8]  0B 28 70 D0 3E 00 00 00
 (204.401115)  can0  067   [8]  00 3E 99 D6 BE 00 00 00
 (204.402278)  can0  068   [8]  00 22 15 D2 3E 00 00 00
 (204.421142)  can0  067   [8]  05 5E 10 01 3E 10 01 00
 (204.422286)  can0  068   [8]  05 C7 02 00 60 02 00 00
 (204.461162)  can0  067   [8]  0B D1 F9 C2 BE 00 00 00
 (204.462191)  can0  068   [8]  0B 20 BE C2 3E 00 00 00
 (204.521174)  can0  067   [8]  00 12 81 C7 BE 00 00 00
 (204.522335)  can0  068   [8]  00 11 58 C3 3E 00 00 00
 (204.541187)  can0  067   [8]  05 09 13 01 25 13 01 00
 (204.542319)  can0  068   [8]  05 55 05 00 FB 04 00 00
 (204.581193)  can0  067   [8]  0B 5C 3E B5 BE 00 00 00
 (204.582338)  can0  068   [8]  0B 18 0C B5 3E 00 00 00
 (204.641210)  can0  067   [8]  00 68 33 B6 BE 00 00 00
 (204.642332)  can0  068   [8]  00 A2 94 B2 3E 00 00 00
 (204.661176)  can0  067   [8]  05 D9 06 01 79 06 01 00
 (204.662180)  can0  068   [8]  05 BC 03 01 EE 03 01 00
 (204.701213)  can0  067   [8]  0B C6 69 A7 BE 00 00 00
 (204.702328)  can0  068   [8]  0B CA 3D A7 3E 00 00 00
 (204.761218)  can0  067   [8]  00 06 54 AD BE 00 00 00
 (204.762368)  can0  068   [8]  00 EC B9 A8 3E 00 00 00
 (204.781203)  can0  067   [8]  05 CB 0C 01 95 0C 01 00
 (204.782326)  can0  068   [8]  05 45 00 01 7B 00 01 00
 (204.821246)  can0  067   [8]  0B BB CD 99 BE 00 00 00
 (204.822234)  can0  068   [8]  0B 08 A8 99 3E 00 00 00
 (204.881209)  can0  067   [8]  00 15 C6 9E BE 00 00 00
 (204.882224)  can0  068   [8]  00 F5 6D 9A 3E 00 00 00
 (204.901213)  can0  067   [8]  05 8F 12 01 0C 13 01 00
 (204.902173)  can0  068   [8]  05 CC 04 00 DA 04 00 00
 (204.941233)  can0  067   [8]  0B 6B 15 8C BE 00 00 00
 (204.942339)  can0  068   [8]  0B 25 F9 8B 3E 00 00 00
 (205.001266)  can0  067   [8]  00 DC 55 8D BE 00 00 00
 (205.002374)  can0  068   [8]  00 F0 C9 89 3E 00 00 00
 (205.021258)  can0  067   [8]  05 58 07 01 42 07 01 00
 (205.022357)  can0  068   [8]  05 D0 03 01 63 04 01 00
 (205.041254)  can0  067   [8]  12 80 67 00 01 01 00 00
 (205.041276)  can0  067   [8]  0C 02 A1 B6 FF 00 00 7E
 (205.061231)  can0  067   [8]  0B 0E CD 7C BE 00 00 00
 (205.062199)  can0  068   [8]  0B 13 A1 7C 3E 00 00 00
 (205.102373)  can0  068   [8]  12 80 67 00 01 02 00 07
 (205.121263)  can0  067   [8]  00 17 15 84 BE 00 00 00
 (205.122404)  can0  068   [8]  00 B7 C3 7E 3E 00 00 00
 (205.122431)  can0  068   [8]  0C 02 A1 B6 FF 00 00 7E
 (205.141288)  can0  067   [8]  05 24 09 01 32 09 01 00
 (205.142397)  can0  068   [8]  05 F9 03 01 0D 04 01 00
 (205.181215)  can0  067   [8]  0B CF D3 61 BE 00 00 00
 (205.182233)  can0  068   [8]  0B 64 B4 61 3E 00 00 00
 (205.241235)  can0  067   [8]  00 1A F2 6C BE 00 00 00
 (205.242412)  can0  068   [8]  00 D9 41 64 3E 00 00 00
 (205.261244)  can0  067   [8]  05 A3 11 01 C2 11 01 00
 (205.261266)  can0  067   [8]  11 06 00 00 00 00 09 01
 (205.262411)  can0  068   [8]  05 96 03 00 A2 02 00 00
 (205.262433)  can0  068   [8]  11 06 00 00 00 00 09 06
 (205.301240)  can0  067   [8]  0B C7 90 47 BE 00 00 00
 (205.302412)  can0  068   [8]  0B A5 77 47 3E 00 00 00
 (205.361280)  can0  067   [8]  00 4B E7 4A BE 00 00 00
 (205.362282)  can0  068   [8]  00 2E 9D 43 3E 00 00 00
 (205.381271)  can0  067   [8]  05 A2 05 01 B2 04 01 00
 (205.382451)  can0  068   [8]  05 D3 05 01 98 05 01 00
 (205.421314)  can0  067   [8]  0B A3 55 2E BE 00 00 00
 (205.422434)  can0  068   [8]  0B 12 49 2E 3E 00 00 00
 (205.481298)  can0  067   [8]  00 DA 9C 3B BE 00 00 00
 (205.482462)  can0  068   [8]  00 80 7B 32 3E 00 00 00
 (205.501207)  can0  067   [8]  05 85 0B 01 55 0B 01 00
 (205.502340)  can0  068   [8]  05 B7 02 01 40 03 01 00
 (205.541307)  can0  067   [8]  0B 13 74 16 BE 00 00 00
 (205.542437)  can0  068   [8]  0B CB 6D 16 3E 00 00 00
 (205.601347)  can0  067   [8]  00 E8 7D 20 BE 00 00 00
 (205.602294)  can0  068   [8]  00 D4 DB 18 3E 00 00 00
 (205.621297)  can0  067   [8]  05 C2 0C 01 E2 0B 01 00
 (205.622477)  can0  068   [8]  05 2E 00 00 FA 00 01 00
 (205.661335)  can0  067   [8]  0B 0D 44 00 BE 00 00 00
 (205.662504)  can0  068   [8]  0B 0D 44 00 3E 00 00 00
 (205.721341)  can0  067   [8]  00 68 65 09 BE 00 00 00
 (205.722489)  can0  068   [8]  00 48 CE 00 3E 00 00 00
 (205.741304)  can0  067   [8]  05 78 00 00 65 00 00 00
 (205.742499)  can0  068   [8]  05 66 0D 01 69 0C 01 00
 (205.781359)  can0  067   [8]  0B F1 21 D8 BD 00 00 00
 (205.782508)  can0  068   [8]  0B 82 2E D8 3D 00 00 00
 (205.841345)  can0  067   [8]  00 03 0D F2 BD 00 00 00
 (205.842405)  can0  068   [8]  00 16 53 E3 3D 00 00 00
 (205.861323)  can0  067   [8]  05 6C 0C 01 AF 0B 01 00
 (205.862487)  can0  068   [8]  05 4F 00 01 EE 00 01 00
 (205.901348)  can0  067   [8]  0B 7E F4 B3 BD 00 00 00
 (205.902390)  can0  068   [8]  0B A0 0D B4 3D 00 00 00
 (205.961374)  can0  067   [8]  00 6A B3 C9 BD 00 00 00
 (205.962516)  can0  068   [8]  00 AC C8 B7 3D 00 00 00
 (205.981365)  can0  067   [8]  05 20 00 00 24 00 00 00
 (205.982529)  can0  068   [8]  05 F1 0D 01 B9 0C 01 00
 (206.021399)  can0  067   [8]  0B 7D CD 93 BD 00 00 00
 (206.022397)  can0  068   [8]  0B 9F E6 93 3D 00 00 00
 (206.041408)  can0  067   [8]  12 80 67 00 01 01 00 00
 (206.041427)  can0  067   [8]  0C 02 A1 AD FF 00 00 7E
 (206.081375)  can0  067   [8]  00 E6 C1 AB BD 00 00 00
 (206.082541)  can0  068   [8]  00 02 B0 9C 3D 00 00 00
 (206.101373)  can0  067   [8]  05 AF 06 01 B8 06 01 00
 (206.102562)  can0  068   [8]  05 24 05 01 CA 05 01 00
 (206.102584)  can0  068   [8]  12 80 67 00 01 02 00 07
 (206.122567)  can0  068   [8]  0C 02 A1 92 FF 00 00 7E
 (206.141374)  can0  067   [8]  0B B8 B9 70 BD 00 00 00
 (206.142551)  can0  068   [8]  0B FC EB 70 3D 00 00 00
 (206.201405)  can0  067   [8]  00 4E FE 96 BD 00 00 00
 (206.202577)  can0  068   [8]  00 08 AF 84 3D 00 00 00
 (206.221399)  can0  067   [8]  05 20 07 01 20 07 01 00
 (206.222533)  can0  068   [8]  05 1F 07 01 DA 06 01 00
 (206.261416)  can0  067   [8]  0B 38 CC 41 BD 00 00 00
 (206.261438)  can0  067   [8]  11 06 00 00 00 00 09 01
 (206.262379)  can0  068   [8]  0B 9F 17 42 3D 00 00 00
 (206.262515)  can0  068   [8]  11 06 00 00 00 00 09 06
 (206.321424)  can0  067   [8]  00 64 BE 6F BD 00 00 00
 (206.322397)  can0  068   [8]  00 82 9D 4B 3D 00 00 00
 (206.341421)  can0  067   [8]  05 B1 00 01 45 00 01 00
 (206.342530)  can0  068   [8]  05 60 0E 01 40 0E 01 00
 (206.381404)  can0  067   [8]  0B 48 69 1B BD 00 00 00
 (206.382550)  can0  068   [8]  0B 8C 9B 1B 3D 00 00 00
 (206.441430)  can0  067   [8]  00 18 44 4E BD 00 00 00
 (206.442588)  can0  068   [8]  00 33 9C 2B 3D 00 00 00
 (206.461430)  can0  067   [8]  05 E0 00 01 A8 00 01 00
 (206.462589)  can0  068   [8]  05 C9 0C 01 00 0D 01 00
 (206.501448)  can0  067   [8]  0B 89 EF FA BC 00 00 00
 (206.502600)  can0  068   [8]  0B CD 21 FB 3C 00 00 00
 (206.561468)  can0  067   [8]  00 7C 6D 35 BD 00 00 00
 (206.562497)  can0  068   [8]  00 D7 E9 15 3D 00 00 00
 (206.581452)  can0  067   [8]  05 3D 02 01 4B 02 01 00
 (206.582596)  can0  068   [8]  05 2D 0A 01 6F 0A 01 00
 (206.621482)  can0  067   [8]  0B 4A 26 CF BC 00 00 00
 (206.622605)  can0  068   [8]  0B 8E 58 CF 3C 00 00 00
 (206.681507)  can0  067   [8]  00 73 2F 22 BD 00 00 00
 (206.682596)  can0  068   [8]  00 67 D9 03 3D 00 00 00
 (206.701491)  can0  067   [8]  05 95 01 01 0B 02 01 00
 (206.702663)  can0  068   [8]  05 1B 0B 01 F7 0A 01 00
 (206.741521)  can0  067   [8]  0B A3 1B B1 BC 00 00 00
 (206.742608)  can0  068   [8]  0B E7 4D B1 3C 00 00 00
 (206.801455)  can0  067   [8]  00 42 43 13 BD 00 00 00
 (206.802624)  can0  068   [8]  00 1F FB E2 3C 00 00 00
 (206.821478)  can0  067   [8]  05 9D 00 01 BA 00 01 00
 (206.822638)  can0  068   [8]  05 22 0D 01 25 0D 01 00
 (206.861520)  can0  067   [8]  0B 67 74 9E BC 00 00 00
 (206.862617)  can0  068   [8]  0B 67 74 9E 3C 00 00 00
 (206.921482)  can0  067   [8]  00 3D A4 09 BD 00 00 00
 (206.922648)  can0  068   [8]  00 7E 8F CE 3C 00 00 00
 (206.941481)  can0  067   [8]  05 09 00 01 1D 00 00 00
 (206.942615)  can0  068   [8]  05 C0 0D 01 0D 0E 01 00
 (206.981520)  can0  067   [8]  0B 96 3E 94 BC 00 00 00
 (206.982645)  can0  068   [8]  0B 96 3E 94 3C 00 00 00
 (207.041514)  can0  067   [8]  00 DF 74 03 BD 00 00 00
 (207.041534)  can0  067   [8]  12 80 67 00 01 01 00 00
 (207.041535)  can0  067   [8]  0C 02 A1 B6 58 00 00 7E
 (207.042638)  can0  068   [8]  00 9D 90 C3 3C 00 00 00
 (207.061484)  can0  067   [8]  05 4E 00 00 3C 00 00 00
 (207.062652)  can0  068   [8]  05 DC 0D 01 C7 0D 01 00
 (207.101513)  can0  067   [8]  0B BE EC 8F BC 00 00 00
 (207.102656)  can0  068   [8]  0B BE EC 8F 3C 00 00 00
 (207.102678)  can0  068   [8]  12 80 67 00 01 02 00 07
 (207.122710)  can0  068   [8]  0C 02 A1 A4 52 00 00 7E
 (207.161508)  can0  067   [8]  00 BD 5B 03 BD 00 00 00
 (207.162673)  can0  068   [8]  00 59 5E C3 3C 00 00 00
 (207.181521)  can0  067   [8]  05 55 00 01 5E 00 01 00
 (207.182696)  can0  068   [8]  05 2F 0D 01 94 0D 01 00
 (207.221537)  can0  067   [8]  0B AE 23 8F BC 00 00 00
 (207.222683)  can0  068   [8]  0B AE 23 8F 3C 00 00 00
 (207.261470)  can0  067   [8]  11 06 00 00 00 00 29 01
 (207.262652)  can0  068   [8]  11 06 00 00 00 00 29 06
 (207.281561)  can0  067   [8]  00 BD 5B 03 BD 00 00 00
 (207.282739)  can0  068   [8]  00 15 2C C3 3C 00 00 00
 (207.301572)  can0  067   [8]  05 62 0A 00 3E 0A 00 00
 (207.302728)  can0  068   [8]  05 AA 17 01 9C 17 01 00
 (207.341565)  can0  067   [8]  0B 6A F1 8E BC 00 00 00
 (207.342731)  can0  068   [8]  0B 6A F1 8E 3C 00 00 00
 (207.401600)  can0  067   [8]  00 BD 5B 03 BD 00 00 00
 (207.402774)  can0  068   [8]  00 15 2C C3 3C 00 00 00
 (207.421589)  can0  067   [8]  05 15 0B 00 12 0B 00 00
 (207.422748)  can0  068   [8]  05 A4 18 01 DF 18 01 00
 (207.461621)  can0  067   [8]  0B 6A F1 8E BC 00 00 00
 (207.462718)  can0  068   [8]  0B 6A F1 8E 3C 00 00 00
 (207.521558)  can0  067   [8]  00 BD 5B 03 BD 00 00 00
 (207.522730)  can0  068   [8]  00 15 2C C3 3C 00 00 00
 (207.541566)  can0  067   [8]  05 1F 0B 00 25 0B 00 00
 (207.542736)  can0  068   [8]  05 A4 18 01 CD 18 01 00
 (207.581595)  can0  067   [8]  0B 6A F1 8E BC 00 00 00
 (207.582743)  can0  068   [8]  0B 6A F1 8E 3C 00 00 00
 (207.641604)  can0  067   [8]  00 9B 42 03 BD 00 00 00
 (207.642744)  can0  068   [8]  00 D1 F9 C2 3C 00 00 00
 (207.661596)  can0  067   [8]  05 28 0B 00 37 0B 00 00
 (207.662742)  can0  068   [8]  05 A3 18 01 8C 18 01 00
 (207.701616)  can0  067   [8]  0B 6A F1 8E BC 00 00 00
 (207.702758)  can0  068   [8]  0B 6A F1 8E 3C 00 00 00
 (207.761639)  can0  067   [8]  00 BD 5B 03 BD 00 00 00
 (207.762771)  can0  068   [8]  00 59 5E C3 3C 00 00 00
 (207.781620)  can0  067   [8]  05 27 0B 00 25 0B 00 00
 (207.782767)  can0  068   [8]  05 8F 18 01 95 18 01 00
 (207.821613)  can0  067   [8]  0B 6A F1 8E BC 00 00 00
 (207.822755)  can0  068   [8]  0B 6A F1 8E 3C 00 00 00
 (207.881625)  can0  067   [8]  00 9B 42 03 BD 00 00 00
 (207.882764)  can0  068   [8]  00 15 2C C3 3C 00 00 00
 (207.901615)  can0  067   [8]  05 1C 0B 00 25 0B 00 00
 (207.902791)  can0  068   [8]  05 99 18 01 BA 18 01 00
 (207.941608)  can0  067   [8]  0B 6A F1 8E BC 00 00 00
 (207.942790)  can0  068   [8]  0B 6A F1 8E 3C 00 00 00
 (208.001680)  can0  067   [8]  00 DF 74 03 BD 00 00 00
 (208.002810)  can0  068   [8]  00 15 2C C3 3C 00 00 00
 (208.021685)  can0  067   [8]  05 1C 0B 00 25 0B 00 00
 (208.022806)  can0  068   [8]  05 AC 18 01 BA 18 01 00
 (208.041687)  can0  067   [8]  12 80 67 00 01 01 00 00
 (208.041709)  can0  067   [8]  0C 02 A1 B6 00 00 70 40
 (208.061690)  can0  067   [8]  0B 6A F1 8E BC 00 00 00
 (208.062820)  can0  068   [8]  0B 6A F1 8E 3C 00 00 00
 (208.102831)  can0  068   [8]  12 80 67 00 01 02 00 07
 (208.121674)  can0  067   [8]  00 DF 74 03 BD 00 00 00
 (208.122828)  can0  068   [8]  00 15 2C C3 3C 00 00 00
 (208.122852)  can0  068   [8]  0C 02 A1 A4 00 00 70 10
 (208.141676)  can0  067   [8]  05 11 0B 00 09 0B 00 00
 (208.142859)  can0  068   [8]  05 A2 18 01 B1 18 01 00
 (208.181630)  can0  067   [8]  0B 6A F1 8E BC 00 00 00
 (208.182802)  can0  068   [8]  0B 6A F1 8E 3C 00 00 00
 (208.241712)  can0  067   [8]  00 DF 74 03 BD 00 00 00
 (208.242846)  can0  068   [8]  00 15 2C C3 3C 00 00 00
 (208.261683)  can0  067   [8]  05 10 0B 00 09 0B 00 00
 (208.261705)  can0  067   [8]  11 06 00 00 00 00 29 01
 (208.262844)  can0  068   [8]  05 A2 18 01 95 18 01 00
 (208.262868)  can0  068   [8]  11 06 00 00 00 00 29 06
 (208.301702)  can0  067   [8]  0B 6A F1 8E BC 00 00 00
 (208.302832)  can0  068   [8]  0B 6A F1 8E 3C 00 00 00
 (208.361720)  can0  067   [8]  00 01 8E 03 BD 00 00 00
 (208.362883)  can0  068   [8]  00 15 2C C3 3C 00 00 00
 (208.381724)  can0  067   [8]  05 19 0B 00 25 0B 00 00
 (208.382876)  can0  068   [8]  05 97 18 01 A7 18 01 00
 (208.421725)  can0  067   [8]  0B 6A F1 8E BC 00 00 00
 (208.422856)  can0  068   [8]  0B 6A F1 8E 3C 00 00 00
 (208.481732)  can0  067   [8]  00 01 8E 03 BD 00 00 00
 (208.482868)  can0  068   [8]  00 15 2C C3 3C 00 00 00
 (208.501720)  can0  067   [8]  05 05 0B 00 EE 0A 00 00
 (208.502885)  can0  068   [8]  05 AB 18 01 A8 18 01 00
 (208.541722)  can0  067   [8]  0B 6A F1 8E BC 00 00 00
 (208.542858)  can0  068   [8]  0B 6A F1 8E 3C 00 00 00
 (208.601743)  can0  067   [8]  00 9B 42 03 BD 00 00 00
 (208.602797)  can0  068   [8]  00 D1 F9 C2 3C 00 00 00
 (208.621746)  can0  067   [8]  05 0E 0B 00 09 0B 00 00
 (208.622883)  can0  068   [8]  05 A1 18 01 95 18 01 00
 (208.661755)  can0  067   [8]  0B 6A F1 8E BC 00 00 00
 (208.662900)  can0  068   [8]  0B 6A F1 8E 3C 00 00 00
 (208.721768)  can0  067   [8]  00 DF 74 03 BD 00 00 00
 (208.722905)  can0  068   [8]  00 15 2C C3 3C 00 00 00
 (208.741760)  can0  067   [8]  05 17 0B 00 1C 0B 00 00
 (208.742914)  can0  068   [8]  05 96 18 01 30 18 01 00
 (208.781762)  can0  067   [8]  0B 6A F1 8E BC 00 00 00
 (208.782917)  can0  068   [8]  0B 6A F1 8E 3C 00 00 00
 (208.841785)  can0  067   [8]  00 DF 74 03 BD 00 00 00
 (208.842941)  can0  068   [8]  00 59 5E C3 3C 00 00 00
 (208.861801)  can0  067   [8]  05 16 0B 00 00 0B 00 00
 (208.862934)  can0  068   [8]  05 A0 18 01 BA 18 01 00
 (208.901832)  can0  067   [8]  0B 6A F1 8E BC 00 00 00
 (208.902956)  can0  068   [8]  0B 6A F1 8E 3C 00 00 00
 (208.961804)  can0  067   [8]  00 9B 42 03 BD 00 00 00
 (208.962944)  can0  068   [8]  00 15 2C C3 3C 00 00 00
 (208.981795)  can0  067   [8]  05 0C 0B 00 00 0B 00 00
 (208.982950)  can0  068   [8]  05 A0 18 01 BA 18 01 00
 (209.021747)  can0  067   [8]  0B 6A F1 8E BC 00 00 00
 (209.022925)  can0  068   [8]  0B 6A F1 8E 3C 00 00 00
 (209.041826)  can0  067   [8]  12 80 67 00 01 01 00 00
 (209.041845)  can0  067   [8]  0C 02 A1 B6 00 00 70 40
 (209.081801)  can0  067   [8]  00 DF 74 03 BD 00 00 00
 (209.082939)  can0  068   [8]  00 15 2C C3 3C 00 00 00
 (209.101780)  can0  067   [8]  05 0B 0B 00 09 0B 00 00
 (209.102942)  can0  068   [8]  05 A9 18 01 95 18 01 00
 (209.102963)  can0  068   [8]  12 80 67 00 01 02 00 07
 (209.122982)  can0  068   [8]  0C 02 A1 A4 00 00 70 10
 (209.141805)  can0  067   [8]  0B 6A F1 8E BC 00 00 00
 (209.142964)  can0  068   [8]  0B 6A F1 8E 3C 00 00 00
 (209.201721)  can0  067   [8]  00 DF 74 03 BD 00 00 00
 (209.202988)  can0  068   [8]  00 15 2C C3 3C 00 00 00
 (209.221786)  can0  067   [8]  05 14 0B 00 09 0B 00 00
 (209.223004)  can0  068   [8]  05 9F 18 01 17 19 01 00
 (209.261798)  can0  067   [8]  0B 6A F1 8E BC 00 00 00
 (209.261819)  can0  067   [8]  11 06 00 00 00 00 29 01
 (209.262881)  can0  068   [8]  0B 6A F1 8E 3C 00 00 00
 (209.262894)  can0  068   [8]  11 06 00 00 00 00 29 06
 (209.321830)  can0  067   [8]  00 BD 5B 03 BD 00 00 00
 (209.323024)  can0  068   [8]  00 15 2C C3 3C 00 00 00
 (209.341833)  can0  067   [8]  05 1E 0B 00 12 0B 00 00
 (209.342981)  can0  068   [8]  05 95 18 01 A7 18 01 00
 (209.381852)  can0  067   [8]  0B 6A F1 8E BC 00 00 00
 (209.383008)  can0  068   [8]  0B 6A F1 8E 3C 00 00 00
 (209.441857)  can0  067   [8]  00 BD 5B 03 BD 00 00 00
 (209.443008)  can0  068   [8]  00 D1 F9 C2 3C 00 00 00
 (209.461861)  can0  067   [8]  05 13 0B 00 12 0B 00 00
 (209.463014)  can0  068   [8]  05 9E 18 01 BA 18 01 00
 (209.501820)  can0  067   [8]  0B 6A F1 8E BC 00 00 00
 (209.502998)  can0  068   [8]  0B 6A F1 8E 3C 00 00 00
 (209.561880)  can0  067   [8]  00 01 8E 03 BD 00 00 00
 (209.563012)  can0  068   [8]  00 59 5E C3 3C 00 00 00
 (209.581856)  can0  067   [8]  05 12 0B 00 25 0B 00 00
 (209.583029)  can0  068   [8]  05 9E 18 01 C3 18 01 00
 (209.621875)  can0  067   [8]  0B 6A F1 8E BC 00 00 00
 (209.623018)  can0  068   [8]  0B 6A F1 8E 3C 00 00 00
 (209.681887)  can0  067   [8]  00 BD 5B 03 BD 00 00 00
 (209.683039)  can0  068   [8]  00 59 5E C3 3C 00 00 00
 (209.701871)  can0  067   [8]  05 11 0B 00 25 0B 00 00
 (209.703040)  can0  068   [8]  05 9E 18 01 70 18 01 00
 (209.741911)  can0  067   [8]  0B 6A F1 8E BC 00 00 00
 (209.743049)  can0  068   [8]  0B 6A F1 8E 3C 00 00 00
 (209.801898)  can0  067   [8]  00 DF 74 03 BD 00 00 00
 (209.803019)  can0  068   [8]  00 15 2C C3 3C 00 00 00
 (209.821759)  can0  067   [8]  05 25 0B 00 1C 0B 00 00
 (209.823047)  can0  068   [8]  05 9D 18 01 FB 18 01 00
 (209.861913)  can0  067   [8]  0B 6A F1 8E BC 00 00 00
 (209.863060)  can0  068   [8]  0B 6A F1 8E 3C 00 00 00
 (209.921912)  can0  067   [8]  00 9B 42 03 BD 00 00 00
 (209.923053)  can0  068   [8]  00 15 2C C3 3C 00 00 00
 (209.941915)  can0  067   [8]  05 10 0B 00 09 0B 00 00
 (209.943076)  can0  068   [8]  05 9D 18 01 67 18 01 00
 (209.981933)  can0  067   [8]  0B 6A F1 8E BC 00 00 00
 (209.983060)  can0  068   [8]  0B 6A F1 8E 3C 00 00 00
 (210.041951)  can0  067   [8]  00 BD 5B 03 BD 00 00 00
 (210.041970)  can0  067   [8]  12 80 67 00 01 01 00 00
 (210.041971)  can0  067   [8]  0C 02 A1 B6 00 00 80 40
 (210.043102)  can0  068   [8]  00 15 2C C3 3C 00 00 00
 (210.061935)  can0  067   [8]  05 0F 0B 00 1B 0B 00 00
 (210.063099)  can0  068   [8]  05 9D 18 01 D0 1D 01 00
 (210.101955)  can0  067   [8]  0B 6A F1 8E BC 00 00 00
 (210.103145)  can0  068   [8]  0B 6A F1 8E 3C 00 00 00
 (210.103172)  can0  068   [8]  12 80 67 00 01 02 00 07
 (210.123154)  can0  068   [8]  0C 02 A1 A4 00 00 70 10
 (210.161964)  can0  067   [8]  00 9B 42 03 BD 00 00 00
 (210.163115)  can0  068   [8]  00 15 2C C3 3C 00 00 00
 (210.181946)  can0  067   [8]  05 04 0B 00 DB 0A 00 00
 (210.183119)  can0  068   [8]  05 92 18 01 67 18 01 00
 (210.221938)  can0  067   [8]  0B 6A F1 8E BC 00 00 00
 (210.223123)  can0  068   [8]  0B 6A F1 8E 3C 00 00 00
 (210.261951)  can0  067   [8]  11 06 00 00 00 00 29 01
 (210.262988)  can0  068   [8]  11 06 00 00 00 00 29 06
 (210.281884)  can0  067   [8]  00 01 8E 03 BD 00 00 00
 (210.283049)  can0  068   [8]  00 15 2C C3 3C 00 00 00
 (210.301971)  can0  067   [8]  05 0E 0B 00 09 0B 00 00
 (210.303116)  can0  068   [8]  05 92 18 01 C3 18 01 00
 (210.341987)  can0  067   [8]  0B 6A F1 8E BC 00 00 00
 (210.343139)  can0  068   [8]  0B 6A F1 8E 3C 00 00 00
 (210.402026)  can0  067   [8]  00 BD 5B 03 BD 00 00 00
 (210.403174)  can0  068   [8]  00 59 5E C3 3C 00 00 00
 (210.421960)  can0  067   [8]  05 03 0B 00 6F 0B 00 00
 (210.423175)  can0  068   [8]  05 9C 18 01 8C 18 01 00
 (210.461994)  can0  067   [8]  0B 6A F1 8E BC 00 00 00
 (210.463161)  can0  068   [8]  0B 6A F1 8E 3C 00 00 00
 (210.522001)  can0  067   [8]  00 BD 5B 03 BD 00 00 00
 (210.523188)  can0  068   [8]  00 15 2C C3 3C 00 00 00
 (210.541978)  can0  067   [8]  05 0C 0B 00 F7 0A 00 00
 (210.543042)  can0  068   [8]  05 9C 18 01 B1 18 01 00
 (210.582009)  can0  067   [8]  0B 6A F1 8E BC 00 00 00
 (210.583167)  can0  068   [8]  0B 6A F1 8E 3C 00 00 00
 (210.642038)  can0  067   [8]  00 BD 5B 03 BD 00 00 00
 (210.643232)  can0  068   [8]  00 15 2C C3 3C 00 00 00
 (210.662045)  can0  067   [8]  05 0B 0B 00 13 0B 00 00
 (210.663187)  can0  068   [8]  05 91 18 01 17 19 01 00
 (210.702043)  can0  067   [8]  0B 6A F1 8E BC 00 00 00
 (210.703195)  can0  068   [8]  0B 6A F1 8E 3C 00 00 00
 (210.762002)  can0  067   [8]  00 BD 5B 03 BD 00 00 00
 (210.763200)  can0  068   [8]  00 59 5E C3 3C 00 00 00
 (210.782013)  can0  067   [8]  05 0B 0B 00 1B 0B 00 00
 (210.783195)  can0  068   [8]  05 9B 18 01 87 16 01 00
 (210.822033)  can0  067   [8]  0B 6A F1 8E BC 00 00 00
 (210.823186)  can0  068   [8]  0B 6A F1 8E 3C 00 00 00
 (210.882049)  can0  067   [8]  00 01 8E 03 BD 00 00 00
 (210.883186)  can0  068   [8]  00 59 5E C3 3C 00 00 00
 (210.902049)  can0  067   [8]  05 0A 0B 00 F7 0A 00 00
 (210.903223)  can0  068   [8]  05 87 18 01 9E 18 01 00
 (210.942052)  can0  067   [8]  0B 6A F1 8E BC 00 00 00
 (210.943203)  can0  068   [8]  0B 6A F1 8E 3C 00 00 00
 (211.001946)  can0  067   [8]  00 9B 42 03 BD 00 00 00
 (211.003268)  can0  068   [8]  00 15 2C C3 3C 00 00 00
 (211.022092)  can0  067   [8]  05 FF 0A 00 F7 0A 00 00
 (211.023265)  can0  068   [8]  05 90 18 01 B1 18 01 00
 (211.042111)  can0  067   [8]  12 80 67 00 01 01 00 00
 (211.042142)  can0  067   [8]  0C 02 A1 B6 00 00 70 40
 (211.062086)  can0  067   [8]  0B 6A F1 8E BC 00 00 00
 (211.063266)  can0  068   [8]  0B 6A F1 8E 3C 00 00 00
 (211.103275)  can0  068   [8]  12 80 67 00 01 02 00 07
 (211.122135)  can0  067   [8]  00 01 8E 03 BD 00 00 00
 (211.123270)  can0  068   [8]  00 9D 90 C3 3C 00 00 00
 (211.123294)  can0  068   [8]  0C 02 A1 A4 00 00 70 10
 (211.142062)  can0  067   [8]  05 09 0B 00 09 0B 00 00
 (211.143273)  can0  068   [8]  05 90 18 01 A8 18 01 00
 (211.182096)  can0  067   [8]  0B 6A F1 8E BC 00 00 00
 (211.183275)  can0  068   [8]  0B 6A F1 8E 3C 00 00 00
 (211.242098)  can0  067   [8]  00 BD 5B 03 BD 00 00 00
 (211.243268)  can0  068   [8]  00 15 2C C3 3C 00 00 00
 (211.262053)  can0  067   [8]  05 08 0B 00 00 0B 00 00
 (211.262071)  can0  067   [8]  11 06 00 00 00 00 29 01
 (211.263158)  can0  068   [8]  05 9A 18 01 B1 18 01 00
 (211.263171)  can0  068   [8]  11 06 00 00 00 00 29 06
 (211.302136)  can0  067   [8]  0B 6A F1 8E BC 00 00 00
 (211.303282)  can0  068   [8]  0B 6A F1 8E 3C 00 00 00
 (211.362143)  can0  067   [8]  00 01 8E 03 BD 00 00 00
 (211.363245)  can0  068   [8]  00 59 5E C3 3C 00 00 00
 (211.382131)  can0  067   [8]  05 FD 0A 00 09 0B 00 00
 (211.383328)  can0  068   [8]  05 8F 18 01 1D 18 01 00
 (211.422111)  can0  067   [8]  0B 6A F1 8E BC 00 00 00
 (211.423228)  can0  068   [8]  0B 6A F1 8E 3C 00 00 00
 (211.482134)  can0  067   [8]  00 DF 74 03 BD 00 00 00
 (211.483326)  can0  068   [8]  00 59 5E C3 3C 00 00 00
 (211.502157)  can0  067   [8]  05 FC 0A 00 E4 0A 00 00
 (211.503180)  can0  068   [8]  05 99 18 01 95 18 01 00
 (211.542161)  can0  067   [8]  0B 6A F1 8E BC 00 00 00
 (211.543316)  can0  068   [8]  0B 6A F1 8E 3C 00 00 00
 (211.602217)  can0  067   [8]  00 DF 74 03 BD 00 00 00
 (211.603334)  can0  068   [8]  00 15 2C C3 3C 00 00 00
 (211.622179)  can0  067   [8]  05 10 0B 00 25 0B 00 00
 (211.623191)  can0  068   [8]  05 85 18 01 6A 19 01 00
 (211.662163)  can0  067   [8]  0B 6A F1 8E BC 00 00 00
 (211.663339)  can0  068   [8]  0B 6A F1 8E 3C 00 00 00
 (211.722177)  can0  067   [8]  00 01 8E 03 BD 00 00 00
 (211.723348)  can0  068   [8]  00 15 2C C3 3C 00 00 00
 (211.742153)  can0  067   [8]  05 05 0B 00 5C 0B 00 00
 (211.743374)  can0  068   [8]  05 8E 18 01 8C 18 01 00
 (211.782205)  can0  067   [8]  0B 6A F1 8E BC 00 00 00
 (211.783356)  can0  068   [8]  0B 6A F1 8E 3C 00 00 00
 (211.842200)  can0  067   [8]  00 DF 74 03 BD 00 00 00
 (211.843357)  can0  068   [8]  00 15 2C C3 3C 00 00 00
 (211.862206)  can0  067   [8]  05 FA 0A 00 00 0B 00 00
 (211.863363)  can0  068   [8]  05 8E 18 01 54 18 01 00
 (211.902216)  can0  067   [8]  0B 6A F1 8E BC 00 00 00
 (211.903249)  can0  068   [8]  0B 6A F1 8E 3C 00 00 00
 (211.962211)  can0  067   [8]  00 BD 5B 03 BD 00 00 00
 (211.963356)  can0  068   [8]  00 59 5E C3 3C 00 00 00
 (211.982208)  can0  067   [8]  05 F9 0A 00 00 0B 00 00
 (211.983418)  can0  068   [8]  05 84 18 01 39 18 01 00
 (212.022244)  can0  067   [8]  0B 6A F1 8E BC 00 00 00
 (212.023189)  can0  068   [8]  0B 6A F1 8E 3C 00 00 00
 (212.042257)  can0  067   [8]  12 80 67 00 01 01 00 00
 (212.042278)  can0  067   [8]  0C 02 A1 B6 00 00 80 40
 (212.082254)  can0  067   [8]  00 BD 5B 03 BD 00 00 00
 (212.083386)  can0  068   [8]  00 15 2C C3 3C 00 00 00
 (212.102229)  can0  067   [8]  05 03 0B 00 F7 0A 00 00
 (212.103405)  can0  068   [8]  05 8D 18 01 C3 18 01 00
 (212.103428)  can0  068   [8]  12 80 67 00 01 02 00 07
 (212.123428)  can0  068   [8]  0C 02 A1 A4 00 00 70 10
 (212.142244)  can0  067   [8]  0B 6A F1 8E BC 00 00 00
 (212.143410)  can0  068   [8]  0B 6A F1 8E 3C 00 00 00
 (212.202254)  can0  067   [8]  00 DF 74 03 BD 00 00 00
 (212.203446)  can0  068   [8]  00 15 2C C3 3C 00 00 00
 (212.222315)  can0  067   [8]  05 0C 0B 00 1C 0B 00 00
 (212.223429)  can0  068   [8]  05 97 18 01 95 18 01 00
 (212.262275)  can0  067   [8]  0B 6A F1 8E BC 00 00 00
 (212.262298)  can0  067   [8]  11 06 00 00 00 00 29 01
 (212.263307)  can0  068   [8]  0B 6A F1 8E 3C 00 00 00
 (212.263325)  can0  068   [8]  11 06 00 00 00 00 29 06
 (212.274623)  can0  064   [8]  67 08 00 00 00 00 00 00
 (212.276979)  can0  064   [8]  68 08 00 00 00 00 00 00
